A,B,C,D,E,F,G,H,I
A,B,C,D,E,F,G,I,H
A,B,C,D,E,F,H,G,I
A,B,C,D,E,F,H,I,G
A,B,C,D,E,F,I,G,H
A,B,C,D,E,F,I,H,G
A,B,C,D,E,G,F,H,I
A,B,C,D,E,G,F,I,H
A,B,C,D,E,G,H,F,I
A,B,C,D,E,G,H,I,F
A,B,C,D,E,G,I,F,H
A,B,C,D,E,G,I,H,F
A,B,C,D,E,H,F,G,I
A,B,C,D,E,H,F,I,G
A,B,C,D,E,H,G,F,I
A,B,C,D,E,H,G,I,F
A,B,C,D,E,H,I,F,G
A,B,C,D,E,H,I,G,F
A,B,C,D,E,I,F,G,H
A,B,C,D,E,I,F,H,G
A,B,C,D,E,I,G,F,H
A,B,C,D,E,I,G,H,F
A,B,C,D,E,I,H,F,G
A,B,C,D,E,I,H,G,F
A,B,C,D,F,E,G,H,I
A,B,C,D,F,E,G,I,H
A,B,C,D,F,E,H,G,I
A,B,C,D,F,E,H,I,G
A,B,C,D,F,E,I,G,H
A,B,C,D,F,E,I,H,G
A,B,C,D,F,G,E,H,I
A,B,C,D,F,G,E,I,H
A,B,C,D,F,G,H,E,I
A,B,C,D,F,G,H,I,E
A,B,C,D,F,G,I,E,H
A,B,C,D,F,G,I,H,E
A,B,C,D,F,H,E,G,I
A,B,C,D,F,H,E,I,G
A,B,C,D,F,H,G,E,I
A,B,C,D,F,H,G,I,E
A,B,C,D,F,H,I,E,G
A,B,C,D,F,H,I,G,E
A,B,C,D,F,I,E,G,H
A,B,C,D,F,I,E,H,G
A,B,C,D,F,I,G,E,H
A,B,C,D,F,I,G,H,E
A,B,C,D,F,I,H,E,G
A,B,C,D,F,I,H,G,E
A,B,C,D,G,E,F,H,I
A,B,C,D,G,E,F,I,H
A,B,C,D,G,E,H,F,I
A,B,C,D,G,E,H,I,F
A,B,C,D,G,E,I,F,H
A,B,C,D,G,E,I,H,F
A,B,C,D,G,F,E,H,I
A,B,C,D,G,F,E,I,H
A,B,C,D,G,F,H,E,I
A,B,C,D,G,F,H,I,E
A,B,C,D,G,F,I,E,H
A,B,C,D,G,F,I,H,E
A,B,C,D,G,H,E,F,I
A,B,C,D,G,H,E,I,F
A,B,C,D,G,H,F,E,I
A,B,C,D,G,H,F,I,E
A,B,C,D,G,H,I,E,F
A,B,C,D,G,H,I,F,E
A,B,C,D,G,I,E,F,H
A,B,C,D,G,I,E,H,F
A,B,C,D,G,I,F,E,H
A,B,C,D,G,I,F,H,E
A,B,C,D,G,I,H,E,F
A,B,C,D,G,I,H,F,E
A,B,C,D,H,E,F,G,I
A,B,C,D,H,E,F,I,G
A,B,C,D,H,E,G,F,I
A,B,C,D,H,E,G,I,F
A,B,C,D,H,E,I,F,G
A,B,C,D,H,E,I,G,F
A,B,C,D,H,F,E,G,I
A,B,C,D,H,F,E,I,G
A,B,C,D,H,F,G,E,I
A,B,C,D,H,F,G,I,E
A,B,C,D,H,F,I,E,G
A,B,C,D,H,F,I,G,E
A,B,C,D,H,G,E,F,I
A,B,C,D,H,G,E,I,F
A,B,C,D,H,G,F,E,I
A,B,C,D,H,G,F,I,E
A,B,C,D,H,G,I,E,F
A,B,C,D,H,G,I,F,E
A,B,C,D,H,I,E,F,G
A,B,C,D,H,I,E,G,F
A,B,C,D,H,I,F,E,G
A,B,C,D,H,I,F,G,E
A,B,C,D,H,I,G,E,F
A,B,C,D,H,I,G,F,E
A,B,C,D,I,E,F,G,H
A,B,C,D,I,E,F,H,G
A,B,C,D,I,E,G,F,H
A,B,C,D,I,E,G,H,F
A,B,C,D,I,E,H,F,G
A,B,C,D,I,E,H,G,F
A,B,C,D,I,F,E,G,H
A,B,C,D,I,F,E,H,G
A,B,C,D,I,F,G,E,H
A,B,C,D,I,F,G,H,E
A,B,C,D,I,F,H,E,G
A,B,C,D,I,F,H,G,E
A,B,C,D,I,G,E,F,H
A,B,C,D,I,G,E,H,F
A,B,C,D,I,G,F,E,H
A,B,C,D,I,G,F,H,E
A,B,C,D,I,G,H,E,F
A,B,C,D,I,G,H,F,E
A,B,C,D,I,H,E,F,G
A,B,C,D,I,H,E,G,F
A,B,C,D,I,H,F,E,G
A,B,C,D,I,H,F,G,E
A,B,C,D,I,H,G,E,F
A,B,C,D,I,H,G,F,E
A,B,C,E,D,F,G,H,I
A,B,C,E,D,F,G,I,H
A,B,C,E,D,F,H,G,I
A,B,C,E,D,F,H,I,G
A,B,C,E,D,F,I,G,H
A,B,C,E,D,F,I,H,G
A,B,C,E,D,G,F,H,I
A,B,C,E,D,G,F,I,H
A,B,C,E,D,G,H,F,I
A,B,C,E,D,G,H,I,F
A,B,C,E,D,G,I,F,H
A,B,C,E,D,G,I,H,F
A,B,C,E,D,H,F,G,I
A,B,C,E,D,H,F,I,G
A,B,C,E,D,H,G,F,I
A,B,C,E,D,H,G,I,F
A,B,C,E,D,H,I,F,G
A,B,C,E,D,H,I,G,F
A,B,C,E,D,I,F,G,H
A,B,C,E,D,I,F,H,G
A,B,C,E,D,I,G,F,H
A,B,C,E,D,I,G,H,F
A,B,C,E,D,I,H,F,G
A,B,C,E,D,I,H,G,F
A,B,C,E,F,D,G,H,I
A,B,C,E,F,D,G,I,H
A,B,C,E,F,D,H,G,I
A,B,C,E,F,D,H,I,G
A,B,C,E,F,D,I,G,H
A,B,C,E,F,D,I,H,G
A,B,C,E,F,G,D,H,I
A,B,C,E,F,G,D,I,H
A,B,C,E,F,G,H,D,I
A,B,C,E,F,G,H,I,D
A,B,C,E,F,G,I,D,H
A,B,C,E,F,G,I,H,D
A,B,C,E,F,H,D,G,I
A,B,C,E,F,H,D,I,G
A,B,C,E,F,H,G,D,I
A,B,C,E,F,H,G,I,D
A,B,C,E,F,H,I,D,G
A,B,C,E,F,H,I,G,D
A,B,C,E,F,I,D,G,H
A,B,C,E,F,I,D,H,G
A,B,C,E,F,I,G,D,H
A,B,C,E,F,I,G,H,D
A,B,C,E,F,I,H,D,G
A,B,C,E,F,I,H,G,D
A,B,C,E,G,D,F,H,I
A,B,C,E,G,D,F,I,H
A,B,C,E,G,D,H,F,I
A,B,C,E,G,D,H,I,F
A,B,C,E,G,D,I,F,H
A,B,C,E,G,D,I,H,F
A,B,C,E,G,F,D,H,I
A,B,C,E,G,F,D,I,H
A,B,C,E,G,F,H,D,I
A,B,C,E,G,F,H,I,D
A,B,C,E,G,F,I,D,H
A,B,C,E,G,F,I,H,D
A,B,C,E,G,H,D,F,I
A,B,C,E,G,H,D,I,F
A,B,C,E,G,H,F,D,I
A,B,C,E,G,H,F,I,D
A,B,C,E,G,H,I,D,F
A,B,C,E,G,H,I,F,D
A,B,C,E,G,I,D,F,H
A,B,C,E,G,I,D,H,F
A,B,C,E,G,I,F,D,H
A,B,C,E,G,I,F,H,D
A,B,C,E,G,I,H,D,F
A,B,C,E,G,I,H,F,D
A,B,C,E,H,D,F,G,I
A,B,C,E,H,D,F,I,G
A,B,C,E,H,D,G,F,I
A,B,C,E,H,D,G,I,F
A,B,C,E,H,D,I,F,G
A,B,C,E,H,D,I,G,F
A,B,C,E,H,F,D,G,I
A,B,C,E,H,F,D,I,G
A,B,C,E,H,F,G,D,I
A,B,C,E,H,F,G,I,D
A,B,C,E,H,F,I,D,G
A,B,C,E,H,F,I,G,D
A,B,C,E,H,G,D,F,I
A,B,C,E,H,G,D,I,F
A,B,C,E,H,G,F,D,I
A,B,C,E,H,G,F,I,D
A,B,C,E,H,G,I,D,F
A,B,C,E,H,G,I,F,D
A,B,C,E,H,I,D,F,G
A,B,C,E,H,I,D,G,F
A,B,C,E,H,I,F,D,G
A,B,C,E,H,I,F,G,D
A,B,C,E,H,I,G,D,F
A,B,C,E,H,I,G,F,D
A,B,C,E,I,D,F,G,H
A,B,C,E,I,D,F,H,G
A,B,C,E,I,D,G,F,H
A,B,C,E,I,D,G,H,F
A,B,C,E,I,D,H,F,G
A,B,C,E,I,D,H,G,F
A,B,C,E,I,F,D,G,H
A,B,C,E,I,F,D,H,G
A,B,C,E,I,F,G,D,H
A,B,C,E,I,F,G,H,D
A,B,C,E,I,F,H,D,G
A,B,C,E,I,F,H,G,D
A,B,C,E,I,G,D,F,H
A,B,C,E,I,G,D,H,F
A,B,C,E,I,G,F,D,H
A,B,C,E,I,G,F,H,D
A,B,C,E,I,G,H,D,F
A,B,C,E,I,G,H,F,D
A,B,C,E,I,H,D,F,G
A,B,C,E,I,H,D,G,F
A,B,C,E,I,H,F,D,G
A,B,C,E,I,H,F,G,D
A,B,C,E,I,H,G,D,F
A,B,C,E,I,H,G,F,D
A,B,C,F,D,E,G,H,I
A,B,C,F,D,E,G,I,H
A,B,C,F,D,E,H,G,I
A,B,C,F,D,E,H,I,G
A,B,C,F,D,E,I,G,H
A,B,C,F,D,E,I,H,G
A,B,C,F,D,G,E,H,I
A,B,C,F,D,G,E,I,H
A,B,C,F,D,G,H,E,I
A,B,C,F,D,G,H,I,E
A,B,C,F,D,G,I,E,H
A,B,C,F,D,G,I,H,E
A,B,C,F,D,H,E,G,I
A,B,C,F,D,H,E,I,G
A,B,C,F,D,H,G,E,I
A,B,C,F,D,H,G,I,E
A,B,C,F,D,H,I,E,G
A,B,C,F,D,H,I,G,E
A,B,C,F,D,I,E,G,H
A,B,C,F,D,I,E,H,G
A,B,C,F,D,I,G,E,H
A,B,C,F,D,I,G,H,E
A,B,C,F,D,I,H,E,G
A,B,C,F,D,I,H,G,E
A,B,C,F,E,D,G,H,I
A,B,C,F,E,D,G,I,H
A,B,C,F,E,D,H,G,I
A,B,C,F,E,D,H,I,G
A,B,C,F,E,D,I,G,H
A,B,C,F,E,D,I,H,G
A,B,C,F,E,G,D,H,I
A,B,C,F,E,G,D,I,H
A,B,C,F,E,G,H,D,I
A,B,C,F,E,G,H,I,D
A,B,C,F,E,G,I,D,H
A,B,C,F,E,G,I,H,D
A,B,C,F,E,H,D,G,I
A,B,C,F,E,H,D,I,G
A,B,C,F,E,H,G,D,I
A,B,C,F,E,H,G,I,D
A,B,C,F,E,H,I,D,G
A,B,C,F,E,H,I,G,D
A,B,C,F,E,I,D,G,H
A,B,C,F,E,I,D,H,G
A,B,C,F,E,I,G,D,H
A,B,C,F,E,I,G,H,D
A,B,C,F,E,I,H,D,G
A,B,C,F,E,I,H,G,D
A,B,C,F,G,D,E,H,I
A,B,C,F,G,D,E,I,H
A,B,C,F,G,D,H,E,I
A,B,C,F,G,D,H,I,E
A,B,C,F,G,D,I,E,H
A,B,C,F,G,D,I,H,E
A,B,C,F,G,E,D,H,I
A,B,C,F,G,E,D,I,H
A,B,C,F,G,E,H,D,I
A,B,C,F,G,E,H,I,D
A,B,C,F,G,E,I,D,H
A,B,C,F,G,E,I,H,D
A,B,C,F,G,H,D,E,I
A,B,C,F,G,H,D,I,E
A,B,C,F,G,H,E,D,I
A,B,C,F,G,H,E,I,D
A,B,C,F,G,H,I,D,E
A,B,C,F,G,H,I,E,D
A,B,C,F,G,I,D,E,H
A,B,C,F,G,I,D,H,E
A,B,C,F,G,I,E,D,H
A,B,C,F,G,I,E,H,D
A,B,C,F,G,I,H,D,E
A,B,C,F,G,I,H,E,D
A,B,C,F,H,D,E,G,I
A,B,C,F,H,D,E,I,G
A,B,C,F,H,D,G,E,I
A,B,C,F,H,D,G,I,E
A,B,C,F,H,D,I,E,G
A,B,C,F,H,D,I,G,E
A,B,C,F,H,E,D,G,I
A,B,C,F,H,E,D,I,G
A,B,C,F,H,E,G,D,I
A,B,C,F,H,E,G,I,D
A,B,C,F,H,E,I,D,G
A,B,C,F,H,E,I,G,D
A,B,C,F,H,G,D,E,I
A,B,C,F,H,G,D,I,E
A,B,C,F,H,G,E,D,I
A,B,C,F,H,G,E,I,D
A,B,C,F,H,G,I,D,E
A,B,C,F,H,G,I,E,D
A,B,C,F,H,I,D,E,G
A,B,C,F,H,I,D,G,E
A,B,C,F,H,I,E,D,G
A,B,C,F,H,I,E,G,D
A,B,C,F,H,I,G,D,E
A,B,C,F,H,I,G,E,D
A,B,C,F,I,D,E,G,H
A,B,C,F,I,D,E,H,G
A,B,C,F,I,D,G,E,H
A,B,C,F,I,D,G,H,E
A,B,C,F,I,D,H,E,G
A,B,C,F,I,D,H,G,E
A,B,C,F,I,E,D,G,H
A,B,C,F,I,E,D,H,G
A,B,C,F,I,E,G,D,H
A,B,C,F,I,E,G,H,D
A,B,C,F,I,E,H,D,G
A,B,C,F,I,E,H,G,D
A,B,C,F,I,G,D,E,H
A,B,C,F,I,G,D,H,E
A,B,C,F,I,G,E,D,H
A,B,C,F,I,G,E,H,D
A,B,C,F,I,G,H,D,E
A,B,C,F,I,G,H,E,D
A,B,C,F,I,H,D,E,G
A,B,C,F,I,H,D,G,E
A,B,C,F,I,H,E,D,G
A,B,C,F,I,H,E,G,D
A,B,C,F,I,H,G,D,E
A,B,C,F,I,H,G,E,D
A,B,C,G,D,E,F,H,I
A,B,C,G,D,E,F,I,H
A,B,C,G,D,E,H,F,I
A,B,C,G,D,E,H,I,F
A,B,C,G,D,E,I,F,H
A,B,C,G,D,E,I,H,F
A,B,C,G,D,F,E,H,I
A,B,C,G,D,F,E,I,H
A,B,C,G,D,F,H,E,I
A,B,C,G,D,F,H,I,E
A,B,C,G,D,F,I,E,H
A,B,C,G,D,F,I,H,E
A,B,C,G,D,H,E,F,I
A,B,C,G,D,H,E,I,F
A,B,C,G,D,H,F,E,I
A,B,C,G,D,H,F,I,E
A,B,C,G,D,H,I,E,F
A,B,C,G,D,H,I,F,E
A,B,C,G,D,I,E,F,H
A,B,C,G,D,I,E,H,F
A,B,C,G,D,I,F,E,H
A,B,C,G,D,I,F,H,E
A,B,C,G,D,I,H,E,F
A,B,C,G,D,I,H,F,E
A,B,C,G,E,D,F,H,I
A,B,C,G,E,D,F,I,H
A,B,C,G,E,D,H,F,I
A,B,C,G,E,D,H,I,F
A,B,C,G,E,D,I,F,H
A,B,C,G,E,D,I,H,F
A,B,C,G,E,F,D,H,I
A,B,C,G,E,F,D,I,H
A,B,C,G,E,F,H,D,I
A,B,C,G,E,F,H,I,D
A,B,C,G,E,F,I,D,H
A,B,C,G,E,F,I,H,D
A,B,C,G,E,H,D,F,I
A,B,C,G,E,H,D,I,F
A,B,C,G,E,H,F,D,I
A,B,C,G,E,H,F,I,D
A,B,C,G,E,H,I,D,F
A,B,C,G,E,H,I,F,D
A,B,C,G,E,I,D,F,H
A,B,C,G,E,I,D,H,F
A,B,C,G,E,I,F,D,H
A,B,C,G,E,I,F,H,D
A,B,C,G,E,I,H,D,F
A,B,C,G,E,I,H,F,D
A,B,C,G,F,D,E,H,I
A,B,C,G,F,D,E,I,H
A,B,C,G,F,D,H,E,I
A,B,C,G,F,D,H,I,E
A,B,C,G,F,D,I,E,H
A,B,C,G,F,D,I,H,E
A,B,C,G,F,E,D,H,I
A,B,C,G,F,E,D,I,H
A,B,C,G,F,E,H,D,I
A,B,C,G,F,E,H,I,D
A,B,C,G,F,E,I,D,H
A,B,C,G,F,E,I,H,D
A,B,C,G,F,H,D,E,I
A,B,C,G,F,H,D,I,E
A,B,C,G,F,H,E,D,I
A,B,C,G,F,H,E,I,D
A,B,C,G,F,H,I,D,E
A,B,C,G,F,H,I,E,D
A,B,C,G,F,I,D,E,H
A,B,C,G,F,I,D,H,E
A,B,C,G,F,I,E,D,H
A,B,C,G,F,I,E,H,D
A,B,C,G,F,I,H,D,E
A,B,C,G,F,I,H,E,D
A,B,C,G,H,D,E,F,I
A,B,C,G,H,D,E,I,F
A,B,C,G,H,D,F,E,I
A,B,C,G,H,D,F,I,E
A,B,C,G,H,D,I,E,F
A,B,C,G,H,D,I,F,E
A,B,C,G,H,E,D,F,I
A,B,C,G,H,E,D,I,F
A,B,C,G,H,E,F,D,I
A,B,C,G,H,E,F,I,D
A,B,C,G,H,E,I,D,F
A,B,C,G,H,E,I,F,D
A,B,C,G,H,F,D,E,I
A,B,C,G,H,F,D,I,E
A,B,C,G,H,F,E,D,I
A,B,C,G,H,F,E,I,D
A,B,C,G,H,F,I,D,E
A,B,C,G,H,F,I,E,D
A,B,C,G,H,I,D,E,F
A,B,C,G,H,I,D,F,E
A,B,C,G,H,I,E,D,F
A,B,C,G,H,I,E,F,D
A,B,C,G,H,I,F,D,E
A,B,C,G,H,I,F,E,D
A,B,C,G,I,D,E,F,H
A,B,C,G,I,D,E,H,F
A,B,C,G,I,D,F,E,H
A,B,C,G,I,D,F,H,E
A,B,C,G,I,D,H,E,F
A,B,C,G,I,D,H,F,E
A,B,C,G,I,E,D,F,H
A,B,C,G,I,E,D,H,F
A,B,C,G,I,E,F,D,H
A,B,C,G,I,E,F,H,D
A,B,C,G,I,E,H,D,F
A,B,C,G,I,E,H,F,D
A,B,C,G,I,F,D,E,H
A,B,C,G,I,F,D,H,E
A,B,C,G,I,F,E,D,H
A,B,C,G,I,F,E,H,D
A,B,C,G,I,F,H,D,E
A,B,C,G,I,F,H,E,D
A,B,C,G,I,H,D,E,F
A,B,C,G,I,H,D,F,E
A,B,C,G,I,H,E,D,F
A,B,C,G,I,H,E,F,D
A,B,C,G,I,H,F,D,E
A,B,C,G,I,H,F,E,D
A,B,C,H,D,E,F,G,I
A,B,C,H,D,E,F,I,G
A,B,C,H,D,E,G,F,I
A,B,C,H,D,E,G,I,F
A,B,C,H,D,E,I,F,G
A,B,C,H,D,E,I,G,F
A,B,C,H,D,F,E,G,I
A,B,C,H,D,F,E,I,G
A,B,C,H,D,F,G,E,I
A,B,C,H,D,F,G,I,E
A,B,C,H,D,F,I,E,G
A,B,C,H,D,F,I,G,E
A,B,C,H,D,G,E,F,I
A,B,C,H,D,G,E,I,F
A,B,C,H,D,G,F,E,I
A,B,C,H,D,G,F,I,E
A,B,C,H,D,G,I,E,F
A,B,C,H,D,G,I,F,E
A,B,C,H,D,I,E,F,G
A,B,C,H,D,I,E,G,F
A,B,C,H,D,I,F,E,G
A,B,C,H,D,I,F,G,E
A,B,C,H,D,I,G,E,F
A,B,C,H,D,I,G,F,E
A,B,C,H,E,D,F,G,I
A,B,C,H,E,D,F,I,G
A,B,C,H,E,D,G,F,I
A,B,C,H,E,D,G,I,F
A,B,C,H,E,D,I,F,G
A,B,C,H,E,D,I,G,F
A,B,C,H,E,F,D,G,I
A,B,C,H,E,F,D,I,G
A,B,C,H,E,F,G,D,I
A,B,C,H,E,F,G,I,D
A,B,C,H,E,F,I,D,G
A,B,C,H,E,F,I,G,D
A,B,C,H,E,G,D,F,I
A,B,C,H,E,G,D,I,F
A,B,C,H,E,G,F,D,I
A,B,C,H,E,G,F,I,D
A,B,C,H,E,G,I,D,F
A,B,C,H,E,G,I,F,D
A,B,C,H,E,I,D,F,G
A,B,C,H,E,I,D,G,F
A,B,C,H,E,I,F,D,G
A,B,C,H,E,I,F,G,D
A,B,C,H,E,I,G,D,F
A,B,C,H,E,I,G,F,D
A,B,C,H,F,D,E,G,I
A,B,C,H,F,D,E,I,G
A,B,C,H,F,D,G,E,I
A,B,C,H,F,D,G,I,E
A,B,C,H,F,D,I,E,G
A,B,C,H,F,D,I,G,E
A,B,C,H,F,E,D,G,I
A,B,C,H,F,E,D,I,G
A,B,C,H,F,E,G,D,I
A,B,C,H,F,E,G,I,D
A,B,C,H,F,E,I,D,G
A,B,C,H,F,E,I,G,D
A,B,C,H,F,G,D,E,I
A,B,C,H,F,G,D,I,E
A,B,C,H,F,G,E,D,I
A,B,C,H,F,G,E,I,D
A,B,C,H,F,G,I,D,E
A,B,C,H,F,G,I,E,D
A,B,C,H,F,I,D,E,G
A,B,C,H,F,I,D,G,E
A,B,C,H,F,I,E,D,G
A,B,C,H,F,I,E,G,D
A,B,C,H,F,I,G,D,E
A,B,C,H,F,I,G,E,D
A,B,C,H,G,D,E,F,I
A,B,C,H,G,D,E,I,F
A,B,C,H,G,D,F,E,I
A,B,C,H,G,D,F,I,E
A,B,C,H,G,D,I,E,F
A,B,C,H,G,D,I,F,E
A,B,C,H,G,E,D,F,I
A,B,C,H,G,E,D,I,F
A,B,C,H,G,E,F,D,I
A,B,C,H,G,E,F,I,D
A,B,C,H,G,E,I,D,F
A,B,C,H,G,E,I,F,D
A,B,C,H,G,F,D,E,I
A,B,C,H,G,F,D,I,E
A,B,C,H,G,F,E,D,I
A,B,C,H,G,F,E,I,D
A,B,C,H,G,F,I,D,E
A,B,C,H,G,F,I,E,D
A,B,C,H,G,I,D,E,F
A,B,C,H,G,I,D,F,E
A,B,C,H,G,I,E,D,F
A,B,C,H,G,I,E,F,D
A,B,C,H,G,I,F,D,E
A,B,C,H,G,I,F,E,D
A,B,C,H,I,D,E,F,G
A,B,C,H,I,D,E,G,F
A,B,C,H,I,D,F,E,G
A,B,C,H,I,D,F,G,E
A,B,C,H,I,D,G,E,F
A,B,C,H,I,D,G,F,E
A,B,C,H,I,E,D,F,G
A,B,C,H,I,E,D,G,F
A,B,C,H,I,E,F,D,G
A,B,C,H,I,E,F,G,D
A,B,C,H,I,E,G,D,F
A,B,C,H,I,E,G,F,D
A,B,C,H,I,F,D,E,G
A,B,C,H,I,F,D,G,E
A,B,C,H,I,F,E,D,G
A,B,C,H,I,F,E,G,D
A,B,C,H,I,F,G,D,E
A,B,C,H,I,F,G,E,D
A,B,C,H,I,G,D,E,F
A,B,C,H,I,G,D,F,E
A,B,C,H,I,G,E,D,F
A,B,C,H,I,G,E,F,D
A,B,C,H,I,G,F,D,E
A,B,C,H,I,G,F,E,D
A,B,C,I,D,E,F,G,H
A,B,C,I,D,E,F,H,G
A,B,C,I,D,E,G,F,H
A,B,C,I,D,E,G,H,F
A,B,C,I,D,E,H,F,G
A,B,C,I,D,E,H,G,F
A,B,C,I,D,F,E,G,H
A,B,C,I,D,F,E,H,G
A,B,C,I,D,F,G,E,H
A,B,C,I,D,F,G,H,E
A,B,C,I,D,F,H,E,G
A,B,C,I,D,F,H,G,E
A,B,C,I,D,G,E,F,H
A,B,C,I,D,G,E,H,F
A,B,C,I,D,G,F,E,H
A,B,C,I,D,G,F,H,E
A,B,C,I,D,G,H,E,F
A,B,C,I,D,G,H,F,E
A,B,C,I,D,H,E,F,G
A,B,C,I,D,H,E,G,F
A,B,C,I,D,H,F,E,G
A,B,C,I,D,H,F,G,E
A,B,C,I,D,H,G,E,F
A,B,C,I,D,H,G,F,E
A,B,C,I,E,D,F,G,H
A,B,C,I,E,D,F,H,G
A,B,C,I,E,D,G,F,H
A,B,C,I,E,D,G,H,F
A,B,C,I,E,D,H,F,G
A,B,C,I,E,D,H,G,F
A,B,C,I,E,F,D,G,H
A,B,C,I,E,F,D,H,G
A,B,C,I,E,F,G,D,H
A,B,C,I,E,F,G,H,D
A,B,C,I,E,F,H,D,G
A,B,C,I,E,F,H,G,D
A,B,C,I,E,G,D,F,H
A,B,C,I,E,G,D,H,F
A,B,C,I,E,G,F,D,H
A,B,C,I,E,G,F,H,D
A,B,C,I,E,G,H,D,F
A,B,C,I,E,G,H,F,D
A,B,C,I,E,H,D,F,G
A,B,C,I,E,H,D,G,F
A,B,C,I,E,H,F,D,G
A,B,C,I,E,H,F,G,D
A,B,C,I,E,H,G,D,F
A,B,C,I,E,H,G,F,D
A,B,C,I,F,D,E,G,H
A,B,C,I,F,D,E,H,G
A,B,C,I,F,D,G,E,H
A,B,C,I,F,D,G,H,E
A,B,C,I,F,D,H,E,G
A,B,C,I,F,D,H,G,E
A,B,C,I,F,E,D,G,H
A,B,C,I,F,E,D,H,G
A,B,C,I,F,E,G,D,H
A,B,C,I,F,E,G,H,D
A,B,C,I,F,E,H,D,G
A,B,C,I,F,E,H,G,D
A,B,C,I,F,G,D,E,H
A,B,C,I,F,G,D,H,E
A,B,C,I,F,G,E,D,H
A,B,C,I,F,G,E,H,D
A,B,C,I,F,G,H,D,E
A,B,C,I,F,G,H,E,D
A,B,C,I,F,H,D,E,G
A,B,C,I,F,H,D,G,E
A,B,C,I,F,H,E,D,G
A,B,C,I,F,H,E,G,D
A,B,C,I,F,H,G,D,E
A,B,C,I,F,H,G,E,D
A,B,C,I,G,D,E,F,H
A,B,C,I,G,D,E,H,F
A,B,C,I,G,D,F,E,H
A,B,C,I,G,D,F,H,E
A,B,C,I,G,D,H,E,F
A,B,C,I,G,D,H,F,E
A,B,C,I,G,E,D,F,H
A,B,C,I,G,E,D,H,F
A,B,C,I,G,E,F,D,H
A,B,C,I,G,E,F,H,D
A,B,C,I,G,E,H,D,F
A,B,C,I,G,E,H,F,D
A,B,C,I,G,F,D,E,H
A,B,C,I,G,F,D,H,E
A,B,C,I,G,F,E,D,H
A,B,C,I,G,F,E,H,D
A,B,C,I,G,F,H,D,E
A,B,C,I,G,F,H,E,D
A,B,C,I,G,H,D,E,F
A,B,C,I,G,H,D,F,E
A,B,C,I,G,H,E,D,F
A,B,C,I,G,H,E,F,D
A,B,C,I,G,H,F,D,E
A,B,C,I,G,H,F,E,D
A,B,C,I,H,D,E,F,G
A,B,C,I,H,D,E,G,F
A,B,C,I,H,D,F,E,G
A,B,C,I,H,D,F,G,E
A,B,C,I,H,D,G,E,F
A,B,C,I,H,D,G,F,E
A,B,C,I,H,E,D,F,G
A,B,C,I,H,E,D,G,F
A,B,C,I,H,E,F,D,G
A,B,C,I,H,E,F,G,D
A,B,C,I,H,E,G,D,F
A,B,C,I,H,E,G,F,D
A,B,C,I,H,F,D,E,G
A,B,C,I,H,F,D,G,E
A,B,C,I,H,F,E,D,G
A,B,C,I,H,F,E,G,D
A,B,C,I,H,F,G,D,E
A,B,C,I,H,F,G,E,D
A,B,C,I,H,G,D,E,F
A,B,C,I,H,G,D,F,E
A,B,C,I,H,G,E,D,F
A,B,C,I,H,G,E,F,D
A,B,C,I,H,G,F,D,E
A,B,C,I,H,G,F,E,D
A,B,D,C,E,F,G,H,I
A,B,D,C,E,F,G,I,H
A,B,D,C,E,F,H,G,I
A,B,D,C,E,F,H,I,G
A,B,D,C,E,F,I,G,H
A,B,D,C,E,F,I,H,G
A,B,D,C,E,G,F,H,I
A,B,D,C,E,G,F,I,H
A,B,D,C,E,G,H,F,I
A,B,D,C,E,G,H,I,F
A,B,D,C,E,G,I,F,H
A,B,D,C,E,G,I,H,F
A,B,D,C,E,H,F,G,I
A,B,D,C,E,H,F,I,G
A,B,D,C,E,H,G,F,I
A,B,D,C,E,H,G,I,F
A,B,D,C,E,H,I,F,G
A,B,D,C,E,H,I,G,F
A,B,D,C,E,I,F,G,H
A,B,D,C,E,I,F,H,G
A,B,D,C,E,I,G,F,H
A,B,D,C,E,I,G,H,F
A,B,D,C,E,I,H,F,G
A,B,D,C,E,I,H,G,F
A,B,D,C,F,E,G,H,I
A,B,D,C,F,E,G,I,H
A,B,D,C,F,E,H,G,I
A,B,D,C,F,E,H,I,G
A,B,D,C,F,E,I,G,H
A,B,D,C,F,E,I,H,G
A,B,D,C,F,G,E,H,I
A,B,D,C,F,G,E,I,H
A,B,D,C,F,G,H,E,I
A,B,D,C,F,G,H,I,E
A,B,D,C,F,G,I,E,H
A,B,D,C,F,G,I,H,E
A,B,D,C,F,H,E,G,I
A,B,D,C,F,H,E,I,G
A,B,D,C,F,H,G,E,I
A,B,D,C,F,H,G,I,E
A,B,D,C,F,H,I,E,G
A,B,D,C,F,H,I,G,E
A,B,D,C,F,I,E,G,H
A,B,D,C,F,I,E,H,G
A,B,D,C,F,I,G,E,H
A,B,D,C,F,I,G,H,E
A,B,D,C,F,I,H,E,G
A,B,D,C,F,I,H,G,E
A,B,D,C,G,E,F,H,I
A,B,D,C,G,E,F,I,H
A,B,D,C,G,E,H,F,I
A,B,D,C,G,E,H,I,F
A,B,D,C,G,E,I,F,H
A,B,D,C,G,E,I,H,F
A,B,D,C,G,F,E,H,I
A,B,D,C,G,F,E,I,H
A,B,D,C,G,F,H,E,I
A,B,D,C,G,F,H,I,E
A,B,D,C,G,F,I,E,H
A,B,D,C,G,F,I,H,E
A,B,D,C,G,H,E,F,I
A,B,D,C,G,H,E,I,F
A,B,D,C,G,H,F,E,I
A,B,D,C,G,H,F,I,E
A,B,D,C,G,H,I,E,F
A,B,D,C,G,H,I,F,E
A,B,D,C,G,I,E,F,H
A,B,D,C,G,I,E,H,F
A,B,D,C,G,I,F,E,H
A,B,D,C,G,I,F,H,E
A,B,D,C,G,I,H,E,F
A,B,D,C,G,I,H,F,E
A,B,D,C,H,E,F,G,I
A,B,D,C,H,E,F,I,G
A,B,D,C,H,E,G,F,I
A,B,D,C,H,E,G,I,F
A,B,D,C,H,E,I,F,G
A,B,D,C,H,E,I,G,F
A,B,D,C,H,F,E,G,I
A,B,D,C,H,F,E,I,G
A,B,D,C,H,F,G,E,I
A,B,D,C,H,F,G,I,E
A,B,D,C,H,F,I,E,G
A,B,D,C,H,F,I,G,E
A,B,D,C,H,G,E,F,I
A,B,D,C,H,G,E,I,F
A,B,D,C,H,G,F,E,I
A,B,D,C,H,G,F,I,E
A,B,D,C,H,G,I,E,F
A,B,D,C,H,G,I,F,E
A,B,D,C,H,I,E,F,G
A,B,D,C,H,I,E,G,F
A,B,D,C,H,I,F,E,G
A,B,D,C,H,I,F,G,E
A,B,D,C,H,I,G,E,F
A,B,D,C,H,I,G,F,E
A,B,D,C,I,E,F,G,H
A,B,D,C,I,E,F,H,G
A,B,D,C,I,E,G,F,H
A,B,D,C,I,E,G,H,F
A,B,D,C,I,E,H,F,G
A,B,D,C,I,E,H,G,F
A,B,D,C,I,F,E,G,H
A,B,D,C,I,F,E,H,G
A,B,D,C,I,F,G,E,H
A,B,D,C,I,F,G,H,E
A,B,D,C,I,F,H,E,G
A,B,D,C,I,F,H,G,E
A,B,D,C,I,G,E,F,H
A,B,D,C,I,G,E,H,F
A,B,D,C,I,G,F,E,H
A,B,D,C,I,G,F,H,E
A,B,D,C,I,G,H,E,F
A,B,D,C,I,G,H,F,E
A,B,D,C,I,H,E,F,G
A,B,D,C,I,H,E,G,F
A,B,D,C,I,H,F,E,G
A,B,D,C,I,H,F,G,E
A,B,D,C,I,H,G,E,F
A,B,D,C,I,H,G,F,E
A,B,D,E,C,F,G,H,I
A,B,D,E,C,F,G,I,H
A,B,D,E,C,F,H,G,I
A,B,D,E,C,F,H,I,G
A,B,D,E,C,F,I,G,H
A,B,D,E,C,F,I,H,G
A,B,D,E,C,G,F,H,I
A,B,D,E,C,G,F,I,H
A,B,D,E,C,G,H,F,I
A,B,D,E,C,G,H,I,F
A,B,D,E,C,G,I,F,H
A,B,D,E,C,G,I,H,F
A,B,D,E,C,H,F,G,I
A,B,D,E,C,H,F,I,G
A,B,D,E,C,H,G,F,I
A,B,D,E,C,H,G,I,F
A,B,D,E,C,H,I,F,G
A,B,D,E,C,H,I,G,F
A,B,D,E,C,I,F,G,H
A,B,D,E,C,I,F,H,G
A,B,D,E,C,I,G,F,H
A,B,D,E,C,I,G,H,F
A,B,D,E,C,I,H,F,G
A,B,D,E,C,I,H,G,F
A,B,D,E,F,C,G,H,I
A,B,D,E,F,C,G,I,H
A,B,D,E,F,C,H,G,I
A,B,D,E,F,C,H,I,G
A,B,D,E,F,C,I,G,H
A,B,D,E,F,C,I,H,G
A,B,D,E,F,G,C,H,I
A,B,D,E,F,G,C,I,H
A,B,D,E,F,G,H,C,I
A,B,D,E,F,G,H,I,C
A,B,D,E,F,G,I,C,H
A,B,D,E,F,G,I,H,C
A,B,D,E,F,H,C,G,I
A,B,D,E,F,H,C,I,G
A,B,D,E,F,H,G,C,I
A,B,D,E,F,H,G,I,C
A,B,D,E,F,H,I,C,G
A,B,D,E,F,H,I,G,C
A,B,D,E,F,I,C,G,H
A,B,D,E,F,I,C,H,G
A,B,D,E,F,I,G,C,H
A,B,D,E,F,I,G,H,C
A,B,D,E,F,I,H,C,G
A,B,D,E,F,I,H,G,C
A,B,D,E,G,C,F,H,I
A,B,D,E,G,C,F,I,H
A,B,D,E,G,C,H,F,I
A,B,D,E,G,C,H,I,F
A,B,D,E,G,C,I,F,H
A,B,D,E,G,C,I,H,F
A,B,D,E,G,F,C,H,I
A,B,D,E,G,F,C,I,H
A,B,D,E,G,F,H,C,I
A,B,D,E,G,F,H,I,C
A,B,D,E,G,F,I,C,H
A,B,D,E,G,F,I,H,C
A,B,D,E,G,H,C,F,I
A,B,D,E,G,H,C,I,F
A,B,D,E,G,H,F,C,I
A,B,D,E,G,H,F,I,C
A,B,D,E,G,H,I,C,F
A,B,D,E,G,H,I,F,C
A,B,D,E,G,I,C,F,H
A,B,D,E,G,I,C,H,F
A,B,D,E,G,I,F,C,H
A,B,D,E,G,I,F,H,C
A,B,D,E,G,I,H,C,F
A,B,D,E,G,I,H,F,C
A,B,D,E,H,C,F,G,I
A,B,D,E,H,C,F,I,G
A,B,D,E,H,C,G,F,I
A,B,D,E,H,C,G,I,F
A,B,D,E,H,C,I,F,G
A,B,D,E,H,C,I,G,F
A,B,D,E,H,F,C,G,I
A,B,D,E,H,F,C,I,G
A,B,D,E,H,F,G,C,I
A,B,D,E,H,F,G,I,C
A,B,D,E,H,F,I,C,G
A,B,D,E,H,F,I,G,C
A,B,D,E,H,G,C,F,I
A,B,D,E,H,G,C,I,F
A,B,D,E,H,G,F,C,I
A,B,D,E,H,G,F,I,C
A,B,D,E,H,G,I,C,F
A,B,D,E,H,G,I,F,C
A,B,D,E,H,I,C,F,G
A,B,D,E,H,I,C,G,F
A,B,D,E,H,I,F,C,G
A,B,D,E,H,I,F,G,C
A,B,D,E,H,I,G,C,F
A,B,D,E,H,I,G,F,C
A,B,D,E,I,C,F,G,H
A,B,D,E,I,C,F,H,G
A,B,D,E,I,C,G,F,H
A,B,D,E,I,C,G,H,F
A,B,D,E,I,C,H,F,G
A,B,D,E,I,C,H,G,F
A,B,D,E,I,F,C,G,H
A,B,D,E,I,F,C,H,G
A,B,D,E,I,F,G,C,H
A,B,D,E,I,F,G,H,C
A,B,D,E,I,F,H,C,G
A,B,D,E,I,F,H,G,C
A,B,D,E,I,G,C,F,H
A,B,D,E,I,G,C,H,F
A,B,D,E,I,G,F,C,H
A,B,D,E,I,G,F,H,C
A,B,D,E,I,G,H,C,F
A,B,D,E,I,G,H,F,C
A,B,D,E,I,H,C,F,G
A,B,D,E,I,H,C,G,F
A,B,D,E,I,H,F,C,G
A,B,D,E,I,H,F,G,C
A,B,D,E,I,H,G,C,F
A,B,D,E,I,H,G,F,C
A,B,D,F,C,E,G,H,I
A,B,D,F,C,E,G,I,H
A,B,D,F,C,E,H,G,I
A,B,D,F,C,E,H,I,G
A,B,D,F,C,E,I,G,H
A,B,D,F,C,E,I,H,G
A,B,D,F,C,G,E,H,I
A,B,D,F,C,G,E,I,H
A,B,D,F,C,G,H,E,I
A,B,D,F,C,G,H,I,E
A,B,D,F,C,G,I,E,H
A,B,D,F,C,G,I,H,E
A,B,D,F,C,H,E,G,I
A,B,D,F,C,H,E,I,G
A,B,D,F,C,H,G,E,I
A,B,D,F,C,H,G,I,E
A,B,D,F,C,H,I,E,G
A,B,D,F,C,H,I,G,E
A,B,D,F,C,I,E,G,H
A,B,D,F,C,I,E,H,G
A,B,D,F,C,I,G,E,H
A,B,D,F,C,I,G,H,E
A,B,D,F,C,I,H,E,G
A,B,D,F,C,I,H,G,E
A,B,D,F,E,C,G,H,I
A,B,D,F,E,C,G,I,H
A,B,D,F,E,C,H,G,I
A,B,D,F,E,C,H,I,G
A,B,D,F,E,C,I,G,H
A,B,D,F,E,C,I,H,G
A,B,D,F,E,G,C,H,I
A,B,D,F,E,G,C,I,H
A,B,D,F,E,G,H,C,I
A,B,D,F,E,G,H,I,C
A,B,D,F,E,G,I,C,H
A,B,D,F,E,G,I,H,C
A,B,D,F,E,H,C,G,I
A,B,D,F,E,H,C,I,G
A,B,D,F,E,H,G,C,I
A,B,D,F,E,H,G,I,C
A,B,D,F,E,H,I,C,G
A,B,D,F,E,H,I,G,C
A,B,D,F,E,I,C,G,H
A,B,D,F,E,I,C,H,G
A,B,D,F,E,I,G,C,H
A,B,D,F,E,I,G,H,C
A,B,D,F,E,I,H,C,G
A,B,D,F,E,I,H,G,C
A,B,D,F,G,C,E,H,I
A,B,D,F,G,C,E,I,H
A,B,D,F,G,C,H,E,I
A,B,D,F,G,C,H,I,E
A,B,D,F,G,C,I,E,H
A,B,D,F,G,C,I,H,E
A,B,D,F,G,E,C,H,I
A,B,D,F,G,E,C,I,H
A,B,D,F,G,E,H,C,I
A,B,D,F,G,E,H,I,C
A,B,D,F,G,E,I,C,H
A,B,D,F,G,E,I,H,C
A,B,D,F,G,H,C,E,I
A,B,D,F,G,H,C,I,E
A,B,D,F,G,H,E,C,I
A,B,D,F,G,H,E,I,C
A,B,D,F,G,H,I,C,E
A,B,D,F,G,H,I,E,C
A,B,D,F,G,I,C,E,H
A,B,D,F,G,I,C,H,E
A,B,D,F,G,I,E,C,H
A,B,D,F,G,I,E,H,C
A,B,D,F,G,I,H,C,E
A,B,D,F,G,I,H,E,C
A,B,D,F,H,C,E,G,I
A,B,D,F,H,C,E,I,G
A,B,D,F,H,C,G,E,I
A,B,D,F,H,C,G,I,E
A,B,D,F,H,C,I,E,G
A,B,D,F,H,C,I,G,E
A,B,D,F,H,E,C,G,I
A,B,D,F,H,E,C,I,G
A,B,D,F,H,E,G,C,I
A,B,D,F,H,E,G,I,C
A,B,D,F,H,E,I,C,G
A,B,D,F,H,E,I,G,C
A,B,D,F,H,G,C,E,I
A,B,D,F,H,G,C,I,E
A,B,D,F,H,G,E,C,I
A,B,D,F,H,G,E,I,C
A,B,D,F,H,G,I,C,E
A,B,D,F,H,G,I,E,C
A,B,D,F,H,I,C,E,G
A,B,D,F,H,I,C,G,E
A,B,D,F,H,I,E,C,G
A,B,D,F,H,I,E,G,C
A,B,D,F,H,I,G,C,E
A,B,D,F,H,I,G,E,C
A,B,D,F,I,C,E,G,H
A,B,D,F,I,C,E,H,G
A,B,D,F,I,C,G,E,H
A,B,D,F,I,C,G,H,E
A,B,D,F,I,C,H,E,G
A,B,D,F,I,C,H,G,E
A,B,D,F,I,E,C,G,H
A,B,D,F,I,E,C,H,G
A,B,D,F,I,E,G,C,H
A,B,D,F,I,E,G,H,C
A,B,D,F,I,E,H,C,G
A,B,D,F,I,E,H,G,C
A,B,D,F,I,G,C,E,H
A,B,D,F,I,G,C,H,E
A,B,D,F,I,G,E,C,H
A,B,D,F,I,G,E,H,C
A,B,D,F,I,G,H,C,E
A,B,D,F,I,G,H,E,C
A,B,D,F,I,H,C,E,G
A,B,D,F,I,H,C,G,E
A,B,D,F,I,H,E,C,G
A,B,D,F,I,H,E,G,C
A,B,D,F,I,H,G,C,E
A,B,D,F,I,H,G,E,C
A,B,D,G,C,E,F,H,I
A,B,D,G,C,E,F,I,H
A,B,D,G,C,E,H,F,I
A,B,D,G,C,E,H,I,F
A,B,D,G,C,E,I,F,H
A,B,D,G,C,E,I,H,F
A,B,D,G,C,F,E,H,I
A,B,D,G,C,F,E,I,H
A,B,D,G,C,F,H,E,I
A,B,D,G,C,F,H,I,E
A,B,D,G,C,F,I,E,H
A,B,D,G,C,F,I,H,E
A,B,D,G,C,H,E,F,I
A,B,D,G,C,H,E,I,F
A,B,D,G,C,H,F,E,I
A,B,D,G,C,H,F,I,E
A,B,D,G,C,H,I,E,F
A,B,D,G,C,H,I,F,E
A,B,D,G,C,I,E,F,H
A,B,D,G,C,I,E,H,F
A,B,D,G,C,I,F,E,H
A,B,D,G,C,I,F,H,E
A,B,D,G,C,I,H,E,F
A,B,D,G,C,I,H,F,E
A,B,D,G,E,C,F,H,I
A,B,D,G,E,C,F,I,H
A,B,D,G,E,C,H,F,I
A,B,D,G,E,C,H,I,F
A,B,D,G,E,C,I,F,H
A,B,D,G,E,C,I,H,F
A,B,D,G,E,F,C,H,I
A,B,D,G,E,F,C,I,H
A,B,D,G,E,F,H,C,I
A,B,D,G,E,F,H,I,C
A,B,D,G,E,F,I,C,H
A,B,D,G,E,F,I,H,C
A,B,D,G,E,H,C,F,I
A,B,D,G,E,H,C,I,F
A,B,D,G,E,H,F,C,I
A,B,D,G,E,H,F,I,C
A,B,D,G,E,H,I,C,F
A,B,D,G,E,H,I,F,C
A,B,D,G,E,I,C,F,H
A,B,D,G,E,I,C,H,F
A,B,D,G,E,I,F,C,H
A,B,D,G,E,I,F,H,C
A,B,D,G,E,I,H,C,F
A,B,D,G,E,I,H,F,C
A,B,D,G,F,C,E,H,I
A,B,D,G,F,C,E,I,H
A,B,D,G,F,C,H,E,I
A,B,D,G,F,C,H,I,E
A,B,D,G,F,C,I,E,H
A,B,D,G,F,C,I,H,E
A,B,D,G,F,E,C,H,I
A,B,D,G,F,E,C,I,H
A,B,D,G,F,E,H,C,I
A,B,D,G,F,E,H,I,C
A,B,D,G,F,E,I,C,H
A,B,D,G,F,E,I,H,C
A,B,D,G,F,H,C,E,I
A,B,D,G,F,H,C,I,E
A,B,D,G,F,H,E,C,I
A,B,D,G,F,H,E,I,C
A,B,D,G,F,H,I,C,E
A,B,D,G,F,H,I,E,C
A,B,D,G,F,I,C,E,H
A,B,D,G,F,I,C,H,E
A,B,D,G,F,I,E,C,H
A,B,D,G,F,I,E,H,C
A,B,D,G,F,I,H,C,E
A,B,D,G,F,I,H,E,C
A,B,D,G,H,C,E,F,I
A,B,D,G,H,C,E,I,F
A,B,D,G,H,C,F,E,I
A,B,D,G,H,C,F,I,E
A,B,D,G,H,C,I,E,F
A,B,D,G,H,C,I,F,E
A,B,D,G,H,E,C,F,I
A,B,D,G,H,E,C,I,F
A,B,D,G,H,E,F,C,I
A,B,D,G,H,E,F,I,C
A,B,D,G,H,E,I,C,F
A,B,D,G,H,E,I,F,C
A,B,D,G,H,F,C,E,I
A,B,D,G,H,F,C,I,E
A,B,D,G,H,F,E,C,I
A,B,D,G,H,F,E,I,C
A,B,D,G,H,F,I,C,E
A,B,D,G,H,F,I,E,C
A,B,D,G,H,I,C,E,F
A,B,D,G,H,I,C,F,E
A,B,D,G,H,I,E,C,F
A,B,D,G,H,I,E,F,C
A,B,D,G,H,I,F,C,E
A,B,D,G,H,I,F,E,C
A,B,D,G,I,C,E,F,H
A,B,D,G,I,C,E,H,F
A,B,D,G,I,C,F,E,H
A,B,D,G,I,C,F,H,E
A,B,D,G,I,C,H,E,F
A,B,D,G,I,C,H,F,E
A,B,D,G,I,E,C,F,H
A,B,D,G,I,E,C,H,F
A,B,D,G,I,E,F,C,H
A,B,D,G,I,E,F,H,C
A,B,D,G,I,E,H,C,F
A,B,D,G,I,E,H,F,C
A,B,D,G,I,F,C,E,H
A,B,D,G,I,F,C,H,E
A,B,D,G,I,F,E,C,H
A,B,D,G,I,F,E,H,C
A,B,D,G,I,F,H,C,E
A,B,D,G,I,F,H,E,C
A,B,D,G,I,H,C,E,F
A,B,D,G,I,H,C,F,E
A,B,D,G,I,H,E,C,F
A,B,D,G,I,H,E,F,C
A,B,D,G,I,H,F,C,E
A,B,D,G,I,H,F,E,C
A,B,D,H,C,E,F,G,I
A,B,D,H,C,E,F,I,G
A,B,D,H,C,E,G,F,I
A,B,D,H,C,E,G,I,F
A,B,D,H,C,E,I,F,G
A,B,D,H,C,E,I,G,F
A,B,D,H,C,F,E,G,I
A,B,D,H,C,F,E,I,G
A,B,D,H,C,F,G,E,I
A,B,D,H,C,F,G,I,E
A,B,D,H,C,F,I,E,G
A,B,D,H,C,F,I,G,E
A,B,D,H,C,G,E,F,I
A,B,D,H,C,G,E,I,F
A,B,D,H,C,G,F,E,I
A,B,D,H,C,G,F,I,E
A,B,D,H,C,G,I,E,F
A,B,D,H,C,G,I,F,E
A,B,D,H,C,I,E,F,G
A,B,D,H,C,I,E,G,F
A,B,D,H,C,I,F,E,G
A,B,D,H,C,I,F,G,E
A,B,D,H,C,I,G,E,F
A,B,D,H,C,I,G,F,E
A,B,D,H,E,C,F,G,I
A,B,D,H,E,C,F,I,G
A,B,D,H,E,C,G,F,I
A,B,D,H,E,C,G,I,F
A,B,D,H,E,C,I,F,G
A,B,D,H,E,C,I,G,F
A,B,D,H,E,F,C,G,I
A,B,D,H,E,F,C,I,G
A,B,D,H,E,F,G,C,I
A,B,D,H,E,F,G,I,C
A,B,D,H,E,F,I,C,G
A,B,D,H,E,F,I,G,C
A,B,D,H,E,G,C,F,I
A,B,D,H,E,G,C,I,F
A,B,D,H,E,G,F,C,I
A,B,D,H,E,G,F,I,C
A,B,D,H,E,G,I,C,F
A,B,D,H,E,G,I,F,C
A,B,D,H,E,I,C,F,G
A,B,D,H,E,I,C,G,F
A,B,D,H,E,I,F,C,G
A,B,D,H,E,I,F,G,C
A,B,D,H,E,I,G,C,F
A,B,D,H,E,I,G,F,C
A,B,D,H,F,C,E,G,I
A,B,D,H,F,C,E,I,G
A,B,D,H,F,C,G,E,I
A,B,D,H,F,C,G,I,E
A,B,D,H,F,C,I,E,G
A,B,D,H,F,C,I,G,E
A,B,D,H,F,E,C,G,I
A,B,D,H,F,E,C,I,G
A,B,D,H,F,E,G,C,I
A,B,D,H,F,E,G,I,C
A,B,D,H,F,E,I,C,G
A,B,D,H,F,E,I,G,C
A,B,D,H,F,G,C,E,I
A,B,D,H,F,G,C,I,E
A,B,D,H,F,G,E,C,I
A,B,D,H,F,G,E,I,C
A,B,D,H,F,G,I,C,E
A,B,D,H,F,G,I,E,C
A,B,D,H,F,I,C,E,G
A,B,D,H,F,I,C,G,E
A,B,D,H,F,I,E,C,G
A,B,D,H,F,I,E,G,C
A,B,D,H,F,I,G,C,E
A,B,D,H,F,I,G,E,C
A,B,D,H,G,C,E,F,I
A,B,D,H,G,C,E,I,F
A,B,D,H,G,C,F,E,I
A,B,D,H,G,C,F,I,E
A,B,D,H,G,C,I,E,F
A,B,D,H,G,C,I,F,E
A,B,D,H,G,E,C,F,I
A,B,D,H,G,E,C,I,F
A,B,D,H,G,E,F,C,I
A,B,D,H,G,E,F,I,C
A,B,D,H,G,E,I,C,F
A,B,D,H,G,E,I,F,C
A,B,D,H,G,F,C,E,I
A,B,D,H,G,F,C,I,E
A,B,D,H,G,F,E,C,I
A,B,D,H,G,F,E,I,C
A,B,D,H,G,F,I,C,E
A,B,D,H,G,F,I,E,C
A,B,D,H,G,I,C,E,F
A,B,D,H,G,I,C,F,E
A,B,D,H,G,I,E,C,F
A,B,D,H,G,I,E,F,C
A,B,D,H,G,I,F,C,E
A,B,D,H,G,I,F,E,C
A,B,D,H,I,C,E,F,G
A,B,D,H,I,C,E,G,F
A,B,D,H,I,C,F,E,G
A,B,D,H,I,C,F,G,E
A,B,D,H,I,C,G,E,F
A,B,D,H,I,C,G,F,E
A,B,D,H,I,E,C,F,G
A,B,D,H,I,E,C,G,F
A,B,D,H,I,E,F,C,G
A,B,D,H,I,E,F,G,C
A,B,D,H,I,E,G,C,F
A,B,D,H,I,E,G,F,C
A,B,D,H,I,F,C,E,G
A,B,D,H,I,F,C,G,E
A,B,D,H,I,F,E,C,G
A,B,D,H,I,F,E,G,C
A,B,D,H,I,F,G,C,E
A,B,D,H,I,F,G,E,C
A,B,D,H,I,G,C,E,F
A,B,D,H,I,G,C,F,E
A,B,D,H,I,G,E,C,F
A,B,D,H,I,G,E,F,C
A,B,D,H,I,G,F,C,E
A,B,D,H,I,G,F,E,C
A,B,D,I,C,E,F,G,H
A,B,D,I,C,E,F,H,G
A,B,D,I,C,E,G,F,H
A,B,D,I,C,E,G,H,F
A,B,D,I,C,E,H,F,G
A,B,D,I,C,E,H,G,F
A,B,D,I,C,F,E,G,H
A,B,D,I,C,F,E,H,G
A,B,D,I,C,F,G,E,H
A,B,D,I,C,F,G,H,E
A,B,D,I,C,F,H,E,G
A,B,D,I,C,F,H,G,E
A,B,D,I,C,G,E,F,H
A,B,D,I,C,G,E,H,F
A,B,D,I,C,G,F,E,H
A,B,D,I,C,G,F,H,E
A,B,D,I,C,G,H,E,F
A,B,D,I,C,G,H,F,E
A,B,D,I,C,H,E,F,G
A,B,D,I,C,H,E,G,F
A,B,D,I,C,H,F,E,G
A,B,D,I,C,H,F,G,E
A,B,D,I,C,H,G,E,F
A,B,D,I,C,H,G,F,E
A,B,D,I,E,C,F,G,H
A,B,D,I,E,C,F,H,G
A,B,D,I,E,C,G,F,H
A,B,D,I,E,C,G,H,F
A,B,D,I,E,C,H,F,G
A,B,D,I,E,C,H,G,F
A,B,D,I,E,F,C,G,H
A,B,D,I,E,F,C,H,G
A,B,D,I,E,F,G,C,H
A,B,D,I,E,F,G,H,C
A,B,D,I,E,F,H,C,G
A,B,D,I,E,F,H,G,C
A,B,D,I,E,G,C,F,H
A,B,D,I,E,G,C,H,F
A,B,D,I,E,G,F,C,H
A,B,D,I,E,G,F,H,C
A,B,D,I,E,G,H,C,F
A,B,D,I,E,G,H,F,C
A,B,D,I,E,H,C,F,G
A,B,D,I,E,H,C,G,F
A,B,D,I,E,H,F,C,G
A,B,D,I,E,H,F,G,C
A,B,D,I,E,H,G,C,F
A,B,D,I,E,H,G,F,C
A,B,D,I,F,C,E,G,H
A,B,D,I,F,C,E,H,G
A,B,D,I,F,C,G,E,H
A,B,D,I,F,C,G,H,E
A,B,D,I,F,C,H,E,G
A,B,D,I,F,C,H,G,E
A,B,D,I,F,E,C,G,H
A,B,D,I,F,E,C,H,G
A,B,D,I,F,E,G,C,H
A,B,D,I,F,E,G,H,C
A,B,D,I,F,E,H,C,G
A,B,D,I,F,E,H,G,C
A,B,D,I,F,G,C,E,H
A,B,D,I,F,G,C,H,E
A,B,D,I,F,G,E,C,H
A,B,D,I,F,G,E,H,C
A,B,D,I,F,G,H,C,E
A,B,D,I,F,G,H,E,C
A,B,D,I,F,H,C,E,G
A,B,D,I,F,H,C,G,E
A,B,D,I,F,H,E,C,G
A,B,D,I,F,H,E,G,C
A,B,D,I,F,H,G,C,E
A,B,D,I,F,H,G,E,C
A,B,D,I,G,C,E,F,H
A,B,D,I,G,C,E,H,F
A,B,D,I,G,C,F,E,H
A,B,D,I,G,C,F,H,E
A,B,D,I,G,C,H,E,F
A,B,D,I,G,C,H,F,E
A,B,D,I,G,E,C,F,H
A,B,D,I,G,E,C,H,F
A,B,D,I,G,E,F,C,H
A,B,D,I,G,E,F,H,C
A,B,D,I,G,E,H,C,F
A,B,D,I,G,E,H,F,C
A,B,D,I,G,F,C,E,H
A,B,D,I,G,F,C,H,E
A,B,D,I,G,F,E,C,H
A,B,D,I,G,F,E,H,C
A,B,D,I,G,F,H,C,E
A,B,D,I,G,F,H,E,C
A,B,D,I,G,H,C,E,F
A,B,D,I,G,H,C,F,E
A,B,D,I,G,H,E,C,F
A,B,D,I,G,H,E,F,C
A,B,D,I,G,H,F,C,E
A,B,D,I,G,H,F,E,C
A,B,D,I,H,C,E,F,G
A,B,D,I,H,C,E,G,F
A,B,D,I,H,C,F,E,G
A,B,D,I,H,C,F,G,E
A,B,D,I,H,C,G,E,F
A,B,D,I,H,C,G,F,E
A,B,D,I,H,E,C,F,G
A,B,D,I,H,E,C,G,F
A,B,D,I,H,E,F,C,G
A,B,D,I,H,E,F,G,C
A,B,D,I,H,E,G,C,F
A,B,D,I,H,E,G,F,C
A,B,D,I,H,F,C,E,G
A,B,D,I,H,F,C,G,E
A,B,D,I,H,F,E,C,G
A,B,D,I,H,F,E,G,C
A,B,D,I,H,F,G,C,E
A,B,D,I,H,F,G,E,C
A,B,D,I,H,G,C,E,F
A,B,D,I,H,G,C,F,E
A,B,D,I,H,G,E,C,F
A,B,D,I,H,G,E,F,C
A,B,D,I,H,G,F,C,E
A,B,D,I,H,G,F,E,C
A,B,E,C,D,F,G,H,I
A,B,E,C,D,F,G,I,H
A,B,E,C,D,F,H,G,I
A,B,E,C,D,F,H,I,G
A,B,E,C,D,F,I,G,H
A,B,E,C,D,F,I,H,G
A,B,E,C,D,G,F,H,I
A,B,E,C,D,G,F,I,H
A,B,E,C,D,G,H,F,I
A,B,E,C,D,G,H,I,F
A,B,E,C,D,G,I,F,H
A,B,E,C,D,G,I,H,F
A,B,E,C,D,H,F,G,I
A,B,E,C,D,H,F,I,G
A,B,E,C,D,H,G,F,I
A,B,E,C,D,H,G,I,F
A,B,E,C,D,H,I,F,G
A,B,E,C,D,H,I,G,F
A,B,E,C,D,I,F,G,H
A,B,E,C,D,I,F,H,G
A,B,E,C,D,I,G,F,H
A,B,E,C,D,I,G,H,F
A,B,E,C,D,I,H,F,G
A,B,E,C,D,I,H,G,F
A,B,E,C,F,D,G,H,I
A,B,E,C,F,D,G,I,H
A,B,E,C,F,D,H,G,I
A,B,E,C,F,D,H,I,G
A,B,E,C,F,D,I,G,H
A,B,E,C,F,D,I,H,G
A,B,E,C,F,G,D,H,I
A,B,E,C,F,G,D,I,H
A,B,E,C,F,G,H,D,I
A,B,E,C,F,G,H,I,D
A,B,E,C,F,G,I,D,H
A,B,E,C,F,G,I,H,D
A,B,E,C,F,H,D,G,I
A,B,E,C,F,H,D,I,G
A,B,E,C,F,H,G,D,I
A,B,E,C,F,H,G,I,D
A,B,E,C,F,H,I,D,G
A,B,E,C,F,H,I,G,D
A,B,E,C,F,I,D,G,H
A,B,E,C,F,I,D,H,G
A,B,E,C,F,I,G,D,H
A,B,E,C,F,I,G,H,D
A,B,E,C,F,I,H,D,G
A,B,E,C,F,I,H,G,D
A,B,E,C,G,D,F,H,I
A,B,E,C,G,D,F,I,H
A,B,E,C,G,D,H,F,I
A,B,E,C,G,D,H,I,F
A,B,E,C,G,D,I,F,H
A,B,E,C,G,D,I,H,F
A,B,E,C,G,F,D,H,I
A,B,E,C,G,F,D,I,H
A,B,E,C,G,F,H,D,I
A,B,E,C,G,F,H,I,D
A,B,E,C,G,F,I,D,H
A,B,E,C,G,F,I,H,D
A,B,E,C,G,H,D,F,I
A,B,E,C,G,H,D,I,F
A,B,E,C,G,H,F,D,I
A,B,E,C,G,H,F,I,D
A,B,E,C,G,H,I,D,F
A,B,E,C,G,H,I,F,D
A,B,E,C,G,I,D,F,H
A,B,E,C,G,I,D,H,F
A,B,E,C,G,I,F,D,H
A,B,E,C,G,I,F,H,D
A,B,E,C,G,I,H,D,F
A,B,E,C,G,I,H,F,D
A,B,E,C,H,D,F,G,I
A,B,E,C,H,D,F,I,G
A,B,E,C,H,D,G,F,I
A,B,E,C,H,D,G,I,F
A,B,E,C,H,D,I,F,G
A,B,E,C,H,D,I,G,F
A,B,E,C,H,F,D,G,I
A,B,E,C,H,F,D,I,G
A,B,E,C,H,F,G,D,I
A,B,E,C,H,F,G,I,D
A,B,E,C,H,F,I,D,G
A,B,E,C,H,F,I,G,D
A,B,E,C,H,G,D,F,I
A,B,E,C,H,G,D,I,F
A,B,E,C,H,G,F,D,I
A,B,E,C,H,G,F,I,D
A,B,E,C,H,G,I,D,F
A,B,E,C,H,G,I,F,D
A,B,E,C,H,I,D,F,G
A,B,E,C,H,I,D,G,F
A,B,E,C,H,I,F,D,G
A,B,E,C,H,I,F,G,D
A,B,E,C,H,I,G,D,F
A,B,E,C,H,I,G,F,D
A,B,E,C,I,D,F,G,H
A,B,E,C,I,D,F,H,G
A,B,E,C,I,D,G,F,H
A,B,E,C,I,D,G,H,F
A,B,E,C,I,D,H,F,G
A,B,E,C,I,D,H,G,F
A,B,E,C,I,F,D,G,H
A,B,E,C,I,F,D,H,G
A,B,E,C,I,F,G,D,H
A,B,E,C,I,F,G,H,D
A,B,E,C,I,F,H,D,G
A,B,E,C,I,F,H,G,D
A,B,E,C,I,G,D,F,H
A,B,E,C,I,G,D,H,F
A,B,E,C,I,G,F,D,H
A,B,E,C,I,G,F,H,D
A,B,E,C,I,G,H,D,F
A,B,E,C,I,G,H,F,D
A,B,E,C,I,H,D,F,G
A,B,E,C,I,H,D,G,F
A,B,E,C,I,H,F,D,G
A,B,E,C,I,H,F,G,D
A,B,E,C,I,H,G,D,F
A,B,E,C,I,H,G,F,D
A,B,E,D,C,F,G,H,I
A,B,E,D,C,F,G,I,H
A,B,E,D,C,F,H,G,I
A,B,E,D,C,F,H,I,G
A,B,E,D,C,F,I,G,H
A,B,E,D,C,F,I,H,G
A,B,E,D,C,G,F,H,I
A,B,E,D,C,G,F,I,H
A,B,E,D,C,G,H,F,I
A,B,E,D,C,G,H,I,F
A,B,E,D,C,G,I,F,H
A,B,E,D,C,G,I,H,F
A,B,E,D,C,H,F,G,I
A,B,E,D,C,H,F,I,G
A,B,E,D,C,H,G,F,I
A,B,E,D,C,H,G,I,F
A,B,E,D,C,H,I,F,G
A,B,E,D,C,H,I,G,F
A,B,E,D,C,I,F,G,H
A,B,E,D,C,I,F,H,G
A,B,E,D,C,I,G,F,H
A,B,E,D,C,I,G,H,F
A,B,E,D,C,I,H,F,G
A,B,E,D,C,I,H,G,F
A,B,E,D,F,C,G,H,I
A,B,E,D,F,C,G,I,H
A,B,E,D,F,C,H,G,I
A,B,E,D,F,C,H,I,G
A,B,E,D,F,C,I,G,H
A,B,E,D,F,C,I,H,G
A,B,E,D,F,G,C,H,I
A,B,E,D,F,G,C,I,H
A,B,E,D,F,G,H,C,I
A,B,E,D,F,G,H,I,C
A,B,E,D,F,G,I,C,H
A,B,E,D,F,G,I,H,C
A,B,E,D,F,H,C,G,I
A,B,E,D,F,H,C,I,G
A,B,E,D,F,H,G,C,I
A,B,E,D,F,H,G,I,C
A,B,E,D,F,H,I,C,G
A,B,E,D,F,H,I,G,C
A,B,E,D,F,I,C,G,H
A,B,E,D,F,I,C,H,G
A,B,E,D,F,I,G,C,H
A,B,E,D,F,I,G,H,C
A,B,E,D,F,I,H,C,G
A,B,E,D,F,I,H,G,C
A,B,E,D,G,C,F,H,I
A,B,E,D,G,C,F,I,H
A,B,E,D,G,C,H,F,I
A,B,E,D,G,C,H,I,F
A,B,E,D,G,C,I,F,H
A,B,E,D,G,C,I,H,F
A,B,E,D,G,F,C,H,I
A,B,E,D,G,F,C,I,H
A,B,E,D,G,F,H,C,I
A,B,E,D,G,F,H,I,C
A,B,E,D,G,F,I,C,H
A,B,E,D,G,F,I,H,C
A,B,E,D,G,H,C,F,I
A,B,E,D,G,H,C,I,F
A,B,E,D,G,H,F,C,I
A,B,E,D,G,H,F,I,C
A,B,E,D,G,H,I,C,F
A,B,E,D,G,H,I,F,C
A,B,E,D,G,I,C,F,H
A,B,E,D,G,I,C,H,F
A,B,E,D,G,I,F,C,H
A,B,E,D,G,I,F,H,C
A,B,E,D,G,I,H,C,F
A,B,E,D,G,I,H,F,C
A,B,E,D,H,C,F,G,I
A,B,E,D,H,C,F,I,G
A,B,E,D,H,C,G,F,I
A,B,E,D,H,C,G,I,F
A,B,E,D,H,C,I,F,G
A,B,E,D,H,C,I,G,F
A,B,E,D,H,F,C,G,I
A,B,E,D,H,F,C,I,G
A,B,E,D,H,F,G,C,I
A,B,E,D,H,F,G,I,C
A,B,E,D,H,F,I,C,G
A,B,E,D,H,F,I,G,C
A,B,E,D,H,G,C,F,I
A,B,E,D,H,G,C,I,F
A,B,E,D,H,G,F,C,I
A,B,E,D,H,G,F,I,C
A,B,E,D,H,G,I,C,F
A,B,E,D,H,G,I,F,C
A,B,E,D,H,I,C,F,G
A,B,E,D,H,I,C,G,F
A,B,E,D,H,I,F,C,G
A,B,E,D,H,I,F,G,C
A,B,E,D,H,I,G,C,F
A,B,E,D,H,I,G,F,C
A,B,E,D,I,C,F,G,H
A,B,E,D,I,C,F,H,G
A,B,E,D,I,C,G,F,H
A,B,E,D,I,C,G,H,F
A,B,E,D,I,C,H,F,G
A,B,E,D,I,C,H,G,F
A,B,E,D,I,F,C,G,H
A,B,E,D,I,F,C,H,G
A,B,E,D,I,F,G,C,H
A,B,E,D,I,F,G,H,C
A,B,E,D,I,F,H,C,G
A,B,E,D,I,F,H,G,C
A,B,E,D,I,G,C,F,H
A,B,E,D,I,G,C,H,F
A,B,E,D,I,G,F,C,H
A,B,E,D,I,G,F,H,C
A,B,E,D,I,G,H,C,F
A,B,E,D,I,G,H,F,C
A,B,E,D,I,H,C,F,G
A,B,E,D,I,H,C,G,F
A,B,E,D,I,H,F,C,G
A,B,E,D,I,H,F,G,C
A,B,E,D,I,H,G,C,F
A,B,E,D,I,H,G,F,C
A,B,E,F,C,D,G,H,I
A,B,E,F,C,D,G,I,H
A,B,E,F,C,D,H,G,I
A,B,E,F,C,D,H,I,G
A,B,E,F,C,D,I,G,H
A,B,E,F,C,D,I,H,G
A,B,E,F,C,G,D,H,I
A,B,E,F,C,G,D,I,H
A,B,E,F,C,G,H,D,I
A,B,E,F,C,G,H,I,D
A,B,E,F,C,G,I,D,H
A,B,E,F,C,G,I,H,D
A,B,E,F,C,H,D,G,I
A,B,E,F,C,H,D,I,G
A,B,E,F,C,H,G,D,I
A,B,E,F,C,H,G,I,D
A,B,E,F,C,H,I,D,G
A,B,E,F,C,H,I,G,D
A,B,E,F,C,I,D,G,H
A,B,E,F,C,I,D,H,G
A,B,E,F,C,I,G,D,H
A,B,E,F,C,I,G,H,D
A,B,E,F,C,I,H,D,G
A,B,E,F,C,I,H,G,D
A,B,E,F,D,C,G,H,I
A,B,E,F,D,C,G,I,H
A,B,E,F,D,C,H,G,I
A,B,E,F,D,C,H,I,G
A,B,E,F,D,C,I,G,H
A,B,E,F,D,C,I,H,G
A,B,E,F,D,G,C,H,I
A,B,E,F,D,G,C,I,H
A,B,E,F,D,G,H,C,I
A,B,E,F,D,G,H,I,C
A,B,E,F,D,G,I,C,H
A,B,E,F,D,G,I,H,C
A,B,E,F,D,H,C,G,I
A,B,E,F,D,H,C,I,G
A,B,E,F,D,H,G,C,I
A,B,E,F,D,H,G,I,C
A,B,E,F,D,H,I,C,G
A,B,E,F,D,H,I,G,C
A,B,E,F,D,I,C,G,H
A,B,E,F,D,I,C,H,G
A,B,E,F,D,I,G,C,H
A,B,E,F,D,I,G,H,C
A,B,E,F,D,I,H,C,G
A,B,E,F,D,I,H,G,C
A,B,E,F,G,C,D,H,I
A,B,E,F,G,C,D,I,H
A,B,E,F,G,C,H,D,I
A,B,E,F,G,C,H,I,D
A,B,E,F,G,C,I,D,H
A,B,E,F,G,C,I,H,D
A,B,E,F,G,D,C,H,I
A,B,E,F,G,D,C,I,H
A,B,E,F,G,D,H,C,I
A,B,E,F,G,D,H,I,C
A,B,E,F,G,D,I,C,H
A,B,E,F,G,D,I,H,C
A,B,E,F,G,H,C,D,I
A,B,E,F,G,H,C,I,D
A,B,E,F,G,H,D,C,I
A,B,E,F,G,H,D,I,C
A,B,E,F,G,H,I,C,D
A,B,E,F,G,H,I,D,C
A,B,E,F,G,I,C,D,H
A,B,E,F,G,I,C,H,D
A,B,E,F,G,I,D,C,H
A,B,E,F,G,I,D,H,C
A,B,E,F,G,I,H,C,D
A,B,E,F,G,I,H,D,C
A,B,E,F,H,C,D,G,I
A,B,E,F,H,C,D,I,G
A,B,E,F,H,C,G,D,I
A,B,E,F,H,C,G,I,D
A,B,E,F,H,C,I,D,G
A,B,E,F,H,C,I,G,D
A,B,E,F,H,D,C,G,I
A,B,E,F,H,D,C,I,G
A,B,E,F,H,D,G,C,I
A,B,E,F,H,D,G,I,C
A,B,E,F,H,D,I,C,G
A,B,E,F,H,D,I,G,C
A,B,E,F,H,G,C,D,I
A,B,E,F,H,G,C,I,D
A,B,E,F,H,G,D,C,I
A,B,E,F,H,G,D,I,C
A,B,E,F,H,G,I,C,D
A,B,E,F,H,G,I,D,C
A,B,E,F,H,I,C,D,G
A,B,E,F,H,I,C,G,D
A,B,E,F,H,I,D,C,G
A,B,E,F,H,I,D,G,C
A,B,E,F,H,I,G,C,D
A,B,E,F,H,I,G,D,C
A,B,E,F,I,C,D,G,H
A,B,E,F,I,C,D,H,G
A,B,E,F,I,C,G,D,H
A,B,E,F,I,C,G,H,D
A,B,E,F,I,C,H,D,G
A,B,E,F,I,C,H,G,D
A,B,E,F,I,D,C,G,H
A,B,E,F,I,D,C,H,G
A,B,E,F,I,D,G,C,H
A,B,E,F,I,D,G,H,C
A,B,E,F,I,D,H,C,G
A,B,E,F,I,D,H,G,C
A,B,E,F,I,G,C,D,H
A,B,E,F,I,G,C,H,D
A,B,E,F,I,G,D,C,H
A,B,E,F,I,G,D,H,C
A,B,E,F,I,G,H,C,D
A,B,E,F,I,G,H,D,C
A,B,E,F,I,H,C,D,G
A,B,E,F,I,H,C,G,D
A,B,E,F,I,H,D,C,G
A,B,E,F,I,H,D,G,C
A,B,E,F,I,H,G,C,D
A,B,E,F,I,H,G,D,C
A,B,E,G,C,D,F,H,I
A,B,E,G,C,D,F,I,H
A,B,E,G,C,D,H,F,I
A,B,E,G,C,D,H,I,F
A,B,E,G,C,D,I,F,H
A,B,E,G,C,D,I,H,F
A,B,E,G,C,F,D,H,I
A,B,E,G,C,F,D,I,H
A,B,E,G,C,F,H,D,I
A,B,E,G,C,F,H,I,D
A,B,E,G,C,F,I,D,H
A,B,E,G,C,F,I,H,D
A,B,E,G,C,H,D,F,I
A,B,E,G,C,H,D,I,F
A,B,E,G,C,H,F,D,I
A,B,E,G,C,H,F,I,D
A,B,E,G,C,H,I,D,F
A,B,E,G,C,H,I,F,D
A,B,E,G,C,I,D,F,H
A,B,E,G,C,I,D,H,F
A,B,E,G,C,I,F,D,H
A,B,E,G,C,I,F,H,D
A,B,E,G,C,I,H,D,F
A,B,E,G,C,I,H,F,D
A,B,E,G,D,C,F,H,I
A,B,E,G,D,C,F,I,H
A,B,E,G,D,C,H,F,I
A,B,E,G,D,C,H,I,F
A,B,E,G,D,C,I,F,H
A,B,E,G,D,C,I,H,F
A,B,E,G,D,F,C,H,I
A,B,E,G,D,F,C,I,H
A,B,E,G,D,F,H,C,I
A,B,E,G,D,F,H,I,C
A,B,E,G,D,F,I,C,H
A,B,E,G,D,F,I,H,C
A,B,E,G,D,H,C,F,I
A,B,E,G,D,H,C,I,F
A,B,E,G,D,H,F,C,I
A,B,E,G,D,H,F,I,C
A,B,E,G,D,H,I,C,F
A,B,E,G,D,H,I,F,C
A,B,E,G,D,I,C,F,H
A,B,E,G,D,I,C,H,F
A,B,E,G,D,I,F,C,H
A,B,E,G,D,I,F,H,C
A,B,E,G,D,I,H,C,F
A,B,E,G,D,I,H,F,C
A,B,E,G,F,C,D,H,I
A,B,E,G,F,C,D,I,H
A,B,E,G,F,C,H,D,I
A,B,E,G,F,C,H,I,D
A,B,E,G,F,C,I,D,H
A,B,E,G,F,C,I,H,D
A,B,E,G,F,D,C,H,I
A,B,E,G,F,D,C,I,H
A,B,E,G,F,D,H,C,I
A,B,E,G,F,D,H,I,C
A,B,E,G,F,D,I,C,H
A,B,E,G,F,D,I,H,C
A,B,E,G,F,H,C,D,I
A,B,E,G,F,H,C,I,D
A,B,E,G,F,H,D,C,I
A,B,E,G,F,H,D,I,C
A,B,E,G,F,H,I,C,D
A,B,E,G,F,H,I,D,C
A,B,E,G,F,I,C,D,H
A,B,E,G,F,I,C,H,D
A,B,E,G,F,I,D,C,H
A,B,E,G,F,I,D,H,C
A,B,E,G,F,I,H,C,D
A,B,E,G,F,I,H,D,C
A,B,E,G,H,C,D,F,I
A,B,E,G,H,C,D,I,F
A,B,E,G,H,C,F,D,I
A,B,E,G,H,C,F,I,D
A,B,E,G,H,C,I,D,F
A,B,E,G,H,C,I,F,D
A,B,E,G,H,D,C,F,I
A,B,E,G,H,D,C,I,F
A,B,E,G,H,D,F,C,I
A,B,E,G,H,D,F,I,C
A,B,E,G,H,D,I,C,F
A,B,E,G,H,D,I,F,C
A,B,E,G,H,F,C,D,I
A,B,E,G,H,F,C,I,D
A,B,E,G,H,F,D,C,I
A,B,E,G,H,F,D,I,C
A,B,E,G,H,F,I,C,D
A,B,E,G,H,F,I,D,C
A,B,E,G,H,I,C,D,F
A,B,E,G,H,I,C,F,D
A,B,E,G,H,I,D,C,F
A,B,E,G,H,I,D,F,C
A,B,E,G,H,I,F,C,D
A,B,E,G,H,I,F,D,C
A,B,E,G,I,C,D,F,H
A,B,E,G,I,C,D,H,F
A,B,E,G,I,C,F,D,H
A,B,E,G,I,C,F,H,D
A,B,E,G,I,C,H,D,F
A,B,E,G,I,C,H,F,D
A,B,E,G,I,D,C,F,H
A,B,E,G,I,D,C,H,F
A,B,E,G,I,D,F,C,H
A,B,E,G,I,D,F,H,C
A,B,E,G,I,D,H,C,F
A,B,E,G,I,D,H,F,C
A,B,E,G,I,F,C,D,H
A,B,E,G,I,F,C,H,D
A,B,E,G,I,F,D,C,H
A,B,E,G,I,F,D,H,C
A,B,E,G,I,F,H,C,D
A,B,E,G,I,F,H,D,C
A,B,E,G,I,H,C,D,F
A,B,E,G,I,H,C,F,D
A,B,E,G,I,H,D,C,F
A,B,E,G,I,H,D,F,C
A,B,E,G,I,H,F,C,D
A,B,E,G,I,H,F,D,C
A,B,E,H,C,D,F,G,I
A,B,E,H,C,D,F,I,G
A,B,E,H,C,D,G,F,I
A,B,E,H,C,D,G,I,F
A,B,E,H,C,D,I,F,G
A,B,E,H,C,D,I,G,F
A,B,E,H,C,F,D,G,I
A,B,E,H,C,F,D,I,G
A,B,E,H,C,F,G,D,I
A,B,E,H,C,F,G,I,D
A,B,E,H,C,F,I,D,G
A,B,E,H,C,F,I,G,D
A,B,E,H,C,G,D,F,I
A,B,E,H,C,G,D,I,F
A,B,E,H,C,G,F,D,I
A,B,E,H,C,G,F,I,D
A,B,E,H,C,G,I,D,F
A,B,E,H,C,G,I,F,D
A,B,E,H,C,I,D,F,G
A,B,E,H,C,I,D,G,F
A,B,E,H,C,I,F,D,G
A,B,E,H,C,I,F,G,D
A,B,E,H,C,I,G,D,F
A,B,E,H,C,I,G,F,D
A,B,E,H,D,C,F,G,I
A,B,E,H,D,C,F,I,G
A,B,E,H,D,C,G,F,I
A,B,E,H,D,C,G,I,F
A,B,E,H,D,C,I,F,G
A,B,E,H,D,C,I,G,F
A,B,E,H,D,F,C,G,I
A,B,E,H,D,F,C,I,G
A,B,E,H,D,F,G,C,I
A,B,E,H,D,F,G,I,C
A,B,E,H,D,F,I,C,G
A,B,E,H,D,F,I,G,C
A,B,E,H,D,G,C,F,I
A,B,E,H,D,G,C,I,F
A,B,E,H,D,G,F,C,I
A,B,E,H,D,G,F,I,C
A,B,E,H,D,G,I,C,F
A,B,E,H,D,G,I,F,C
A,B,E,H,D,I,C,F,G
A,B,E,H,D,I,C,G,F
A,B,E,H,D,I,F,C,G
A,B,E,H,D,I,F,G,C
A,B,E,H,D,I,G,C,F
A,B,E,H,D,I,G,F,C
A,B,E,H,F,C,D,G,I
A,B,E,H,F,C,D,I,G
A,B,E,H,F,C,G,D,I
A,B,E,H,F,C,G,I,D
A,B,E,H,F,C,I,D,G
A,B,E,H,F,C,I,G,D
A,B,E,H,F,D,C,G,I
A,B,E,H,F,D,C,I,G
A,B,E,H,F,D,G,C,I
A,B,E,H,F,D,G,I,C
A,B,E,H,F,D,I,C,G
A,B,E,H,F,D,I,G,C
A,B,E,H,F,G,C,D,I
A,B,E,H,F,G,C,I,D
A,B,E,H,F,G,D,C,I
A,B,E,H,F,G,D,I,C
A,B,E,H,F,G,I,C,D
A,B,E,H,F,G,I,D,C
A,B,E,H,F,I,C,D,G
A,B,E,H,F,I,C,G,D
A,B,E,H,F,I,D,C,G
A,B,E,H,F,I,D,G,C
A,B,E,H,F,I,G,C,D
A,B,E,H,F,I,G,D,C
A,B,E,H,G,C,D,F,I
A,B,E,H,G,C,D,I,F
A,B,E,H,G,C,F,D,I
A,B,E,H,G,C,F,I,D
A,B,E,H,G,C,I,D,F
A,B,E,H,G,C,I,F,D
A,B,E,H,G,D,C,F,I
A,B,E,H,G,D,C,I,F
A,B,E,H,G,D,F,C,I
A,B,E,H,G,D,F,I,C
A,B,E,H,G,D,I,C,F
A,B,E,H,G,D,I,F,C
A,B,E,H,G,F,C,D,I
A,B,E,H,G,F,C,I,D
A,B,E,H,G,F,D,C,I
A,B,E,H,G,F,D,I,C
A,B,E,H,G,F,I,C,D
A,B,E,H,G,F,I,D,C
A,B,E,H,G,I,C,D,F
A,B,E,H,G,I,C,F,D
A,B,E,H,G,I,D,C,F
A,B,E,H,G,I,D,F,C
A,B,E,H,G,I,F,C,D
A,B,E,H,G,I,F,D,C
A,B,E,H,I,C,D,F,G
A,B,E,H,I,C,D,G,F
A,B,E,H,I,C,F,D,G
A,B,E,H,I,C,F,G,D
A,B,E,H,I,C,G,D,F
A,B,E,H,I,C,G,F,D
A,B,E,H,I,D,C,F,G
A,B,E,H,I,D,C,G,F
A,B,E,H,I,D,F,C,G
A,B,E,H,I,D,F,G,C
A,B,E,H,I,D,G,C,F
A,B,E,H,I,D,G,F,C
A,B,E,H,I,F,C,D,G
A,B,E,H,I,F,C,G,D
A,B,E,H,I,F,D,C,G
A,B,E,H,I,F,D,G,C
A,B,E,H,I,F,G,C,D
A,B,E,H,I,F,G,D,C
A,B,E,H,I,G,C,D,F
A,B,E,H,I,G,C,F,D
A,B,E,H,I,G,D,C,F
A,B,E,H,I,G,D,F,C
A,B,E,H,I,G,F,C,D
A,B,E,H,I,G,F,D,C
A,B,E,I,C,D,F,G,H
A,B,E,I,C,D,F,H,G
A,B,E,I,C,D,G,F,H
A,B,E,I,C,D,G,H,F
A,B,E,I,C,D,H,F,G
A,B,E,I,C,D,H,G,F
A,B,E,I,C,F,D,G,H
A,B,E,I,C,F,D,H,G
A,B,E,I,C,F,G,D,H
A,B,E,I,C,F,G,H,D
A,B,E,I,C,F,H,D,G
A,B,E,I,C,F,H,G,D
A,B,E,I,C,G,D,F,H
A,B,E,I,C,G,D,H,F
A,B,E,I,C,G,F,D,H
A,B,E,I,C,G,F,H,D
A,B,E,I,C,G,H,D,F
A,B,E,I,C,G,H,F,D
A,B,E,I,C,H,D,F,G
A,B,E,I,C,H,D,G,F
A,B,E,I,C,H,F,D,G
A,B,E,I,C,H,F,G,D
A,B,E,I,C,H,G,D,F
A,B,E,I,C,H,G,F,D
A,B,E,I,D,C,F,G,H
A,B,E,I,D,C,F,H,G
A,B,E,I,D,C,G,F,H
A,B,E,I,D,C,G,H,F
A,B,E,I,D,C,H,F,G
A,B,E,I,D,C,H,G,F
A,B,E,I,D,F,C,G,H
A,B,E,I,D,F,C,H,G
A,B,E,I,D,F,G,C,H
A,B,E,I,D,F,G,H,C
A,B,E,I,D,F,H,C,G
A,B,E,I,D,F,H,G,C
A,B,E,I,D,G,C,F,H
A,B,E,I,D,G,C,H,F
A,B,E,I,D,G,F,C,H
A,B,E,I,D,G,F,H,C
A,B,E,I,D,G,H,C,F
A,B,E,I,D,G,H,F,C
A,B,E,I,D,H,C,F,G
A,B,E,I,D,H,C,G,F
A,B,E,I,D,H,F,C,G
A,B,E,I,D,H,F,G,C
A,B,E,I,D,H,G,C,F
A,B,E,I,D,H,G,F,C
A,B,E,I,F,C,D,G,H
A,B,E,I,F,C,D,H,G
A,B,E,I,F,C,G,D,H
A,B,E,I,F,C,G,H,D
A,B,E,I,F,C,H,D,G
A,B,E,I,F,C,H,G,D
A,B,E,I,F,D,C,G,H
A,B,E,I,F,D,C,H,G
A,B,E,I,F,D,G,C,H
A,B,E,I,F,D,G,H,C
A,B,E,I,F,D,H,C,G
A,B,E,I,F,D,H,G,C
A,B,E,I,F,G,C,D,H
A,B,E,I,F,G,C,H,D
A,B,E,I,F,G,D,C,H
A,B,E,I,F,G,D,H,C
A,B,E,I,F,G,H,C,D
A,B,E,I,F,G,H,D,C
A,B,E,I,F,H,C,D,G
A,B,E,I,F,H,C,G,D
A,B,E,I,F,H,D,C,G
A,B,E,I,F,H,D,G,C
A,B,E,I,F,H,G,C,D
A,B,E,I,F,H,G,D,C
A,B,E,I,G,C,D,F,H
A,B,E,I,G,C,D,H,F
A,B,E,I,G,C,F,D,H
A,B,E,I,G,C,F,H,D
A,B,E,I,G,C,H,D,F
A,B,E,I,G,C,H,F,D
A,B,E,I,G,D,C,F,H
A,B,E,I,G,D,C,H,F
A,B,E,I,G,D,F,C,H
A,B,E,I,G,D,F,H,C
A,B,E,I,G,D,H,C,F
A,B,E,I,G,D,H,F,C
A,B,E,I,G,F,C,D,H
A,B,E,I,G,F,C,H,D
A,B,E,I,G,F,D,C,H
A,B,E,I,G,F,D,H,C
A,B,E,I,G,F,H,C,D
A,B,E,I,G,F,H,D,C
A,B,E,I,G,H,C,D,F
A,B,E,I,G,H,C,F,D
A,B,E,I,G,H,D,C,F
A,B,E,I,G,H,D,F,C
A,B,E,I,G,H,F,C,D
A,B,E,I,G,H,F,D,C
A,B,E,I,H,C,D,F,G
A,B,E,I,H,C,D,G,F
A,B,E,I,H,C,F,D,G
A,B,E,I,H,C,F,G,D
A,B,E,I,H,C,G,D,F
A,B,E,I,H,C,G,F,D
A,B,E,I,H,D,C,F,G
A,B,E,I,H,D,C,G,F
A,B,E,I,H,D,F,C,G
A,B,E,I,H,D,F,G,C
A,B,E,I,H,D,G,C,F
A,B,E,I,H,D,G,F,C
A,B,E,I,H,F,C,D,G
A,B,E,I,H,F,C,G,D
A,B,E,I,H,F,D,C,G
A,B,E,I,H,F,D,G,C
A,B,E,I,H,F,G,C,D
A,B,E,I,H,F,G,D,C
A,B,E,I,H,G,C,D,F
A,B,E,I,H,G,C,F,D
A,B,E,I,H,G,D,C,F
A,B,E,I,H,G,D,F,C
A,B,E,I,H,G,F,C,D
A,B,E,I,H,G,F,D,C
A,B,F,C,D,E,G,H,I
A,B,F,C,D,E,G,I,H
A,B,F,C,D,E,H,G,I
A,B,F,C,D,E,H,I,G
A,B,F,C,D,E,I,G,H
A,B,F,C,D,E,I,H,G
A,B,F,C,D,G,E,H,I
A,B,F,C,D,G,E,I,H
A,B,F,C,D,G,H,E,I
A,B,F,C,D,G,H,I,E
A,B,F,C,D,G,I,E,H
A,B,F,C,D,G,I,H,E
A,B,F,C,D,H,E,G,I
A,B,F,C,D,H,E,I,G
A,B,F,C,D,H,G,E,I
A,B,F,C,D,H,G,I,E
A,B,F,C,D,H,I,E,G
A,B,F,C,D,H,I,G,E
A,B,F,C,D,I,E,G,H
A,B,F,C,D,I,E,H,G
A,B,F,C,D,I,G,E,H
A,B,F,C,D,I,G,H,E
A,B,F,C,D,I,H,E,G
A,B,F,C,D,I,H,G,E
A,B,F,C,E,D,G,H,I
A,B,F,C,E,D,G,I,H
A,B,F,C,E,D,H,G,I
A,B,F,C,E,D,H,I,G
A,B,F,C,E,D,I,G,H
A,B,F,C,E,D,I,H,G
A,B,F,C,E,G,D,H,I
A,B,F,C,E,G,D,I,H
A,B,F,C,E,G,H,D,I
A,B,F,C,E,G,H,I,D
A,B,F,C,E,G,I,D,H
A,B,F,C,E,G,I,H,D
A,B,F,C,E,H,D,G,I
A,B,F,C,E,H,D,I,G
A,B,F,C,E,H,G,D,I
A,B,F,C,E,H,G,I,D
A,B,F,C,E,H,I,D,G
A,B,F,C,E,H,I,G,D
A,B,F,C,E,I,D,G,H
A,B,F,C,E,I,D,H,G
A,B,F,C,E,I,G,D,H
A,B,F,C,E,I,G,H,D
A,B,F,C,E,I,H,D,G
A,B,F,C,E,I,H,G,D
A,B,F,C,G,D,E,H,I
A,B,F,C,G,D,E,I,H
A,B,F,C,G,D,H,E,I
A,B,F,C,G,D,H,I,E
A,B,F,C,G,D,I,E,H
A,B,F,C,G,D,I,H,E
A,B,F,C,G,E,D,H,I
A,B,F,C,G,E,D,I,H
A,B,F,C,G,E,H,D,I
A,B,F,C,G,E,H,I,D
A,B,F,C,G,E,I,D,H
A,B,F,C,G,E,I,H,D
A,B,F,C,G,H,D,E,I
A,B,F,C,G,H,D,I,E
A,B,F,C,G,H,E,D,I
A,B,F,C,G,H,E,I,D
A,B,F,C,G,H,I,D,E
A,B,F,C,G,H,I,E,D
A,B,F,C,G,I,D,E,H
A,B,F,C,G,I,D,H,E
A,B,F,C,G,I,E,D,H
A,B,F,C,G,I,E,H,D
A,B,F,C,G,I,H,D,E
A,B,F,C,G,I,H,E,D
A,B,F,C,H,D,E,G,I
A,B,F,C,H,D,E,I,G
A,B,F,C,H,D,G,E,I
A,B,F,C,H,D,G,I,E
A,B,F,C,H,D,I,E,G
A,B,F,C,H,D,I,G,E
A,B,F,C,H,E,D,G,I
A,B,F,C,H,E,D,I,G
A,B,F,C,H,E,G,D,I
A,B,F,C,H,E,G,I,D
A,B,F,C,H,E,I,D,G
A,B,F,C,H,E,I,G,D
A,B,F,C,H,G,D,E,I
A,B,F,C,H,G,D,I,E
A,B,F,C,H,G,E,D,I
A,B,F,C,H,G,E,I,D
A,B,F,C,H,G,I,D,E
A,B,F,C,H,G,I,E,D
A,B,F,C,H,I,D,E,G
A,B,F,C,H,I,D,G,E
A,B,F,C,H,I,E,D,G
A,B,F,C,H,I,E,G,D
A,B,F,C,H,I,G,D,E
A,B,F,C,H,I,G,E,D
A,B,F,C,I,D,E,G,H
A,B,F,C,I,D,E,H,G
A,B,F,C,I,D,G,E,H
A,B,F,C,I,D,G,H,E
A,B,F,C,I,D,H,E,G
A,B,F,C,I,D,H,G,E
A,B,F,C,I,E,D,G,H
A,B,F,C,I,E,D,H,G
A,B,F,C,I,E,G,D,H
A,B,F,C,I,E,G,H,D
A,B,F,C,I,E,H,D,G
A,B,F,C,I,E,H,G,D
A,B,F,C,I,G,D,E,H
A,B,F,C,I,G,D,H,E
A,B,F,C,I,G,E,D,H
A,B,F,C,I,G,E,H,D
A,B,F,C,I,G,H,D,E
A,B,F,C,I,G,H,E,D
A,B,F,C,I,H,D,E,G
A,B,F,C,I,H,D,G,E
A,B,F,C,I,H,E,D,G
A,B,F,C,I,H,E,G,D
A,B,F,C,I,H,G,D,E
A,B,F,C,I,H,G,E,D
A,B,F,D,C,E,G,H,I
A,B,F,D,C,E,G,I,H
A,B,F,D,C,E,H,G,I
A,B,F,D,C,E,H,I,G
A,B,F,D,C,E,I,G,H
A,B,F,D,C,E,I,H,G
A,B,F,D,C,G,E,H,I
A,B,F,D,C,G,E,I,H
A,B,F,D,C,G,H,E,I
A,B,F,D,C,G,H,I,E
A,B,F,D,C,G,I,E,H
A,B,F,D,C,G,I,H,E
A,B,F,D,C,H,E,G,I
A,B,F,D,C,H,E,I,G
A,B,F,D,C,H,G,E,I
A,B,F,D,C,H,G,I,E
A,B,F,D,C,H,I,E,G
A,B,F,D,C,H,I,G,E
A,B,F,D,C,I,E,G,H
A,B,F,D,C,I,E,H,G
A,B,F,D,C,I,G,E,H
A,B,F,D,C,I,G,H,E
A,B,F,D,C,I,H,E,G
A,B,F,D,C,I,H,G,E
A,B,F,D,E,C,G,H,I
A,B,F,D,E,C,G,I,H
A,B,F,D,E,C,H,G,I
A,B,F,D,E,C,H,I,G
A,B,F,D,E,C,I,G,H
A,B,F,D,E,C,I,H,G
A,B,F,D,E,G,C,H,I
A,B,F,D,E,G,C,I,H
A,B,F,D,E,G,H,C,I
A,B,F,D,E,G,H,I,C
A,B,F,D,E,G,I,C,H
A,B,F,D,E,G,I,H,C
A,B,F,D,E,H,C,G,I
A,B,F,D,E,H,C,I,G
A,B,F,D,E,H,G,C,I
A,B,F,D,E,H,G,I,C
A,B,F,D,E,H,I,C,G
A,B,F,D,E,H,I,G,C
A,B,F,D,E,I,C,G,H
A,B,F,D,E,I,C,H,G
A,B,F,D,E,I,G,C,H
A,B,F,D,E,I,G,H,C
A,B,F,D,E,I,H,C,G
A,B,F,D,E,I,H,G,C
A,B,F,D,G,C,E,H,I
A,B,F,D,G,C,E,I,H
A,B,F,D,G,C,H,E,I
A,B,F,D,G,C,H,I,E
A,B,F,D,G,C,I,E,H
A,B,F,D,G,C,I,H,E
A,B,F,D,G,E,C,H,I
A,B,F,D,G,E,C,I,H
A,B,F,D,G,E,H,C,I
A,B,F,D,G,E,H,I,C
A,B,F,D,G,E,I,C,H
A,B,F,D,G,E,I,H,C
A,B,F,D,G,H,C,E,I
A,B,F,D,G,H,C,I,E
A,B,F,D,G,H,E,C,I
A,B,F,D,G,H,E,I,C
A,B,F,D,G,H,I,C,E
A,B,F,D,G,H,I,E,C
A,B,F,D,G,I,C,E,H
A,B,F,D,G,I,C,H,E
A,B,F,D,G,I,E,C,H
A,B,F,D,G,I,E,H,C
A,B,F,D,G,I,H,C,E
A,B,F,D,G,I,H,E,C
A,B,F,D,H,C,E,G,I
A,B,F,D,H,C,E,I,G
A,B,F,D,H,C,G,E,I
A,B,F,D,H,C,G,I,E
A,B,F,D,H,C,I,E,G
A,B,F,D,H,C,I,G,E
A,B,F,D,H,E,C,G,I
A,B,F,D,H,E,C,I,G
A,B,F,D,H,E,G,C,I
A,B,F,D,H,E,G,I,C
A,B,F,D,H,E,I,C,G
A,B,F,D,H,E,I,G,C
A,B,F,D,H,G,C,E,I
A,B,F,D,H,G,C,I,E
A,B,F,D,H,G,E,C,I
A,B,F,D,H,G,E,I,C
A,B,F,D,H,G,I,C,E
A,B,F,D,H,G,I,E,C
A,B,F,D,H,I,C,E,G
A,B,F,D,H,I,C,G,E
A,B,F,D,H,I,E,C,G
A,B,F,D,H,I,E,G,C
A,B,F,D,H,I,G,C,E
A,B,F,D,H,I,G,E,C
A,B,F,D,I,C,E,G,H
A,B,F,D,I,C,E,H,G
A,B,F,D,I,C,G,E,H
A,B,F,D,I,C,G,H,E
A,B,F,D,I,C,H,E,G
A,B,F,D,I,C,H,G,E
A,B,F,D,I,E,C,G,H
A,B,F,D,I,E,C,H,G
A,B,F,D,I,E,G,C,H
A,B,F,D,I,E,G,H,C
A,B,F,D,I,E,H,C,G
A,B,F,D,I,E,H,G,C
A,B,F,D,I,G,C,E,H
A,B,F,D,I,G,C,H,E
A,B,F,D,I,G,E,C,H
A,B,F,D,I,G,E,H,C
A,B,F,D,I,G,H,C,E
A,B,F,D,I,G,H,E,C
A,B,F,D,I,H,C,E,G
A,B,F,D,I,H,C,G,E
A,B,F,D,I,H,E,C,G
A,B,F,D,I,H,E,G,C
A,B,F,D,I,H,G,C,E
A,B,F,D,I,H,G,E,C
A,B,F,E,C,D,G,H,I
A,B,F,E,C,D,G,I,H
A,B,F,E,C,D,H,G,I
A,B,F,E,C,D,H,I,G
A,B,F,E,C,D,I,G,H
A,B,F,E,C,D,I,H,G
A,B,F,E,C,G,D,H,I
A,B,F,E,C,G,D,I,H
A,B,F,E,C,G,H,D,I
A,B,F,E,C,G,H,I,D
A,B,F,E,C,G,I,D,H
A,B,F,E,C,G,I,H,D
A,B,F,E,C,H,D,G,I
A,B,F,E,C,H,D,I,G
A,B,F,E,C,H,G,D,I
A,B,F,E,C,H,G,I,D
A,B,F,E,C,H,I,D,G
A,B,F,E,C,H,I,G,D
A,B,F,E,C,I,D,G,H
A,B,F,E,C,I,D,H,G
A,B,F,E,C,I,G,D,H
A,B,F,E,C,I,G,H,D
A,B,F,E,C,I,H,D,G
A,B,F,E,C,I,H,G,D
A,B,F,E,D,C,G,H,I
A,B,F,E,D,C,G,I,H
A,B,F,E,D,C,H,G,I
A,B,F,E,D,C,H,I,G
A,B,F,E,D,C,I,G,H
A,B,F,E,D,C,I,H,G
A,B,F,E,D,G,C,H,I
A,B,F,E,D,G,C,I,H
A,B,F,E,D,G,H,C,I
A,B,F,E,D,G,H,I,C
A,B,F,E,D,G,I,C,H
A,B,F,E,D,G,I,H,C
A,B,F,E,D,H,C,G,I
A,B,F,E,D,H,C,I,G
A,B,F,E,D,H,G,C,I
A,B,F,E,D,H,G,I,C
A,B,F,E,D,H,I,C,G
A,B,F,E,D,H,I,G,C
A,B,F,E,D,I,C,G,H
A,B,F,E,D,I,C,H,G
A,B,F,E,D,I,G,C,H
A,B,F,E,D,I,G,H,C
A,B,F,E,D,I,H,C,G
A,B,F,E,D,I,H,G,C
A,B,F,E,G,C,D,H,I
A,B,F,E,G,C,D,I,H
A,B,F,E,G,C,H,D,I
A,B,F,E,G,C,H,I,D
A,B,F,E,G,C,I,D,H
A,B,F,E,G,C,I,H,D
A,B,F,E,G,D,C,H,I
A,B,F,E,G,D,C,I,H
A,B,F,E,G,D,H,C,I
A,B,F,E,G,D,H,I,C
A,B,F,E,G,D,I,C,H
A,B,F,E,G,D,I,H,C
A,B,F,E,G,H,C,D,I
A,B,F,E,G,H,C,I,D
A,B,F,E,G,H,D,C,I
A,B,F,E,G,H,D,I,C
A,B,F,E,G,H,I,C,D
A,B,F,E,G,H,I,D,C
A,B,F,E,G,I,C,D,H
A,B,F,E,G,I,C,H,D
A,B,F,E,G,I,D,C,H
A,B,F,E,G,I,D,H,C
A,B,F,E,G,I,H,C,D
A,B,F,E,G,I,H,D,C
A,B,F,E,H,C,D,G,I
A,B,F,E,H,C,D,I,G
A,B,F,E,H,C,G,D,I
A,B,F,E,H,C,G,I,D
A,B,F,E,H,C,I,D,G
A,B,F,E,H,C,I,G,D
A,B,F,E,H,D,C,G,I
A,B,F,E,H,D,C,I,G
A,B,F,E,H,D,G,C,I
A,B,F,E,H,D,G,I,C
A,B,F,E,H,D,I,C,G
A,B,F,E,H,D,I,G,C
A,B,F,E,H,G,C,D,I
A,B,F,E,H,G,C,I,D
A,B,F,E,H,G,D,C,I
A,B,F,E,H,G,D,I,C
A,B,F,E,H,G,I,C,D
A,B,F,E,H,G,I,D,C
A,B,F,E,H,I,C,D,G
A,B,F,E,H,I,C,G,D
A,B,F,E,H,I,D,C,G
A,B,F,E,H,I,D,G,C
A,B,F,E,H,I,G,C,D
A,B,F,E,H,I,G,D,C
A,B,F,E,I,C,D,G,H
A,B,F,E,I,C,D,H,G
A,B,F,E,I,C,G,D,H
A,B,F,E,I,C,G,H,D
A,B,F,E,I,C,H,D,G
A,B,F,E,I,C,H,G,D
A,B,F,E,I,D,C,G,H
A,B,F,E,I,D,C,H,G
A,B,F,E,I,D,G,C,H
A,B,F,E,I,D,G,H,C
A,B,F,E,I,D,H,C,G
A,B,F,E,I,D,H,G,C
A,B,F,E,I,G,C,D,H
A,B,F,E,I,G,C,H,D
A,B,F,E,I,G,D,C,H
A,B,F,E,I,G,D,H,C
A,B,F,E,I,G,H,C,D
A,B,F,E,I,G,H,D,C
A,B,F,E,I,H,C,D,G
A,B,F,E,I,H,C,G,D
A,B,F,E,I,H,D,C,G
A,B,F,E,I,H,D,G,C
A,B,F,E,I,H,G,C,D
A,B,F,E,I,H,G,D,C
A,B,F,G,C,D,E,H,I
A,B,F,G,C,D,E,I,H
A,B,F,G,C,D,H,E,I
A,B,F,G,C,D,H,I,E
A,B,F,G,C,D,I,E,H
A,B,F,G,C,D,I,H,E
A,B,F,G,C,E,D,H,I
A,B,F,G,C,E,D,I,H
A,B,F,G,C,E,H,D,I
A,B,F,G,C,E,H,I,D
A,B,F,G,C,E,I,D,H
A,B,F,G,C,E,I,H,D
A,B,F,G,C,H,D,E,I
A,B,F,G,C,H,D,I,E
A,B,F,G,C,H,E,D,I
A,B,F,G,C,H,E,I,D
A,B,F,G,C,H,I,D,E
A,B,F,G,C,H,I,E,D
A,B,F,G,C,I,D,E,H
A,B,F,G,C,I,D,H,E
A,B,F,G,C,I,E,D,H
A,B,F,G,C,I,E,H,D
A,B,F,G,C,I,H,D,E
A,B,F,G,C,I,H,E,D
A,B,F,G,D,C,E,H,I
A,B,F,G,D,C,E,I,H
A,B,F,G,D,C,H,E,I
A,B,F,G,D,C,H,I,E
A,B,F,G,D,C,I,E,H
A,B,F,G,D,C,I,H,E
A,B,F,G,D,E,C,H,I
A,B,F,G,D,E,C,I,H
A,B,F,G,D,E,H,C,I
A,B,F,G,D,E,H,I,C
A,B,F,G,D,E,I,C,H
A,B,F,G,D,E,I,H,C
A,B,F,G,D,H,C,E,I
A,B,F,G,D,H,C,I,E
A,B,F,G,D,H,E,C,I
A,B,F,G,D,H,E,I,C
A,B,F,G,D,H,I,C,E
A,B,F,G,D,H,I,E,C
A,B,F,G,D,I,C,E,H
A,B,F,G,D,I,C,H,E
A,B,F,G,D,I,E,C,H
A,B,F,G,D,I,E,H,C
A,B,F,G,D,I,H,C,E
A,B,F,G,D,I,H,E,C
A,B,F,G,E,C,D,H,I
A,B,F,G,E,C,D,I,H
A,B,F,G,E,C,H,D,I
A,B,F,G,E,C,H,I,D
A,B,F,G,E,C,I,D,H
A,B,F,G,E,C,I,H,D
A,B,F,G,E,D,C,H,I
A,B,F,G,E,D,C,I,H
A,B,F,G,E,D,H,C,I
A,B,F,G,E,D,H,I,C
A,B,F,G,E,D,I,C,H
A,B,F,G,E,D,I,H,C
A,B,F,G,E,H,C,D,I
A,B,F,G,E,H,C,I,D
A,B,F,G,E,H,D,C,I
A,B,F,G,E,H,D,I,C
A,B,F,G,E,H,I,C,D
A,B,F,G,E,H,I,D,C
A,B,F,G,E,I,C,D,H
A,B,F,G,E,I,C,H,D
A,B,F,G,E,I,D,C,H
A,B,F,G,E,I,D,H,C
A,B,F,G,E,I,H,C,D
A,B,F,G,E,I,H,D,C
A,B,F,G,H,C,D,E,I
A,B,F,G,H,C,D,I,E
A,B,F,G,H,C,E,D,I
A,B,F,G,H,C,E,I,D
A,B,F,G,H,C,I,D,E
A,B,F,G,H,C,I,E,D
A,B,F,G,H,D,C,E,I
A,B,F,G,H,D,C,I,E
A,B,F,G,H,D,E,C,I
A,B,F,G,H,D,E,I,C
A,B,F,G,H,D,I,C,E
A,B,F,G,H,D,I,E,C
A,B,F,G,H,E,C,D,I
A,B,F,G,H,E,C,I,D
A,B,F,G,H,E,D,C,I
A,B,F,G,H,E,D,I,C
A,B,F,G,H,E,I,C,D
A,B,F,G,H,E,I,D,C
A,B,F,G,H,I,C,D,E
A,B,F,G,H,I,C,E,D
A,B,F,G,H,I,D,C,E
A,B,F,G,H,I,D,E,C
A,B,F,G,H,I,E,C,D
A,B,F,G,H,I,E,D,C
A,B,F,G,I,C,D,E,H
A,B,F,G,I,C,D,H,E
A,B,F,G,I,C,E,D,H
A,B,F,G,I,C,E,H,D
A,B,F,G,I,C,H,D,E
A,B,F,G,I,C,H,E,D
A,B,F,G,I,D,C,E,H
A,B,F,G,I,D,C,H,E
A,B,F,G,I,D,E,C,H
A,B,F,G,I,D,E,H,C
A,B,F,G,I,D,H,C,E
A,B,F,G,I,D,H,E,C
A,B,F,G,I,E,C,D,H
A,B,F,G,I,E,C,H,D
A,B,F,G,I,E,D,C,H
A,B,F,G,I,E,D,H,C
A,B,F,G,I,E,H,C,D
A,B,F,G,I,E,H,D,C
A,B,F,G,I,H,C,D,E
A,B,F,G,I,H,C,E,D
A,B,F,G,I,H,D,C,E
A,B,F,G,I,H,D,E,C
A,B,F,G,I,H,E,C,D
A,B,F,G,I,H,E,D,C
A,B,F,H,C,D,E,G,I
A,B,F,H,C,D,E,I,G
A,B,F,H,C,D,G,E,I
A,B,F,H,C,D,G,I,E
A,B,F,H,C,D,I,E,G
A,B,F,H,C,D,I,G,E
A,B,F,H,C,E,D,G,I
A,B,F,H,C,E,D,I,G
A,B,F,H,C,E,G,D,I
A,B,F,H,C,E,G,I,D
A,B,F,H,C,E,I,D,G
A,B,F,H,C,E,I,G,D
A,B,F,H,C,G,D,E,I
A,B,F,H,C,G,D,I,E
A,B,F,H,C,G,E,D,I
A,B,F,H,C,G,E,I,D
A,B,F,H,C,G,I,D,E
A,B,F,H,C,G,I,E,D
A,B,F,H,C,I,D,E,G
A,B,F,H,C,I,D,G,E
A,B,F,H,C,I,E,D,G
A,B,F,H,C,I,E,G,D
A,B,F,H,C,I,G,D,E
A,B,F,H,C,I,G,E,D
A,B,F,H,D,C,E,G,I
A,B,F,H,D,C,E,I,G
A,B,F,H,D,C,G,E,I
A,B,F,H,D,C,G,I,E
A,B,F,H,D,C,I,E,G
A,B,F,H,D,C,I,G,E
A,B,F,H,D,E,C,G,I
A,B,F,H,D,E,C,I,G
A,B,F,H,D,E,G,C,I
A,B,F,H,D,E,G,I,C
A,B,F,H,D,E,I,C,G
A,B,F,H,D,E,I,G,C
A,B,F,H,D,G,C,E,I
A,B,F,H,D,G,C,I,E
A,B,F,H,D,G,E,C,I
A,B,F,H,D,G,E,I,C
A,B,F,H,D,G,I,C,E
A,B,F,H,D,G,I,E,C
A,B,F,H,D,I,C,E,G
A,B,F,H,D,I,C,G,E
A,B,F,H,D,I,E,C,G
A,B,F,H,D,I,E,G,C
A,B,F,H,D,I,G,C,E
A,B,F,H,D,I,G,E,C
A,B,F,H,E,C,D,G,I
A,B,F,H,E,C,D,I,G
A,B,F,H,E,C,G,D,I
A,B,F,H,E,C,G,I,D
A,B,F,H,E,C,I,D,G
A,B,F,H,E,C,I,G,D
A,B,F,H,E,D,C,G,I
A,B,F,H,E,D,C,I,G
A,B,F,H,E,D,G,C,I
A,B,F,H,E,D,G,I,C
A,B,F,H,E,D,I,C,G
A,B,F,H,E,D,I,G,C
A,B,F,H,E,G,C,D,I
A,B,F,H,E,G,C,I,D
A,B,F,H,E,G,D,C,I
A,B,F,H,E,G,D,I,C
A,B,F,H,E,G,I,C,D
A,B,F,H,E,G,I,D,C
A,B,F,H,E,I,C,D,G
A,B,F,H,E,I,C,G,D
A,B,F,H,E,I,D,C,G
A,B,F,H,E,I,D,G,C
A,B,F,H,E,I,G,C,D
A,B,F,H,E,I,G,D,C
A,B,F,H,G,C,D,E,I
A,B,F,H,G,C,D,I,E
A,B,F,H,G,C,E,D,I
A,B,F,H,G,C,E,I,D
A,B,F,H,G,C,I,D,E
A,B,F,H,G,C,I,E,D
A,B,F,H,G,D,C,E,I
A,B,F,H,G,D,C,I,E
A,B,F,H,G,D,E,C,I
A,B,F,H,G,D,E,I,C
A,B,F,H,G,D,I,C,E
A,B,F,H,G,D,I,E,C
A,B,F,H,G,E,C,D,I
A,B,F,H,G,E,C,I,D
A,B,F,H,G,E,D,C,I
A,B,F,H,G,E,D,I,C
A,B,F,H,G,E,I,C,D
A,B,F,H,G,E,I,D,C
A,B,F,H,G,I,C,D,E
A,B,F,H,G,I,C,E,D
A,B,F,H,G,I,D,C,E
A,B,F,H,G,I,D,E,C
A,B,F,H,G,I,E,C,D
A,B,F,H,G,I,E,D,C
A,B,F,H,I,C,D,E,G
A,B,F,H,I,C,D,G,E
A,B,F,H,I,C,E,D,G
A,B,F,H,I,C,E,G,D
A,B,F,H,I,C,G,D,E
A,B,F,H,I,C,G,E,D
A,B,F,H,I,D,C,E,G
A,B,F,H,I,D,C,G,E
A,B,F,H,I,D,E,C,G
A,B,F,H,I,D,E,G,C
A,B,F,H,I,D,G,C,E
A,B,F,H,I,D,G,E,C
A,B,F,H,I,E,C,D,G
A,B,F,H,I,E,C,G,D
A,B,F,H,I,E,D,C,G
A,B,F,H,I,E,D,G,C
A,B,F,H,I,E,G,C,D
A,B,F,H,I,E,G,D,C
A,B,F,H,I,G,C,D,E
A,B,F,H,I,G,C,E,D
A,B,F,H,I,G,D,C,E
A,B,F,H,I,G,D,E,C
A,B,F,H,I,G,E,C,D
A,B,F,H,I,G,E,D,C
A,B,F,I,C,D,E,G,H
A,B,F,I,C,D,E,H,G
A,B,F,I,C,D,G,E,H
A,B,F,I,C,D,G,H,E
A,B,F,I,C,D,H,E,G
A,B,F,I,C,D,H,G,E
A,B,F,I,C,E,D,G,H
A,B,F,I,C,E,D,H,G
A,B,F,I,C,E,G,D,H
A,B,F,I,C,E,G,H,D
A,B,F,I,C,E,H,D,G
A,B,F,I,C,E,H,G,D
A,B,F,I,C,G,D,E,H
A,B,F,I,C,G,D,H,E
A,B,F,I,C,G,E,D,H
A,B,F,I,C,G,E,H,D
A,B,F,I,C,G,H,D,E
A,B,F,I,C,G,H,E,D
A,B,F,I,C,H,D,E,G
A,B,F,I,C,H,D,G,E
A,B,F,I,C,H,E,D,G
A,B,F,I,C,H,E,G,D
A,B,F,I,C,H,G,D,E
A,B,F,I,C,H,G,E,D
A,B,F,I,D,C,E,G,H
A,B,F,I,D,C,E,H,G
A,B,F,I,D,C,G,E,H
A,B,F,I,D,C,G,H,E
A,B,F,I,D,C,H,E,G
A,B,F,I,D,C,H,G,E
A,B,F,I,D,E,C,G,H
A,B,F,I,D,E,C,H,G
A,B,F,I,D,E,G,C,H
A,B,F,I,D,E,G,H,C
A,B,F,I,D,E,H,C,G
A,B,F,I,D,E,H,G,C
A,B,F,I,D,G,C,E,H
A,B,F,I,D,G,C,H,E
A,B,F,I,D,G,E,C,H
A,B,F,I,D,G,E,H,C
A,B,F,I,D,G,H,C,E
A,B,F,I,D,G,H,E,C
A,B,F,I,D,H,C,E,G
A,B,F,I,D,H,C,G,E
A,B,F,I,D,H,E,C,G
A,B,F,I,D,H,E,G,C
A,B,F,I,D,H,G,C,E
A,B,F,I,D,H,G,E,C
A,B,F,I,E,C,D,G,H
A,B,F,I,E,C,D,H,G
A,B,F,I,E,C,G,D,H
A,B,F,I,E,C,G,H,D
A,B,F,I,E,C,H,D,G
A,B,F,I,E,C,H,G,D
A,B,F,I,E,D,C,G,H
A,B,F,I,E,D,C,H,G
A,B,F,I,E,D,G,C,H
A,B,F,I,E,D,G,H,C
A,B,F,I,E,D,H,C,G
A,B,F,I,E,D,H,G,C
A,B,F,I,E,G,C,D,H
A,B,F,I,E,G,C,H,D
A,B,F,I,E,G,D,C,H
A,B,F,I,E,G,D,H,C
A,B,F,I,E,G,H,C,D
A,B,F,I,E,G,H,D,C
A,B,F,I,E,H,C,D,G
A,B,F,I,E,H,C,G,D
A,B,F,I,E,H,D,C,G
A,B,F,I,E,H,D,G,C
A,B,F,I,E,H,G,C,D
A,B,F,I,E,H,G,D,C
A,B,F,I,G,C,D,E,H
A,B,F,I,G,C,D,H,E
A,B,F,I,G,C,E,D,H
A,B,F,I,G,C,E,H,D
A,B,F,I,G,C,H,D,E
A,B,F,I,G,C,H,E,D
A,B,F,I,G,D,C,E,H
A,B,F,I,G,D,C,H,E
A,B,F,I,G,D,E,C,H
A,B,F,I,G,D,E,H,C
A,B,F,I,G,D,H,C,E
A,B,F,I,G,D,H,E,C
A,B,F,I,G,E,C,D,H
A,B,F,I,G,E,C,H,D
A,B,F,I,G,E,D,C,H
A,B,F,I,G,E,D,H,C
A,B,F,I,G,E,H,C,D
A,B,F,I,G,E,H,D,C
A,B,F,I,G,H,C,D,E
A,B,F,I,G,H,C,E,D
A,B,F,I,G,H,D,C,E
A,B,F,I,G,H,D,E,C
A,B,F,I,G,H,E,C,D
A,B,F,I,G,H,E,D,C
A,B,F,I,H,C,D,E,G
A,B,F,I,H,C,D,G,E
A,B,F,I,H,C,E,D,G
A,B,F,I,H,C,E,G,D
A,B,F,I,H,C,G,D,E
A,B,F,I,H,C,G,E,D
A,B,F,I,H,D,C,E,G
A,B,F,I,H,D,C,G,E
A,B,F,I,H,D,E,C,G
A,B,F,I,H,D,E,G,C
A,B,F,I,H,D,G,C,E
A,B,F,I,H,D,G,E,C
A,B,F,I,H,E,C,D,G
A,B,F,I,H,E,C,G,D
A,B,F,I,H,E,D,C,G
A,B,F,I,H,E,D,G,C
A,B,F,I,H,E,G,C,D
A,B,F,I,H,E,G,D,C
A,B,F,I,H,G,C,D,E
A,B,F,I,H,G,C,E,D
A,B,F,I,H,G,D,C,E
A,B,F,I,H,G,D,E,C
A,B,F,I,H,G,E,C,D
A,B,F,I,H,G,E,D,C
A,B,G,C,D,E,F,H,I
A,B,G,C,D,E,F,I,H
A,B,G,C,D,E,H,F,I
A,B,G,C,D,E,H,I,F
A,B,G,C,D,E,I,F,H
A,B,G,C,D,E,I,H,F
A,B,G,C,D,F,E,H,I
A,B,G,C,D,F,E,I,H
A,B,G,C,D,F,H,E,I
A,B,G,C,D,F,H,I,E
A,B,G,C,D,F,I,E,H
A,B,G,C,D,F,I,H,E
A,B,G,C,D,H,E,F,I
A,B,G,C,D,H,E,I,F
A,B,G,C,D,H,F,E,I
A,B,G,C,D,H,F,I,E
A,B,G,C,D,H,I,E,F
A,B,G,C,D,H,I,F,E
A,B,G,C,D,I,E,F,H
A,B,G,C,D,I,E,H,F
A,B,G,C,D,I,F,E,H
A,B,G,C,D,I,F,H,E
A,B,G,C,D,I,H,E,F
A,B,G,C,D,I,H,F,E
A,B,G,C,E,D,F,H,I
A,B,G,C,E,D,F,I,H
A,B,G,C,E,D,H,F,I
A,B,G,C,E,D,H,I,F
A,B,G,C,E,D,I,F,H
A,B,G,C,E,D,I,H,F
A,B,G,C,E,F,D,H,I
A,B,G,C,E,F,D,I,H
A,B,G,C,E,F,H,D,I
A,B,G,C,E,F,H,I,D
A,B,G,C,E,F,I,D,H
A,B,G,C,E,F,I,H,D
A,B,G,C,E,H,D,F,I
A,B,G,C,E,H,D,I,F
A,B,G,C,E,H,F,D,I
A,B,G,C,E,H,F,I,D
A,B,G,C,E,H,I,D,F
A,B,G,C,E,H,I,F,D
A,B,G,C,E,I,D,F,H
A,B,G,C,E,I,D,H,F
A,B,G,C,E,I,F,D,H
A,B,G,C,E,I,F,H,D
A,B,G,C,E,I,H,D,F
A,B,G,C,E,I,H,F,D
A,B,G,C,F,D,E,H,I
A,B,G,C,F,D,E,I,H
A,B,G,C,F,D,H,E,I
A,B,G,C,F,D,H,I,E
A,B,G,C,F,D,I,E,H
A,B,G,C,F,D,I,H,E
A,B,G,C,F,E,D,H,I
A,B,G,C,F,E,D,I,H
A,B,G,C,F,E,H,D,I
A,B,G,C,F,E,H,I,D
A,B,G,C,F,E,I,D,H
A,B,G,C,F,E,I,H,D
A,B,G,C,F,H,D,E,I
A,B,G,C,F,H,D,I,E
A,B,G,C,F,H,E,D,I
A,B,G,C,F,H,E,I,D
A,B,G,C,F,H,I,D,E
A,B,G,C,F,H,I,E,D
A,B,G,C,F,I,D,E,H
A,B,G,C,F,I,D,H,E
A,B,G,C,F,I,E,D,H
A,B,G,C,F,I,E,H,D
A,B,G,C,F,I,H,D,E
A,B,G,C,F,I,H,E,D
A,B,G,C,H,D,E,F,I
A,B,G,C,H,D,E,I,F
A,B,G,C,H,D,F,E,I
A,B,G,C,H,D,F,I,E
A,B,G,C,H,D,I,E,F
A,B,G,C,H,D,I,F,E
A,B,G,C,H,E,D,F,I
A,B,G,C,H,E,D,I,F
A,B,G,C,H,E,F,D,I
A,B,G,C,H,E,F,I,D
A,B,G,C,H,E,I,D,F
A,B,G,C,H,E,I,F,D
A,B,G,C,H,F,D,E,I
A,B,G,C,H,F,D,I,E
A,B,G,C,H,F,E,D,I
A,B,G,C,H,F,E,I,D
A,B,G,C,H,F,I,D,E
A,B,G,C,H,F,I,E,D
A,B,G,C,H,I,D,E,F
A,B,G,C,H,I,D,F,E
A,B,G,C,H,I,E,D,F
A,B,G,C,H,I,E,F,D
A,B,G,C,H,I,F,D,E
A,B,G,C,H,I,F,E,D
A,B,G,C,I,D,E,F,H
A,B,G,C,I,D,E,H,F
A,B,G,C,I,D,F,E,H
A,B,G,C,I,D,F,H,E
A,B,G,C,I,D,H,E,F
A,B,G,C,I,D,H,F,E
A,B,G,C,I,E,D,F,H
A,B,G,C,I,E,D,H,F
A,B,G,C,I,E,F,D,H
A,B,G,C,I,E,F,H,D
A,B,G,C,I,E,H,D,F
A,B,G,C,I,E,H,F,D
A,B,G,C,I,F,D,E,H
A,B,G,C,I,F,D,H,E
A,B,G,C,I,F,E,D,H
A,B,G,C,I,F,E,H,D
A,B,G,C,I,F,H,D,E
A,B,G,C,I,F,H,E,D
A,B,G,C,I,H,D,E,F
A,B,G,C,I,H,D,F,E
A,B,G,C,I,H,E,D,F
A,B,G,C,I,H,E,F,D
A,B,G,C,I,H,F,D,E
A,B,G,C,I,H,F,E,D
A,B,G,D,C,E,F,H,I
A,B,G,D,C,E,F,I,H
A,B,G,D,C,E,H,F,I
A,B,G,D,C,E,H,I,F
A,B,G,D,C,E,I,F,H
A,B,G,D,C,E,I,H,F
A,B,G,D,C,F,E,H,I
A,B,G,D,C,F,E,I,H
A,B,G,D,C,F,H,E,I
A,B,G,D,C,F,H,I,E
A,B,G,D,C,F,I,E,H
A,B,G,D,C,F,I,H,E
A,B,G,D,C,H,E,F,I
A,B,G,D,C,H,E,I,F
A,B,G,D,C,H,F,E,I
A,B,G,D,C,H,F,I,E
A,B,G,D,C,H,I,E,F
A,B,G,D,C,H,I,F,E
A,B,G,D,C,I,E,F,H
A,B,G,D,C,I,E,H,F
A,B,G,D,C,I,F,E,H
A,B,G,D,C,I,F,H,E
A,B,G,D,C,I,H,E,F
A,B,G,D,C,I,H,F,E
A,B,G,D,E,C,F,H,I
A,B,G,D,E,C,F,I,H
A,B,G,D,E,C,H,F,I
A,B,G,D,E,C,H,I,F
A,B,G,D,E,C,I,F,H
A,B,G,D,E,C,I,H,F
A,B,G,D,E,F,C,H,I
A,B,G,D,E,F,C,I,H
A,B,G,D,E,F,H,C,I
A,B,G,D,E,F,H,I,C
A,B,G,D,E,F,I,C,H
A,B,G,D,E,F,I,H,C
A,B,G,D,E,H,C,F,I
A,B,G,D,E,H,C,I,F
A,B,G,D,E,H,F,C,I
A,B,G,D,E,H,F,I,C
A,B,G,D,E,H,I,C,F
A,B,G,D,E,H,I,F,C
A,B,G,D,E,I,C,F,H
A,B,G,D,E,I,C,H,F
A,B,G,D,E,I,F,C,H
A,B,G,D,E,I,F,H,C
A,B,G,D,E,I,H,C,F
A,B,G,D,E,I,H,F,C
A,B,G,D,F,C,E,H,I
A,B,G,D,F,C,E,I,H
A,B,G,D,F,C,H,E,I
A,B,G,D,F,C,H,I,E
A,B,G,D,F,C,I,E,H
A,B,G,D,F,C,I,H,E
A,B,G,D,F,E,C,H,I
A,B,G,D,F,E,C,I,H
A,B,G,D,F,E,H,C,I
A,B,G,D,F,E,H,I,C
A,B,G,D,F,E,I,C,H
A,B,G,D,F,E,I,H,C
A,B,G,D,F,H,C,E,I
A,B,G,D,F,H,C,I,E
A,B,G,D,F,H,E,C,I
A,B,G,D,F,H,E,I,C
A,B,G,D,F,H,I,C,E
A,B,G,D,F,H,I,E,C
A,B,G,D,F,I,C,E,H
A,B,G,D,F,I,C,H,E
A,B,G,D,F,I,E,C,H
A,B,G,D,F,I,E,H,C
A,B,G,D,F,I,H,C,E
A,B,G,D,F,I,H,E,C
A,B,G,D,H,C,E,F,I
A,B,G,D,H,C,E,I,F
A,B,G,D,H,C,F,E,I
A,B,G,D,H,C,F,I,E
A,B,G,D,H,C,I,E,F
A,B,G,D,H,C,I,F,E
A,B,G,D,H,E,C,F,I
A,B,G,D,H,E,C,I,F
A,B,G,D,H,E,F,C,I
A,B,G,D,H,E,F,I,C
A,B,G,D,H,E,I,C,F
A,B,G,D,H,E,I,F,C
A,B,G,D,H,F,C,E,I
A,B,G,D,H,F,C,I,E
A,B,G,D,H,F,E,C,I
A,B,G,D,H,F,E,I,C
A,B,G,D,H,F,I,C,E
A,B,G,D,H,F,I,E,C
A,B,G,D,H,I,C,E,F
A,B,G,D,H,I,C,F,E
A,B,G,D,H,I,E,C,F
A,B,G,D,H,I,E,F,C
A,B,G,D,H,I,F,C,E
A,B,G,D,H,I,F,E,C
A,B,G,D,I,C,E,F,H
A,B,G,D,I,C,E,H,F
A,B,G,D,I,C,F,E,H
A,B,G,D,I,C,F,H,E
A,B,G,D,I,C,H,E,F
A,B,G,D,I,C,H,F,E
A,B,G,D,I,E,C,F,H
A,B,G,D,I,E,C,H,F
A,B,G,D,I,E,F,C,H
A,B,G,D,I,E,F,H,C
A,B,G,D,I,E,H,C,F
A,B,G,D,I,E,H,F,C
A,B,G,D,I,F,C,E,H
A,B,G,D,I,F,C,H,E
A,B,G,D,I,F,E,C,H
A,B,G,D,I,F,E,H,C
A,B,G,D,I,F,H,C,E
A,B,G,D,I,F,H,E,C
A,B,G,D,I,H,C,E,F
A,B,G,D,I,H,C,F,E
A,B,G,D,I,H,E,C,F
A,B,G,D,I,H,E,F,C
A,B,G,D,I,H,F,C,E
A,B,G,D,I,H,F,E,C
A,B,G,E,C,D,F,H,I
A,B,G,E,C,D,F,I,H
A,B,G,E,C,D,H,F,I
A,B,G,E,C,D,H,I,F
A,B,G,E,C,D,I,F,H
A,B,G,E,C,D,I,H,F
A,B,G,E,C,F,D,H,I
A,B,G,E,C,F,D,I,H
A,B,G,E,C,F,H,D,I
A,B,G,E,C,F,H,I,D
A,B,G,E,C,F,I,D,H
A,B,G,E,C,F,I,H,D
A,B,G,E,C,H,D,F,I
A,B,G,E,C,H,D,I,F
A,B,G,E,C,H,F,D,I
A,B,G,E,C,H,F,I,D
A,B,G,E,C,H,I,D,F
A,B,G,E,C,H,I,F,D
A,B,G,E,C,I,D,F,H
A,B,G,E,C,I,D,H,F
A,B,G,E,C,I,F,D,H
A,B,G,E,C,I,F,H,D
A,B,G,E,C,I,H,D,F
A,B,G,E,C,I,H,F,D
A,B,G,E,D,C,F,H,I
A,B,G,E,D,C,F,I,H
A,B,G,E,D,C,H,F,I
A,B,G,E,D,C,H,I,F
A,B,G,E,D,C,I,F,H
A,B,G,E,D,C,I,H,F
A,B,G,E,D,F,C,H,I
A,B,G,E,D,F,C,I,H
A,B,G,E,D,F,H,C,I
A,B,G,E,D,F,H,I,C
A,B,G,E,D,F,I,C,H
A,B,G,E,D,F,I,H,C
A,B,G,E,D,H,C,F,I
A,B,G,E,D,H,C,I,F
A,B,G,E,D,H,F,C,I
A,B,G,E,D,H,F,I,C
A,B,G,E,D,H,I,C,F
A,B,G,E,D,H,I,F,C
A,B,G,E,D,I,C,F,H
A,B,G,E,D,I,C,H,F
A,B,G,E,D,I,F,C,H
A,B,G,E,D,I,F,H,C
A,B,G,E,D,I,H,C,F
A,B,G,E,D,I,H,F,C
A,B,G,E,F,C,D,H,I
A,B,G,E,F,C,D,I,H
A,B,G,E,F,C,H,D,I
A,B,G,E,F,C,H,I,D
A,B,G,E,F,C,I,D,H
A,B,G,E,F,C,I,H,D
A,B,G,E,F,D,C,H,I
A,B,G,E,F,D,C,I,H
A,B,G,E,F,D,H,C,I
A,B,G,E,F,D,H,I,C
A,B,G,E,F,D,I,C,H
A,B,G,E,F,D,I,H,C
A,B,G,E,F,H,C,D,I
A,B,G,E,F,H,C,I,D
A,B,G,E,F,H,D,C,I
A,B,G,E,F,H,D,I,C
A,B,G,E,F,H,I,C,D
A,B,G,E,F,H,I,D,C
A,B,G,E,F,I,C,D,H
A,B,G,E,F,I,C,H,D
A,B,G,E,F,I,D,C,H
A,B,G,E,F,I,D,H,C
A,B,G,E,F,I,H,C,D
A,B,G,E,F,I,H,D,C
A,B,G,E,H,C,D,F,I
A,B,G,E,H,C,D,I,F
A,B,G,E,H,C,F,D,I
A,B,G,E,H,C,F,I,D
A,B,G,E,H,C,I,D,F
A,B,G,E,H,C,I,F,D
A,B,G,E,H,D,C,F,I
A,B,G,E,H,D,C,I,F
A,B,G,E,H,D,F,C,I
A,B,G,E,H,D,F,I,C
A,B,G,E,H,D,I,C,F
A,B,G,E,H,D,I,F,C
A,B,G,E,H,F,C,D,I
A,B,G,E,H,F,C,I,D
A,B,G,E,H,F,D,C,I
A,B,G,E,H,F,D,I,C
A,B,G,E,H,F,I,C,D
A,B,G,E,H,F,I,D,C
A,B,G,E,H,I,C,D,F
A,B,G,E,H,I,C,F,D
A,B,G,E,H,I,D,C,F
A,B,G,E,H,I,D,F,C
A,B,G,E,H,I,F,C,D
A,B,G,E,H,I,F,D,C
A,B,G,E,I,C,D,F,H
A,B,G,E,I,C,D,H,F
A,B,G,E,I,C,F,D,H
A,B,G,E,I,C,F,H,D
A,B,G,E,I,C,H,D,F
A,B,G,E,I,C,H,F,D
A,B,G,E,I,D,C,F,H
A,B,G,E,I,D,C,H,F
A,B,G,E,I,D,F,C,H
A,B,G,E,I,D,F,H,C
A,B,G,E,I,D,H,C,F
A,B,G,E,I,D,H,F,C
A,B,G,E,I,F,C,D,H
A,B,G,E,I,F,C,H,D
A,B,G,E,I,F,D,C,H
A,B,G,E,I,F,D,H,C
A,B,G,E,I,F,H,C,D
A,B,G,E,I,F,H,D,C
A,B,G,E,I,H,C,D,F
A,B,G,E,I,H,C,F,D
A,B,G,E,I,H,D,C,F
A,B,G,E,I,H,D,F,C
A,B,G,E,I,H,F,C,D
A,B,G,E,I,H,F,D,C
A,B,G,F,C,D,E,H,I
A,B,G,F,C,D,E,I,H
A,B,G,F,C,D,H,E,I
A,B,G,F,C,D,H,I,E
A,B,G,F,C,D,I,E,H
A,B,G,F,C,D,I,H,E
A,B,G,F,C,E,D,H,I
A,B,G,F,C,E,D,I,H
A,B,G,F,C,E,H,D,I
A,B,G,F,C,E,H,I,D
A,B,G,F,C,E,I,D,H
A,B,G,F,C,E,I,H,D
A,B,G,F,C,H,D,E,I
A,B,G,F,C,H,D,I,E
A,B,G,F,C,H,E,D,I
A,B,G,F,C,H,E,I,D
A,B,G,F,C,H,I,D,E
A,B,G,F,C,H,I,E,D
A,B,G,F,C,I,D,E,H
A,B,G,F,C,I,D,H,E
A,B,G,F,C,I,E,D,H
A,B,G,F,C,I,E,H,D
A,B,G,F,C,I,H,D,E
A,B,G,F,C,I,H,E,D
A,B,G,F,D,C,E,H,I
A,B,G,F,D,C,E,I,H
A,B,G,F,D,C,H,E,I
A,B,G,F,D,C,H,I,E
A,B,G,F,D,C,I,E,H
A,B,G,F,D,C,I,H,E
A,B,G,F,D,E,C,H,I
A,B,G,F,D,E,C,I,H
A,B,G,F,D,E,H,C,I
A,B,G,F,D,E,H,I,C
A,B,G,F,D,E,I,C,H
A,B,G,F,D,E,I,H,C
A,B,G,F,D,H,C,E,I
A,B,G,F,D,H,C,I,E
A,B,G,F,D,H,E,C,I
A,B,G,F,D,H,E,I,C
A,B,G,F,D,H,I,C,E
A,B,G,F,D,H,I,E,C
A,B,G,F,D,I,C,E,H
A,B,G,F,D,I,C,H,E
A,B,G,F,D,I,E,C,H
A,B,G,F,D,I,E,H,C
A,B,G,F,D,I,H,C,E
A,B,G,F,D,I,H,E,C
A,B,G,F,E,C,D,H,I
A,B,G,F,E,C,D,I,H
A,B,G,F,E,C,H,D,I
A,B,G,F,E,C,H,I,D
A,B,G,F,E,C,I,D,H
A,B,G,F,E,C,I,H,D
A,B,G,F,E,D,C,H,I
A,B,G,F,E,D,C,I,H
A,B,G,F,E,D,H,C,I
A,B,G,F,E,D,H,I,C
A,B,G,F,E,D,I,C,H
A,B,G,F,E,D,I,H,C
A,B,G,F,E,H,C,D,I
A,B,G,F,E,H,C,I,D
A,B,G,F,E,H,D,C,I
A,B,G,F,E,H,D,I,C
A,B,G,F,E,H,I,C,D
A,B,G,F,E,H,I,D,C
A,B,G,F,E,I,C,D,H
A,B,G,F,E,I,C,H,D
A,B,G,F,E,I,D,C,H
A,B,G,F,E,I,D,H,C
A,B,G,F,E,I,H,C,D
A,B,G,F,E,I,H,D,C
A,B,G,F,H,C,D,E,I
A,B,G,F,H,C,D,I,E
A,B,G,F,H,C,E,D,I
A,B,G,F,H,C,E,I,D
A,B,G,F,H,C,I,D,E
A,B,G,F,H,C,I,E,D
A,B,G,F,H,D,C,E,I
A,B,G,F,H,D,C,I,E
A,B,G,F,H,D,E,C,I
A,B,G,F,H,D,E,I,C
A,B,G,F,H,D,I,C,E
A,B,G,F,H,D,I,E,C
A,B,G,F,H,E,C,D,I
A,B,G,F,H,E,C,I,D
A,B,G,F,H,E,D,C,I
A,B,G,F,H,E,D,I,C
A,B,G,F,H,E,I,C,D
A,B,G,F,H,E,I,D,C
A,B,G,F,H,I,C,D,E
A,B,G,F,H,I,C,E,D
A,B,G,F,H,I,D,C,E
A,B,G,F,H,I,D,E,C
A,B,G,F,H,I,E,C,D
A,B,G,F,H,I,E,D,C
A,B,G,F,I,C,D,E,H
A,B,G,F,I,C,D,H,E
A,B,G,F,I,C,E,D,H
A,B,G,F,I,C,E,H,D
A,B,G,F,I,C,H,D,E
A,B,G,F,I,C,H,E,D
A,B,G,F,I,D,C,E,H
A,B,G,F,I,D,C,H,E
A,B,G,F,I,D,E,C,H
A,B,G,F,I,D,E,H,C
A,B,G,F,I,D,H,C,E
A,B,G,F,I,D,H,E,C
A,B,G,F,I,E,C,D,H
A,B,G,F,I,E,C,H,D
A,B,G,F,I,E,D,C,H
A,B,G,F,I,E,D,H,C
A,B,G,F,I,E,H,C,D
A,B,G,F,I,E,H,D,C
A,B,G,F,I,H,C,D,E
A,B,G,F,I,H,C,E,D
A,B,G,F,I,H,D,C,E
A,B,G,F,I,H,D,E,C
A,B,G,F,I,H,E,C,D
A,B,G,F,I,H,E,D,C
A,B,G,H,C,D,E,F,I
A,B,G,H,C,D,E,I,F
A,B,G,H,C,D,F,E,I
A,B,G,H,C,D,F,I,E
A,B,G,H,C,D,I,E,F
A,B,G,H,C,D,I,F,E
A,B,G,H,C,E,D,F,I
A,B,G,H,C,E,D,I,F
A,B,G,H,C,E,F,D,I
A,B,G,H,C,E,F,I,D
A,B,G,H,C,E,I,D,F
A,B,G,H,C,E,I,F,D
A,B,G,H,C,F,D,E,I
A,B,G,H,C,F,D,I,E
A,B,G,H,C,F,E,D,I
A,B,G,H,C,F,E,I,D
A,B,G,H,C,F,I,D,E
A,B,G,H,C,F,I,E,D
A,B,G,H,C,I,D,E,F
A,B,G,H,C,I,D,F,E
A,B,G,H,C,I,E,D,F
A,B,G,H,C,I,E,F,D
A,B,G,H,C,I,F,D,E
A,B,G,H,C,I,F,E,D
A,B,G,H,D,C,E,F,I
A,B,G,H,D,C,E,I,F
A,B,G,H,D,C,F,E,I
A,B,G,H,D,C,F,I,E
A,B,G,H,D,C,I,E,F
A,B,G,H,D,C,I,F,E
A,B,G,H,D,E,C,F,I
A,B,G,H,D,E,C,I,F
A,B,G,H,D,E,F,C,I
A,B,G,H,D,E,F,I,C
A,B,G,H,D,E,I,C,F
A,B,G,H,D,E,I,F,C
A,B,G,H,D,F,C,E,I
A,B,G,H,D,F,C,I,E
A,B,G,H,D,F,E,C,I
A,B,G,H,D,F,E,I,C
A,B,G,H,D,F,I,C,E
A,B,G,H,D,F,I,E,C
A,B,G,H,D,I,C,E,F
A,B,G,H,D,I,C,F,E
A,B,G,H,D,I,E,C,F
A,B,G,H,D,I,E,F,C
A,B,G,H,D,I,F,C,E
A,B,G,H,D,I,F,E,C
A,B,G,H,E,C,D,F,I
A,B,G,H,E,C,D,I,F
A,B,G,H,E,C,F,D,I
A,B,G,H,E,C,F,I,D
A,B,G,H,E,C,I,D,F
A,B,G,H,E,C,I,F,D
A,B,G,H,E,D,C,F,I
A,B,G,H,E,D,C,I,F
A,B,G,H,E,D,F,C,I
A,B,G,H,E,D,F,I,C
A,B,G,H,E,D,I,C,F
A,B,G,H,E,D,I,F,C
A,B,G,H,E,F,C,D,I
A,B,G,H,E,F,C,I,D
A,B,G,H,E,F,D,C,I
A,B,G,H,E,F,D,I,C
A,B,G,H,E,F,I,C,D
A,B,G,H,E,F,I,D,C
A,B,G,H,E,I,C,D,F
A,B,G,H,E,I,C,F,D
A,B,G,H,E,I,D,C,F
A,B,G,H,E,I,D,F,C
A,B,G,H,E,I,F,C,D
A,B,G,H,E,I,F,D,C
A,B,G,H,F,C,D,E,I
A,B,G,H,F,C,D,I,E
A,B,G,H,F,C,E,D,I
A,B,G,H,F,C,E,I,D
A,B,G,H,F,C,I,D,E
A,B,G,H,F,C,I,E,D
A,B,G,H,F,D,C,E,I
A,B,G,H,F,D,C,I,E
A,B,G,H,F,D,E,C,I
A,B,G,H,F,D,E,I,C
A,B,G,H,F,D,I,C,E
A,B,G,H,F,D,I,E,C
A,B,G,H,F,E,C,D,I
A,B,G,H,F,E,C,I,D
A,B,G,H,F,E,D,C,I
A,B,G,H,F,E,D,I,C
A,B,G,H,F,E,I,C,D
A,B,G,H,F,E,I,D,C
A,B,G,H,F,I,C,D,E
A,B,G,H,F,I,C,E,D
A,B,G,H,F,I,D,C,E
A,B,G,H,F,I,D,E,C
A,B,G,H,F,I,E,C,D
A,B,G,H,F,I,E,D,C
A,B,G,H,I,C,D,E,F
A,B,G,H,I,C,D,F,E
A,B,G,H,I,C,E,D,F
A,B,G,H,I,C,E,F,D
A,B,G,H,I,C,F,D,E
A,B,G,H,I,C,F,E,D
A,B,G,H,I,D,C,E,F
A,B,G,H,I,D,C,F,E
A,B,G,H,I,D,E,C,F
A,B,G,H,I,D,E,F,C
A,B,G,H,I,D,F,C,E
A,B,G,H,I,D,F,E,C
A,B,G,H,I,E,C,D,F
A,B,G,H,I,E,C,F,D
A,B,G,H,I,E,D,C,F
A,B,G,H,I,E,D,F,C
A,B,G,H,I,E,F,C,D
A,B,G,H,I,E,F,D,C
A,B,G,H,I,F,C,D,E
A,B,G,H,I,F,C,E,D
A,B,G,H,I,F,D,C,E
A,B,G,H,I,F,D,E,C
A,B,G,H,I,F,E,C,D
A,B,G,H,I,F,E,D,C
A,B,G,I,C,D,E,F,H
A,B,G,I,C,D,E,H,F
A,B,G,I,C,D,F,E,H
A,B,G,I,C,D,F,H,E
A,B,G,I,C,D,H,E,F
A,B,G,I,C,D,H,F,E
A,B,G,I,C,E,D,F,H
A,B,G,I,C,E,D,H,F
A,B,G,I,C,E,F,D,H
A,B,G,I,C,E,F,H,D
A,B,G,I,C,E,H,D,F
A,B,G,I,C,E,H,F,D
A,B,G,I,C,F,D,E,H
A,B,G,I,C,F,D,H,E
A,B,G,I,C,F,E,D,H
A,B,G,I,C,F,E,H,D
A,B,G,I,C,F,H,D,E
A,B,G,I,C,F,H,E,D
A,B,G,I,C,H,D,E,F
A,B,G,I,C,H,D,F,E
A,B,G,I,C,H,E,D,F
A,B,G,I,C,H,E,F,D
A,B,G,I,C,H,F,D,E
A,B,G,I,C,H,F,E,D
A,B,G,I,D,C,E,F,H
A,B,G,I,D,C,E,H,F
A,B,G,I,D,C,F,E,H
A,B,G,I,D,C,F,H,E
A,B,G,I,D,C,H,E,F
A,B,G,I,D,C,H,F,E
A,B,G,I,D,E,C,F,H
A,B,G,I,D,E,C,H,F
A,B,G,I,D,E,F,C,H
A,B,G,I,D,E,F,H,C
A,B,G,I,D,E,H,C,F
A,B,G,I,D,E,H,F,C
A,B,G,I,D,F,C,E,H
A,B,G,I,D,F,C,H,E
A,B,G,I,D,F,E,C,H
A,B,G,I,D,F,E,H,C
A,B,G,I,D,F,H,C,E
A,B,G,I,D,F,H,E,C
A,B,G,I,D,H,C,E,F
A,B,G,I,D,H,C,F,E
A,B,G,I,D,H,E,C,F
A,B,G,I,D,H,E,F,C
A,B,G,I,D,H,F,C,E
A,B,G,I,D,H,F,E,C
A,B,G,I,E,C,D,F,H
A,B,G,I,E,C,D,H,F
A,B,G,I,E,C,F,D,H
A,B,G,I,E,C,F,H,D
A,B,G,I,E,C,H,D,F
A,B,G,I,E,C,H,F,D
A,B,G,I,E,D,C,F,H
A,B,G,I,E,D,C,H,F
A,B,G,I,E,D,F,C,H
A,B,G,I,E,D,F,H,C
A,B,G,I,E,D,H,C,F
A,B,G,I,E,D,H,F,C
A,B,G,I,E,F,C,D,H
A,B,G,I,E,F,C,H,D
A,B,G,I,E,F,D,C,H
A,B,G,I,E,F,D,H,C
A,B,G,I,E,F,H,C,D
A,B,G,I,E,F,H,D,C
A,B,G,I,E,H,C,D,F
A,B,G,I,E,H,C,F,D
A,B,G,I,E,H,D,C,F
A,B,G,I,E,H,D,F,C
A,B,G,I,E,H,F,C,D
A,B,G,I,E,H,F,D,C
A,B,G,I,F,C,D,E,H
A,B,G,I,F,C,D,H,E
A,B,G,I,F,C,E,D,H
A,B,G,I,F,C,E,H,D
A,B,G,I,F,C,H,D,E
A,B,G,I,F,C,H,E,D
A,B,G,I,F,D,C,E,H
A,B,G,I,F,D,C,H,E
A,B,G,I,F,D,E,C,H
A,B,G,I,F,D,E,H,C
A,B,G,I,F,D,H,C,E
A,B,G,I,F,D,H,E,C
A,B,G,I,F,E,C,D,H
A,B,G,I,F,E,C,H,D
A,B,G,I,F,E,D,C,H
A,B,G,I,F,E,D,H,C
A,B,G,I,F,E,H,C,D
A,B,G,I,F,E,H,D,C
A,B,G,I,F,H,C,D,E
A,B,G,I,F,H,C,E,D
A,B,G,I,F,H,D,C,E
A,B,G,I,F,H,D,E,C
A,B,G,I,F,H,E,C,D
A,B,G,I,F,H,E,D,C
A,B,G,I,H,C,D,E,F
A,B,G,I,H,C,D,F,E
A,B,G,I,H,C,E,D,F
A,B,G,I,H,C,E,F,D
A,B,G,I,H,C,F,D,E
A,B,G,I,H,C,F,E,D
A,B,G,I,H,D,C,E,F
A,B,G,I,H,D,C,F,E
A,B,G,I,H,D,E,C,F
A,B,G,I,H,D,E,F,C
A,B,G,I,H,D,F,C,E
A,B,G,I,H,D,F,E,C
A,B,G,I,H,E,C,D,F
A,B,G,I,H,E,C,F,D
A,B,G,I,H,E,D,C,F
A,B,G,I,H,E,D,F,C
A,B,G,I,H,E,F,C,D
A,B,G,I,H,E,F,D,C
A,B,G,I,H,F,C,D,E
A,B,G,I,H,F,C,E,D
A,B,G,I,H,F,D,C,E
A,B,G,I,H,F,D,E,C
A,B,G,I,H,F,E,C,D
A,B,G,I,H,F,E,D,C
A,B,H,C,D,E,F,G,I
A,B,H,C,D,E,F,I,G
A,B,H,C,D,E,G,F,I
A,B,H,C,D,E,G,I,F
A,B,H,C,D,E,I,F,G
A,B,H,C,D,E,I,G,F
A,B,H,C,D,F,E,G,I
A,B,H,C,D,F,E,I,G
A,B,H,C,D,F,G,E,I
A,B,H,C,D,F,G,I,E
A,B,H,C,D,F,I,E,G
A,B,H,C,D,F,I,G,E
A,B,H,C,D,G,E,F,I
A,B,H,C,D,G,E,I,F
A,B,H,C,D,G,F,E,I
A,B,H,C,D,G,F,I,E
A,B,H,C,D,G,I,E,F
A,B,H,C,D,G,I,F,E
A,B,H,C,D,I,E,F,G
A,B,H,C,D,I,E,G,F
A,B,H,C,D,I,F,E,G
A,B,H,C,D,I,F,G,E
A,B,H,C,D,I,G,E,F
A,B,H,C,D,I,G,F,E
A,B,H,C,E,D,F,G,I
A,B,H,C,E,D,F,I,G
A,B,H,C,E,D,G,F,I
A,B,H,C,E,D,G,I,F
A,B,H,C,E,D,I,F,G
A,B,H,C,E,D,I,G,F
A,B,H,C,E,F,D,G,I
A,B,H,C,E,F,D,I,G
A,B,H,C,E,F,G,D,I
A,B,H,C,E,F,G,I,D
A,B,H,C,E,F,I,D,G
A,B,H,C,E,F,I,G,D
A,B,H,C,E,G,D,F,I
A,B,H,C,E,G,D,I,F
A,B,H,C,E,G,F,D,I
A,B,H,C,E,G,F,I,D
A,B,H,C,E,G,I,D,F
A,B,H,C,E,G,I,F,D
A,B,H,C,E,I,D,F,G
A,B,H,C,E,I,D,G,F
A,B,H,C,E,I,F,D,G
A,B,H,C,E,I,F,G,D
A,B,H,C,E,I,G,D,F
A,B,H,C,E,I,G,F,D
A,B,H,C,F,D,E,G,I
A,B,H,C,F,D,E,I,G
A,B,H,C,F,D,G,E,I
A,B,H,C,F,D,G,I,E
A,B,H,C,F,D,I,E,G
A,B,H,C,F,D,I,G,E
A,B,H,C,F,E,D,G,I
A,B,H,C,F,E,D,I,G
A,B,H,C,F,E,G,D,I
A,B,H,C,F,E,G,I,D
A,B,H,C,F,E,I,D,G
A,B,H,C,F,E,I,G,D
A,B,H,C,F,G,D,E,I
A,B,H,C,F,G,D,I,E
A,B,H,C,F,G,E,D,I
A,B,H,C,F,G,E,I,D
A,B,H,C,F,G,I,D,E
A,B,H,C,F,G,I,E,D
A,B,H,C,F,I,D,E,G
A,B,H,C,F,I,D,G,E
A,B,H,C,F,I,E,D,G
A,B,H,C,F,I,E,G,D
A,B,H,C,F,I,G,D,E
A,B,H,C,F,I,G,E,D
A,B,H,C,G,D,E,F,I
A,B,H,C,G,D,E,I,F
A,B,H,C,G,D,F,E,I
A,B,H,C,G,D,F,I,E
A,B,H,C,G,D,I,E,F
A,B,H,C,G,D,I,F,E
A,B,H,C,G,E,D,F,I
A,B,H,C,G,E,D,I,F
A,B,H,C,G,E,F,D,I
A,B,H,C,G,E,F,I,D
A,B,H,C,G,E,I,D,F
A,B,H,C,G,E,I,F,D
A,B,H,C,G,F,D,E,I
A,B,H,C,G,F,D,I,E
A,B,H,C,G,F,E,D,I
A,B,H,C,G,F,E,I,D
A,B,H,C,G,F,I,D,E
A,B,H,C,G,F,I,E,D
A,B,H,C,G,I,D,E,F
A,B,H,C,G,I,D,F,E
A,B,H,C,G,I,E,D,F
A,B,H,C,G,I,E,F,D
A,B,H,C,G,I,F,D,E
A,B,H,C,G,I,F,E,D
A,B,H,C,I,D,E,F,G
A,B,H,C,I,D,E,G,F
A,B,H,C,I,D,F,E,G
A,B,H,C,I,D,F,G,E
A,B,H,C,I,D,G,E,F
A,B,H,C,I,D,G,F,E
A,B,H,C,I,E,D,F,G
A,B,H,C,I,E,D,G,F
A,B,H,C,I,E,F,D,G
A,B,H,C,I,E,F,G,D
A,B,H,C,I,E,G,D,F
A,B,H,C,I,E,G,F,D
A,B,H,C,I,F,D,E,G
A,B,H,C,I,F,D,G,E
A,B,H,C,I,F,E,D,G
A,B,H,C,I,F,E,G,D
A,B,H,C,I,F,G,D,E
A,B,H,C,I,F,G,E,D
A,B,H,C,I,G,D,E,F
A,B,H,C,I,G,D,F,E
A,B,H,C,I,G,E,D,F
A,B,H,C,I,G,E,F,D
A,B,H,C,I,G,F,D,E
A,B,H,C,I,G,F,E,D
A,B,H,D,C,E,F,G,I
A,B,H,D,C,E,F,I,G
A,B,H,D,C,E,G,F,I
A,B,H,D,C,E,G,I,F
A,B,H,D,C,E,I,F,G
A,B,H,D,C,E,I,G,F
A,B,H,D,C,F,E,G,I
A,B,H,D,C,F,E,I,G
A,B,H,D,C,F,G,E,I
A,B,H,D,C,F,G,I,E
A,B,H,D,C,F,I,E,G
A,B,H,D,C,F,I,G,E
A,B,H,D,C,G,E,F,I
A,B,H,D,C,G,E,I,F
A,B,H,D,C,G,F,E,I
A,B,H,D,C,G,F,I,E
A,B,H,D,C,G,I,E,F
A,B,H,D,C,G,I,F,E
A,B,H,D,C,I,E,F,G
A,B,H,D,C,I,E,G,F
A,B,H,D,C,I,F,E,G
A,B,H,D,C,I,F,G,E
A,B,H,D,C,I,G,E,F
A,B,H,D,C,I,G,F,E
A,B,H,D,E,C,F,G,I
A,B,H,D,E,C,F,I,G
A,B,H,D,E,C,G,F,I
A,B,H,D,E,C,G,I,F
A,B,H,D,E,C,I,F,G
A,B,H,D,E,C,I,G,F
A,B,H,D,E,F,C,G,I
A,B,H,D,E,F,C,I,G
A,B,H,D,E,F,G,C,I
A,B,H,D,E,F,G,I,C
A,B,H,D,E,F,I,C,G
A,B,H,D,E,F,I,G,C
A,B,H,D,E,G,C,F,I
A,B,H,D,E,G,C,I,F
A,B,H,D,E,G,F,C,I
A,B,H,D,E,G,F,I,C
A,B,H,D,E,G,I,C,F
A,B,H,D,E,G,I,F,C
A,B,H,D,E,I,C,F,G
A,B,H,D,E,I,C,G,F
A,B,H,D,E,I,F,C,G
A,B,H,D,E,I,F,G,C
A,B,H,D,E,I,G,C,F
A,B,H,D,E,I,G,F,C
A,B,H,D,F,C,E,G,I
A,B,H,D,F,C,E,I,G
A,B,H,D,F,C,G,E,I
A,B,H,D,F,C,G,I,E
A,B,H,D,F,C,I,E,G
A,B,H,D,F,C,I,G,E
A,B,H,D,F,E,C,G,I
A,B,H,D,F,E,C,I,G
A,B,H,D,F,E,G,C,I
A,B,H,D,F,E,G,I,C
A,B,H,D,F,E,I,C,G
A,B,H,D,F,E,I,G,C
A,B,H,D,F,G,C,E,I
A,B,H,D,F,G,C,I,E
A,B,H,D,F,G,E,C,I
A,B,H,D,F,G,E,I,C
A,B,H,D,F,G,I,C,E
A,B,H,D,F,G,I,E,C
A,B,H,D,F,I,C,E,G
A,B,H,D,F,I,C,G,E
A,B,H,D,F,I,E,C,G
A,B,H,D,F,I,E,G,C
A,B,H,D,F,I,G,C,E
A,B,H,D,F,I,G,E,C
A,B,H,D,G,C,E,F,I
A,B,H,D,G,C,E,I,F
A,B,H,D,G,C,F,E,I
A,B,H,D,G,C,F,I,E
A,B,H,D,G,C,I,E,F
A,B,H,D,G,C,I,F,E
A,B,H,D,G,E,C,F,I
A,B,H,D,G,E,C,I,F
A,B,H,D,G,E,F,C,I
A,B,H,D,G,E,F,I,C
A,B,H,D,G,E,I,C,F
A,B,H,D,G,E,I,F,C
A,B,H,D,G,F,C,E,I
A,B,H,D,G,F,C,I,E
A,B,H,D,G,F,E,C,I
A,B,H,D,G,F,E,I,C
A,B,H,D,G,F,I,C,E
A,B,H,D,G,F,I,E,C
A,B,H,D,G,I,C,E,F
A,B,H,D,G,I,C,F,E
A,B,H,D,G,I,E,C,F
A,B,H,D,G,I,E,F,C
A,B,H,D,G,I,F,C,E
A,B,H,D,G,I,F,E,C
A,B,H,D,I,C,E,F,G
A,B,H,D,I,C,E,G,F
A,B,H,D,I,C,F,E,G
A,B,H,D,I,C,F,G,E
A,B,H,D,I,C,G,E,F
A,B,H,D,I,C,G,F,E
A,B,H,D,I,E,C,F,G
A,B,H,D,I,E,C,G,F
A,B,H,D,I,E,F,C,G
A,B,H,D,I,E,F,G,C
A,B,H,D,I,E,G,C,F
A,B,H,D,I,E,G,F,C
A,B,H,D,I,F,C,E,G
A,B,H,D,I,F,C,G,E
A,B,H,D,I,F,E,C,G
A,B,H,D,I,F,E,G,C
A,B,H,D,I,F,G,C,E
A,B,H,D,I,F,G,E,C
A,B,H,D,I,G,C,E,F
A,B,H,D,I,G,C,F,E
A,B,H,D,I,G,E,C,F
A,B,H,D,I,G,E,F,C
A,B,H,D,I,G,F,C,E
A,B,H,D,I,G,F,E,C
A,B,H,E,C,D,F,G,I
A,B,H,E,C,D,F,I,G
A,B,H,E,C,D,G,F,I
A,B,H,E,C,D,G,I,F
A,B,H,E,C,D,I,F,G
A,B,H,E,C,D,I,G,F
A,B,H,E,C,F,D,G,I
A,B,H,E,C,F,D,I,G
A,B,H,E,C,F,G,D,I
A,B,H,E,C,F,G,I,D
A,B,H,E,C,F,I,D,G
A,B,H,E,C,F,I,G,D
A,B,H,E,C,G,D,F,I
A,B,H,E,C,G,D,I,F
A,B,H,E,C,G,F,D,I
A,B,H,E,C,G,F,I,D
A,B,H,E,C,G,I,D,F
A,B,H,E,C,G,I,F,D
A,B,H,E,C,I,D,F,G
A,B,H,E,C,I,D,G,F
A,B,H,E,C,I,F,D,G
A,B,H,E,C,I,F,G,D
A,B,H,E,C,I,G,D,F
A,B,H,E,C,I,G,F,D
A,B,H,E,D,C,F,G,I
A,B,H,E,D,C,F,I,G
A,B,H,E,D,C,G,F,I
A,B,H,E,D,C,G,I,F
A,B,H,E,D,C,I,F,G
A,B,H,E,D,C,I,G,F
A,B,H,E,D,F,C,G,I
A,B,H,E,D,F,C,I,G
A,B,H,E,D,F,G,C,I
A,B,H,E,D,F,G,I,C
A,B,H,E,D,F,I,C,G
A,B,H,E,D,F,I,G,C
A,B,H,E,D,G,C,F,I
A,B,H,E,D,G,C,I,F
A,B,H,E,D,G,F,C,I
A,B,H,E,D,G,F,I,C
A,B,H,E,D,G,I,C,F
A,B,H,E,D,G,I,F,C
A,B,H,E,D,I,C,F,G
A,B,H,E,D,I,C,G,F
A,B,H,E,D,I,F,C,G
A,B,H,E,D,I,F,G,C
A,B,H,E,D,I,G,C,F
A,B,H,E,D,I,G,F,C
A,B,H,E,F,C,D,G,I
A,B,H,E,F,C,D,I,G
A,B,H,E,F,C,G,D,I
A,B,H,E,F,C,G,I,D
A,B,H,E,F,C,I,D,G
A,B,H,E,F,C,I,G,D
A,B,H,E,F,D,C,G,I
A,B,H,E,F,D,C,I,G
A,B,H,E,F,D,G,C,I
A,B,H,E,F,D,G,I,C
A,B,H,E,F,D,I,C,G
A,B,H,E,F,D,I,G,C
A,B,H,E,F,G,C,D,I
A,B,H,E,F,G,C,I,D
A,B,H,E,F,G,D,C,I
A,B,H,E,F,G,D,I,C
A,B,H,E,F,G,I,C,D
A,B,H,E,F,G,I,D,C
A,B,H,E,F,I,C,D,G
A,B,H,E,F,I,C,G,D
A,B,H,E,F,I,D,C,G
A,B,H,E,F,I,D,G,C
A,B,H,E,F,I,G,C,D
A,B,H,E,F,I,G,D,C
A,B,H,E,G,C,D,F,I
A,B,H,E,G,C,D,I,F
A,B,H,E,G,C,F,D,I
A,B,H,E,G,C,F,I,D
A,B,H,E,G,C,I,D,F
A,B,H,E,G,C,I,F,D
A,B,H,E,G,D,C,F,I
A,B,H,E,G,D,C,I,F
A,B,H,E,G,D,F,C,I
A,B,H,E,G,D,F,I,C
A,B,H,E,G,D,I,C,F
A,B,H,E,G,D,I,F,C
A,B,H,E,G,F,C,D,I
A,B,H,E,G,F,C,I,D
A,B,H,E,G,F,D,C,I
A,B,H,E,G,F,D,I,C
A,B,H,E,G,F,I,C,D
A,B,H,E,G,F,I,D,C
A,B,H,E,G,I,C,D,F
A,B,H,E,G,I,C,F,D
A,B,H,E,G,I,D,C,F
A,B,H,E,G,I,D,F,C
A,B,H,E,G,I,F,C,D
A,B,H,E,G,I,F,D,C
A,B,H,E,I,C,D,F,G
A,B,H,E,I,C,D,G,F
A,B,H,E,I,C,F,D,G
A,B,H,E,I,C,F,G,D
A,B,H,E,I,C,G,D,F
A,B,H,E,I,C,G,F,D
A,B,H,E,I,D,C,F,G
A,B,H,E,I,D,C,G,F
A,B,H,E,I,D,F,C,G
A,B,H,E,I,D,F,G,C
A,B,H,E,I,D,G,C,F
A,B,H,E,I,D,G,F,C
A,B,H,E,I,F,C,D,G
A,B,H,E,I,F,C,G,D
A,B,H,E,I,F,D,C,G
A,B,H,E,I,F,D,G,C
A,B,H,E,I,F,G,C,D
A,B,H,E,I,F,G,D,C
A,B,H,E,I,G,C,D,F
A,B,H,E,I,G,C,F,D
A,B,H,E,I,G,D,C,F
A,B,H,E,I,G,D,F,C
A,B,H,E,I,G,F,C,D
A,B,H,E,I,G,F,D,C
A,B,H,F,C,D,E,G,I
A,B,H,F,C,D,E,I,G
A,B,H,F,C,D,G,E,I
A,B,H,F,C,D,G,I,E
A,B,H,F,C,D,I,E,G
A,B,H,F,C,D,I,G,E
A,B,H,F,C,E,D,G,I
A,B,H,F,C,E,D,I,G
A,B,H,F,C,E,G,D,I
A,B,H,F,C,E,G,I,D
A,B,H,F,C,E,I,D,G
A,B,H,F,C,E,I,G,D
A,B,H,F,C,G,D,E,I
A,B,H,F,C,G,D,I,E
A,B,H,F,C,G,E,D,I
A,B,H,F,C,G,E,I,D
A,B,H,F,C,G,I,D,E
A,B,H,F,C,G,I,E,D
A,B,H,F,C,I,D,E,G
A,B,H,F,C,I,D,G,E
A,B,H,F,C,I,E,D,G
A,B,H,F,C,I,E,G,D
A,B,H,F,C,I,G,D,E
A,B,H,F,C,I,G,E,D
A,B,H,F,D,C,E,G,I
A,B,H,F,D,C,E,I,G
A,B,H,F,D,C,G,E,I
A,B,H,F,D,C,G,I,E
A,B,H,F,D,C,I,E,G
A,B,H,F,D,C,I,G,E
A,B,H,F,D,E,C,G,I
A,B,H,F,D,E,C,I,G
A,B,H,F,D,E,G,C,I
A,B,H,F,D,E,G,I,C
A,B,H,F,D,E,I,C,G
A,B,H,F,D,E,I,G,C
A,B,H,F,D,G,C,E,I
A,B,H,F,D,G,C,I,E
A,B,H,F,D,G,E,C,I
A,B,H,F,D,G,E,I,C
A,B,H,F,D,G,I,C,E
A,B,H,F,D,G,I,E,C
A,B,H,F,D,I,C,E,G
A,B,H,F,D,I,C,G,E
A,B,H,F,D,I,E,C,G
A,B,H,F,D,I,E,G,C
A,B,H,F,D,I,G,C,E
A,B,H,F,D,I,G,E,C
A,B,H,F,E,C,D,G,I
A,B,H,F,E,C,D,I,G
A,B,H,F,E,C,G,D,I
A,B,H,F,E,C,G,I,D
A,B,H,F,E,C,I,D,G
A,B,H,F,E,C,I,G,D
A,B,H,F,E,D,C,G,I
A,B,H,F,E,D,C,I,G
A,B,H,F,E,D,G,C,I
A,B,H,F,E,D,G,I,C
A,B,H,F,E,D,I,C,G
A,B,H,F,E,D,I,G,C
A,B,H,F,E,G,C,D,I
A,B,H,F,E,G,C,I,D
A,B,H,F,E,G,D,C,I
A,B,H,F,E,G,D,I,C
A,B,H,F,E,G,I,C,D
A,B,H,F,E,G,I,D,C
A,B,H,F,E,I,C,D,G
A,B,H,F,E,I,C,G,D
A,B,H,F,E,I,D,C,G
A,B,H,F,E,I,D,G,C
A,B,H,F,E,I,G,C,D
A,B,H,F,E,I,G,D,C
A,B,H,F,G,C,D,E,I
A,B,H,F,G,C,D,I,E
A,B,H,F,G,C,E,D,I
A,B,H,F,G,C,E,I,D
A,B,H,F,G,C,I,D,E
A,B,H,F,G,C,I,E,D
A,B,H,F,G,D,C,E,I
A,B,H,F,G,D,C,I,E
A,B,H,F,G,D,E,C,I
A,B,H,F,G,D,E,I,C
A,B,H,F,G,D,I,C,E
A,B,H,F,G,D,I,E,C
A,B,H,F,G,E,C,D,I
A,B,H,F,G,E,C,I,D
A,B,H,F,G,E,D,C,I
A,B,H,F,G,E,D,I,C
A,B,H,F,G,E,I,C,D
A,B,H,F,G,E,I,D,C
A,B,H,F,G,I,C,D,E
A,B,H,F,G,I,C,E,D
A,B,H,F,G,I,D,C,E
A,B,H,F,G,I,D,E,C
A,B,H,F,G,I,E,C,D
A,B,H,F,G,I,E,D,C
A,B,H,F,I,C,D,E,G
A,B,H,F,I,C,D,G,E
A,B,H,F,I,C,E,D,G
A,B,H,F,I,C,E,G,D
A,B,H,F,I,C,G,D,E
A,B,H,F,I,C,G,E,D
A,B,H,F,I,D,C,E,G
A,B,H,F,I,D,C,G,E
A,B,H,F,I,D,E,C,G
A,B,H,F,I,D,E,G,C
A,B,H,F,I,D,G,C,E
A,B,H,F,I,D,G,E,C
A,B,H,F,I,E,C,D,G
A,B,H,F,I,E,C,G,D
A,B,H,F,I,E,D,C,G
A,B,H,F,I,E,D,G,C
A,B,H,F,I,E,G,C,D
A,B,H,F,I,E,G,D,C
A,B,H,F,I,G,C,D,E
A,B,H,F,I,G,C,E,D
A,B,H,F,I,G,D,C,E
A,B,H,F,I,G,D,E,C
A,B,H,F,I,G,E,C,D
A,B,H,F,I,G,E,D,C
A,B,H,G,C,D,E,F,I
A,B,H,G,C,D,E,I,F
A,B,H,G,C,D,F,E,I
A,B,H,G,C,D,F,I,E
A,B,H,G,C,D,I,E,F
A,B,H,G,C,D,I,F,E
A,B,H,G,C,E,D,F,I
A,B,H,G,C,E,D,I,F
A,B,H,G,C,E,F,D,I
A,B,H,G,C,E,F,I,D
A,B,H,G,C,E,I,D,F
A,B,H,G,C,E,I,F,D
A,B,H,G,C,F,D,E,I
A,B,H,G,C,F,D,I,E
A,B,H,G,C,F,E,D,I
A,B,H,G,C,F,E,I,D
A,B,H,G,C,F,I,D,E
A,B,H,G,C,F,I,E,D
A,B,H,G,C,I,D,E,F
A,B,H,G,C,I,D,F,E
A,B,H,G,C,I,E,D,F
A,B,H,G,C,I,E,F,D
A,B,H,G,C,I,F,D,E
A,B,H,G,C,I,F,E,D
A,B,H,G,D,C,E,F,I
A,B,H,G,D,C,E,I,F
A,B,H,G,D,C,F,E,I
A,B,H,G,D,C,F,I,E
A,B,H,G,D,C,I,E,F
A,B,H,G,D,C,I,F,E
A,B,H,G,D,E,C,F,I
A,B,H,G,D,E,C,I,F
A,B,H,G,D,E,F,C,I
A,B,H,G,D,E,F,I,C
A,B,H,G,D,E,I,C,F
A,B,H,G,D,E,I,F,C
A,B,H,G,D,F,C,E,I
A,B,H,G,D,F,C,I,E
A,B,H,G,D,F,E,C,I
A,B,H,G,D,F,E,I,C
A,B,H,G,D,F,I,C,E
A,B,H,G,D,F,I,E,C
A,B,H,G,D,I,C,E,F
A,B,H,G,D,I,C,F,E
A,B,H,G,D,I,E,C,F
A,B,H,G,D,I,E,F,C
A,B,H,G,D,I,F,C,E
A,B,H,G,D,I,F,E,C
A,B,H,G,E,C,D,F,I
A,B,H,G,E,C,D,I,F
A,B,H,G,E,C,F,D,I
A,B,H,G,E,C,F,I,D
A,B,H,G,E,C,I,D,F
A,B,H,G,E,C,I,F,D
A,B,H,G,E,D,C,F,I
A,B,H,G,E,D,C,I,F
A,B,H,G,E,D,F,C,I
A,B,H,G,E,D,F,I,C
A,B,H,G,E,D,I,C,F
A,B,H,G,E,D,I,F,C
A,B,H,G,E,F,C,D,I
A,B,H,G,E,F,C,I,D
A,B,H,G,E,F,D,C,I
A,B,H,G,E,F,D,I,C
A,B,H,G,E,F,I,C,D
A,B,H,G,E,F,I,D,C
A,B,H,G,E,I,C,D,F
A,B,H,G,E,I,C,F,D
A,B,H,G,E,I,D,C,F
A,B,H,G,E,I,D,F,C
A,B,H,G,E,I,F,C,D
A,B,H,G,E,I,F,D,C
A,B,H,G,F,C,D,E,I
A,B,H,G,F,C,D,I,E
A,B,H,G,F,C,E,D,I
A,B,H,G,F,C,E,I,D
A,B,H,G,F,C,I,D,E
A,B,H,G,F,C,I,E,D
A,B,H,G,F,D,C,E,I
A,B,H,G,F,D,C,I,E
A,B,H,G,F,D,E,C,I
A,B,H,G,F,D,E,I,C
A,B,H,G,F,D,I,C,E
A,B,H,G,F,D,I,E,C
A,B,H,G,F,E,C,D,I
A,B,H,G,F,E,C,I,D
A,B,H,G,F,E,D,C,I
A,B,H,G,F,E,D,I,C
A,B,H,G,F,E,I,C,D
A,B,H,G,F,E,I,D,C
A,B,H,G,F,I,C,D,E
A,B,H,G,F,I,C,E,D
A,B,H,G,F,I,D,C,E
A,B,H,G,F,I,D,E,C
A,B,H,G,F,I,E,C,D
A,B,H,G,F,I,E,D,C
A,B,H,G,I,C,D,E,F
A,B,H,G,I,C,D,F,E
A,B,H,G,I,C,E,D,F
A,B,H,G,I,C,E,F,D
A,B,H,G,I,C,F,D,E
A,B,H,G,I,C,F,E,D
A,B,H,G,I,D,C,E,F
A,B,H,G,I,D,C,F,E
A,B,H,G,I,D,E,C,F
A,B,H,G,I,D,E,F,C
A,B,H,G,I,D,F,C,E
A,B,H,G,I,D,F,E,C
A,B,H,G,I,E,C,D,F
A,B,H,G,I,E,C,F,D
A,B,H,G,I,E,D,C,F
A,B,H,G,I,E,D,F,C
A,B,H,G,I,E,F,C,D
A,B,H,G,I,E,F,D,C
A,B,H,G,I,F,C,D,E
A,B,H,G,I,F,C,E,D
A,B,H,G,I,F,D,C,E
A,B,H,G,I,F,D,E,C
A,B,H,G,I,F,E,C,D
A,B,H,G,I,F,E,D,C
A,B,H,I,C,D,E,F,G
A,B,H,I,C,D,E,G,F
A,B,H,I,C,D,F,E,G
A,B,H,I,C,D,F,G,E
A,B,H,I,C,D,G,E,F
A,B,H,I,C,D,G,F,E
A,B,H,I,C,E,D,F,G
A,B,H,I,C,E,D,G,F
A,B,H,I,C,E,F,D,G
A,B,H,I,C,E,F,G,D
A,B,H,I,C,E,G,D,F
A,B,H,I,C,E,G,F,D
A,B,H,I,C,F,D,E,G
A,B,H,I,C,F,D,G,E
A,B,H,I,C,F,E,D,G
A,B,H,I,C,F,E,G,D
A,B,H,I,C,F,G,D,E
A,B,H,I,C,F,G,E,D
A,B,H,I,C,G,D,E,F
A,B,H,I,C,G,D,F,E
A,B,H,I,C,G,E,D,F
A,B,H,I,C,G,E,F,D
A,B,H,I,C,G,F,D,E
A,B,H,I,C,G,F,E,D
A,B,H,I,D,C,E,F,G
A,B,H,I,D,C,E,G,F
A,B,H,I,D,C,F,E,G
A,B,H,I,D,C,F,G,E
A,B,H,I,D,C,G,E,F
A,B,H,I,D,C,G,F,E
A,B,H,I,D,E,C,F,G
A,B,H,I,D,E,C,G,F
A,B,H,I,D,E,F,C,G
A,B,H,I,D,E,F,G,C
A,B,H,I,D,E,G,C,F
A,B,H,I,D,E,G,F,C
A,B,H,I,D,F,C,E,G
A,B,H,I,D,F,C,G,E
A,B,H,I,D,F,E,C,G
A,B,H,I,D,F,E,G,C
A,B,H,I,D,F,G,C,E
A,B,H,I,D,F,G,E,C
A,B,H,I,D,G,C,E,F
A,B,H,I,D,G,C,F,E
A,B,H,I,D,G,E,C,F
A,B,H,I,D,G,E,F,C
A,B,H,I,D,G,F,C,E
A,B,H,I,D,G,F,E,C
A,B,H,I,E,C,D,F,G
A,B,H,I,E,C,D,G,F
A,B,H,I,E,C,F,D,G
A,B,H,I,E,C,F,G,D
A,B,H,I,E,C,G,D,F
A,B,H,I,E,C,G,F,D
A,B,H,I,E,D,C,F,G
A,B,H,I,E,D,C,G,F
A,B,H,I,E,D,F,C,G
A,B,H,I,E,D,F,G,C
A,B,H,I,E,D,G,C,F
A,B,H,I,E,D,G,F,C
A,B,H,I,E,F,C,D,G
A,B,H,I,E,F,C,G,D
A,B,H,I,E,F,D,C,G
A,B,H,I,E,F,D,G,C
A,B,H,I,E,F,G,C,D
A,B,H,I,E,F,G,D,C
A,B,H,I,E,G,C,D,F
A,B,H,I,E,G,C,F,D
A,B,H,I,E,G,D,C,F
A,B,H,I,E,G,D,F,C
A,B,H,I,E,G,F,C,D
A,B,H,I,E,G,F,D,C
A,B,H,I,F,C,D,E,G
A,B,H,I,F,C,D,G,E
A,B,H,I,F,C,E,D,G
A,B,H,I,F,C,E,G,D
A,B,H,I,F,C,G,D,E
A,B,H,I,F,C,G,E,D
A,B,H,I,F,D,C,E,G
A,B,H,I,F,D,C,G,E
A,B,H,I,F,D,E,C,G
A,B,H,I,F,D,E,G,C
A,B,H,I,F,D,G,C,E
A,B,H,I,F,D,G,E,C
A,B,H,I,F,E,C,D,G
A,B,H,I,F,E,C,G,D
A,B,H,I,F,E,D,C,G
A,B,H,I,F,E,D,G,C
A,B,H,I,F,E,G,C,D
A,B,H,I,F,E,G,D,C
A,B,H,I,F,G,C,D,E
A,B,H,I,F,G,C,E,D
A,B,H,I,F,G,D,C,E
A,B,H,I,F,G,D,E,C
A,B,H,I,F,G,E,C,D
A,B,H,I,F,G,E,D,C
A,B,H,I,G,C,D,E,F
A,B,H,I,G,C,D,F,E
A,B,H,I,G,C,E,D,F
A,B,H,I,G,C,E,F,D
A,B,H,I,G,C,F,D,E
A,B,H,I,G,C,F,E,D
A,B,H,I,G,D,C,E,F
A,B,H,I,G,D,C,F,E
A,B,H,I,G,D,E,C,F
A,B,H,I,G,D,E,F,C
A,B,H,I,G,D,F,C,E
A,B,H,I,G,D,F,E,C
A,B,H,I,G,E,C,D,F
A,B,H,I,G,E,C,F,D
A,B,H,I,G,E,D,C,F
A,B,H,I,G,E,D,F,C
A,B,H,I,G,E,F,C,D
A,B,H,I,G,E,F,D,C
A,B,H,I,G,F,C,D,E
A,B,H,I,G,F,C,E,D
A,B,H,I,G,F,D,C,E
A,B,H,I,G,F,D,E,C
A,B,H,I,G,F,E,C,D
A,B,H,I,G,F,E,D,C
A,B,I,C,D,E,F,G,H
A,B,I,C,D,E,F,H,G
A,B,I,C,D,E,G,F,H
A,B,I,C,D,E,G,H,F
A,B,I,C,D,E,H,F,G
A,B,I,C,D,E,H,G,F
A,B,I,C,D,F,E,G,H
A,B,I,C,D,F,E,H,G
A,B,I,C,D,F,G,E,H
A,B,I,C,D,F,G,H,E
A,B,I,C,D,F,H,E,G
A,B,I,C,D,F,H,G,E
A,B,I,C,D,G,E,F,H
A,B,I,C,D,G,E,H,F
A,B,I,C,D,G,F,E,H
A,B,I,C,D,G,F,H,E
A,B,I,C,D,G,H,E,F
A,B,I,C,D,G,H,F,E
A,B,I,C,D,H,E,F,G
A,B,I,C,D,H,E,G,F
A,B,I,C,D,H,F,E,G
A,B,I,C,D,H,F,G,E
A,B,I,C,D,H,G,E,F
A,B,I,C,D,H,G,F,E
A,B,I,C,E,D,F,G,H
A,B,I,C,E,D,F,H,G
A,B,I,C,E,D,G,F,H
A,B,I,C,E,D,G,H,F
A,B,I,C,E,D,H,F,G
A,B,I,C,E,D,H,G,F
A,B,I,C,E,F,D,G,H
A,B,I,C,E,F,D,H,G
A,B,I,C,E,F,G,D,H
A,B,I,C,E,F,G,H,D
A,B,I,C,E,F,H,D,G
A,B,I,C,E,F,H,G,D
A,B,I,C,E,G,D,F,H
A,B,I,C,E,G,D,H,F
A,B,I,C,E,G,F,D,H
A,B,I,C,E,G,F,H,D
A,B,I,C,E,G,H,D,F
A,B,I,C,E,G,H,F,D
A,B,I,C,E,H,D,F,G
A,B,I,C,E,H,D,G,F
A,B,I,C,E,H,F,D,G
A,B,I,C,E,H,F,G,D
A,B,I,C,E,H,G,D,F
A,B,I,C,E,H,G,F,D
A,B,I,C,F,D,E,G,H
A,B,I,C,F,D,E,H,G
A,B,I,C,F,D,G,E,H
A,B,I,C,F,D,G,H,E
A,B,I,C,F,D,H,E,G
A,B,I,C,F,D,H,G,E
A,B,I,C,F,E,D,G,H
A,B,I,C,F,E,D,H,G
A,B,I,C,F,E,G,D,H
A,B,I,C,F,E,G,H,D
A,B,I,C,F,E,H,D,G
A,B,I,C,F,E,H,G,D
A,B,I,C,F,G,D,E,H
A,B,I,C,F,G,D,H,E
A,B,I,C,F,G,E,D,H
A,B,I,C,F,G,E,H,D
A,B,I,C,F,G,H,D,E
A,B,I,C,F,G,H,E,D
A,B,I,C,F,H,D,E,G
A,B,I,C,F,H,D,G,E
A,B,I,C,F,H,E,D,G
A,B,I,C,F,H,E,G,D
A,B,I,C,F,H,G,D,E
A,B,I,C,F,H,G,E,D
A,B,I,C,G,D,E,F,H
A,B,I,C,G,D,E,H,F
A,B,I,C,G,D,F,E,H
A,B,I,C,G,D,F,H,E
A,B,I,C,G,D,H,E,F
A,B,I,C,G,D,H,F,E
A,B,I,C,G,E,D,F,H
A,B,I,C,G,E,D,H,F
A,B,I,C,G,E,F,D,H
A,B,I,C,G,E,F,H,D
A,B,I,C,G,E,H,D,F
A,B,I,C,G,E,H,F,D
A,B,I,C,G,F,D,E,H
A,B,I,C,G,F,D,H,E
A,B,I,C,G,F,E,D,H
A,B,I,C,G,F,E,H,D
A,B,I,C,G,F,H,D,E
A,B,I,C,G,F,H,E,D
A,B,I,C,G,H,D,E,F
A,B,I,C,G,H,D,F,E
A,B,I,C,G,H,E,D,F
A,B,I,C,G,H,E,F,D
A,B,I,C,G,H,F,D,E
A,B,I,C,G,H,F,E,D
A,B,I,C,H,D,E,F,G
A,B,I,C,H,D,E,G,F
A,B,I,C,H,D,F,E,G
A,B,I,C,H,D,F,G,E
A,B,I,C,H,D,G,E,F
A,B,I,C,H,D,G,F,E
A,B,I,C,H,E,D,F,G
A,B,I,C,H,E,D,G,F
A,B,I,C,H,E,F,D,G
A,B,I,C,H,E,F,G,D
A,B,I,C,H,E,G,D,F
A,B,I,C,H,E,G,F,D
A,B,I,C,H,F,D,E,G
A,B,I,C,H,F,D,G,E
A,B,I,C,H,F,E,D,G
A,B,I,C,H,F,E,G,D
A,B,I,C,H,F,G,D,E
A,B,I,C,H,F,G,E,D
A,B,I,C,H,G,D,E,F
A,B,I,C,H,G,D,F,E
A,B,I,C,H,G,E,D,F
A,B,I,C,H,G,E,F,D
A,B,I,C,H,G,F,D,E
A,B,I,C,H,G,F,E,D
A,B,I,D,C,E,F,G,H
A,B,I,D,C,E,F,H,G
A,B,I,D,C,E,G,F,H
A,B,I,D,C,E,G,H,F
A,B,I,D,C,E,H,F,G
A,B,I,D,C,E,H,G,F
A,B,I,D,C,F,E,G,H
A,B,I,D,C,F,E,H,G
A,B,I,D,C,F,G,E,H
A,B,I,D,C,F,G,H,E
A,B,I,D,C,F,H,E,G
A,B,I,D,C,F,H,G,E
A,B,I,D,C,G,E,F,H
A,B,I,D,C,G,E,H,F
A,B,I,D,C,G,F,E,H
A,B,I,D,C,G,F,H,E
A,B,I,D,C,G,H,E,F
A,B,I,D,C,G,H,F,E
A,B,I,D,C,H,E,F,G
A,B,I,D,C,H,E,G,F
A,B,I,D,C,H,F,E,G
A,B,I,D,C,H,F,G,E
A,B,I,D,C,H,G,E,F
A,B,I,D,C,H,G,F,E
A,B,I,D,E,C,F,G,H
A,B,I,D,E,C,F,H,G
A,B,I,D,E,C,G,F,H
A,B,I,D,E,C,G,H,F
A,B,I,D,E,C,H,F,G
A,B,I,D,E,C,H,G,F
A,B,I,D,E,F,C,G,H
A,B,I,D,E,F,C,H,G
A,B,I,D,E,F,G,C,H
A,B,I,D,E,F,G,H,C
A,B,I,D,E,F,H,C,G
A,B,I,D,E,F,H,G,C
A,B,I,D,E,G,C,F,H
A,B,I,D,E,G,C,H,F
A,B,I,D,E,G,F,C,H
A,B,I,D,E,G,F,H,C
A,B,I,D,E,G,H,C,F
A,B,I,D,E,G,H,F,C
A,B,I,D,E,H,C,F,G
A,B,I,D,E,H,C,G,F
A,B,I,D,E,H,F,C,G
A,B,I,D,E,H,F,G,C
A,B,I,D,E,H,G,C,F
A,B,I,D,E,H,G,F,C
A,B,I,D,F,C,E,G,H
A,B,I,D,F,C,E,H,G
A,B,I,D,F,C,G,E,H
A,B,I,D,F,C,G,H,E
A,B,I,D,F,C,H,E,G
A,B,I,D,F,C,H,G,E
A,B,I,D,F,E,C,G,H
A,B,I,D,F,E,C,H,G
A,B,I,D,F,E,G,C,H
A,B,I,D,F,E,G,H,C
A,B,I,D,F,E,H,C,G
A,B,I,D,F,E,H,G,C
A,B,I,D,F,G,C,E,H
A,B,I,D,F,G,C,H,E
A,B,I,D,F,G,E,C,H
A,B,I,D,F,G,E,H,C
A,B,I,D,F,G,H,C,E
A,B,I,D,F,G,H,E,C
A,B,I,D,F,H,C,E,G
A,B,I,D,F,H,C,G,E
A,B,I,D,F,H,E,C,G
A,B,I,D,F,H,E,G,C
A,B,I,D,F,H,G,C,E
A,B,I,D,F,H,G,E,C
A,B,I,D,G,C,E,F,H
A,B,I,D,G,C,E,H,F
A,B,I,D,G,C,F,E,H
A,B,I,D,G,C,F,H,E
A,B,I,D,G,C,H,E,F
A,B,I,D,G,C,H,F,E
A,B,I,D,G,E,C,F,H
A,B,I,D,G,E,C,H,F
A,B,I,D,G,E,F,C,H
A,B,I,D,G,E,F,H,C
A,B,I,D,G,E,H,C,F
A,B,I,D,G,E,H,F,C
A,B,I,D,G,F,C,E,H
A,B,I,D,G,F,C,H,E
A,B,I,D,G,F,E,C,H
A,B,I,D,G,F,E,H,C
A,B,I,D,G,F,H,C,E
A,B,I,D,G,F,H,E,C
A,B,I,D,G,H,C,E,F
A,B,I,D,G,H,C,F,E
A,B,I,D,G,H,E,C,F
A,B,I,D,G,H,E,F,C
A,B,I,D,G,H,F,C,E
A,B,I,D,G,H,F,E,C
A,B,I,D,H,C,E,F,G
A,B,I,D,H,C,E,G,F
A,B,I,D,H,C,F,E,G
A,B,I,D,H,C,F,G,E
A,B,I,D,H,C,G,E,F
A,B,I,D,H,C,G,F,E
A,B,I,D,H,E,C,F,G
A,B,I,D,H,E,C,G,F
A,B,I,D,H,E,F,C,G
A,B,I,D,H,E,F,G,C
A,B,I,D,H,E,G,C,F
A,B,I,D,H,E,G,F,C
A,B,I,D,H,F,C,E,G
A,B,I,D,H,F,C,G,E
A,B,I,D,H,F,E,C,G
A,B,I,D,H,F,E,G,C
A,B,I,D,H,F,G,C,E
A,B,I,D,H,F,G,E,C
A,B,I,D,H,G,C,E,F
A,B,I,D,H,G,C,F,E
A,B,I,D,H,G,E,C,F
A,B,I,D,H,G,E,F,C
A,B,I,D,H,G,F,C,E
A,B,I,D,H,G,F,E,C
A,B,I,E,C,D,F,G,H
A,B,I,E,C,D,F,H,G
A,B,I,E,C,D,G,F,H
A,B,I,E,C,D,G,H,F
A,B,I,E,C,D,H,F,G
A,B,I,E,C,D,H,G,F
A,B,I,E,C,F,D,G,H
A,B,I,E,C,F,D,H,G
A,B,I,E,C,F,G,D,H
A,B,I,E,C,F,G,H,D
A,B,I,E,C,F,H,D,G
A,B,I,E,C,F,H,G,D
A,B,I,E,C,G,D,F,H
A,B,I,E,C,G,D,H,F
A,B,I,E,C,G,F,D,H
A,B,I,E,C,G,F,H,D
A,B,I,E,C,G,H,D,F
A,B,I,E,C,G,H,F,D
A,B,I,E,C,H,D,F,G
A,B,I,E,C,H,D,G,F
A,B,I,E,C,H,F,D,G
A,B,I,E,C,H,F,G,D
A,B,I,E,C,H,G,D,F
A,B,I,E,C,H,G,F,D
A,B,I,E,D,C,F,G,H
A,B,I,E,D,C,F,H,G
A,B,I,E,D,C,G,F,H
A,B,I,E,D,C,G,H,F
A,B,I,E,D,C,H,F,G
A,B,I,E,D,C,H,G,F
A,B,I,E,D,F,C,G,H
A,B,I,E,D,F,C,H,G
A,B,I,E,D,F,G,C,H
A,B,I,E,D,F,G,H,C
A,B,I,E,D,F,H,C,G
A,B,I,E,D,F,H,G,C
A,B,I,E,D,G,C,F,H
A,B,I,E,D,G,C,H,F
A,B,I,E,D,G,F,C,H
A,B,I,E,D,G,F,H,C
A,B,I,E,D,G,H,C,F
A,B,I,E,D,G,H,F,C
A,B,I,E,D,H,C,F,G
A,B,I,E,D,H,C,G,F
A,B,I,E,D,H,F,C,G
A,B,I,E,D,H,F,G,C
A,B,I,E,D,H,G,C,F
A,B,I,E,D,H,G,F,C
A,B,I,E,F,C,D,G,H
A,B,I,E,F,C,D,H,G
A,B,I,E,F,C,G,D,H
A,B,I,E,F,C,G,H,D
A,B,I,E,F,C,H,D,G
A,B,I,E,F,C,H,G,D
A,B,I,E,F,D,C,G,H
A,B,I,E,F,D,C,H,G
A,B,I,E,F,D,G,C,H
A,B,I,E,F,D,G,H,C
A,B,I,E,F,D,H,C,G
A,B,I,E,F,D,H,G,C
A,B,I,E,F,G,C,D,H
A,B,I,E,F,G,C,H,D
A,B,I,E,F,G,D,C,H
A,B,I,E,F,G,D,H,C
A,B,I,E,F,G,H,C,D
A,B,I,E,F,G,H,D,C
A,B,I,E,F,H,C,D,G
A,B,I,E,F,H,C,G,D
A,B,I,E,F,H,D,C,G
A,B,I,E,F,H,D,G,C
A,B,I,E,F,H,G,C,D
A,B,I,E,F,H,G,D,C
A,B,I,E,G,C,D,F,H
A,B,I,E,G,C,D,H,F
A,B,I,E,G,C,F,D,H
A,B,I,E,G,C,F,H,D
A,B,I,E,G,C,H,D,F
A,B,I,E,G,C,H,F,D
A,B,I,E,G,D,C,F,H
A,B,I,E,G,D,C,H,F
A,B,I,E,G,D,F,C,H
A,B,I,E,G,D,F,H,C
A,B,I,E,G,D,H,C,F
A,B,I,E,G,D,H,F,C
A,B,I,E,G,F,C,D,H
A,B,I,E,G,F,C,H,D
A,B,I,E,G,F,D,C,H
A,B,I,E,G,F,D,H,C
A,B,I,E,G,F,H,C,D
A,B,I,E,G,F,H,D,C
A,B,I,E,G,H,C,D,F
A,B,I,E,G,H,C,F,D
A,B,I,E,G,H,D,C,F
A,B,I,E,G,H,D,F,C
A,B,I,E,G,H,F,C,D
A,B,I,E,G,H,F,D,C
A,B,I,E,H,C,D,F,G
A,B,I,E,H,C,D,G,F
A,B,I,E,H,C,F,D,G
A,B,I,E,H,C,F,G,D
A,B,I,E,H,C,G,D,F
A,B,I,E,H,C,G,F,D
A,B,I,E,H,D,C,F,G
A,B,I,E,H,D,C,G,F
A,B,I,E,H,D,F,C,G
A,B,I,E,H,D,F,G,C
A,B,I,E,H,D,G,C,F
A,B,I,E,H,D,G,F,C
A,B,I,E,H,F,C,D,G
A,B,I,E,H,F,C,G,D
A,B,I,E,H,F,D,C,G
A,B,I,E,H,F,D,G,C
A,B,I,E,H,F,G,C,D
A,B,I,E,H,F,G,D,C
A,B,I,E,H,G,C,D,F
A,B,I,E,H,G,C,F,D
A,B,I,E,H,G,D,C,F
A,B,I,E,H,G,D,F,C
A,B,I,E,H,G,F,C,D
A,B,I,E,H,G,F,D,C
A,B,I,F,C,D,E,G,H
A,B,I,F,C,D,E,H,G
A,B,I,F,C,D,G,E,H
A,B,I,F,C,D,G,H,E
A,B,I,F,C,D,H,E,G
A,B,I,F,C,D,H,G,E
A,B,I,F,C,E,D,G,H
A,B,I,F,C,E,D,H,G
A,B,I,F,C,E,G,D,H
A,B,I,F,C,E,G,H,D
A,B,I,F,C,E,H,D,G
A,B,I,F,C,E,H,G,D
A,B,I,F,C,G,D,E,H
A,B,I,F,C,G,D,H,E
A,B,I,F,C,G,E,D,H
A,B,I,F,C,G,E,H,D
A,B,I,F,C,G,H,D,E
A,B,I,F,C,G,H,E,D
A,B,I,F,C,H,D,E,G
A,B,I,F,C,H,D,G,E
A,B,I,F,C,H,E,D,G
A,B,I,F,C,H,E,G,D
A,B,I,F,C,H,G,D,E
A,B,I,F,C,H,G,E,D
A,B,I,F,D,C,E,G,H
A,B,I,F,D,C,E,H,G
A,B,I,F,D,C,G,E,H
A,B,I,F,D,C,G,H,E
A,B,I,F,D,C,H,E,G
A,B,I,F,D,C,H,G,E
A,B,I,F,D,E,C,G,H
A,B,I,F,D,E,C,H,G
A,B,I,F,D,E,G,C,H
A,B,I,F,D,E,G,H,C
A,B,I,F,D,E,H,C,G
A,B,I,F,D,E,H,G,C
A,B,I,F,D,G,C,E,H
A,B,I,F,D,G,C,H,E
A,B,I,F,D,G,E,C,H
A,B,I,F,D,G,E,H,C
A,B,I,F,D,G,H,C,E
A,B,I,F,D,G,H,E,C
A,B,I,F,D,H,C,E,G
A,B,I,F,D,H,C,G,E
A,B,I,F,D,H,E,C,G
A,B,I,F,D,H,E,G,C
A,B,I,F,D,H,G,C,E
A,B,I,F,D,H,G,E,C
A,B,I,F,E,C,D,G,H
A,B,I,F,E,C,D,H,G
A,B,I,F,E,C,G,D,H
A,B,I,F,E,C,G,H,D
A,B,I,F,E,C,H,D,G
A,B,I,F,E,C,H,G,D
A,B,I,F,E,D,C,G,H
A,B,I,F,E,D,C,H,G
A,B,I,F,E,D,G,C,H
A,B,I,F,E,D,G,H,C
A,B,I,F,E,D,H,C,G
A,B,I,F,E,D,H,G,C
A,B,I,F,E,G,C,D,H
A,B,I,F,E,G,C,H,D
A,B,I,F,E,G,D,C,H
A,B,I,F,E,G,D,H,C
A,B,I,F,E,G,H,C,D
A,B,I,F,E,G,H,D,C
A,B,I,F,E,H,C,D,G
A,B,I,F,E,H,C,G,D
A,B,I,F,E,H,D,C,G
A,B,I,F,E,H,D,G,C
A,B,I,F,E,H,G,C,D
A,B,I,F,E,H,G,D,C
A,B,I,F,G,C,D,E,H
A,B,I,F,G,C,D,H,E
A,B,I,F,G,C,E,D,H
A,B,I,F,G,C,E,H,D
A,B,I,F,G,C,H,D,E
A,B,I,F,G,C,H,E,D
A,B,I,F,G,D,C,E,H
A,B,I,F,G,D,C,H,E
A,B,I,F,G,D,E,C,H
A,B,I,F,G,D,E,H,C
A,B,I,F,G,D,H,C,E
A,B,I,F,G,D,H,E,C
A,B,I,F,G,E,C,D,H
A,B,I,F,G,E,C,H,D
A,B,I,F,G,E,D,C,H
A,B,I,F,G,E,D,H,C
A,B,I,F,G,E,H,C,D
A,B,I,F,G,E,H,D,C
A,B,I,F,G,H,C,D,E
A,B,I,F,G,H,C,E,D
A,B,I,F,G,H,D,C,E
A,B,I,F,G,H,D,E,C
A,B,I,F,G,H,E,C,D
A,B,I,F,G,H,E,D,C
A,B,I,F,H,C,D,E,G
A,B,I,F,H,C,D,G,E
A,B,I,F,H,C,E,D,G
A,B,I,F,H,C,E,G,D
A,B,I,F,H,C,G,D,E
A,B,I,F,H,C,G,E,D
A,B,I,F,H,D,C,E,G
A,B,I,F,H,D,C,G,E
A,B,I,F,H,D,E,C,G
A,B,I,F,H,D,E,G,C
A,B,I,F,H,D,G,C,E
A,B,I,F,H,D,G,E,C
A,B,I,F,H,E,C,D,G
A,B,I,F,H,E,C,G,D
A,B,I,F,H,E,D,C,G
A,B,I,F,H,E,D,G,C
A,B,I,F,H,E,G,C,D
A,B,I,F,H,E,G,D,C
A,B,I,F,H,G,C,D,E
A,B,I,F,H,G,C,E,D
A,B,I,F,H,G,D,C,E
A,B,I,F,H,G,D,E,C
A,B,I,F,H,G,E,C,D
A,B,I,F,H,G,E,D,C
A,B,I,G,C,D,E,F,H
A,B,I,G,C,D,E,H,F
A,B,I,G,C,D,F,E,H
A,B,I,G,C,D,F,H,E
A,B,I,G,C,D,H,E,F
A,B,I,G,C,D,H,F,E
A,B,I,G,C,E,D,F,H
A,B,I,G,C,E,D,H,F
A,B,I,G,C,E,F,D,H
A,B,I,G,C,E,F,H,D
A,B,I,G,C,E,H,D,F
A,B,I,G,C,E,H,F,D
A,B,I,G,C,F,D,E,H
A,B,I,G,C,F,D,H,E
A,B,I,G,C,F,E,D,H
A,B,I,G,C,F,E,H,D
A,B,I,G,C,F,H,D,E
A,B,I,G,C,F,H,E,D
A,B,I,G,C,H,D,E,F
A,B,I,G,C,H,D,F,E
A,B,I,G,C,H,E,D,F
A,B,I,G,C,H,E,F,D
A,B,I,G,C,H,F,D,E
A,B,I,G,C,H,F,E,D
A,B,I,G,D,C,E,F,H
A,B,I,G,D,C,E,H,F
A,B,I,G,D,C,F,E,H
A,B,I,G,D,C,F,H,E
A,B,I,G,D,C,H,E,F
A,B,I,G,D,C,H,F,E
A,B,I,G,D,E,C,F,H
A,B,I,G,D,E,C,H,F
A,B,I,G,D,E,F,C,H
A,B,I,G,D,E,F,H,C
A,B,I,G,D,E,H,C,F
A,B,I,G,D,E,H,F,C
A,B,I,G,D,F,C,E,H
A,B,I,G,D,F,C,H,E
A,B,I,G,D,F,E,C,H
A,B,I,G,D,F,E,H,C
A,B,I,G,D,F,H,C,E
A,B,I,G,D,F,H,E,C
A,B,I,G,D,H,C,E,F
A,B,I,G,D,H,C,F,E
A,B,I,G,D,H,E,C,F
A,B,I,G,D,H,E,F,C
A,B,I,G,D,H,F,C,E
A,B,I,G,D,H,F,E,C
A,B,I,G,E,C,D,F,H
A,B,I,G,E,C,D,H,F
A,B,I,G,E,C,F,D,H
A,B,I,G,E,C,F,H,D
A,B,I,G,E,C,H,D,F
A,B,I,G,E,C,H,F,D
A,B,I,G,E,D,C,F,H
A,B,I,G,E,D,C,H,F
A,B,I,G,E,D,F,C,H
A,B,I,G,E,D,F,H,C
A,B,I,G,E,D,H,C,F
A,B,I,G,E,D,H,F,C
A,B,I,G,E,F,C,D,H
A,B,I,G,E,F,C,H,D
A,B,I,G,E,F,D,C,H
A,B,I,G,E,F,D,H,C
A,B,I,G,E,F,H,C,D
A,B,I,G,E,F,H,D,C
A,B,I,G,E,H,C,D,F
A,B,I,G,E,H,C,F,D
A,B,I,G,E,H,D,C,F
A,B,I,G,E,H,D,F,C
A,B,I,G,E,H,F,C,D
A,B,I,G,E,H,F,D,C
A,B,I,G,F,C,D,E,H
A,B,I,G,F,C,D,H,E
A,B,I,G,F,C,E,D,H
A,B,I,G,F,C,E,H,D
A,B,I,G,F,C,H,D,E
A,B,I,G,F,C,H,E,D
A,B,I,G,F,D,C,E,H
A,B,I,G,F,D,C,H,E
A,B,I,G,F,D,E,C,H
A,B,I,G,F,D,E,H,C
A,B,I,G,F,D,H,C,E
A,B,I,G,F,D,H,E,C
A,B,I,G,F,E,C,D,H
A,B,I,G,F,E,C,H,D
A,B,I,G,F,E,D,C,H
A,B,I,G,F,E,D,H,C
A,B,I,G,F,E,H,C,D
A,B,I,G,F,E,H,D,C
A,B,I,G,F,H,C,D,E
A,B,I,G,F,H,C,E,D
A,B,I,G,F,H,D,C,E
A,B,I,G,F,H,D,E,C
A,B,I,G,F,H,E,C,D
A,B,I,G,F,H,E,D,C
A,B,I,G,H,C,D,E,F
A,B,I,G,H,C,D,F,E
A,B,I,G,H,C,E,D,F
A,B,I,G,H,C,E,F,D
A,B,I,G,H,C,F,D,E
A,B,I,G,H,C,F,E,D
A,B,I,G,H,D,C,E,F
A,B,I,G,H,D,C,F,E
A,B,I,G,H,D,E,C,F
A,B,I,G,H,D,E,F,C
A,B,I,G,H,D,F,C,E
A,B,I,G,H,D,F,E,C
A,B,I,G,H,E,C,D,F
A,B,I,G,H,E,C,F,D
A,B,I,G,H,E,D,C,F
A,B,I,G,H,E,D,F,C
A,B,I,G,H,E,F,C,D
A,B,I,G,H,E,F,D,C
A,B,I,G,H,F,C,D,E
A,B,I,G,H,F,C,E,D
A,B,I,G,H,F,D,C,E
A,B,I,G,H,F,D,E,C
A,B,I,G,H,F,E,C,D
A,B,I,G,H,F,E,D,C
A,B,I,H,C,D,E,F,G
A,B,I,H,C,D,E,G,F
A,B,I,H,C,D,F,E,G
A,B,I,H,C,D,F,G,E
A,B,I,H,C,D,G,E,F
A,B,I,H,C,D,G,F,E
A,B,I,H,C,E,D,F,G
A,B,I,H,C,E,D,G,F
A,B,I,H,C,E,F,D,G
A,B,I,H,C,E,F,G,D
A,B,I,H,C,E,G,D,F
A,B,I,H,C,E,G,F,D
A,B,I,H,C,F,D,E,G
A,B,I,H,C,F,D,G,E
A,B,I,H,C,F,E,D,G
A,B,I,H,C,F,E,G,D
A,B,I,H,C,F,G,D,E
A,B,I,H,C,F,G,E,D
A,B,I,H,C,G,D,E,F
A,B,I,H,C,G,D,F,E
A,B,I,H,C,G,E,D,F
A,B,I,H,C,G,E,F,D
A,B,I,H,C,G,F,D,E
A,B,I,H,C,G,F,E,D
A,B,I,H,D,C,E,F,G
A,B,I,H,D,C,E,G,F
A,B,I,H,D,C,F,E,G
A,B,I,H,D,C,F,G,E
A,B,I,H,D,C,G,E,F
A,B,I,H,D,C,G,F,E
A,B,I,H,D,E,C,F,G
A,B,I,H,D,E,C,G,F
A,B,I,H,D,E,F,C,G
A,B,I,H,D,E,F,G,C
A,B,I,H,D,E,G,C,F
A,B,I,H,D,E,G,F,C
A,B,I,H,D,F,C,E,G
A,B,I,H,D,F,C,G,E
A,B,I,H,D,F,E,C,G
A,B,I,H,D,F,E,G,C
A,B,I,H,D,F,G,C,E
A,B,I,H,D,F,G,E,C
A,B,I,H,D,G,C,E,F
A,B,I,H,D,G,C,F,E
A,B,I,H,D,G,E,C,F
A,B,I,H,D,G,E,F,C
A,B,I,H,D,G,F,C,E
A,B,I,H,D,G,F,E,C
A,B,I,H,E,C,D,F,G
A,B,I,H,E,C,D,G,F
A,B,I,H,E,C,F,D,G
A,B,I,H,E,C,F,G,D
A,B,I,H,E,C,G,D,F
A,B,I,H,E,C,G,F,D
A,B,I,H,E,D,C,F,G
A,B,I,H,E,D,C,G,F
A,B,I,H,E,D,F,C,G
A,B,I,H,E,D,F,G,C
A,B,I,H,E,D,G,C,F
A,B,I,H,E,D,G,F,C
A,B,I,H,E,F,C,D,G
A,B,I,H,E,F,C,G,D
A,B,I,H,E,F,D,C,G
A,B,I,H,E,F,D,G,C
A,B,I,H,E,F,G,C,D
A,B,I,H,E,F,G,D,C
A,B,I,H,E,G,C,D,F
A,B,I,H,E,G,C,F,D
A,B,I,H,E,G,D,C,F
A,B,I,H,E,G,D,F,C
A,B,I,H,E,G,F,C,D
A,B,I,H,E,G,F,D,C
A,B,I,H,F,C,D,E,G
A,B,I,H,F,C,D,G,E
A,B,I,H,F,C,E,D,G
A,B,I,H,F,C,E,G,D
A,B,I,H,F,C,G,D,E
A,B,I,H,F,C,G,E,D
A,B,I,H,F,D,C,E,G
A,B,I,H,F,D,C,G,E
A,B,I,H,F,D,E,C,G
A,B,I,H,F,D,E,G,C
A,B,I,H,F,D,G,C,E
A,B,I,H,F,D,G,E,C
A,B,I,H,F,E,C,D,G
A,B,I,H,F,E,C,G,D
A,B,I,H,F,E,D,C,G
A,B,I,H,F,E,D,G,C
A,B,I,H,F,E,G,C,D
A,B,I,H,F,E,G,D,C
A,B,I,H,F,G,C,D,E
A,B,I,H,F,G,C,E,D
A,B,I,H,F,G,D,C,E
A,B,I,H,F,G,D,E,C
A,B,I,H,F,G,E,C,D
A,B,I,H,F,G,E,D,C
A,B,I,H,G,C,D,E,F
A,B,I,H,G,C,D,F,E
A,B,I,H,G,C,E,D,F
A,B,I,H,G,C,E,F,D
A,B,I,H,G,C,F,D,E
A,B,I,H,G,C,F,E,D
A,B,I,H,G,D,C,E,F
A,B,I,H,G,D,C,F,E
A,B,I,H,G,D,E,C,F
A,B,I,H,G,D,E,F,C
A,B,I,H,G,D,F,C,E
A,B,I,H,G,D,F,E,C
A,B,I,H,G,E,C,D,F
A,B,I,H,G,E,C,F,D
A,B,I,H,G,E,D,C,F
A,B,I,H,G,E,D,F,C
A,B,I,H,G,E,F,C,D
A,B,I,H,G,E,F,D,C
A,B,I,H,G,F,C,D,E
A,B,I,H,G,F,C,E,D
A,B,I,H,G,F,D,C,E
A,B,I,H,G,F,D,E,C
A,B,I,H,G,F,E,C,D
A,B,I,H,G,F,E,D,C
A,C,B,D,E,F,G,H,I
A,C,B,D,E,F,G,I,H
A,C,B,D,E,F,H,G,I
A,C,B,D,E,F,H,I,G
A,C,B,D,E,F,I,G,H
A,C,B,D,E,F,I,H,G
A,C,B,D,E,G,F,H,I
A,C,B,D,E,G,F,I,H
A,C,B,D,E,G,H,F,I
A,C,B,D,E,G,H,I,F
A,C,B,D,E,G,I,F,H
A,C,B,D,E,G,I,H,F
A,C,B,D,E,H,F,G,I
A,C,B,D,E,H,F,I,G
A,C,B,D,E,H,G,F,I
A,C,B,D,E,H,G,I,F
A,C,B,D,E,H,I,F,G
A,C,B,D,E,H,I,G,F
A,C,B,D,E,I,F,G,H
A,C,B,D,E,I,F,H,G
A,C,B,D,E,I,G,F,H
A,C,B,D,E,I,G,H,F
A,C,B,D,E,I,H,F,G
A,C,B,D,E,I,H,G,F
A,C,B,D,F,E,G,H,I
A,C,B,D,F,E,G,I,H
A,C,B,D,F,E,H,G,I
A,C,B,D,F,E,H,I,G
A,C,B,D,F,E,I,G,H
A,C,B,D,F,E,I,H,G
A,C,B,D,F,G,E,H,I
A,C,B,D,F,G,E,I,H
A,C,B,D,F,G,H,E,I
A,C,B,D,F,G,H,I,E
A,C,B,D,F,G,I,E,H
A,C,B,D,F,G,I,H,E
A,C,B,D,F,H,E,G,I
A,C,B,D,F,H,E,I,G
A,C,B,D,F,H,G,E,I
A,C,B,D,F,H,G,I,E
A,C,B,D,F,H,I,E,G
A,C,B,D,F,H,I,G,E
A,C,B,D,F,I,E,G,H
A,C,B,D,F,I,E,H,G
A,C,B,D,F,I,G,E,H
A,C,B,D,F,I,G,H,E
A,C,B,D,F,I,H,E,G
A,C,B,D,F,I,H,G,E
A,C,B,D,G,E,F,H,I
A,C,B,D,G,E,F,I,H
A,C,B,D,G,E,H,F,I
A,C,B,D,G,E,H,I,F
A,C,B,D,G,E,I,F,H
A,C,B,D,G,E,I,H,F
A,C,B,D,G,F,E,H,I
A,C,B,D,G,F,E,I,H
A,C,B,D,G,F,H,E,I
A,C,B,D,G,F,H,I,E
A,C,B,D,G,F,I,E,H
A,C,B,D,G,F,I,H,E
A,C,B,D,G,H,E,F,I
A,C,B,D,G,H,E,I,F
A,C,B,D,G,H,F,E,I
A,C,B,D,G,H,F,I,E
A,C,B,D,G,H,I,E,F
A,C,B,D,G,H,I,F,E
A,C,B,D,G,I,E,F,H
A,C,B,D,G,I,E,H,F
A,C,B,D,G,I,F,E,H
A,C,B,D,G,I,F,H,E
A,C,B,D,G,I,H,E,F
A,C,B,D,G,I,H,F,E
A,C,B,D,H,E,F,G,I
A,C,B,D,H,E,F,I,G
A,C,B,D,H,E,G,F,I
A,C,B,D,H,E,G,I,F
A,C,B,D,H,E,I,F,G
A,C,B,D,H,E,I,G,F
A,C,B,D,H,F,E,G,I
A,C,B,D,H,F,E,I,G
A,C,B,D,H,F,G,E,I
A,C,B,D,H,F,G,I,E
A,C,B,D,H,F,I,E,G
A,C,B,D,H,F,I,G,E
A,C,B,D,H,G,E,F,I
A,C,B,D,H,G,E,I,F
A,C,B,D,H,G,F,E,I
A,C,B,D,H,G,F,I,E
A,C,B,D,H,G,I,E,F
A,C,B,D,H,G,I,F,E
A,C,B,D,H,I,E,F,G
A,C,B,D,H,I,E,G,F
A,C,B,D,H,I,F,E,G
A,C,B,D,H,I,F,G,E
A,C,B,D,H,I,G,E,F
A,C,B,D,H,I,G,F,E
A,C,B,D,I,E,F,G,H
A,C,B,D,I,E,F,H,G
A,C,B,D,I,E,G,F,H
A,C,B,D,I,E,G,H,F
A,C,B,D,I,E,H,F,G
A,C,B,D,I,E,H,G,F
A,C,B,D,I,F,E,G,H
A,C,B,D,I,F,E,H,G
A,C,B,D,I,F,G,E,H
A,C,B,D,I,F,G,H,E
A,C,B,D,I,F,H,E,G
A,C,B,D,I,F,H,G,E
A,C,B,D,I,G,E,F,H
A,C,B,D,I,G,E,H,F
A,C,B,D,I,G,F,E,H
A,C,B,D,I,G,F,H,E
A,C,B,D,I,G,H,E,F
A,C,B,D,I,G,H,F,E
A,C,B,D,I,H,E,F,G
A,C,B,D,I,H,E,G,F
A,C,B,D,I,H,F,E,G
A,C,B,D,I,H,F,G,E
A,C,B,D,I,H,G,E,F
A,C,B,D,I,H,G,F,E
A,C,B,E,D,F,G,H,I
A,C,B,E,D,F,G,I,H
A,C,B,E,D,F,H,G,I
A,C,B,E,D,F,H,I,G
A,C,B,E,D,F,I,G,H
A,C,B,E,D,F,I,H,G
A,C,B,E,D,G,F,H,I
A,C,B,E,D,G,F,I,H
A,C,B,E,D,G,H,F,I
A,C,B,E,D,G,H,I,F
A,C,B,E,D,G,I,F,H
A,C,B,E,D,G,I,H,F
A,C,B,E,D,H,F,G,I
A,C,B,E,D,H,F,I,G
A,C,B,E,D,H,G,F,I
A,C,B,E,D,H,G,I,F
A,C,B,E,D,H,I,F,G
A,C,B,E,D,H,I,G,F
A,C,B,E,D,I,F,G,H
A,C,B,E,D,I,F,H,G
A,C,B,E,D,I,G,F,H
A,C,B,E,D,I,G,H,F
A,C,B,E,D,I,H,F,G
A,C,B,E,D,I,H,G,F
A,C,B,E,F,D,G,H,I
A,C,B,E,F,D,G,I,H
A,C,B,E,F,D,H,G,I
A,C,B,E,F,D,H,I,G
A,C,B,E,F,D,I,G,H
A,C,B,E,F,D,I,H,G
A,C,B,E,F,G,D,H,I
A,C,B,E,F,G,D,I,H
A,C,B,E,F,G,H,D,I
A,C,B,E,F,G,H,I,D
A,C,B,E,F,G,I,D,H
A,C,B,E,F,G,I,H,D
A,C,B,E,F,H,D,G,I
A,C,B,E,F,H,D,I,G
A,C,B,E,F,H,G,D,I
A,C,B,E,F,H,G,I,D
A,C,B,E,F,H,I,D,G
A,C,B,E,F,H,I,G,D
A,C,B,E,F,I,D,G,H
A,C,B,E,F,I,D,H,G
A,C,B,E,F,I,G,D,H
A,C,B,E,F,I,G,H,D
A,C,B,E,F,I,H,D,G
A,C,B,E,F,I,H,G,D
A,C,B,E,G,D,F,H,I
A,C,B,E,G,D,F,I,H
A,C,B,E,G,D,H,F,I
A,C,B,E,G,D,H,I,F
A,C,B,E,G,D,I,F,H
A,C,B,E,G,D,I,H,F
A,C,B,E,G,F,D,H,I
A,C,B,E,G,F,D,I,H
A,C,B,E,G,F,H,D,I
A,C,B,E,G,F,H,I,D
A,C,B,E,G,F,I,D,H
A,C,B,E,G,F,I,H,D
A,C,B,E,G,H,D,F,I
A,C,B,E,G,H,D,I,F
A,C,B,E,G,H,F,D,I
A,C,B,E,G,H,F,I,D
A,C,B,E,G,H,I,D,F
A,C,B,E,G,H,I,F,D
A,C,B,E,G,I,D,F,H
A,C,B,E,G,I,D,H,F
A,C,B,E,G,I,F,D,H
A,C,B,E,G,I,F,H,D
A,C,B,E,G,I,H,D,F
A,C,B,E,G,I,H,F,D
A,C,B,E,H,D,F,G,I
A,C,B,E,H,D,F,I,G
A,C,B,E,H,D,G,F,I
A,C,B,E,H,D,G,I,F
A,C,B,E,H,D,I,F,G
A,C,B,E,H,D,I,G,F
A,C,B,E,H,F,D,G,I
A,C,B,E,H,F,D,I,G
A,C,B,E,H,F,G,D,I
A,C,B,E,H,F,G,I,D
A,C,B,E,H,F,I,D,G
A,C,B,E,H,F,I,G,D
A,C,B,E,H,G,D,F,I
A,C,B,E,H,G,D,I,F
A,C,B,E,H,G,F,D,I
A,C,B,E,H,G,F,I,D
A,C,B,E,H,G,I,D,F
A,C,B,E,H,G,I,F,D
A,C,B,E,H,I,D,F,G
A,C,B,E,H,I,D,G,F
A,C,B,E,H,I,F,D,G
A,C,B,E,H,I,F,G,D
A,C,B,E,H,I,G,D,F
A,C,B,E,H,I,G,F,D
A,C,B,E,I,D,F,G,H
A,C,B,E,I,D,F,H,G
A,C,B,E,I,D,G,F,H
A,C,B,E,I,D,G,H,F
A,C,B,E,I,D,H,F,G
A,C,B,E,I,D,H,G,F
A,C,B,E,I,F,D,G,H
A,C,B,E,I,F,D,H,G
A,C,B,E,I,F,G,D,H
A,C,B,E,I,F,G,H,D
A,C,B,E,I,F,H,D,G
A,C,B,E,I,F,H,G,D
A,C,B,E,I,G,D,F,H
A,C,B,E,I,G,D,H,F
A,C,B,E,I,G,F,D,H
A,C,B,E,I,G,F,H,D
A,C,B,E,I,G,H,D,F
A,C,B,E,I,G,H,F,D
A,C,B,E,I,H,D,F,G
A,C,B,E,I,H,D,G,F
A,C,B,E,I,H,F,D,G
A,C,B,E,I,H,F,G,D
A,C,B,E,I,H,G,D,F
A,C,B,E,I,H,G,F,D
A,C,B,F,D,E,G,H,I
A,C,B,F,D,E,G,I,H
A,C,B,F,D,E,H,G,I
A,C,B,F,D,E,H,I,G
A,C,B,F,D,E,I,G,H
A,C,B,F,D,E,I,H,G
A,C,B,F,D,G,E,H,I
A,C,B,F,D,G,E,I,H
A,C,B,F,D,G,H,E,I
A,C,B,F,D,G,H,I,E
A,C,B,F,D,G,I,E,H
A,C,B,F,D,G,I,H,E
A,C,B,F,D,H,E,G,I
A,C,B,F,D,H,E,I,G
A,C,B,F,D,H,G,E,I
A,C,B,F,D,H,G,I,E
A,C,B,F,D,H,I,E,G
A,C,B,F,D,H,I,G,E
A,C,B,F,D,I,E,G,H
A,C,B,F,D,I,E,H,G
A,C,B,F,D,I,G,E,H
A,C,B,F,D,I,G,H,E
A,C,B,F,D,I,H,E,G
A,C,B,F,D,I,H,G,E
A,C,B,F,E,D,G,H,I
A,C,B,F,E,D,G,I,H
A,C,B,F,E,D,H,G,I
A,C,B,F,E,D,H,I,G
A,C,B,F,E,D,I,G,H
A,C,B,F,E,D,I,H,G
A,C,B,F,E,G,D,H,I
A,C,B,F,E,G,D,I,H
A,C,B,F,E,G,H,D,I
A,C,B,F,E,G,H,I,D
A,C,B,F,E,G,I,D,H
A,C,B,F,E,G,I,H,D
A,C,B,F,E,H,D,G,I
A,C,B,F,E,H,D,I,G
A,C,B,F,E,H,G,D,I
A,C,B,F,E,H,G,I,D
A,C,B,F,E,H,I,D,G
A,C,B,F,E,H,I,G,D
A,C,B,F,E,I,D,G,H
A,C,B,F,E,I,D,H,G
A,C,B,F,E,I,G,D,H
A,C,B,F,E,I,G,H,D
A,C,B,F,E,I,H,D,G
A,C,B,F,E,I,H,G,D
A,C,B,F,G,D,E,H,I
A,C,B,F,G,D,E,I,H
A,C,B,F,G,D,H,E,I
A,C,B,F,G,D,H,I,E
A,C,B,F,G,D,I,E,H
A,C,B,F,G,D,I,H,E
A,C,B,F,G,E,D,H,I
A,C,B,F,G,E,D,I,H
A,C,B,F,G,E,H,D,I
A,C,B,F,G,E,H,I,D
A,C,B,F,G,E,I,D,H
A,C,B,F,G,E,I,H,D
A,C,B,F,G,H,D,E,I
A,C,B,F,G,H,D,I,E
A,C,B,F,G,H,E,D,I
A,C,B,F,G,H,E,I,D
A,C,B,F,G,H,I,D,E
A,C,B,F,G,H,I,E,D
A,C,B,F,G,I,D,E,H
A,C,B,F,G,I,D,H,E
A,C,B,F,G,I,E,D,H
A,C,B,F,G,I,E,H,D
A,C,B,F,G,I,H,D,E
A,C,B,F,G,I,H,E,D
A,C,B,F,H,D,E,G,I
A,C,B,F,H,D,E,I,G
A,C,B,F,H,D,G,E,I
A,C,B,F,H,D,G,I,E
A,C,B,F,H,D,I,E,G
A,C,B,F,H,D,I,G,E
A,C,B,F,H,E,D,G,I
A,C,B,F,H,E,D,I,G
A,C,B,F,H,E,G,D,I
A,C,B,F,H,E,G,I,D
A,C,B,F,H,E,I,D,G
A,C,B,F,H,E,I,G,D
A,C,B,F,H,G,D,E,I
A,C,B,F,H,G,D,I,E
A,C,B,F,H,G,E,D,I
A,C,B,F,H,G,E,I,D
A,C,B,F,H,G,I,D,E
A,C,B,F,H,G,I,E,D
A,C,B,F,H,I,D,E,G
A,C,B,F,H,I,D,G,E
A,C,B,F,H,I,E,D,G
A,C,B,F,H,I,E,G,D
A,C,B,F,H,I,G,D,E
A,C,B,F,H,I,G,E,D
A,C,B,F,I,D,E,G,H
A,C,B,F,I,D,E,H,G
A,C,B,F,I,D,G,E,H
A,C,B,F,I,D,G,H,E
A,C,B,F,I,D,H,E,G
A,C,B,F,I,D,H,G,E
A,C,B,F,I,E,D,G,H
A,C,B,F,I,E,D,H,G
A,C,B,F,I,E,G,D,H
A,C,B,F,I,E,G,H,D
A,C,B,F,I,E,H,D,G
A,C,B,F,I,E,H,G,D
A,C,B,F,I,G,D,E,H
A,C,B,F,I,G,D,H,E
A,C,B,F,I,G,E,D,H
A,C,B,F,I,G,E,H,D
A,C,B,F,I,G,H,D,E
A,C,B,F,I,G,H,E,D
A,C,B,F,I,H,D,E,G
A,C,B,F,I,H,D,G,E
A,C,B,F,I,H,E,D,G
A,C,B,F,I,H,E,G,D
A,C,B,F,I,H,G,D,E
A,C,B,F,I,H,G,E,D
A,C,B,G,D,E,F,H,I
A,C,B,G,D,E,F,I,H
A,C,B,G,D,E,H,F,I
A,C,B,G,D,E,H,I,F
A,C,B,G,D,E,I,F,H
A,C,B,G,D,E,I,H,F
A,C,B,G,D,F,E,H,I
A,C,B,G,D,F,E,I,H
A,C,B,G,D,F,H,E,I
A,C,B,G,D,F,H,I,E
A,C,B,G,D,F,I,E,H
A,C,B,G,D,F,I,H,E
A,C,B,G,D,H,E,F,I
A,C,B,G,D,H,E,I,F
A,C,B,G,D,H,F,E,I
A,C,B,G,D,H,F,I,E
A,C,B,G,D,H,I,E,F
A,C,B,G,D,H,I,F,E
A,C,B,G,D,I,E,F,H
A,C,B,G,D,I,E,H,F
A,C,B,G,D,I,F,E,H
A,C,B,G,D,I,F,H,E
A,C,B,G,D,I,H,E,F
A,C,B,G,D,I,H,F,E
A,C,B,G,E,D,F,H,I
A,C,B,G,E,D,F,I,H
A,C,B,G,E,D,H,F,I
A,C,B,G,E,D,H,I,F
A,C,B,G,E,D,I,F,H
A,C,B,G,E,D,I,H,F
A,C,B,G,E,F,D,H,I
A,C,B,G,E,F,D,I,H
A,C,B,G,E,F,H,D,I
A,C,B,G,E,F,H,I,D
A,C,B,G,E,F,I,D,H
A,C,B,G,E,F,I,H,D
A,C,B,G,E,H,D,F,I
A,C,B,G,E,H,D,I,F
A,C,B,G,E,H,F,D,I
A,C,B,G,E,H,F,I,D
A,C,B,G,E,H,I,D,F
A,C,B,G,E,H,I,F,D
A,C,B,G,E,I,D,F,H
A,C,B,G,E,I,D,H,F
A,C,B,G,E,I,F,D,H
A,C,B,G,E,I,F,H,D
A,C,B,G,E,I,H,D,F
A,C,B,G,E,I,H,F,D
A,C,B,G,F,D,E,H,I
A,C,B,G,F,D,E,I,H
A,C,B,G,F,D,H,E,I
A,C,B,G,F,D,H,I,E
A,C,B,G,F,D,I,E,H
A,C,B,G,F,D,I,H,E
A,C,B,G,F,E,D,H,I
A,C,B,G,F,E,D,I,H
A,C,B,G,F,E,H,D,I
A,C,B,G,F,E,H,I,D
A,C,B,G,F,E,I,D,H
A,C,B,G,F,E,I,H,D
A,C,B,G,F,H,D,E,I
A,C,B,G,F,H,D,I,E
A,C,B,G,F,H,E,D,I
A,C,B,G,F,H,E,I,D
A,C,B,G,F,H,I,D,E
A,C,B,G,F,H,I,E,D
A,C,B,G,F,I,D,E,H
A,C,B,G,F,I,D,H,E
A,C,B,G,F,I,E,D,H
A,C,B,G,F,I,E,H,D
A,C,B,G,F,I,H,D,E
A,C,B,G,F,I,H,E,D
A,C,B,G,H,D,E,F,I
A,C,B,G,H,D,E,I,F
A,C,B,G,H,D,F,E,I
A,C,B,G,H,D,F,I,E
A,C,B,G,H,D,I,E,F
A,C,B,G,H,D,I,F,E
A,C,B,G,H,E,D,F,I
A,C,B,G,H,E,D,I,F
A,C,B,G,H,E,F,D,I
A,C,B,G,H,E,F,I,D
A,C,B,G,H,E,I,D,F
A,C,B,G,H,E,I,F,D
A,C,B,G,H,F,D,E,I
A,C,B,G,H,F,D,I,E
A,C,B,G,H,F,E,D,I
A,C,B,G,H,F,E,I,D
A,C,B,G,H,F,I,D,E
A,C,B,G,H,F,I,E,D
A,C,B,G,H,I,D,E,F
A,C,B,G,H,I,D,F,E
A,C,B,G,H,I,E,D,F
A,C,B,G,H,I,E,F,D
A,C,B,G,H,I,F,D,E
A,C,B,G,H,I,F,E,D
A,C,B,G,I,D,E,F,H
A,C,B,G,I,D,E,H,F
A,C,B,G,I,D,F,E,H
A,C,B,G,I,D,F,H,E
A,C,B,G,I,D,H,E,F
A,C,B,G,I,D,H,F,E
A,C,B,G,I,E,D,F,H
A,C,B,G,I,E,D,H,F
A,C,B,G,I,E,F,D,H
A,C,B,G,I,E,F,H,D
A,C,B,G,I,E,H,D,F
A,C,B,G,I,E,H,F,D
A,C,B,G,I,F,D,E,H
A,C,B,G,I,F,D,H,E
A,C,B,G,I,F,E,D,H
A,C,B,G,I,F,E,H,D
A,C,B,G,I,F,H,D,E
A,C,B,G,I,F,H,E,D
A,C,B,G,I,H,D,E,F
A,C,B,G,I,H,D,F,E
A,C,B,G,I,H,E,D,F
A,C,B,G,I,H,E,F,D
A,C,B,G,I,H,F,D,E
A,C,B,G,I,H,F,E,D
A,C,B,H,D,E,F,G,I
A,C,B,H,D,E,F,I,G
A,C,B,H,D,E,G,F,I
A,C,B,H,D,E,G,I,F
A,C,B,H,D,E,I,F,G
A,C,B,H,D,E,I,G,F
A,C,B,H,D,F,E,G,I
A,C,B,H,D,F,E,I,G
A,C,B,H,D,F,G,E,I
A,C,B,H,D,F,G,I,E
A,C,B,H,D,F,I,E,G
A,C,B,H,D,F,I,G,E
A,C,B,H,D,G,E,F,I
A,C,B,H,D,G,E,I,F
A,C,B,H,D,G,F,E,I
A,C,B,H,D,G,F,I,E
A,C,B,H,D,G,I,E,F
A,C,B,H,D,G,I,F,E
A,C,B,H,D,I,E,F,G
A,C,B,H,D,I,E,G,F
A,C,B,H,D,I,F,E,G
A,C,B,H,D,I,F,G,E
A,C,B,H,D,I,G,E,F
A,C,B,H,D,I,G,F,E
A,C,B,H,E,D,F,G,I
A,C,B,H,E,D,F,I,G
A,C,B,H,E,D,G,F,I
A,C,B,H,E,D,G,I,F
A,C,B,H,E,D,I,F,G
A,C,B,H,E,D,I,G,F
A,C,B,H,E,F,D,G,I
A,C,B,H,E,F,D,I,G
A,C,B,H,E,F,G,D,I
A,C,B,H,E,F,G,I,D
A,C,B,H,E,F,I,D,G
A,C,B,H,E,F,I,G,D
A,C,B,H,E,G,D,F,I
A,C,B,H,E,G,D,I,F
A,C,B,H,E,G,F,D,I
A,C,B,H,E,G,F,I,D
A,C,B,H,E,G,I,D,F
A,C,B,H,E,G,I,F,D
A,C,B,H,E,I,D,F,G
A,C,B,H,E,I,D,G,F
A,C,B,H,E,I,F,D,G
A,C,B,H,E,I,F,G,D
A,C,B,H,E,I,G,D,F
A,C,B,H,E,I,G,F,D
A,C,B,H,F,D,E,G,I
A,C,B,H,F,D,E,I,G
A,C,B,H,F,D,G,E,I
A,C,B,H,F,D,G,I,E
A,C,B,H,F,D,I,E,G
A,C,B,H,F,D,I,G,E
A,C,B,H,F,E,D,G,I
A,C,B,H,F,E,D,I,G
A,C,B,H,F,E,G,D,I
A,C,B,H,F,E,G,I,D
A,C,B,H,F,E,I,D,G
A,C,B,H,F,E,I,G,D
A,C,B,H,F,G,D,E,I
A,C,B,H,F,G,D,I,E
A,C,B,H,F,G,E,D,I
A,C,B,H,F,G,E,I,D
A,C,B,H,F,G,I,D,E
A,C,B,H,F,G,I,E,D
A,C,B,H,F,I,D,E,G
A,C,B,H,F,I,D,G,E
A,C,B,H,F,I,E,D,G
A,C,B,H,F,I,E,G,D
A,C,B,H,F,I,G,D,E
A,C,B,H,F,I,G,E,D
A,C,B,H,G,D,E,F,I
A,C,B,H,G,D,E,I,F
A,C,B,H,G,D,F,E,I
A,C,B,H,G,D,F,I,E
A,C,B,H,G,D,I,E,F
A,C,B,H,G,D,I,F,E
A,C,B,H,G,E,D,F,I
A,C,B,H,G,E,D,I,F
A,C,B,H,G,E,F,D,I
A,C,B,H,G,E,F,I,D
A,C,B,H,G,E,I,D,F
A,C,B,H,G,E,I,F,D
A,C,B,H,G,F,D,E,I
A,C,B,H,G,F,D,I,E
A,C,B,H,G,F,E,D,I
A,C,B,H,G,F,E,I,D
A,C,B,H,G,F,I,D,E
A,C,B,H,G,F,I,E,D
A,C,B,H,G,I,D,E,F
A,C,B,H,G,I,D,F,E
A,C,B,H,G,I,E,D,F
A,C,B,H,G,I,E,F,D
A,C,B,H,G,I,F,D,E
A,C,B,H,G,I,F,E,D
A,C,B,H,I,D,E,F,G
A,C,B,H,I,D,E,G,F
A,C,B,H,I,D,F,E,G
A,C,B,H,I,D,F,G,E
A,C,B,H,I,D,G,E,F
A,C,B,H,I,D,G,F,E
A,C,B,H,I,E,D,F,G
A,C,B,H,I,E,D,G,F
A,C,B,H,I,E,F,D,G
A,C,B,H,I,E,F,G,D
A,C,B,H,I,E,G,D,F
A,C,B,H,I,E,G,F,D
A,C,B,H,I,F,D,E,G
A,C,B,H,I,F,D,G,E
A,C,B,H,I,F,E,D,G
A,C,B,H,I,F,E,G,D
A,C,B,H,I,F,G,D,E
A,C,B,H,I,F,G,E,D
A,C,B,H,I,G,D,E,F
A,C,B,H,I,G,D,F,E
A,C,B,H,I,G,E,D,F
A,C,B,H,I,G,E,F,D
A,C,B,H,I,G,F,D,E
A,C,B,H,I,G,F,E,D
A,C,B,I,D,E,F,G,H
A,C,B,I,D,E,F,H,G
A,C,B,I,D,E,G,F,H
A,C,B,I,D,E,G,H,F
A,C,B,I,D,E,H,F,G
A,C,B,I,D,E,H,G,F
A,C,B,I,D,F,E,G,H
A,C,B,I,D,F,E,H,G
A,C,B,I,D,F,G,E,H
A,C,B,I,D,F,G,H,E
A,C,B,I,D,F,H,E,G
A,C,B,I,D,F,H,G,E
A,C,B,I,D,G,E,F,H
A,C,B,I,D,G,E,H,F
A,C,B,I,D,G,F,E,H
A,C,B,I,D,G,F,H,E
A,C,B,I,D,G,H,E,F
A,C,B,I,D,G,H,F,E
A,C,B,I,D,H,E,F,G
A,C,B,I,D,H,E,G,F
A,C,B,I,D,H,F,E,G
A,C,B,I,D,H,F,G,E
A,C,B,I,D,H,G,E,F
A,C,B,I,D,H,G,F,E
A,C,B,I,E,D,F,G,H
A,C,B,I,E,D,F,H,G
A,C,B,I,E,D,G,F,H
A,C,B,I,E,D,G,H,F
A,C,B,I,E,D,H,F,G
A,C,B,I,E,D,H,G,F
A,C,B,I,E,F,D,G,H
A,C,B,I,E,F,D,H,G
A,C,B,I,E,F,G,D,H
A,C,B,I,E,F,G,H,D
A,C,B,I,E,F,H,D,G
A,C,B,I,E,F,H,G,D
A,C,B,I,E,G,D,F,H
A,C,B,I,E,G,D,H,F
A,C,B,I,E,G,F,D,H
A,C,B,I,E,G,F,H,D
A,C,B,I,E,G,H,D,F
A,C,B,I,E,G,H,F,D
A,C,B,I,E,H,D,F,G
A,C,B,I,E,H,D,G,F
A,C,B,I,E,H,F,D,G
A,C,B,I,E,H,F,G,D
A,C,B,I,E,H,G,D,F
A,C,B,I,E,H,G,F,D
A,C,B,I,F,D,E,G,H
A,C,B,I,F,D,E,H,G
A,C,B,I,F,D,G,E,H
A,C,B,I,F,D,G,H,E
A,C,B,I,F,D,H,E,G
A,C,B,I,F,D,H,G,E
A,C,B,I,F,E,D,G,H
A,C,B,I,F,E,D,H,G
A,C,B,I,F,E,G,D,H
A,C,B,I,F,E,G,H,D
A,C,B,I,F,E,H,D,G
A,C,B,I,F,E,H,G,D
A,C,B,I,F,G,D,E,H
A,C,B,I,F,G,D,H,E
A,C,B,I,F,G,E,D,H
A,C,B,I,F,G,E,H,D
A,C,B,I,F,G,H,D,E
A,C,B,I,F,G,H,E,D
A,C,B,I,F,H,D,E,G
A,C,B,I,F,H,D,G,E
A,C,B,I,F,H,E,D,G
A,C,B,I,F,H,E,G,D
A,C,B,I,F,H,G,D,E
A,C,B,I,F,H,G,E,D
A,C,B,I,G,D,E,F,H
A,C,B,I,G,D,E,H,F
A,C,B,I,G,D,F,E,H
A,C,B,I,G,D,F,H,E
A,C,B,I,G,D,H,E,F
A,C,B,I,G,D,H,F,E
A,C,B,I,G,E,D,F,H
A,C,B,I,G,E,D,H,F
A,C,B,I,G,E,F,D,H
A,C,B,I,G,E,F,H,D
A,C,B,I,G,E,H,D,F
A,C,B,I,G,E,H,F,D
A,C,B,I,G,F,D,E,H
A,C,B,I,G,F,D,H,E
A,C,B,I,G,F,E,D,H
A,C,B,I,G,F,E,H,D
A,C,B,I,G,F,H,D,E
A,C,B,I,G,F,H,E,D
A,C,B,I,G,H,D,E,F
A,C,B,I,G,H,D,F,E
A,C,B,I,G,H,E,D,F
A,C,B,I,G,H,E,F,D
A,C,B,I,G,H,F,D,E
A,C,B,I,G,H,F,E,D
A,C,B,I,H,D,E,F,G
A,C,B,I,H,D,E,G,F
A,C,B,I,H,D,F,E,G
A,C,B,I,H,D,F,G,E
A,C,B,I,H,D,G,E,F
A,C,B,I,H,D,G,F,E
A,C,B,I,H,E,D,F,G
A,C,B,I,H,E,D,G,F
A,C,B,I,H,E,F,D,G
A,C,B,I,H,E,F,G,D
A,C,B,I,H,E,G,D,F
A,C,B,I,H,E,G,F,D
A,C,B,I,H,F,D,E,G
A,C,B,I,H,F,D,G,E
A,C,B,I,H,F,E,D,G
A,C,B,I,H,F,E,G,D
A,C,B,I,H,F,G,D,E
A,C,B,I,H,F,G,E,D
A,C,B,I,H,G,D,E,F
A,C,B,I,H,G,D,F,E
A,C,B,I,H,G,E,D,F
A,C,B,I,H,G,E,F,D
A,C,B,I,H,G,F,D,E
A,C,B,I,H,G,F,E,D
A,C,D,B,E,F,G,H,I
A,C,D,B,E,F,G,I,H
A,C,D,B,E,F,H,G,I
A,C,D,B,E,F,H,I,G
A,C,D,B,E,F,I,G,H
A,C,D,B,E,F,I,H,G
A,C,D,B,E,G,F,H,I
A,C,D,B,E,G,F,I,H
A,C,D,B,E,G,H,F,I
A,C,D,B,E,G,H,I,F
A,C,D,B,E,G,I,F,H
A,C,D,B,E,G,I,H,F
A,C,D,B,E,H,F,G,I
A,C,D,B,E,H,F,I,G
A,C,D,B,E,H,G,F,I
A,C,D,B,E,H,G,I,F
A,C,D,B,E,H,I,F,G
A,C,D,B,E,H,I,G,F
A,C,D,B,E,I,F,G,H
A,C,D,B,E,I,F,H,G
A,C,D,B,E,I,G,F,H
A,C,D,B,E,I,G,H,F
A,C,D,B,E,I,H,F,G
A,C,D,B,E,I,H,G,F
A,C,D,B,F,E,G,H,I
A,C,D,B,F,E,G,I,H
A,C,D,B,F,E,H,G,I
A,C,D,B,F,E,H,I,G
A,C,D,B,F,E,I,G,H
A,C,D,B,F,E,I,H,G
A,C,D,B,F,G,E,H,I
A,C,D,B,F,G,E,I,H
A,C,D,B,F,G,H,E,I
A,C,D,B,F,G,H,I,E
A,C,D,B,F,G,I,E,H
A,C,D,B,F,G,I,H,E
A,C,D,B,F,H,E,G,I
A,C,D,B,F,H,E,I,G
A,C,D,B,F,H,G,E,I
A,C,D,B,F,H,G,I,E
A,C,D,B,F,H,I,E,G
A,C,D,B,F,H,I,G,E
A,C,D,B,F,I,E,G,H
A,C,D,B,F,I,E,H,G
A,C,D,B,F,I,G,E,H
A,C,D,B,F,I,G,H,E
A,C,D,B,F,I,H,E,G
A,C,D,B,F,I,H,G,E
A,C,D,B,G,E,F,H,I
A,C,D,B,G,E,F,I,H
A,C,D,B,G,E,H,F,I
A,C,D,B,G,E,H,I,F
A,C,D,B,G,E,I,F,H
A,C,D,B,G,E,I,H,F
A,C,D,B,G,F,E,H,I
A,C,D,B,G,F,E,I,H
A,C,D,B,G,F,H,E,I
A,C,D,B,G,F,H,I,E
A,C,D,B,G,F,I,E,H
A,C,D,B,G,F,I,H,E
A,C,D,B,G,H,E,F,I
A,C,D,B,G,H,E,I,F
A,C,D,B,G,H,F,E,I
A,C,D,B,G,H,F,I,E
A,C,D,B,G,H,I,E,F
A,C,D,B,G,H,I,F,E
A,C,D,B,G,I,E,F,H
A,C,D,B,G,I,E,H,F
A,C,D,B,G,I,F,E,H
A,C,D,B,G,I,F,H,E
A,C,D,B,G,I,H,E,F
A,C,D,B,G,I,H,F,E
A,C,D,B,H,E,F,G,I
A,C,D,B,H,E,F,I,G
A,C,D,B,H,E,G,F,I
A,C,D,B,H,E,G,I,F
A,C,D,B,H,E,I,F,G
A,C,D,B,H,E,I,G,F
A,C,D,B,H,F,E,G,I
A,C,D,B,H,F,E,I,G
A,C,D,B,H,F,G,E,I
A,C,D,B,H,F,G,I,E
A,C,D,B,H,F,I,E,G
A,C,D,B,H,F,I,G,E
A,C,D,B,H,G,E,F,I
A,C,D,B,H,G,E,I,F
A,C,D,B,H,G,F,E,I
A,C,D,B,H,G,F,I,E
A,C,D,B,H,G,I,E,F
A,C,D,B,H,G,I,F,E
A,C,D,B,H,I,E,F,G
A,C,D,B,H,I,E,G,F
A,C,D,B,H,I,F,E,G
A,C,D,B,H,I,F,G,E
A,C,D,B,H,I,G,E,F
A,C,D,B,H,I,G,F,E
A,C,D,B,I,E,F,G,H
A,C,D,B,I,E,F,H,G
A,C,D,B,I,E,G,F,H
A,C,D,B,I,E,G,H,F
A,C,D,B,I,E,H,F,G
A,C,D,B,I,E,H,G,F
A,C,D,B,I,F,E,G,H
A,C,D,B,I,F,E,H,G
A,C,D,B,I,F,G,E,H
A,C,D,B,I,F,G,H,E
A,C,D,B,I,F,H,E,G
A,C,D,B,I,F,H,G,E
A,C,D,B,I,G,E,F,H
A,C,D,B,I,G,E,H,F
A,C,D,B,I,G,F,E,H
A,C,D,B,I,G,F,H,E
A,C,D,B,I,G,H,E,F
A,C,D,B,I,G,H,F,E
A,C,D,B,I,H,E,F,G
A,C,D,B,I,H,E,G,F
A,C,D,B,I,H,F,E,G
A,C,D,B,I,H,F,G,E
A,C,D,B,I,H,G,E,F
A,C,D,B,I,H,G,F,E
A,C,D,E,B,F,G,H,I
A,C,D,E,B,F,G,I,H
A,C,D,E,B,F,H,G,I
A,C,D,E,B,F,H,I,G
A,C,D,E,B,F,I,G,H
A,C,D,E,B,F,I,H,G
A,C,D,E,B,G,F,H,I
A,C,D,E,B,G,F,I,H
A,C,D,E,B,G,H,F,I
A,C,D,E,B,G,H,I,F
A,C,D,E,B,G,I,F,H
A,C,D,E,B,G,I,H,F
A,C,D,E,B,H,F,G,I
A,C,D,E,B,H,F,I,G
A,C,D,E,B,H,G,F,I
A,C,D,E,B,H,G,I,F
A,C,D,E,B,H,I,F,G
A,C,D,E,B,H,I,G,F
A,C,D,E,B,I,F,G,H
A,C,D,E,B,I,F,H,G
A,C,D,E,B,I,G,F,H
A,C,D,E,B,I,G,H,F
A,C,D,E,B,I,H,F,G
A,C,D,E,B,I,H,G,F
A,C,D,E,F,B,G,H,I
A,C,D,E,F,B,G,I,H
A,C,D,E,F,B,H,G,I
A,C,D,E,F,B,H,I,G
A,C,D,E,F,B,I,G,H
A,C,D,E,F,B,I,H,G
A,C,D,E,F,G,B,H,I
A,C,D,E,F,G,B,I,H
A,C,D,E,F,G,H,B,I
A,C,D,E,F,G,H,I,B
A,C,D,E,F,G,I,B,H
A,C,D,E,F,G,I,H,B
A,C,D,E,F,H,B,G,I
A,C,D,E,F,H,B,I,G
A,C,D,E,F,H,G,B,I
A,C,D,E,F,H,G,I,B
A,C,D,E,F,H,I,B,G
A,C,D,E,F,H,I,G,B
A,C,D,E,F,I,B,G,H
A,C,D,E,F,I,B,H,G
A,C,D,E,F,I,G,B,H
A,C,D,E,F,I,G,H,B
A,C,D,E,F,I,H,B,G
A,C,D,E,F,I,H,G,B
A,C,D,E,G,B,F,H,I
A,C,D,E,G,B,F,I,H
A,C,D,E,G,B,H,F,I
A,C,D,E,G,B,H,I,F
A,C,D,E,G,B,I,F,H
A,C,D,E,G,B,I,H,F
A,C,D,E,G,F,B,H,I
A,C,D,E,G,F,B,I,H
A,C,D,E,G,F,H,B,I
A,C,D,E,G,F,H,I,B
A,C,D,E,G,F,I,B,H
A,C,D,E,G,F,I,H,B
A,C,D,E,G,H,B,F,I
A,C,D,E,G,H,B,I,F
A,C,D,E,G,H,F,B,I
A,C,D,E,G,H,F,I,B
A,C,D,E,G,H,I,B,F
A,C,D,E,G,H,I,F,B
A,C,D,E,G,I,B,F,H
A,C,D,E,G,I,B,H,F
A,C,D,E,G,I,F,B,H
A,C,D,E,G,I,F,H,B
A,C,D,E,G,I,H,B,F
A,C,D,E,G,I,H,F,B
A,C,D,E,H,B,F,G,I
A,C,D,E,H,B,F,I,G
A,C,D,E,H,B,G,F,I
A,C,D,E,H,B,G,I,F
A,C,D,E,H,B,I,F,G
A,C,D,E,H,B,I,G,F
A,C,D,E,H,F,B,G,I
A,C,D,E,H,F,B,I,G
A,C,D,E,H,F,G,B,I
A,C,D,E,H,F,G,I,B
A,C,D,E,H,F,I,B,G
A,C,D,E,H,F,I,G,B
A,C,D,E,H,G,B,F,I
A,C,D,E,H,G,B,I,F
A,C,D,E,H,G,F,B,I
A,C,D,E,H,G,F,I,B
A,C,D,E,H,G,I,B,F
A,C,D,E,H,G,I,F,B
A,C,D,E,H,I,B,F,G
A,C,D,E,H,I,B,G,F
A,C,D,E,H,I,F,B,G
A,C,D,E,H,I,F,G,B
A,C,D,E,H,I,G,B,F
A,C,D,E,H,I,G,F,B
A,C,D,E,I,B,F,G,H
A,C,D,E,I,B,F,H,G
A,C,D,E,I,B,G,F,H
A,C,D,E,I,B,G,H,F
A,C,D,E,I,B,H,F,G
A,C,D,E,I,B,H,G,F
A,C,D,E,I,F,B,G,H
A,C,D,E,I,F,B,H,G
A,C,D,E,I,F,G,B,H
A,C,D,E,I,F,G,H,B
A,C,D,E,I,F,H,B,G
A,C,D,E,I,F,H,G,B
A,C,D,E,I,G,B,F,H
A,C,D,E,I,G,B,H,F
A,C,D,E,I,G,F,B,H
A,C,D,E,I,G,F,H,B
A,C,D,E,I,G,H,B,F
A,C,D,E,I,G,H,F,B
A,C,D,E,I,H,B,F,G
A,C,D,E,I,H,B,G,F
A,C,D,E,I,H,F,B,G
A,C,D,E,I,H,F,G,B
A,C,D,E,I,H,G,B,F
A,C,D,E,I,H,G,F,B
A,C,D,F,B,E,G,H,I
A,C,D,F,B,E,G,I,H
A,C,D,F,B,E,H,G,I
A,C,D,F,B,E,H,I,G
A,C,D,F,B,E,I,G,H
A,C,D,F,B,E,I,H,G
A,C,D,F,B,G,E,H,I
A,C,D,F,B,G,E,I,H
A,C,D,F,B,G,H,E,I
A,C,D,F,B,G,H,I,E
A,C,D,F,B,G,I,E,H
A,C,D,F,B,G,I,H,E
A,C,D,F,B,H,E,G,I
A,C,D,F,B,H,E,I,G
A,C,D,F,B,H,G,E,I
A,C,D,F,B,H,G,I,E
A,C,D,F,B,H,I,E,G
A,C,D,F,B,H,I,G,E
A,C,D,F,B,I,E,G,H
A,C,D,F,B,I,E,H,G
A,C,D,F,B,I,G,E,H
A,C,D,F,B,I,G,H,E
A,C,D,F,B,I,H,E,G
A,C,D,F,B,I,H,G,E
A,C,D,F,E,B,G,H,I
A,C,D,F,E,B,G,I,H
A,C,D,F,E,B,H,G,I
A,C,D,F,E,B,H,I,G
A,C,D,F,E,B,I,G,H
A,C,D,F,E,B,I,H,G
A,C,D,F,E,G,B,H,I
A,C,D,F,E,G,B,I,H
A,C,D,F,E,G,H,B,I
A,C,D,F,E,G,H,I,B
A,C,D,F,E,G,I,B,H
A,C,D,F,E,G,I,H,B
A,C,D,F,E,H,B,G,I
A,C,D,F,E,H,B,I,G
A,C,D,F,E,H,G,B,I
A,C,D,F,E,H,G,I,B
A,C,D,F,E,H,I,B,G
A,C,D,F,E,H,I,G,B
A,C,D,F,E,I,B,G,H
A,C,D,F,E,I,B,H,G
A,C,D,F,E,I,G,B,H
A,C,D,F,E,I,G,H,B
A,C,D,F,E,I,H,B,G
A,C,D,F,E,I,H,G,B
A,C,D,F,G,B,E,H,I
A,C,D,F,G,B,E,I,H
A,C,D,F,G,B,H,E,I
A,C,D,F,G,B,H,I,E
A,C,D,F,G,B,I,E,H
A,C,D,F,G,B,I,H,E
A,C,D,F,G,E,B,H,I
A,C,D,F,G,E,B,I,H
A,C,D,F,G,E,H,B,I
A,C,D,F,G,E,H,I,B
A,C,D,F,G,E,I,B,H
A,C,D,F,G,E,I,H,B
A,C,D,F,G,H,B,E,I
A,C,D,F,G,H,B,I,E
A,C,D,F,G,H,E,B,I
A,C,D,F,G,H,E,I,B
A,C,D,F,G,H,I,B,E
A,C,D,F,G,H,I,E,B
A,C,D,F,G,I,B,E,H
A,C,D,F,G,I,B,H,E
A,C,D,F,G,I,E,B,H
A,C,D,F,G,I,E,H,B
A,C,D,F,G,I,H,B,E
A,C,D,F,G,I,H,E,B
A,C,D,F,H,B,E,G,I
A,C,D,F,H,B,E,I,G
A,C,D,F,H,B,G,E,I
A,C,D,F,H,B,G,I,E
A,C,D,F,H,B,I,E,G
A,C,D,F,H,B,I,G,E
A,C,D,F,H,E,B,G,I
A,C,D,F,H,E,B,I,G
A,C,D,F,H,E,G,B,I
A,C,D,F,H,E,G,I,B
A,C,D,F,H,E,I,B,G
A,C,D,F,H,E,I,G,B
A,C,D,F,H,G,B,E,I
A,C,D,F,H,G,B,I,E
A,C,D,F,H,G,E,B,I
A,C,D,F,H,G,E,I,B
A,C,D,F,H,G,I,B,E
A,C,D,F,H,G,I,E,B
A,C,D,F,H,I,B,E,G
A,C,D,F,H,I,B,G,E
A,C,D,F,H,I,E,B,G
A,C,D,F,H,I,E,G,B
A,C,D,F,H,I,G,B,E
A,C,D,F,H,I,G,E,B
A,C,D,F,I,B,E,G,H
A,C,D,F,I,B,E,H,G
A,C,D,F,I,B,G,E,H
A,C,D,F,I,B,G,H,E
A,C,D,F,I,B,H,E,G
A,C,D,F,I,B,H,G,E
A,C,D,F,I,E,B,G,H
A,C,D,F,I,E,B,H,G
A,C,D,F,I,E,G,B,H
A,C,D,F,I,E,G,H,B
A,C,D,F,I,E,H,B,G
A,C,D,F,I,E,H,G,B
A,C,D,F,I,G,B,E,H
A,C,D,F,I,G,B,H,E
A,C,D,F,I,G,E,B,H
A,C,D,F,I,G,E,H,B
A,C,D,F,I,G,H,B,E
A,C,D,F,I,G,H,E,B
A,C,D,F,I,H,B,E,G
A,C,D,F,I,H,B,G,E
A,C,D,F,I,H,E,B,G
A,C,D,F,I,H,E,G,B
A,C,D,F,I,H,G,B,E
A,C,D,F,I,H,G,E,B
A,C,D,G,B,E,F,H,I
A,C,D,G,B,E,F,I,H
A,C,D,G,B,E,H,F,I
A,C,D,G,B,E,H,I,F
A,C,D,G,B,E,I,F,H
A,C,D,G,B,E,I,H,F
A,C,D,G,B,F,E,H,I
A,C,D,G,B,F,E,I,H
A,C,D,G,B,F,H,E,I
A,C,D,G,B,F,H,I,E
A,C,D,G,B,F,I,E,H
A,C,D,G,B,F,I,H,E
A,C,D,G,B,H,E,F,I
A,C,D,G,B,H,E,I,F
A,C,D,G,B,H,F,E,I
A,C,D,G,B,H,F,I,E
A,C,D,G,B,H,I,E,F
A,C,D,G,B,H,I,F,E
A,C,D,G,B,I,E,F,H
A,C,D,G,B,I,E,H,F
A,C,D,G,B,I,F,E,H
A,C,D,G,B,I,F,H,E
A,C,D,G,B,I,H,E,F
A,C,D,G,B,I,H,F,E
A,C,D,G,E,B,F,H,I
A,C,D,G,E,B,F,I,H
A,C,D,G,E,B,H,F,I
A,C,D,G,E,B,H,I,F
A,C,D,G,E,B,I,F,H
A,C,D,G,E,B,I,H,F
A,C,D,G,E,F,B,H,I
A,C,D,G,E,F,B,I,H
A,C,D,G,E,F,H,B,I
A,C,D,G,E,F,H,I,B
A,C,D,G,E,F,I,B,H
A,C,D,G,E,F,I,H,B
A,C,D,G,E,H,B,F,I
A,C,D,G,E,H,B,I,F
A,C,D,G,E,H,F,B,I
A,C,D,G,E,H,F,I,B
A,C,D,G,E,H,I,B,F
A,C,D,G,E,H,I,F,B
A,C,D,G,E,I,B,F,H
A,C,D,G,E,I,B,H,F
A,C,D,G,E,I,F,B,H
A,C,D,G,E,I,F,H,B
A,C,D,G,E,I,H,B,F
A,C,D,G,E,I,H,F,B
A,C,D,G,F,B,E,H,I
A,C,D,G,F,B,E,I,H
A,C,D,G,F,B,H,E,I
A,C,D,G,F,B,H,I,E
A,C,D,G,F,B,I,E,H
A,C,D,G,F,B,I,H,E
A,C,D,G,F,E,B,H,I
A,C,D,G,F,E,B,I,H
A,C,D,G,F,E,H,B,I
A,C,D,G,F,E,H,I,B
A,C,D,G,F,E,I,B,H
A,C,D,G,F,E,I,H,B
A,C,D,G,F,H,B,E,I
A,C,D,G,F,H,B,I,E
A,C,D,G,F,H,E,B,I
A,C,D,G,F,H,E,I,B
A,C,D,G,F,H,I,B,E
A,C,D,G,F,H,I,E,B
A,C,D,G,F,I,B,E,H
A,C,D,G,F,I,B,H,E
A,C,D,G,F,I,E,B,H
A,C,D,G,F,I,E,H,B
A,C,D,G,F,I,H,B,E
A,C,D,G,F,I,H,E,B
A,C,D,G,H,B,E,F,I
A,C,D,G,H,B,E,I,F
A,C,D,G,H,B,F,E,I
A,C,D,G,H,B,F,I,E
A,C,D,G,H,B,I,E,F
A,C,D,G,H,B,I,F,E
A,C,D,G,H,E,B,F,I
A,C,D,G,H,E,B,I,F
A,C,D,G,H,E,F,B,I
A,C,D,G,H,E,F,I,B
A,C,D,G,H,E,I,B,F
A,C,D,G,H,E,I,F,B
A,C,D,G,H,F,B,E,I
A,C,D,G,H,F,B,I,E
A,C,D,G,H,F,E,B,I
A,C,D,G,H,F,E,I,B
A,C,D,G,H,F,I,B,E
A,C,D,G,H,F,I,E,B
A,C,D,G,H,I,B,E,F
A,C,D,G,H,I,B,F,E
A,C,D,G,H,I,E,B,F
A,C,D,G,H,I,E,F,B
A,C,D,G,H,I,F,B,E
A,C,D,G,H,I,F,E,B
A,C,D,G,I,B,E,F,H
A,C,D,G,I,B,E,H,F
A,C,D,G,I,B,F,E,H
A,C,D,G,I,B,F,H,E
A,C,D,G,I,B,H,E,F
A,C,D,G,I,B,H,F,E
A,C,D,G,I,E,B,F,H
A,C,D,G,I,E,B,H,F
A,C,D,G,I,E,F,B,H
A,C,D,G,I,E,F,H,B
A,C,D,G,I,E,H,B,F
A,C,D,G,I,E,H,F,B
A,C,D,G,I,F,B,E,H
A,C,D,G,I,F,B,H,E
A,C,D,G,I,F,E,B,H
A,C,D,G,I,F,E,H,B
A,C,D,G,I,F,H,B,E
A,C,D,G,I,F,H,E,B
A,C,D,G,I,H,B,E,F
A,C,D,G,I,H,B,F,E
A,C,D,G,I,H,E,B,F
A,C,D,G,I,H,E,F,B
A,C,D,G,I,H,F,B,E
A,C,D,G,I,H,F,E,B
A,C,D,H,B,E,F,G,I
A,C,D,H,B,E,F,I,G
A,C,D,H,B,E,G,F,I
A,C,D,H,B,E,G,I,F
A,C,D,H,B,E,I,F,G
A,C,D,H,B,E,I,G,F
A,C,D,H,B,F,E,G,I
A,C,D,H,B,F,E,I,G
A,C,D,H,B,F,G,E,I
A,C,D,H,B,F,G,I,E
A,C,D,H,B,F,I,E,G
A,C,D,H,B,F,I,G,E
A,C,D,H,B,G,E,F,I
A,C,D,H,B,G,E,I,F
A,C,D,H,B,G,F,E,I
A,C,D,H,B,G,F,I,E
A,C,D,H,B,G,I,E,F
A,C,D,H,B,G,I,F,E
A,C,D,H,B,I,E,F,G
A,C,D,H,B,I,E,G,F
A,C,D,H,B,I,F,E,G
A,C,D,H,B,I,F,G,E
A,C,D,H,B,I,G,E,F
A,C,D,H,B,I,G,F,E
A,C,D,H,E,B,F,G,I
A,C,D,H,E,B,F,I,G
A,C,D,H,E,B,G,F,I
A,C,D,H,E,B,G,I,F
A,C,D,H,E,B,I,F,G
A,C,D,H,E,B,I,G,F
A,C,D,H,E,F,B,G,I
A,C,D,H,E,F,B,I,G
A,C,D,H,E,F,G,B,I
A,C,D,H,E,F,G,I,B
A,C,D,H,E,F,I,B,G
A,C,D,H,E,F,I,G,B
A,C,D,H,E,G,B,F,I
A,C,D,H,E,G,B,I,F
A,C,D,H,E,G,F,B,I
A,C,D,H,E,G,F,I,B
A,C,D,H,E,G,I,B,F
A,C,D,H,E,G,I,F,B
A,C,D,H,E,I,B,F,G
A,C,D,H,E,I,B,G,F
A,C,D,H,E,I,F,B,G
A,C,D,H,E,I,F,G,B
A,C,D,H,E,I,G,B,F
A,C,D,H,E,I,G,F,B
A,C,D,H,F,B,E,G,I
A,C,D,H,F,B,E,I,G
A,C,D,H,F,B,G,E,I
A,C,D,H,F,B,G,I,E
A,C,D,H,F,B,I,E,G
A,C,D,H,F,B,I,G,E
A,C,D,H,F,E,B,G,I
A,C,D,H,F,E,B,I,G
A,C,D,H,F,E,G,B,I
A,C,D,H,F,E,G,I,B
A,C,D,H,F,E,I,B,G
A,C,D,H,F,E,I,G,B
A,C,D,H,F,G,B,E,I
A,C,D,H,F,G,B,I,E
A,C,D,H,F,G,E,B,I
A,C,D,H,F,G,E,I,B
A,C,D,H,F,G,I,B,E
A,C,D,H,F,G,I,E,B
A,C,D,H,F,I,B,E,G
A,C,D,H,F,I,B,G,E
A,C,D,H,F,I,E,B,G
A,C,D,H,F,I,E,G,B
A,C,D,H,F,I,G,B,E
A,C,D,H,F,I,G,E,B
A,C,D,H,G,B,E,F,I
A,C,D,H,G,B,E,I,F
A,C,D,H,G,B,F,E,I
A,C,D,H,G,B,F,I,E
A,C,D,H,G,B,I,E,F
A,C,D,H,G,B,I,F,E
A,C,D,H,G,E,B,F,I
A,C,D,H,G,E,B,I,F
A,C,D,H,G,E,F,B,I
A,C,D,H,G,E,F,I,B
A,C,D,H,G,E,I,B,F
A,C,D,H,G,E,I,F,B
A,C,D,H,G,F,B,E,I
A,C,D,H,G,F,B,I,E
A,C,D,H,G,F,E,B,I
A,C,D,H,G,F,E,I,B
A,C,D,H,G,F,I,B,E
A,C,D,H,G,F,I,E,B
A,C,D,H,G,I,B,E,F
A,C,D,H,G,I,B,F,E
A,C,D,H,G,I,E,B,F
A,C,D,H,G,I,E,F,B
A,C,D,H,G,I,F,B,E
A,C,D,H,G,I,F,E,B
A,C,D,H,I,B,E,F,G
A,C,D,H,I,B,E,G,F
A,C,D,H,I,B,F,E,G
A,C,D,H,I,B,F,G,E
A,C,D,H,I,B,G,E,F
A,C,D,H,I,B,G,F,E
A,C,D,H,I,E,B,F,G
A,C,D,H,I,E,B,G,F
A,C,D,H,I,E,F,B,G
A,C,D,H,I,E,F,G,B
A,C,D,H,I,E,G,B,F
A,C,D,H,I,E,G,F,B
A,C,D,H,I,F,B,E,G
A,C,D,H,I,F,B,G,E
A,C,D,H,I,F,E,B,G
A,C,D,H,I,F,E,G,B
A,C,D,H,I,F,G,B,E
A,C,D,H,I,F,G,E,B
A,C,D,H,I,G,B,E,F
A,C,D,H,I,G,B,F,E
A,C,D,H,I,G,E,B,F
A,C,D,H,I,G,E,F,B
A,C,D,H,I,G,F,B,E
A,C,D,H,I,G,F,E,B
A,C,D,I,B,E,F,G,H
A,C,D,I,B,E,F,H,G
A,C,D,I,B,E,G,F,H
A,C,D,I,B,E,G,H,F
A,C,D,I,B,E,H,F,G
A,C,D,I,B,E,H,G,F
A,C,D,I,B,F,E,G,H
A,C,D,I,B,F,E,H,G
A,C,D,I,B,F,G,E,H
A,C,D,I,B,F,G,H,E
A,C,D,I,B,F,H,E,G
A,C,D,I,B,F,H,G,E
A,C,D,I,B,G,E,F,H
A,C,D,I,B,G,E,H,F
A,C,D,I,B,G,F,E,H
A,C,D,I,B,G,F,H,E
A,C,D,I,B,G,H,E,F
A,C,D,I,B,G,H,F,E
A,C,D,I,B,H,E,F,G
A,C,D,I,B,H,E,G,F
A,C,D,I,B,H,F,E,G
A,C,D,I,B,H,F,G,E
A,C,D,I,B,H,G,E,F
A,C,D,I,B,H,G,F,E
A,C,D,I,E,B,F,G,H
A,C,D,I,E,B,F,H,G
A,C,D,I,E,B,G,F,H
A,C,D,I,E,B,G,H,F
A,C,D,I,E,B,H,F,G
A,C,D,I,E,B,H,G,F
A,C,D,I,E,F,B,G,H
A,C,D,I,E,F,B,H,G
A,C,D,I,E,F,G,B,H
A,C,D,I,E,F,G,H,B
A,C,D,I,E,F,H,B,G
A,C,D,I,E,F,H,G,B
A,C,D,I,E,G,B,F,H
A,C,D,I,E,G,B,H,F
A,C,D,I,E,G,F,B,H
A,C,D,I,E,G,F,H,B
A,C,D,I,E,G,H,B,F
A,C,D,I,E,G,H,F,B
A,C,D,I,E,H,B,F,G
A,C,D,I,E,H,B,G,F
A,C,D,I,E,H,F,B,G
A,C,D,I,E,H,F,G,B
A,C,D,I,E,H,G,B,F
A,C,D,I,E,H,G,F,B
A,C,D,I,F,B,E,G,H
A,C,D,I,F,B,E,H,G
A,C,D,I,F,B,G,E,H
A,C,D,I,F,B,G,H,E
A,C,D,I,F,B,H,E,G
A,C,D,I,F,B,H,G,E
A,C,D,I,F,E,B,G,H
A,C,D,I,F,E,B,H,G
A,C,D,I,F,E,G,B,H
A,C,D,I,F,E,G,H,B
A,C,D,I,F,E,H,B,G
A,C,D,I,F,E,H,G,B
A,C,D,I,F,G,B,E,H
A,C,D,I,F,G,B,H,E
A,C,D,I,F,G,E,B,H
A,C,D,I,F,G,E,H,B
A,C,D,I,F,G,H,B,E
A,C,D,I,F,G,H,E,B
A,C,D,I,F,H,B,E,G
A,C,D,I,F,H,B,G,E
A,C,D,I,F,H,E,B,G
A,C,D,I,F,H,E,G,B
A,C,D,I,F,H,G,B,E
A,C,D,I,F,H,G,E,B
A,C,D,I,G,B,E,F,H
A,C,D,I,G,B,E,H,F
A,C,D,I,G,B,F,E,H
A,C,D,I,G,B,F,H,E
A,C,D,I,G,B,H,E,F
A,C,D,I,G,B,H,F,E
A,C,D,I,G,E,B,F,H
A,C,D,I,G,E,B,H,F
A,C,D,I,G,E,F,B,H
A,C,D,I,G,E,F,H,B
A,C,D,I,G,E,H,B,F
A,C,D,I,G,E,H,F,B
A,C,D,I,G,F,B,E,H
A,C,D,I,G,F,B,H,E
A,C,D,I,G,F,E,B,H
A,C,D,I,G,F,E,H,B
A,C,D,I,G,F,H,B,E
A,C,D,I,G,F,H,E,B
A,C,D,I,G,H,B,E,F
A,C,D,I,G,H,B,F,E
A,C,D,I,G,H,E,B,F
A,C,D,I,G,H,E,F,B
A,C,D,I,G,H,F,B,E
A,C,D,I,G,H,F,E,B
A,C,D,I,H,B,E,F,G
A,C,D,I,H,B,E,G,F
A,C,D,I,H,B,F,E,G
A,C,D,I,H,B,F,G,E
A,C,D,I,H,B,G,E,F
A,C,D,I,H,B,G,F,E
A,C,D,I,H,E,B,F,G
A,C,D,I,H,E,B,G,F
A,C,D,I,H,E,F,B,G
A,C,D,I,H,E,F,G,B
A,C,D,I,H,E,G,B,F
A,C,D,I,H,E,G,F,B
A,C,D,I,H,F,B,E,G
A,C,D,I,H,F,B,G,E
A,C,D,I,H,F,E,B,G
A,C,D,I,H,F,E,G,B
A,C,D,I,H,F,G,B,E
A,C,D,I,H,F,G,E,B
A,C,D,I,H,G,B,E,F
A,C,D,I,H,G,B,F,E
A,C,D,I,H,G,E,B,F
A,C,D,I,H,G,E,F,B
A,C,D,I,H,G,F,B,E
A,C,D,I,H,G,F,E,B
A,C,E,B,D,F,G,H,I
A,C,E,B,D,F,G,I,H
A,C,E,B,D,F,H,G,I
A,C,E,B,D,F,H,I,G
A,C,E,B,D,F,I,G,H
A,C,E,B,D,F,I,H,G
A,C,E,B,D,G,F,H,I
A,C,E,B,D,G,F,I,H
A,C,E,B,D,G,H,F,I
A,C,E,B,D,G,H,I,F
A,C,E,B,D,G,I,F,H
A,C,E,B,D,G,I,H,F
A,C,E,B,D,H,F,G,I
A,C,E,B,D,H,F,I,G
A,C,E,B,D,H,G,F,I
A,C,E,B,D,H,G,I,F
A,C,E,B,D,H,I,F,G
A,C,E,B,D,H,I,G,F
A,C,E,B,D,I,F,G,H
A,C,E,B,D,I,F,H,G
A,C,E,B,D,I,G,F,H
A,C,E,B,D,I,G,H,F
A,C,E,B,D,I,H,F,G
A,C,E,B,D,I,H,G,F
A,C,E,B,F,D,G,H,I
A,C,E,B,F,D,G,I,H
A,C,E,B,F,D,H,G,I
A,C,E,B,F,D,H,I,G
A,C,E,B,F,D,I,G,H
A,C,E,B,F,D,I,H,G
A,C,E,B,F,G,D,H,I
A,C,E,B,F,G,D,I,H
A,C,E,B,F,G,H,D,I
A,C,E,B,F,G,H,I,D
A,C,E,B,F,G,I,D,H
A,C,E,B,F,G,I,H,D
A,C,E,B,F,H,D,G,I
A,C,E,B,F,H,D,I,G
A,C,E,B,F,H,G,D,I
A,C,E,B,F,H,G,I,D
A,C,E,B,F,H,I,D,G
A,C,E,B,F,H,I,G,D
A,C,E,B,F,I,D,G,H
A,C,E,B,F,I,D,H,G
A,C,E,B,F,I,G,D,H
A,C,E,B,F,I,G,H,D
A,C,E,B,F,I,H,D,G
A,C,E,B,F,I,H,G,D
A,C,E,B,G,D,F,H,I
A,C,E,B,G,D,F,I,H
A,C,E,B,G,D,H,F,I
A,C,E,B,G,D,H,I,F
A,C,E,B,G,D,I,F,H
A,C,E,B,G,D,I,H,F
A,C,E,B,G,F,D,H,I
A,C,E,B,G,F,D,I,H
A,C,E,B,G,F,H,D,I
A,C,E,B,G,F,H,I,D
A,C,E,B,G,F,I,D,H
A,C,E,B,G,F,I,H,D
A,C,E,B,G,H,D,F,I
A,C,E,B,G,H,D,I,F
A,C,E,B,G,H,F,D,I
A,C,E,B,G,H,F,I,D
A,C,E,B,G,H,I,D,F
A,C,E,B,G,H,I,F,D
A,C,E,B,G,I,D,F,H
A,C,E,B,G,I,D,H,F
A,C,E,B,G,I,F,D,H
A,C,E,B,G,I,F,H,D
A,C,E,B,G,I,H,D,F
A,C,E,B,G,I,H,F,D
A,C,E,B,H,D,F,G,I
A,C,E,B,H,D,F,I,G
A,C,E,B,H,D,G,F,I
A,C,E,B,H,D,G,I,F
A,C,E,B,H,D,I,F,G
A,C,E,B,H,D,I,G,F
A,C,E,B,H,F,D,G,I
A,C,E,B,H,F,D,I,G
A,C,E,B,H,F,G,D,I
A,C,E,B,H,F,G,I,D
A,C,E,B,H,F,I,D,G
A,C,E,B,H,F,I,G,D
A,C,E,B,H,G,D,F,I
A,C,E,B,H,G,D,I,F
A,C,E,B,H,G,F,D,I
A,C,E,B,H,G,F,I,D
A,C,E,B,H,G,I,D,F
A,C,E,B,H,G,I,F,D
A,C,E,B,H,I,D,F,G
A,C,E,B,H,I,D,G,F
A,C,E,B,H,I,F,D,G
A,C,E,B,H,I,F,G,D
A,C,E,B,H,I,G,D,F
A,C,E,B,H,I,G,F,D
A,C,E,B,I,D,F,G,H
A,C,E,B,I,D,F,H,G
A,C,E,B,I,D,G,F,H
A,C,E,B,I,D,G,H,F
A,C,E,B,I,D,H,F,G
A,C,E,B,I,D,H,G,F
A,C,E,B,I,F,D,G,H
A,C,E,B,I,F,D,H,G
A,C,E,B,I,F,G,D,H
A,C,E,B,I,F,G,H,D
A,C,E,B,I,F,H,D,G
A,C,E,B,I,F,H,G,D
A,C,E,B,I,G,D,F,H
A,C,E,B,I,G,D,H,F
A,C,E,B,I,G,F,D,H
A,C,E,B,I,G,F,H,D
A,C,E,B,I,G,H,D,F
A,C,E,B,I,G,H,F,D
A,C,E,B,I,H,D,F,G
A,C,E,B,I,H,D,G,F
A,C,E,B,I,H,F,D,G
A,C,E,B,I,H,F,G,D
A,C,E,B,I,H,G,D,F
A,C,E,B,I,H,G,F,D
A,C,E,D,B,F,G,H,I
A,C,E,D,B,F,G,I,H
A,C,E,D,B,F,H,G,I
A,C,E,D,B,F,H,I,G
A,C,E,D,B,F,I,G,H
A,C,E,D,B,F,I,H,G
A,C,E,D,B,G,F,H,I
A,C,E,D,B,G,F,I,H
A,C,E,D,B,G,H,F,I
A,C,E,D,B,G,H,I,F
A,C,E,D,B,G,I,F,H
A,C,E,D,B,G,I,H,F
A,C,E,D,B,H,F,G,I
A,C,E,D,B,H,F,I,G
A,C,E,D,B,H,G,F,I
A,C,E,D,B,H,G,I,F
A,C,E,D,B,H,I,F,G
A,C,E,D,B,H,I,G,F
A,C,E,D,B,I,F,G,H
A,C,E,D,B,I,F,H,G
A,C,E,D,B,I,G,F,H
A,C,E,D,B,I,G,H,F
A,C,E,D,B,I,H,F,G
A,C,E,D,B,I,H,G,F
A,C,E,D,F,B,G,H,I
A,C,E,D,F,B,G,I,H
A,C,E,D,F,B,H,G,I
A,C,E,D,F,B,H,I,G
A,C,E,D,F,B,I,G,H
A,C,E,D,F,B,I,H,G
A,C,E,D,F,G,B,H,I
A,C,E,D,F,G,B,I,H
A,C,E,D,F,G,H,B,I
A,C,E,D,F,G,H,I,B
A,C,E,D,F,G,I,B,H
A,C,E,D,F,G,I,H,B
A,C,E,D,F,H,B,G,I
A,C,E,D,F,H,B,I,G
A,C,E,D,F,H,G,B,I
A,C,E,D,F,H,G,I,B
A,C,E,D,F,H,I,B,G
A,C,E,D,F,H,I,G,B
A,C,E,D,F,I,B,G,H
A,C,E,D,F,I,B,H,G
A,C,E,D,F,I,G,B,H
A,C,E,D,F,I,G,H,B
A,C,E,D,F,I,H,B,G
A,C,E,D,F,I,H,G,B
A,C,E,D,G,B,F,H,I
A,C,E,D,G,B,F,I,H
A,C,E,D,G,B,H,F,I
A,C,E,D,G,B,H,I,F
A,C,E,D,G,B,I,F,H
A,C,E,D,G,B,I,H,F
A,C,E,D,G,F,B,H,I
A,C,E,D,G,F,B,I,H
A,C,E,D,G,F,H,B,I
A,C,E,D,G,F,H,I,B
A,C,E,D,G,F,I,B,H
A,C,E,D,G,F,I,H,B
A,C,E,D,G,H,B,F,I
A,C,E,D,G,H,B,I,F
A,C,E,D,G,H,F,B,I
A,C,E,D,G,H,F,I,B
A,C,E,D,G,H,I,B,F
A,C,E,D,G,H,I,F,B
A,C,E,D,G,I,B,F,H
A,C,E,D,G,I,B,H,F
A,C,E,D,G,I,F,B,H
A,C,E,D,G,I,F,H,B
A,C,E,D,G,I,H,B,F
A,C,E,D,G,I,H,F,B
A,C,E,D,H,B,F,G,I
A,C,E,D,H,B,F,I,G
A,C,E,D,H,B,G,F,I
A,C,E,D,H,B,G,I,F
A,C,E,D,H,B,I,F,G
A,C,E,D,H,B,I,G,F
A,C,E,D,H,F,B,G,I
A,C,E,D,H,F,B,I,G
A,C,E,D,H,F,G,B,I
A,C,E,D,H,F,G,I,B
A,C,E,D,H,F,I,B,G
A,C,E,D,H,F,I,G,B
A,C,E,D,H,G,B,F,I
A,C,E,D,H,G,B,I,F
A,C,E,D,H,G,F,B,I
A,C,E,D,H,G,F,I,B
A,C,E,D,H,G,I,B,F
A,C,E,D,H,G,I,F,B
A,C,E,D,H,I,B,F,G
A,C,E,D,H,I,B,G,F
A,C,E,D,H,I,F,B,G
A,C,E,D,H,I,F,G,B
A,C,E,D,H,I,G,B,F
A,C,E,D,H,I,G,F,B
A,C,E,D,I,B,F,G,H
A,C,E,D,I,B,F,H,G
A,C,E,D,I,B,G,F,H
A,C,E,D,I,B,G,H,F
A,C,E,D,I,B,H,F,G
A,C,E,D,I,B,H,G,F
A,C,E,D,I,F,B,G,H
A,C,E,D,I,F,B,H,G
A,C,E,D,I,F,G,B,H
A,C,E,D,I,F,G,H,B
A,C,E,D,I,F,H,B,G
A,C,E,D,I,F,H,G,B
A,C,E,D,I,G,B,F,H
A,C,E,D,I,G,B,H,F
A,C,E,D,I,G,F,B,H
A,C,E,D,I,G,F,H,B
A,C,E,D,I,G,H,B,F
A,C,E,D,I,G,H,F,B
A,C,E,D,I,H,B,F,G
A,C,E,D,I,H,B,G,F
A,C,E,D,I,H,F,B,G
A,C,E,D,I,H,F,G,B
A,C,E,D,I,H,G,B,F
A,C,E,D,I,H,G,F,B
A,C,E,F,B,D,G,H,I
A,C,E,F,B,D,G,I,H
A,C,E,F,B,D,H,G,I
A,C,E,F,B,D,H,I,G
A,C,E,F,B,D,I,G,H
A,C,E,F,B,D,I,H,G
A,C,E,F,B,G,D,H,I
A,C,E,F,B,G,D,I,H
A,C,E,F,B,G,H,D,I
A,C,E,F,B,G,H,I,D
A,C,E,F,B,G,I,D,H
A,C,E,F,B,G,I,H,D
A,C,E,F,B,H,D,G,I
A,C,E,F,B,H,D,I,G
A,C,E,F,B,H,G,D,I
A,C,E,F,B,H,G,I,D
A,C,E,F,B,H,I,D,G
A,C,E,F,B,H,I,G,D
A,C,E,F,B,I,D,G,H
A,C,E,F,B,I,D,H,G
A,C,E,F,B,I,G,D,H
A,C,E,F,B,I,G,H,D
A,C,E,F,B,I,H,D,G
A,C,E,F,B,I,H,G,D
A,C,E,F,D,B,G,H,I
A,C,E,F,D,B,G,I,H
A,C,E,F,D,B,H,G,I
A,C,E,F,D,B,H,I,G
A,C,E,F,D,B,I,G,H
A,C,E,F,D,B,I,H,G
A,C,E,F,D,G,B,H,I
A,C,E,F,D,G,B,I,H
A,C,E,F,D,G,H,B,I
A,C,E,F,D,G,H,I,B
A,C,E,F,D,G,I,B,H
A,C,E,F,D,G,I,H,B
A,C,E,F,D,H,B,G,I
A,C,E,F,D,H,B,I,G
A,C,E,F,D,H,G,B,I
A,C,E,F,D,H,G,I,B
A,C,E,F,D,H,I,B,G
A,C,E,F,D,H,I,G,B
A,C,E,F,D,I,B,G,H
A,C,E,F,D,I,B,H,G
A,C,E,F,D,I,G,B,H
A,C,E,F,D,I,G,H,B
A,C,E,F,D,I,H,B,G
A,C,E,F,D,I,H,G,B
A,C,E,F,G,B,D,H,I
A,C,E,F,G,B,D,I,H
A,C,E,F,G,B,H,D,I
A,C,E,F,G,B,H,I,D
A,C,E,F,G,B,I,D,H
A,C,E,F,G,B,I,H,D
A,C,E,F,G,D,B,H,I
A,C,E,F,G,D,B,I,H
A,C,E,F,G,D,H,B,I
A,C,E,F,G,D,H,I,B
A,C,E,F,G,D,I,B,H
A,C,E,F,G,D,I,H,B
A,C,E,F,G,H,B,D,I
A,C,E,F,G,H,B,I,D
A,C,E,F,G,H,D,B,I
A,C,E,F,G,H,D,I,B
A,C,E,F,G,H,I,B,D
A,C,E,F,G,H,I,D,B
A,C,E,F,G,I,B,D,H
A,C,E,F,G,I,B,H,D
A,C,E,F,G,I,D,B,H
A,C,E,F,G,I,D,H,B
A,C,E,F,G,I,H,B,D
A,C,E,F,G,I,H,D,B
A,C,E,F,H,B,D,G,I
A,C,E,F,H,B,D,I,G
A,C,E,F,H,B,G,D,I
A,C,E,F,H,B,G,I,D
A,C,E,F,H,B,I,D,G
A,C,E,F,H,B,I,G,D
A,C,E,F,H,D,B,G,I
A,C,E,F,H,D,B,I,G
A,C,E,F,H,D,G,B,I
A,C,E,F,H,D,G,I,B
A,C,E,F,H,D,I,B,G
A,C,E,F,H,D,I,G,B
A,C,E,F,H,G,B,D,I
A,C,E,F,H,G,B,I,D
A,C,E,F,H,G,D,B,I
A,C,E,F,H,G,D,I,B
A,C,E,F,H,G,I,B,D
A,C,E,F,H,G,I,D,B
A,C,E,F,H,I,B,D,G
A,C,E,F,H,I,B,G,D
A,C,E,F,H,I,D,B,G
A,C,E,F,H,I,D,G,B
A,C,E,F,H,I,G,B,D
A,C,E,F,H,I,G,D,B
A,C,E,F,I,B,D,G,H
A,C,E,F,I,B,D,H,G
A,C,E,F,I,B,G,D,H
A,C,E,F,I,B,G,H,D
A,C,E,F,I,B,H,D,G
A,C,E,F,I,B,H,G,D
A,C,E,F,I,D,B,G,H
A,C,E,F,I,D,B,H,G
A,C,E,F,I,D,G,B,H
A,C,E,F,I,D,G,H,B
A,C,E,F,I,D,H,B,G
A,C,E,F,I,D,H,G,B
A,C,E,F,I,G,B,D,H
A,C,E,F,I,G,B,H,D
A,C,E,F,I,G,D,B,H
A,C,E,F,I,G,D,H,B
A,C,E,F,I,G,H,B,D
A,C,E,F,I,G,H,D,B
A,C,E,F,I,H,B,D,G
A,C,E,F,I,H,B,G,D
A,C,E,F,I,H,D,B,G
A,C,E,F,I,H,D,G,B
A,C,E,F,I,H,G,B,D
A,C,E,F,I,H,G,D,B
A,C,E,G,B,D,F,H,I
A,C,E,G,B,D,F,I,H
A,C,E,G,B,D,H,F,I
A,C,E,G,B,D,H,I,F
A,C,E,G,B,D,I,F,H
A,C,E,G,B,D,I,H,F
A,C,E,G,B,F,D,H,I
A,C,E,G,B,F,D,I,H
A,C,E,G,B,F,H,D,I
A,C,E,G,B,F,H,I,D
A,C,E,G,B,F,I,D,H
A,C,E,G,B,F,I,H,D
A,C,E,G,B,H,D,F,I
A,C,E,G,B,H,D,I,F
A,C,E,G,B,H,F,D,I
A,C,E,G,B,H,F,I,D
A,C,E,G,B,H,I,D,F
A,C,E,G,B,H,I,F,D
A,C,E,G,B,I,D,F,H
A,C,E,G,B,I,D,H,F
A,C,E,G,B,I,F,D,H
A,C,E,G,B,I,F,H,D
A,C,E,G,B,I,H,D,F
A,C,E,G,B,I,H,F,D
A,C,E,G,D,B,F,H,I
A,C,E,G,D,B,F,I,H
A,C,E,G,D,B,H,F,I
A,C,E,G,D,B,H,I,F
A,C,E,G,D,B,I,F,H
A,C,E,G,D,B,I,H,F
A,C,E,G,D,F,B,H,I
A,C,E,G,D,F,B,I,H
A,C,E,G,D,F,H,B,I
A,C,E,G,D,F,H,I,B
A,C,E,G,D,F,I,B,H
A,C,E,G,D,F,I,H,B
A,C,E,G,D,H,B,F,I
A,C,E,G,D,H,B,I,F
A,C,E,G,D,H,F,B,I
A,C,E,G,D,H,F,I,B
A,C,E,G,D,H,I,B,F
A,C,E,G,D,H,I,F,B
A,C,E,G,D,I,B,F,H
A,C,E,G,D,I,B,H,F
A,C,E,G,D,I,F,B,H
A,C,E,G,D,I,F,H,B
A,C,E,G,D,I,H,B,F
A,C,E,G,D,I,H,F,B
A,C,E,G,F,B,D,H,I
A,C,E,G,F,B,D,I,H
A,C,E,G,F,B,H,D,I
A,C,E,G,F,B,H,I,D
A,C,E,G,F,B,I,D,H
A,C,E,G,F,B,I,H,D
A,C,E,G,F,D,B,H,I
A,C,E,G,F,D,B,I,H
A,C,E,G,F,D,H,B,I
A,C,E,G,F,D,H,I,B
A,C,E,G,F,D,I,B,H
A,C,E,G,F,D,I,H,B
A,C,E,G,F,H,B,D,I
A,C,E,G,F,H,B,I,D
A,C,E,G,F,H,D,B,I
A,C,E,G,F,H,D,I,B
A,C,E,G,F,H,I,B,D
A,C,E,G,F,H,I,D,B
A,C,E,G,F,I,B,D,H
A,C,E,G,F,I,B,H,D
A,C,E,G,F,I,D,B,H
A,C,E,G,F,I,D,H,B
A,C,E,G,F,I,H,B,D
A,C,E,G,F,I,H,D,B
A,C,E,G,H,B,D,F,I
A,C,E,G,H,B,D,I,F
A,C,E,G,H,B,F,D,I
A,C,E,G,H,B,F,I,D
A,C,E,G,H,B,I,D,F
A,C,E,G,H,B,I,F,D
A,C,E,G,H,D,B,F,I
A,C,E,G,H,D,B,I,F
A,C,E,G,H,D,F,B,I
A,C,E,G,H,D,F,I,B
A,C,E,G,H,D,I,B,F
A,C,E,G,H,D,I,F,B
A,C,E,G,H,F,B,D,I
A,C,E,G,H,F,B,I,D
A,C,E,G,H,F,D,B,I
A,C,E,G,H,F,D,I,B
A,C,E,G,H,F,I,B,D
A,C,E,G,H,F,I,D,B
A,C,E,G,H,I,B,D,F
A,C,E,G,H,I,B,F,D
A,C,E,G,H,I,D,B,F
A,C,E,G,H,I,D,F,B
A,C,E,G,H,I,F,B,D
A,C,E,G,H,I,F,D,B
A,C,E,G,I,B,D,F,H
A,C,E,G,I,B,D,H,F
A,C,E,G,I,B,F,D,H
A,C,E,G,I,B,F,H,D
A,C,E,G,I,B,H,D,F
A,C,E,G,I,B,H,F,D
A,C,E,G,I,D,B,F,H
A,C,E,G,I,D,B,H,F
A,C,E,G,I,D,F,B,H
A,C,E,G,I,D,F,H,B
A,C,E,G,I,D,H,B,F
A,C,E,G,I,D,H,F,B
A,C,E,G,I,F,B,D,H
A,C,E,G,I,F,B,H,D
A,C,E,G,I,F,D,B,H
A,C,E,G,I,F,D,H,B
A,C,E,G,I,F,H,B,D
A,C,E,G,I,F,H,D,B
A,C,E,G,I,H,B,D,F
A,C,E,G,I,H,B,F,D
A,C,E,G,I,H,D,B,F
A,C,E,G,I,H,D,F,B
A,C,E,G,I,H,F,B,D
A,C,E,G,I,H,F,D,B
A,C,E,H,B,D,F,G,I
A,C,E,H,B,D,F,I,G
A,C,E,H,B,D,G,F,I
A,C,E,H,B,D,G,I,F
A,C,E,H,B,D,I,F,G
A,C,E,H,B,D,I,G,F
A,C,E,H,B,F,D,G,I
A,C,E,H,B,F,D,I,G
A,C,E,H,B,F,G,D,I
A,C,E,H,B,F,G,I,D
A,C,E,H,B,F,I,D,G
A,C,E,H,B,F,I,G,D
A,C,E,H,B,G,D,F,I
A,C,E,H,B,G,D,I,F
A,C,E,H,B,G,F,D,I
A,C,E,H,B,G,F,I,D
A,C,E,H,B,G,I,D,F
A,C,E,H,B,G,I,F,D
A,C,E,H,B,I,D,F,G
A,C,E,H,B,I,D,G,F
A,C,E,H,B,I,F,D,G
A,C,E,H,B,I,F,G,D
A,C,E,H,B,I,G,D,F
A,C,E,H,B,I,G,F,D
A,C,E,H,D,B,F,G,I
A,C,E,H,D,B,F,I,G
A,C,E,H,D,B,G,F,I
A,C,E,H,D,B,G,I,F
A,C,E,H,D,B,I,F,G
A,C,E,H,D,B,I,G,F
A,C,E,H,D,F,B,G,I
A,C,E,H,D,F,B,I,G
A,C,E,H,D,F,G,B,I
A,C,E,H,D,F,G,I,B
A,C,E,H,D,F,I,B,G
A,C,E,H,D,F,I,G,B
A,C,E,H,D,G,B,F,I
A,C,E,H,D,G,B,I,F
A,C,E,H,D,G,F,B,I
A,C,E,H,D,G,F,I,B
A,C,E,H,D,G,I,B,F
A,C,E,H,D,G,I,F,B
A,C,E,H,D,I,B,F,G
A,C,E,H,D,I,B,G,F
A,C,E,H,D,I,F,B,G
A,C,E,H,D,I,F,G,B
A,C,E,H,D,I,G,B,F
A,C,E,H,D,I,G,F,B
A,C,E,H,F,B,D,G,I
A,C,E,H,F,B,D,I,G
A,C,E,H,F,B,G,D,I
A,C,E,H,F,B,G,I,D
A,C,E,H,F,B,I,D,G
A,C,E,H,F,B,I,G,D
A,C,E,H,F,D,B,G,I
A,C,E,H,F,D,B,I,G
A,C,E,H,F,D,G,B,I
A,C,E,H,F,D,G,I,B
A,C,E,H,F,D,I,B,G
A,C,E,H,F,D,I,G,B
A,C,E,H,F,G,B,D,I
A,C,E,H,F,G,B,I,D
A,C,E,H,F,G,D,B,I
A,C,E,H,F,G,D,I,B
A,C,E,H,F,G,I,B,D
A,C,E,H,F,G,I,D,B
A,C,E,H,F,I,B,D,G
A,C,E,H,F,I,B,G,D
A,C,E,H,F,I,D,B,G
A,C,E,H,F,I,D,G,B
A,C,E,H,F,I,G,B,D
A,C,E,H,F,I,G,D,B
A,C,E,H,G,B,D,F,I
A,C,E,H,G,B,D,I,F
A,C,E,H,G,B,F,D,I
A,C,E,H,G,B,F,I,D
A,C,E,H,G,B,I,D,F
A,C,E,H,G,B,I,F,D
A,C,E,H,G,D,B,F,I
A,C,E,H,G,D,B,I,F
A,C,E,H,G,D,F,B,I
A,C,E,H,G,D,F,I,B
A,C,E,H,G,D,I,B,F
A,C,E,H,G,D,I,F,B
A,C,E,H,G,F,B,D,I
A,C,E,H,G,F,B,I,D
A,C,E,H,G,F,D,B,I
A,C,E,H,G,F,D,I,B
A,C,E,H,G,F,I,B,D
A,C,E,H,G,F,I,D,B
A,C,E,H,G,I,B,D,F
A,C,E,H,G,I,B,F,D
A,C,E,H,G,I,D,B,F
A,C,E,H,G,I,D,F,B
A,C,E,H,G,I,F,B,D
A,C,E,H,G,I,F,D,B
A,C,E,H,I,B,D,F,G
A,C,E,H,I,B,D,G,F
A,C,E,H,I,B,F,D,G
A,C,E,H,I,B,F,G,D
A,C,E,H,I,B,G,D,F
A,C,E,H,I,B,G,F,D
A,C,E,H,I,D,B,F,G
A,C,E,H,I,D,B,G,F
A,C,E,H,I,D,F,B,G
A,C,E,H,I,D,F,G,B
A,C,E,H,I,D,G,B,F
A,C,E,H,I,D,G,F,B
A,C,E,H,I,F,B,D,G
A,C,E,H,I,F,B,G,D
A,C,E,H,I,F,D,B,G
A,C,E,H,I,F,D,G,B
A,C,E,H,I,F,G,B,D
A,C,E,H,I,F,G,D,B
A,C,E,H,I,G,B,D,F
A,C,E,H,I,G,B,F,D
A,C,E,H,I,G,D,B,F
A,C,E,H,I,G,D,F,B
A,C,E,H,I,G,F,B,D
A,C,E,H,I,G,F,D,B
A,C,E,I,B,D,F,G,H
A,C,E,I,B,D,F,H,G
A,C,E,I,B,D,G,F,H
A,C,E,I,B,D,G,H,F
A,C,E,I,B,D,H,F,G
A,C,E,I,B,D,H,G,F
A,C,E,I,B,F,D,G,H
A,C,E,I,B,F,D,H,G
A,C,E,I,B,F,G,D,H
A,C,E,I,B,F,G,H,D
A,C,E,I,B,F,H,D,G
A,C,E,I,B,F,H,G,D
A,C,E,I,B,G,D,F,H
A,C,E,I,B,G,D,H,F
A,C,E,I,B,G,F,D,H
A,C,E,I,B,G,F,H,D
A,C,E,I,B,G,H,D,F
A,C,E,I,B,G,H,F,D
A,C,E,I,B,H,D,F,G
A,C,E,I,B,H,D,G,F
A,C,E,I,B,H,F,D,G
A,C,E,I,B,H,F,G,D
A,C,E,I,B,H,G,D,F
A,C,E,I,B,H,G,F,D
A,C,E,I,D,B,F,G,H
A,C,E,I,D,B,F,H,G
A,C,E,I,D,B,G,F,H
A,C,E,I,D,B,G,H,F
A,C,E,I,D,B,H,F,G
A,C,E,I,D,B,H,G,F
A,C,E,I,D,F,B,G,H
A,C,E,I,D,F,B,H,G
A,C,E,I,D,F,G,B,H
A,C,E,I,D,F,G,H,B
A,C,E,I,D,F,H,B,G
A,C,E,I,D,F,H,G,B
A,C,E,I,D,G,B,F,H
A,C,E,I,D,G,B,H,F
A,C,E,I,D,G,F,B,H
A,C,E,I,D,G,F,H,B
A,C,E,I,D,G,H,B,F
A,C,E,I,D,G,H,F,B
A,C,E,I,D,H,B,F,G
A,C,E,I,D,H,B,G,F
A,C,E,I,D,H,F,B,G
A,C,E,I,D,H,F,G,B
A,C,E,I,D,H,G,B,F
A,C,E,I,D,H,G,F,B
A,C,E,I,F,B,D,G,H
A,C,E,I,F,B,D,H,G
A,C,E,I,F,B,G,D,H
A,C,E,I,F,B,G,H,D
A,C,E,I,F,B,H,D,G
A,C,E,I,F,B,H,G,D
A,C,E,I,F,D,B,G,H
A,C,E,I,F,D,B,H,G
A,C,E,I,F,D,G,B,H
A,C,E,I,F,D,G,H,B
A,C,E,I,F,D,H,B,G
A,C,E,I,F,D,H,G,B
A,C,E,I,F,G,B,D,H
A,C,E,I,F,G,B,H,D
A,C,E,I,F,G,D,B,H
A,C,E,I,F,G,D,H,B
A,C,E,I,F,G,H,B,D
A,C,E,I,F,G,H,D,B
A,C,E,I,F,H,B,D,G
A,C,E,I,F,H,B,G,D
A,C,E,I,F,H,D,B,G
A,C,E,I,F,H,D,G,B
A,C,E,I,F,H,G,B,D
A,C,E,I,F,H,G,D,B
A,C,E,I,G,B,D,F,H
A,C,E,I,G,B,D,H,F
A,C,E,I,G,B,F,D,H
A,C,E,I,G,B,F,H,D
A,C,E,I,G,B,H,D,F
A,C,E,I,G,B,H,F,D
A,C,E,I,G,D,B,F,H
A,C,E,I,G,D,B,H,F
A,C,E,I,G,D,F,B,H
A,C,E,I,G,D,F,H,B
A,C,E,I,G,D,H,B,F
A,C,E,I,G,D,H,F,B
A,C,E,I,G,F,B,D,H
A,C,E,I,G,F,B,H,D
A,C,E,I,G,F,D,B,H
A,C,E,I,G,F,D,H,B
A,C,E,I,G,F,H,B,D
A,C,E,I,G,F,H,D,B
A,C,E,I,G,H,B,D,F
A,C,E,I,G,H,B,F,D
A,C,E,I,G,H,D,B,F
A,C,E,I,G,H,D,F,B
A,C,E,I,G,H,F,B,D
A,C,E,I,G,H,F,D,B
A,C,E,I,H,B,D,F,G
A,C,E,I,H,B,D,G,F
A,C,E,I,H,B,F,D,G
A,C,E,I,H,B,F,G,D
A,C,E,I,H,B,G,D,F
A,C,E,I,H,B,G,F,D
A,C,E,I,H,D,B,F,G
A,C,E,I,H,D,B,G,F
A,C,E,I,H,D,F,B,G
A,C,E,I,H,D,F,G,B
A,C,E,I,H,D,G,B,F
A,C,E,I,H,D,G,F,B
A,C,E,I,H,F,B,D,G
A,C,E,I,H,F,B,G,D
A,C,E,I,H,F,D,B,G
A,C,E,I,H,F,D,G,B
A,C,E,I,H,F,G,B,D
A,C,E,I,H,F,G,D,B
A,C,E,I,H,G,B,D,F
A,C,E,I,H,G,B,F,D
A,C,E,I,H,G,D,B,F
A,C,E,I,H,G,D,F,B
A,C,E,I,H,G,F,B,D
A,C,E,I,H,G,F,D,B
A,C,F,B,D,E,G,H,I
A,C,F,B,D,E,G,I,H
A,C,F,B,D,E,H,G,I
A,C,F,B,D,E,H,I,G
A,C,F,B,D,E,I,G,H
A,C,F,B,D,E,I,H,G
A,C,F,B,D,G,E,H,I
A,C,F,B,D,G,E,I,H
A,C,F,B,D,G,H,E,I
A,C,F,B,D,G,H,I,E
A,C,F,B,D,G,I,E,H
A,C,F,B,D,G,I,H,E
A,C,F,B,D,H,E,G,I
A,C,F,B,D,H,E,I,G
A,C,F,B,D,H,G,E,I
A,C,F,B,D,H,G,I,E
A,C,F,B,D,H,I,E,G
A,C,F,B,D,H,I,G,E
A,C,F,B,D,I,E,G,H
A,C,F,B,D,I,E,H,G
A,C,F,B,D,I,G,E,H
A,C,F,B,D,I,G,H,E
A,C,F,B,D,I,H,E,G
A,C,F,B,D,I,H,G,E
A,C,F,B,E,D,G,H,I
A,C,F,B,E,D,G,I,H
A,C,F,B,E,D,H,G,I
A,C,F,B,E,D,H,I,G
A,C,F,B,E,D,I,G,H
A,C,F,B,E,D,I,H,G
A,C,F,B,E,G,D,H,I
A,C,F,B,E,G,D,I,H
A,C,F,B,E,G,H,D,I
A,C,F,B,E,G,H,I,D
A,C,F,B,E,G,I,D,H
A,C,F,B,E,G,I,H,D
A,C,F,B,E,H,D,G,I
A,C,F,B,E,H,D,I,G
A,C,F,B,E,H,G,D,I
A,C,F,B,E,H,G,I,D
A,C,F,B,E,H,I,D,G
A,C,F,B,E,H,I,G,D
A,C,F,B,E,I,D,G,H
A,C,F,B,E,I,D,H,G
A,C,F,B,E,I,G,D,H
A,C,F,B,E,I,G,H,D
A,C,F,B,E,I,H,D,G
A,C,F,B,E,I,H,G,D
A,C,F,B,G,D,E,H,I
A,C,F,B,G,D,E,I,H
A,C,F,B,G,D,H,E,I
A,C,F,B,G,D,H,I,E
A,C,F,B,G,D,I,E,H
A,C,F,B,G,D,I,H,E
A,C,F,B,G,E,D,H,I
A,C,F,B,G,E,D,I,H
A,C,F,B,G,E,H,D,I
A,C,F,B,G,E,H,I,D
A,C,F,B,G,E,I,D,H
A,C,F,B,G,E,I,H,D
A,C,F,B,G,H,D,E,I
A,C,F,B,G,H,D,I,E
A,C,F,B,G,H,E,D,I
A,C,F,B,G,H,E,I,D
A,C,F,B,G,H,I,D,E
A,C,F,B,G,H,I,E,D
A,C,F,B,G,I,D,E,H
A,C,F,B,G,I,D,H,E
A,C,F,B,G,I,E,D,H
A,C,F,B,G,I,E,H,D
A,C,F,B,G,I,H,D,E
A,C,F,B,G,I,H,E,D
A,C,F,B,H,D,E,G,I
A,C,F,B,H,D,E,I,G
A,C,F,B,H,D,G,E,I
A,C,F,B,H,D,G,I,E
A,C,F,B,H,D,I,E,G
A,C,F,B,H,D,I,G,E
A,C,F,B,H,E,D,G,I
A,C,F,B,H,E,D,I,G
A,C,F,B,H,E,G,D,I
A,C,F,B,H,E,G,I,D
A,C,F,B,H,E,I,D,G
A,C,F,B,H,E,I,G,D
A,C,F,B,H,G,D,E,I
A,C,F,B,H,G,D,I,E
A,C,F,B,H,G,E,D,I
A,C,F,B,H,G,E,I,D
A,C,F,B,H,G,I,D,E
A,C,F,B,H,G,I,E,D
A,C,F,B,H,I,D,E,G
A,C,F,B,H,I,D,G,E
A,C,F,B,H,I,E,D,G
A,C,F,B,H,I,E,G,D
A,C,F,B,H,I,G,D,E
A,C,F,B,H,I,G,E,D
A,C,F,B,I,D,E,G,H
A,C,F,B,I,D,E,H,G
A,C,F,B,I,D,G,E,H
A,C,F,B,I,D,G,H,E
A,C,F,B,I,D,H,E,G
A,C,F,B,I,D,H,G,E
A,C,F,B,I,E,D,G,H
A,C,F,B,I,E,D,H,G
A,C,F,B,I,E,G,D,H
A,C,F,B,I,E,G,H,D
A,C,F,B,I,E,H,D,G
A,C,F,B,I,E,H,G,D
A,C,F,B,I,G,D,E,H
A,C,F,B,I,G,D,H,E
A,C,F,B,I,G,E,D,H
A,C,F,B,I,G,E,H,D
A,C,F,B,I,G,H,D,E
A,C,F,B,I,G,H,E,D
A,C,F,B,I,H,D,E,G
A,C,F,B,I,H,D,G,E
A,C,F,B,I,H,E,D,G
A,C,F,B,I,H,E,G,D
A,C,F,B,I,H,G,D,E
A,C,F,B,I,H,G,E,D
A,C,F,D,B,E,G,H,I
A,C,F,D,B,E,G,I,H
A,C,F,D,B,E,H,G,I
A,C,F,D,B,E,H,I,G
A,C,F,D,B,E,I,G,H
A,C,F,D,B,E,I,H,G
A,C,F,D,B,G,E,H,I
A,C,F,D,B,G,E,I,H
A,C,F,D,B,G,H,E,I
A,C,F,D,B,G,H,I,E
A,C,F,D,B,G,I,E,H
A,C,F,D,B,G,I,H,E
A,C,F,D,B,H,E,G,I
A,C,F,D,B,H,E,I,G
A,C,F,D,B,H,G,E,I
A,C,F,D,B,H,G,I,E
A,C,F,D,B,H,I,E,G
A,C,F,D,B,H,I,G,E
A,C,F,D,B,I,E,G,H
A,C,F,D,B,I,E,H,G
A,C,F,D,B,I,G,E,H
A,C,F,D,B,I,G,H,E
A,C,F,D,B,I,H,E,G
A,C,F,D,B,I,H,G,E
A,C,F,D,E,B,G,H,I
A,C,F,D,E,B,G,I,H
A,C,F,D,E,B,H,G,I
A,C,F,D,E,B,H,I,G
A,C,F,D,E,B,I,G,H
A,C,F,D,E,B,I,H,G
A,C,F,D,E,G,B,H,I
A,C,F,D,E,G,B,I,H
A,C,F,D,E,G,H,B,I
A,C,F,D,E,G,H,I,B
A,C,F,D,E,G,I,B,H
A,C,F,D,E,G,I,H,B
A,C,F,D,E,H,B,G,I
A,C,F,D,E,H,B,I,G
A,C,F,D,E,H,G,B,I
A,C,F,D,E,H,G,I,B
A,C,F,D,E,H,I,B,G
A,C,F,D,E,H,I,G,B
A,C,F,D,E,I,B,G,H
A,C,F,D,E,I,B,H,G
A,C,F,D,E,I,G,B,H
A,C,F,D,E,I,G,H,B
A,C,F,D,E,I,H,B,G
A,C,F,D,E,I,H,G,B
A,C,F,D,G,B,E,H,I
A,C,F,D,G,B,E,I,H
A,C,F,D,G,B,H,E,I
A,C,F,D,G,B,H,I,E
A,C,F,D,G,B,I,E,H
A,C,F,D,G,B,I,H,E
A,C,F,D,G,E,B,H,I
A,C,F,D,G,E,B,I,H
A,C,F,D,G,E,H,B,I
A,C,F,D,G,E,H,I,B
A,C,F,D,G,E,I,B,H
A,C,F,D,G,E,I,H,B
A,C,F,D,G,H,B,E,I
A,C,F,D,G,H,B,I,E
A,C,F,D,G,H,E,B,I
A,C,F,D,G,H,E,I,B
A,C,F,D,G,H,I,B,E
A,C,F,D,G,H,I,E,B
A,C,F,D,G,I,B,E,H
A,C,F,D,G,I,B,H,E
A,C,F,D,G,I,E,B,H
A,C,F,D,G,I,E,H,B
A,C,F,D,G,I,H,B,E
A,C,F,D,G,I,H,E,B
A,C,F,D,H,B,E,G,I
A,C,F,D,H,B,E,I,G
A,C,F,D,H,B,G,E,I
A,C,F,D,H,B,G,I,E
A,C,F,D,H,B,I,E,G
A,C,F,D,H,B,I,G,E
A,C,F,D,H,E,B,G,I
A,C,F,D,H,E,B,I,G
A,C,F,D,H,E,G,B,I
A,C,F,D,H,E,G,I,B
A,C,F,D,H,E,I,B,G
A,C,F,D,H,E,I,G,B
A,C,F,D,H,G,B,E,I
A,C,F,D,H,G,B,I,E
A,C,F,D,H,G,E,B,I
A,C,F,D,H,G,E,I,B
A,C,F,D,H,G,I,B,E
A,C,F,D,H,G,I,E,B
A,C,F,D,H,I,B,E,G
A,C,F,D,H,I,B,G,E
A,C,F,D,H,I,E,B,G
A,C,F,D,H,I,E,G,B
A,C,F,D,H,I,G,B,E
A,C,F,D,H,I,G,E,B
A,C,F,D,I,B,E,G,H
A,C,F,D,I,B,E,H,G
A,C,F,D,I,B,G,E,H
A,C,F,D,I,B,G,H,E
A,C,F,D,I,B,H,E,G
A,C,F,D,I,B,H,G,E
A,C,F,D,I,E,B,G,H
A,C,F,D,I,E,B,H,G
A,C,F,D,I,E,G,B,H
A,C,F,D,I,E,G,H,B
A,C,F,D,I,E,H,B,G
A,C,F,D,I,E,H,G,B
A,C,F,D,I,G,B,E,H
A,C,F,D,I,G,B,H,E
A,C,F,D,I,G,E,B,H
A,C,F,D,I,G,E,H,B
A,C,F,D,I,G,H,B,E
A,C,F,D,I,G,H,E,B
A,C,F,D,I,H,B,E,G
A,C,F,D,I,H,B,G,E
A,C,F,D,I,H,E,B,G
A,C,F,D,I,H,E,G,B
A,C,F,D,I,H,G,B,E
A,C,F,D,I,H,G,E,B
A,C,F,E,B,D,G,H,I
A,C,F,E,B,D,G,I,H
A,C,F,E,B,D,H,G,I
A,C,F,E,B,D,H,I,G
A,C,F,E,B,D,I,G,H
A,C,F,E,B,D,I,H,G
A,C,F,E,B,G,D,H,I
A,C,F,E,B,G,D,I,H
A,C,F,E,B,G,H,D,I
A,C,F,E,B,G,H,I,D
A,C,F,E,B,G,I,D,H
A,C,F,E,B,G,I,H,D
A,C,F,E,B,H,D,G,I
A,C,F,E,B,H,D,I,G
A,C,F,E,B,H,G,D,I
A,C,F,E,B,H,G,I,D
A,C,F,E,B,H,I,D,G
A,C,F,E,B,H,I,G,D
A,C,F,E,B,I,D,G,H
A,C,F,E,B,I,D,H,G
A,C,F,E,B,I,G,D,H
A,C,F,E,B,I,G,H,D
A,C,F,E,B,I,H,D,G
A,C,F,E,B,I,H,G,D
A,C,F,E,D,B,G,H,I
A,C,F,E,D,B,G,I,H
A,C,F,E,D,B,H,G,I
A,C,F,E,D,B,H,I,G
A,C,F,E,D,B,I,G,H
A,C,F,E,D,B,I,H,G
A,C,F,E,D,G,B,H,I
A,C,F,E,D,G,B,I,H
A,C,F,E,D,G,H,B,I
A,C,F,E,D,G,H,I,B
A,C,F,E,D,G,I,B,H
A,C,F,E,D,G,I,H,B
A,C,F,E,D,H,B,G,I
A,C,F,E,D,H,B,I,G
A,C,F,E,D,H,G,B,I
A,C,F,E,D,H,G,I,B
A,C,F,E,D,H,I,B,G
A,C,F,E,D,H,I,G,B
A,C,F,E,D,I,B,G,H
A,C,F,E,D,I,B,H,G
A,C,F,E,D,I,G,B,H
A,C,F,E,D,I,G,H,B
A,C,F,E,D,I,H,B,G
A,C,F,E,D,I,H,G,B
A,C,F,E,G,B,D,H,I
A,C,F,E,G,B,D,I,H
A,C,F,E,G,B,H,D,I
A,C,F,E,G,B,H,I,D
A,C,F,E,G,B,I,D,H
A,C,F,E,G,B,I,H,D
A,C,F,E,G,D,B,H,I
A,C,F,E,G,D,B,I,H
A,C,F,E,G,D,H,B,I
A,C,F,E,G,D,H,I,B
A,C,F,E,G,D,I,B,H
A,C,F,E,G,D,I,H,B
A,C,F,E,G,H,B,D,I
A,C,F,E,G,H,B,I,D
A,C,F,E,G,H,D,B,I
A,C,F,E,G,H,D,I,B
A,C,F,E,G,H,I,B,D
A,C,F,E,G,H,I,D,B
A,C,F,E,G,I,B,D,H
A,C,F,E,G,I,B,H,D
A,C,F,E,G,I,D,B,H
A,C,F,E,G,I,D,H,B
A,C,F,E,G,I,H,B,D
A,C,F,E,G,I,H,D,B
A,C,F,E,H,B,D,G,I
A,C,F,E,H,B,D,I,G
A,C,F,E,H,B,G,D,I
A,C,F,E,H,B,G,I,D
A,C,F,E,H,B,I,D,G
A,C,F,E,H,B,I,G,D
A,C,F,E,H,D,B,G,I
A,C,F,E,H,D,B,I,G
A,C,F,E,H,D,G,B,I
A,C,F,E,H,D,G,I,B
A,C,F,E,H,D,I,B,G
A,C,F,E,H,D,I,G,B
A,C,F,E,H,G,B,D,I
A,C,F,E,H,G,B,I,D
A,C,F,E,H,G,D,B,I
A,C,F,E,H,G,D,I,B
A,C,F,E,H,G,I,B,D
A,C,F,E,H,G,I,D,B
A,C,F,E,H,I,B,D,G
A,C,F,E,H,I,B,G,D
A,C,F,E,H,I,D,B,G
A,C,F,E,H,I,D,G,B
A,C,F,E,H,I,G,B,D
A,C,F,E,H,I,G,D,B
A,C,F,E,I,B,D,G,H
A,C,F,E,I,B,D,H,G
A,C,F,E,I,B,G,D,H
A,C,F,E,I,B,G,H,D
A,C,F,E,I,B,H,D,G
A,C,F,E,I,B,H,G,D
A,C,F,E,I,D,B,G,H
A,C,F,E,I,D,B,H,G
A,C,F,E,I,D,G,B,H
A,C,F,E,I,D,G,H,B
A,C,F,E,I,D,H,B,G
A,C,F,E,I,D,H,G,B
A,C,F,E,I,G,B,D,H
A,C,F,E,I,G,B,H,D
A,C,F,E,I,G,D,B,H
A,C,F,E,I,G,D,H,B
A,C,F,E,I,G,H,B,D
A,C,F,E,I,G,H,D,B
A,C,F,E,I,H,B,D,G
A,C,F,E,I,H,B,G,D
A,C,F,E,I,H,D,B,G
A,C,F,E,I,H,D,G,B
A,C,F,E,I,H,G,B,D
A,C,F,E,I,H,G,D,B
A,C,F,G,B,D,E,H,I
A,C,F,G,B,D,E,I,H
A,C,F,G,B,D,H,E,I
A,C,F,G,B,D,H,I,E
A,C,F,G,B,D,I,E,H
A,C,F,G,B,D,I,H,E
A,C,F,G,B,E,D,H,I
A,C,F,G,B,E,D,I,H
A,C,F,G,B,E,H,D,I
A,C,F,G,B,E,H,I,D
A,C,F,G,B,E,I,D,H
A,C,F,G,B,E,I,H,D
A,C,F,G,B,H,D,E,I
A,C,F,G,B,H,D,I,E
A,C,F,G,B,H,E,D,I
A,C,F,G,B,H,E,I,D
A,C,F,G,B,H,I,D,E
A,C,F,G,B,H,I,E,D
A,C,F,G,B,I,D,E,H
A,C,F,G,B,I,D,H,E
A,C,F,G,B,I,E,D,H
A,C,F,G,B,I,E,H,D
A,C,F,G,B,I,H,D,E
A,C,F,G,B,I,H,E,D
A,C,F,G,D,B,E,H,I
A,C,F,G,D,B,E,I,H
A,C,F,G,D,B,H,E,I
A,C,F,G,D,B,H,I,E
A,C,F,G,D,B,I,E,H
A,C,F,G,D,B,I,H,E
A,C,F,G,D,E,B,H,I
A,C,F,G,D,E,B,I,H
A,C,F,G,D,E,H,B,I
A,C,F,G,D,E,H,I,B
A,C,F,G,D,E,I,B,H
A,C,F,G,D,E,I,H,B
A,C,F,G,D,H,B,E,I
A,C,F,G,D,H,B,I,E
A,C,F,G,D,H,E,B,I
A,C,F,G,D,H,E,I,B
A,C,F,G,D,H,I,B,E
A,C,F,G,D,H,I,E,B
A,C,F,G,D,I,B,E,H
A,C,F,G,D,I,B,H,E
A,C,F,G,D,I,E,B,H
A,C,F,G,D,I,E,H,B
A,C,F,G,D,I,H,B,E
A,C,F,G,D,I,H,E,B
A,C,F,G,E,B,D,H,I
A,C,F,G,E,B,D,I,H
A,C,F,G,E,B,H,D,I
A,C,F,G,E,B,H,I,D
A,C,F,G,E,B,I,D,H
A,C,F,G,E,B,I,H,D
A,C,F,G,E,D,B,H,I
A,C,F,G,E,D,B,I,H
A,C,F,G,E,D,H,B,I
A,C,F,G,E,D,H,I,B
A,C,F,G,E,D,I,B,H
A,C,F,G,E,D,I,H,B
A,C,F,G,E,H,B,D,I
A,C,F,G,E,H,B,I,D
A,C,F,G,E,H,D,B,I
A,C,F,G,E,H,D,I,B
A,C,F,G,E,H,I,B,D
A,C,F,G,E,H,I,D,B
A,C,F,G,E,I,B,D,H
A,C,F,G,E,I,B,H,D
A,C,F,G,E,I,D,B,H
A,C,F,G,E,I,D,H,B
A,C,F,G,E,I,H,B,D
A,C,F,G,E,I,H,D,B
A,C,F,G,H,B,D,E,I
A,C,F,G,H,B,D,I,E
A,C,F,G,H,B,E,D,I
A,C,F,G,H,B,E,I,D
A,C,F,G,H,B,I,D,E
A,C,F,G,H,B,I,E,D
A,C,F,G,H,D,B,E,I
A,C,F,G,H,D,B,I,E
A,C,F,G,H,D,E,B,I
A,C,F,G,H,D,E,I,B
A,C,F,G,H,D,I,B,E
A,C,F,G,H,D,I,E,B
A,C,F,G,H,E,B,D,I
A,C,F,G,H,E,B,I,D
A,C,F,G,H,E,D,B,I
A,C,F,G,H,E,D,I,B
A,C,F,G,H,E,I,B,D
A,C,F,G,H,E,I,D,B
A,C,F,G,H,I,B,D,E
A,C,F,G,H,I,B,E,D
A,C,F,G,H,I,D,B,E
A,C,F,G,H,I,D,E,B
A,C,F,G,H,I,E,B,D
A,C,F,G,H,I,E,D,B
A,C,F,G,I,B,D,E,H
A,C,F,G,I,B,D,H,E
A,C,F,G,I,B,E,D,H
A,C,F,G,I,B,E,H,D
A,C,F,G,I,B,H,D,E
A,C,F,G,I,B,H,E,D
A,C,F,G,I,D,B,E,H
A,C,F,G,I,D,B,H,E
A,C,F,G,I,D,E,B,H
A,C,F,G,I,D,E,H,B
A,C,F,G,I,D,H,B,E
A,C,F,G,I,D,H,E,B
A,C,F,G,I,E,B,D,H
A,C,F,G,I,E,B,H,D
A,C,F,G,I,E,D,B,H
A,C,F,G,I,E,D,H,B
A,C,F,G,I,E,H,B,D
A,C,F,G,I,E,H,D,B
A,C,F,G,I,H,B,D,E
A,C,F,G,I,H,B,E,D
A,C,F,G,I,H,D,B,E
A,C,F,G,I,H,D,E,B
A,C,F,G,I,H,E,B,D
A,C,F,G,I,H,E,D,B
A,C,F,H,B,D,E,G,I
A,C,F,H,B,D,E,I,G
A,C,F,H,B,D,G,E,I
A,C,F,H,B,D,G,I,E
A,C,F,H,B,D,I,E,G
A,C,F,H,B,D,I,G,E
A,C,F,H,B,E,D,G,I
A,C,F,H,B,E,D,I,G
A,C,F,H,B,E,G,D,I
A,C,F,H,B,E,G,I,D
A,C,F,H,B,E,I,D,G
A,C,F,H,B,E,I,G,D
A,C,F,H,B,G,D,E,I
A,C,F,H,B,G,D,I,E
A,C,F,H,B,G,E,D,I
A,C,F,H,B,G,E,I,D
A,C,F,H,B,G,I,D,E
A,C,F,H,B,G,I,E,D
A,C,F,H,B,I,D,E,G
A,C,F,H,B,I,D,G,E
A,C,F,H,B,I,E,D,G
A,C,F,H,B,I,E,G,D
A,C,F,H,B,I,G,D,E
A,C,F,H,B,I,G,E,D
A,C,F,H,D,B,E,G,I
A,C,F,H,D,B,E,I,G
A,C,F,H,D,B,G,E,I
A,C,F,H,D,B,G,I,E
A,C,F,H,D,B,I,E,G
A,C,F,H,D,B,I,G,E
A,C,F,H,D,E,B,G,I
A,C,F,H,D,E,B,I,G
A,C,F,H,D,E,G,B,I
A,C,F,H,D,E,G,I,B
A,C,F,H,D,E,I,B,G
A,C,F,H,D,E,I,G,B
A,C,F,H,D,G,B,E,I
A,C,F,H,D,G,B,I,E
A,C,F,H,D,G,E,B,I
A,C,F,H,D,G,E,I,B
A,C,F,H,D,G,I,B,E
A,C,F,H,D,G,I,E,B
A,C,F,H,D,I,B,E,G
A,C,F,H,D,I,B,G,E
A,C,F,H,D,I,E,B,G
A,C,F,H,D,I,E,G,B
A,C,F,H,D,I,G,B,E
A,C,F,H,D,I,G,E,B
A,C,F,H,E,B,D,G,I
A,C,F,H,E,B,D,I,G
A,C,F,H,E,B,G,D,I
A,C,F,H,E,B,G,I,D
A,C,F,H,E,B,I,D,G
A,C,F,H,E,B,I,G,D
A,C,F,H,E,D,B,G,I
A,C,F,H,E,D,B,I,G
A,C,F,H,E,D,G,B,I
A,C,F,H,E,D,G,I,B
A,C,F,H,E,D,I,B,G
A,C,F,H,E,D,I,G,B
A,C,F,H,E,G,B,D,I
A,C,F,H,E,G,B,I,D
A,C,F,H,E,G,D,B,I
A,C,F,H,E,G,D,I,B
A,C,F,H,E,G,I,B,D
A,C,F,H,E,G,I,D,B
A,C,F,H,E,I,B,D,G
A,C,F,H,E,I,B,G,D
A,C,F,H,E,I,D,B,G
A,C,F,H,E,I,D,G,B
A,C,F,H,E,I,G,B,D
A,C,F,H,E,I,G,D,B
A,C,F,H,G,B,D,E,I
A,C,F,H,G,B,D,I,E
A,C,F,H,G,B,E,D,I
A,C,F,H,G,B,E,I,D
A,C,F,H,G,B,I,D,E
A,C,F,H,G,B,I,E,D
A,C,F,H,G,D,B,E,I
A,C,F,H,G,D,B,I,E
A,C,F,H,G,D,E,B,I
A,C,F,H,G,D,E,I,B
A,C,F,H,G,D,I,B,E
A,C,F,H,G,D,I,E,B
A,C,F,H,G,E,B,D,I
A,C,F,H,G,E,B,I,D
A,C,F,H,G,E,D,B,I
A,C,F,H,G,E,D,I,B
A,C,F,H,G,E,I,B,D
A,C,F,H,G,E,I,D,B
A,C,F,H,G,I,B,D,E
A,C,F,H,G,I,B,E,D
A,C,F,H,G,I,D,B,E
A,C,F,H,G,I,D,E,B
A,C,F,H,G,I,E,B,D
A,C,F,H,G,I,E,D,B
A,C,F,H,I,B,D,E,G
A,C,F,H,I,B,D,G,E
A,C,F,H,I,B,E,D,G
A,C,F,H,I,B,E,G,D
A,C,F,H,I,B,G,D,E
A,C,F,H,I,B,G,E,D
A,C,F,H,I,D,B,E,G
A,C,F,H,I,D,B,G,E
A,C,F,H,I,D,E,B,G
A,C,F,H,I,D,E,G,B
A,C,F,H,I,D,G,B,E
A,C,F,H,I,D,G,E,B
A,C,F,H,I,E,B,D,G
A,C,F,H,I,E,B,G,D
A,C,F,H,I,E,D,B,G
A,C,F,H,I,E,D,G,B
A,C,F,H,I,E,G,B,D
A,C,F,H,I,E,G,D,B
A,C,F,H,I,G,B,D,E
A,C,F,H,I,G,B,E,D
A,C,F,H,I,G,D,B,E
A,C,F,H,I,G,D,E,B
A,C,F,H,I,G,E,B,D
A,C,F,H,I,G,E,D,B
A,C,F,I,B,D,E,G,H
A,C,F,I,B,D,E,H,G
A,C,F,I,B,D,G,E,H
A,C,F,I,B,D,G,H,E
A,C,F,I,B,D,H,E,G
A,C,F,I,B,D,H,G,E
A,C,F,I,B,E,D,G,H
A,C,F,I,B,E,D,H,G
A,C,F,I,B,E,G,D,H
A,C,F,I,B,E,G,H,D
A,C,F,I,B,E,H,D,G
A,C,F,I,B,E,H,G,D
A,C,F,I,B,G,D,E,H
A,C,F,I,B,G,D,H,E
A,C,F,I,B,G,E,D,H
A,C,F,I,B,G,E,H,D
A,C,F,I,B,G,H,D,E
A,C,F,I,B,G,H,E,D
A,C,F,I,B,H,D,E,G
A,C,F,I,B,H,D,G,E
A,C,F,I,B,H,E,D,G
A,C,F,I,B,H,E,G,D
A,C,F,I,B,H,G,D,E
A,C,F,I,B,H,G,E,D
A,C,F,I,D,B,E,G,H
A,C,F,I,D,B,E,H,G
A,C,F,I,D,B,G,E,H
A,C,F,I,D,B,G,H,E
A,C,F,I,D,B,H,E,G
A,C,F,I,D,B,H,G,E
A,C,F,I,D,E,B,G,H
A,C,F,I,D,E,B,H,G
A,C,F,I,D,E,G,B,H
A,C,F,I,D,E,G,H,B
A,C,F,I,D,E,H,B,G
A,C,F,I,D,E,H,G,B
A,C,F,I,D,G,B,E,H
A,C,F,I,D,G,B,H,E
A,C,F,I,D,G,E,B,H
A,C,F,I,D,G,E,H,B
A,C,F,I,D,G,H,B,E
A,C,F,I,D,G,H,E,B
A,C,F,I,D,H,B,E,G
A,C,F,I,D,H,B,G,E
A,C,F,I,D,H,E,B,G
A,C,F,I,D,H,E,G,B
A,C,F,I,D,H,G,B,E
A,C,F,I,D,H,G,E,B
A,C,F,I,E,B,D,G,H
A,C,F,I,E,B,D,H,G
A,C,F,I,E,B,G,D,H
A,C,F,I,E,B,G,H,D
A,C,F,I,E,B,H,D,G
A,C,F,I,E,B,H,G,D
A,C,F,I,E,D,B,G,H
A,C,F,I,E,D,B,H,G
A,C,F,I,E,D,G,B,H
A,C,F,I,E,D,G,H,B
A,C,F,I,E,D,H,B,G
A,C,F,I,E,D,H,G,B
A,C,F,I,E,G,B,D,H
A,C,F,I,E,G,B,H,D
A,C,F,I,E,G,D,B,H
A,C,F,I,E,G,D,H,B
A,C,F,I,E,G,H,B,D
A,C,F,I,E,G,H,D,B
A,C,F,I,E,H,B,D,G
A,C,F,I,E,H,B,G,D
A,C,F,I,E,H,D,B,G
A,C,F,I,E,H,D,G,B
A,C,F,I,E,H,G,B,D
A,C,F,I,E,H,G,D,B
A,C,F,I,G,B,D,E,H
A,C,F,I,G,B,D,H,E
A,C,F,I,G,B,E,D,H
A,C,F,I,G,B,E,H,D
A,C,F,I,G,B,H,D,E
A,C,F,I,G,B,H,E,D
A,C,F,I,G,D,B,E,H
A,C,F,I,G,D,B,H,E
A,C,F,I,G,D,E,B,H
A,C,F,I,G,D,E,H,B
A,C,F,I,G,D,H,B,E
A,C,F,I,G,D,H,E,B
A,C,F,I,G,E,B,D,H
A,C,F,I,G,E,B,H,D
A,C,F,I,G,E,D,B,H
A,C,F,I,G,E,D,H,B
A,C,F,I,G,E,H,B,D
A,C,F,I,G,E,H,D,B
A,C,F,I,G,H,B,D,E
A,C,F,I,G,H,B,E,D
A,C,F,I,G,H,D,B,E
A,C,F,I,G,H,D,E,B
A,C,F,I,G,H,E,B,D
A,C,F,I,G,H,E,D,B
A,C,F,I,H,B,D,E,G
A,C,F,I,H,B,D,G,E
A,C,F,I,H,B,E,D,G
A,C,F,I,H,B,E,G,D
A,C,F,I,H,B,G,D,E
A,C,F,I,H,B,G,E,D
A,C,F,I,H,D,B,E,G
A,C,F,I,H,D,B,G,E
A,C,F,I,H,D,E,B,G
A,C,F,I,H,D,E,G,B
A,C,F,I,H,D,G,B,E
A,C,F,I,H,D,G,E,B
A,C,F,I,H,E,B,D,G
A,C,F,I,H,E,B,G,D
A,C,F,I,H,E,D,B,G
A,C,F,I,H,E,D,G,B
A,C,F,I,H,E,G,B,D
A,C,F,I,H,E,G,D,B
A,C,F,I,H,G,B,D,E
A,C,F,I,H,G,B,E,D
A,C,F,I,H,G,D,B,E
A,C,F,I,H,G,D,E,B
A,C,F,I,H,G,E,B,D
A,C,F,I,H,G,E,D,B
A,C,G,B,D,E,F,H,I
A,C,G,B,D,E,F,I,H
A,C,G,B,D,E,H,F,I
A,C,G,B,D,E,H,I,F
A,C,G,B,D,E,I,F,H
A,C,G,B,D,E,I,H,F
A,C,G,B,D,F,E,H,I
A,C,G,B,D,F,E,I,H
A,C,G,B,D,F,H,E,I
A,C,G,B,D,F,H,I,E
A,C,G,B,D,F,I,E,H
A,C,G,B,D,F,I,H,E
A,C,G,B,D,H,E,F,I
A,C,G,B,D,H,E,I,F
A,C,G,B,D,H,F,E,I
A,C,G,B,D,H,F,I,E
A,C,G,B,D,H,I,E,F
A,C,G,B,D,H,I,F,E
A,C,G,B,D,I,E,F,H
A,C,G,B,D,I,E,H,F
A,C,G,B,D,I,F,E,H
A,C,G,B,D,I,F,H,E
A,C,G,B,D,I,H,E,F
A,C,G,B,D,I,H,F,E
A,C,G,B,E,D,F,H,I
A,C,G,B,E,D,F,I,H
A,C,G,B,E,D,H,F,I
A,C,G,B,E,D,H,I,F
A,C,G,B,E,D,I,F,H
A,C,G,B,E,D,I,H,F
A,C,G,B,E,F,D,H,I
A,C,G,B,E,F,D,I,H
A,C,G,B,E,F,H,D,I
A,C,G,B,E,F,H,I,D
A,C,G,B,E,F,I,D,H
A,C,G,B,E,F,I,H,D
A,C,G,B,E,H,D,F,I
A,C,G,B,E,H,D,I,F
A,C,G,B,E,H,F,D,I
A,C,G,B,E,H,F,I,D
A,C,G,B,E,H,I,D,F
A,C,G,B,E,H,I,F,D
A,C,G,B,E,I,D,F,H
A,C,G,B,E,I,D,H,F
A,C,G,B,E,I,F,D,H
A,C,G,B,E,I,F,H,D
A,C,G,B,E,I,H,D,F
A,C,G,B,E,I,H,F,D
A,C,G,B,F,D,E,H,I
A,C,G,B,F,D,E,I,H
A,C,G,B,F,D,H,E,I
A,C,G,B,F,D,H,I,E
A,C,G,B,F,D,I,E,H
A,C,G,B,F,D,I,H,E
A,C,G,B,F,E,D,H,I
A,C,G,B,F,E,D,I,H
A,C,G,B,F,E,H,D,I
A,C,G,B,F,E,H,I,D
A,C,G,B,F,E,I,D,H
A,C,G,B,F,E,I,H,D
A,C,G,B,F,H,D,E,I
A,C,G,B,F,H,D,I,E
A,C,G,B,F,H,E,D,I
A,C,G,B,F,H,E,I,D
A,C,G,B,F,H,I,D,E
A,C,G,B,F,H,I,E,D
A,C,G,B,F,I,D,E,H
A,C,G,B,F,I,D,H,E
A,C,G,B,F,I,E,D,H
A,C,G,B,F,I,E,H,D
A,C,G,B,F,I,H,D,E
A,C,G,B,F,I,H,E,D
A,C,G,B,H,D,E,F,I
A,C,G,B,H,D,E,I,F
A,C,G,B,H,D,F,E,I
A,C,G,B,H,D,F,I,E
A,C,G,B,H,D,I,E,F
A,C,G,B,H,D,I,F,E
A,C,G,B,H,E,D,F,I
A,C,G,B,H,E,D,I,F
A,C,G,B,H,E,F,D,I
A,C,G,B,H,E,F,I,D
A,C,G,B,H,E,I,D,F
A,C,G,B,H,E,I,F,D
A,C,G,B,H,F,D,E,I
A,C,G,B,H,F,D,I,E
A,C,G,B,H,F,E,D,I
A,C,G,B,H,F,E,I,D
A,C,G,B,H,F,I,D,E
A,C,G,B,H,F,I,E,D
A,C,G,B,H,I,D,E,F
A,C,G,B,H,I,D,F,E
A,C,G,B,H,I,E,D,F
A,C,G,B,H,I,E,F,D
A,C,G,B,H,I,F,D,E
A,C,G,B,H,I,F,E,D
A,C,G,B,I,D,E,F,H
A,C,G,B,I,D,E,H,F
A,C,G,B,I,D,F,E,H
A,C,G,B,I,D,F,H,E
A,C,G,B,I,D,H,E,F
A,C,G,B,I,D,H,F,E
A,C,G,B,I,E,D,F,H
A,C,G,B,I,E,D,H,F
A,C,G,B,I,E,F,D,H
A,C,G,B,I,E,F,H,D
A,C,G,B,I,E,H,D,F
A,C,G,B,I,E,H,F,D
A,C,G,B,I,F,D,E,H
A,C,G,B,I,F,D,H,E
A,C,G,B,I,F,E,D,H
A,C,G,B,I,F,E,H,D
A,C,G,B,I,F,H,D,E
A,C,G,B,I,F,H,E,D
A,C,G,B,I,H,D,E,F
A,C,G,B,I,H,D,F,E
A,C,G,B,I,H,E,D,F
A,C,G,B,I,H,E,F,D
A,C,G,B,I,H,F,D,E
A,C,G,B,I,H,F,E,D
A,C,G,D,B,E,F,H,I
A,C,G,D,B,E,F,I,H
A,C,G,D,B,E,H,F,I
A,C,G,D,B,E,H,I,F
A,C,G,D,B,E,I,F,H
A,C,G,D,B,E,I,H,F
A,C,G,D,B,F,E,H,I
A,C,G,D,B,F,E,I,H
A,C,G,D,B,F,H,E,I
A,C,G,D,B,F,H,I,E
A,C,G,D,B,F,I,E,H
A,C,G,D,B,F,I,H,E
A,C,G,D,B,H,E,F,I
A,C,G,D,B,H,E,I,F
A,C,G,D,B,H,F,E,I
A,C,G,D,B,H,F,I,E
A,C,G,D,B,H,I,E,F
A,C,G,D,B,H,I,F,E
A,C,G,D,B,I,E,F,H
A,C,G,D,B,I,E,H,F
A,C,G,D,B,I,F,E,H
A,C,G,D,B,I,F,H,E
A,C,G,D,B,I,H,E,F
A,C,G,D,B,I,H,F,E
A,C,G,D,E,B,F,H,I
A,C,G,D,E,B,F,I,H
A,C,G,D,E,B,H,F,I
A,C,G,D,E,B,H,I,F
A,C,G,D,E,B,I,F,H
A,C,G,D,E,B,I,H,F
A,C,G,D,E,F,B,H,I
A,C,G,D,E,F,B,I,H
A,C,G,D,E,F,H,B,I
A,C,G,D,E,F,H,I,B
A,C,G,D,E,F,I,B,H
A,C,G,D,E,F,I,H,B
A,C,G,D,E,H,B,F,I
A,C,G,D,E,H,B,I,F
A,C,G,D,E,H,F,B,I
A,C,G,D,E,H,F,I,B
A,C,G,D,E,H,I,B,F
A,C,G,D,E,H,I,F,B
A,C,G,D,E,I,B,F,H
A,C,G,D,E,I,B,H,F
A,C,G,D,E,I,F,B,H
A,C,G,D,E,I,F,H,B
A,C,G,D,E,I,H,B,F
A,C,G,D,E,I,H,F,B
A,C,G,D,F,B,E,H,I
A,C,G,D,F,B,E,I,H
A,C,G,D,F,B,H,E,I
A,C,G,D,F,B,H,I,E
A,C,G,D,F,B,I,E,H
A,C,G,D,F,B,I,H,E
A,C,G,D,F,E,B,H,I
A,C,G,D,F,E,B,I,H
A,C,G,D,F,E,H,B,I
A,C,G,D,F,E,H,I,B
A,C,G,D,F,E,I,B,H
A,C,G,D,F,E,I,H,B
A,C,G,D,F,H,B,E,I
A,C,G,D,F,H,B,I,E
A,C,G,D,F,H,E,B,I
A,C,G,D,F,H,E,I,B
A,C,G,D,F,H,I,B,E
A,C,G,D,F,H,I,E,B
A,C,G,D,F,I,B,E,H
A,C,G,D,F,I,B,H,E
A,C,G,D,F,I,E,B,H
A,C,G,D,F,I,E,H,B
A,C,G,D,F,I,H,B,E
A,C,G,D,F,I,H,E,B
A,C,G,D,H,B,E,F,I
A,C,G,D,H,B,E,I,F
A,C,G,D,H,B,F,E,I
A,C,G,D,H,B,F,I,E
A,C,G,D,H,B,I,E,F
A,C,G,D,H,B,I,F,E
A,C,G,D,H,E,B,F,I
A,C,G,D,H,E,B,I,F
A,C,G,D,H,E,F,B,I
A,C,G,D,H,E,F,I,B
A,C,G,D,H,E,I,B,F
A,C,G,D,H,E,I,F,B
A,C,G,D,H,F,B,E,I
A,C,G,D,H,F,B,I,E
A,C,G,D,H,F,E,B,I
A,C,G,D,H,F,E,I,B
A,C,G,D,H,F,I,B,E
A,C,G,D,H,F,I,E,B
A,C,G,D,H,I,B,E,F
A,C,G,D,H,I,B,F,E
A,C,G,D,H,I,E,B,F
A,C,G,D,H,I,E,F,B
A,C,G,D,H,I,F,B,E
A,C,G,D,H,I,F,E,B
A,C,G,D,I,B,E,F,H
A,C,G,D,I,B,E,H,F
A,C,G,D,I,B,F,E,H
A,C,G,D,I,B,F,H,E
A,C,G,D,I,B,H,E,F
A,C,G,D,I,B,H,F,E
A,C,G,D,I,E,B,F,H
A,C,G,D,I,E,B,H,F
A,C,G,D,I,E,F,B,H
A,C,G,D,I,E,F,H,B
A,C,G,D,I,E,H,B,F
A,C,G,D,I,E,H,F,B
A,C,G,D,I,F,B,E,H
A,C,G,D,I,F,B,H,E
A,C,G,D,I,F,E,B,H
A,C,G,D,I,F,E,H,B
A,C,G,D,I,F,H,B,E
A,C,G,D,I,F,H,E,B
A,C,G,D,I,H,B,E,F
A,C,G,D,I,H,B,F,E
A,C,G,D,I,H,E,B,F
A,C,G,D,I,H,E,F,B
A,C,G,D,I,H,F,B,E
A,C,G,D,I,H,F,E,B
A,C,G,E,B,D,F,H,I
A,C,G,E,B,D,F,I,H
A,C,G,E,B,D,H,F,I
A,C,G,E,B,D,H,I,F
A,C,G,E,B,D,I,F,H
A,C,G,E,B,D,I,H,F
A,C,G,E,B,F,D,H,I
A,C,G,E,B,F,D,I,H
A,C,G,E,B,F,H,D,I
A,C,G,E,B,F,H,I,D
A,C,G,E,B,F,I,D,H
A,C,G,E,B,F,I,H,D
A,C,G,E,B,H,D,F,I
A,C,G,E,B,H,D,I,F
A,C,G,E,B,H,F,D,I
A,C,G,E,B,H,F,I,D
A,C,G,E,B,H,I,D,F
A,C,G,E,B,H,I,F,D
A,C,G,E,B,I,D,F,H
A,C,G,E,B,I,D,H,F
A,C,G,E,B,I,F,D,H
A,C,G,E,B,I,F,H,D
A,C,G,E,B,I,H,D,F
A,C,G,E,B,I,H,F,D
A,C,G,E,D,B,F,H,I
A,C,G,E,D,B,F,I,H
A,C,G,E,D,B,H,F,I
A,C,G,E,D,B,H,I,F
A,C,G,E,D,B,I,F,H
A,C,G,E,D,B,I,H,F
A,C,G,E,D,F,B,H,I
A,C,G,E,D,F,B,I,H
A,C,G,E,D,F,H,B,I
A,C,G,E,D,F,H,I,B
A,C,G,E,D,F,I,B,H
A,C,G,E,D,F,I,H,B
A,C,G,E,D,H,B,F,I
A,C,G,E,D,H,B,I,F
A,C,G,E,D,H,F,B,I
A,C,G,E,D,H,F,I,B
A,C,G,E,D,H,I,B,F
A,C,G,E,D,H,I,F,B
A,C,G,E,D,I,B,F,H
A,C,G,E,D,I,B,H,F
A,C,G,E,D,I,F,B,H
A,C,G,E,D,I,F,H,B
A,C,G,E,D,I,H,B,F
A,C,G,E,D,I,H,F,B
A,C,G,E,F,B,D,H,I
A,C,G,E,F,B,D,I,H
A,C,G,E,F,B,H,D,I
A,C,G,E,F,B,H,I,D
A,C,G,E,F,B,I,D,H
A,C,G,E,F,B,I,H,D
A,C,G,E,F,D,B,H,I
A,C,G,E,F,D,B,I,H
A,C,G,E,F,D,H,B,I
A,C,G,E,F,D,H,I,B
A,C,G,E,F,D,I,B,H
A,C,G,E,F,D,I,H,B
A,C,G,E,F,H,B,D,I
A,C,G,E,F,H,B,I,D
A,C,G,E,F,H,D,B,I
A,C,G,E,F,H,D,I,B
A,C,G,E,F,H,I,B,D
A,C,G,E,F,H,I,D,B
A,C,G,E,F,I,B,D,H
A,C,G,E,F,I,B,H,D
A,C,G,E,F,I,D,B,H
A,C,G,E,F,I,D,H,B
A,C,G,E,F,I,H,B,D
A,C,G,E,F,I,H,D,B
A,C,G,E,H,B,D,F,I
A,C,G,E,H,B,D,I,F
A,C,G,E,H,B,F,D,I
A,C,G,E,H,B,F,I,D
A,C,G,E,H,B,I,D,F
A,C,G,E,H,B,I,F,D
A,C,G,E,H,D,B,F,I
A,C,G,E,H,D,B,I,F
A,C,G,E,H,D,F,B,I
A,C,G,E,H,D,F,I,B
A,C,G,E,H,D,I,B,F
A,C,G,E,H,D,I,F,B
A,C,G,E,H,F,B,D,I
A,C,G,E,H,F,B,I,D
A,C,G,E,H,F,D,B,I
A,C,G,E,H,F,D,I,B
A,C,G,E,H,F,I,B,D
A,C,G,E,H,F,I,D,B
A,C,G,E,H,I,B,D,F
A,C,G,E,H,I,B,F,D
A,C,G,E,H,I,D,B,F
A,C,G,E,H,I,D,F,B
A,C,G,E,H,I,F,B,D
A,C,G,E,H,I,F,D,B
A,C,G,E,I,B,D,F,H
A,C,G,E,I,B,D,H,F
A,C,G,E,I,B,F,D,H
A,C,G,E,I,B,F,H,D
A,C,G,E,I,B,H,D,F
A,C,G,E,I,B,H,F,D
A,C,G,E,I,D,B,F,H
A,C,G,E,I,D,B,H,F
A,C,G,E,I,D,F,B,H
A,C,G,E,I,D,F,H,B
A,C,G,E,I,D,H,B,F
A,C,G,E,I,D,H,F,B
A,C,G,E,I,F,B,D,H
A,C,G,E,I,F,B,H,D
A,C,G,E,I,F,D,B,H
A,C,G,E,I,F,D,H,B
A,C,G,E,I,F,H,B,D
A,C,G,E,I,F,H,D,B
A,C,G,E,I,H,B,D,F
A,C,G,E,I,H,B,F,D
A,C,G,E,I,H,D,B,F
A,C,G,E,I,H,D,F,B
A,C,G,E,I,H,F,B,D
A,C,G,E,I,H,F,D,B
A,C,G,F,B,D,E,H,I
A,C,G,F,B,D,E,I,H
A,C,G,F,B,D,H,E,I
A,C,G,F,B,D,H,I,E
A,C,G,F,B,D,I,E,H
A,C,G,F,B,D,I,H,E
A,C,G,F,B,E,D,H,I
A,C,G,F,B,E,D,I,H
A,C,G,F,B,E,H,D,I
A,C,G,F,B,E,H,I,D
A,C,G,F,B,E,I,D,H
A,C,G,F,B,E,I,H,D
A,C,G,F,B,H,D,E,I
A,C,G,F,B,H,D,I,E
A,C,G,F,B,H,E,D,I
A,C,G,F,B,H,E,I,D
A,C,G,F,B,H,I,D,E
A,C,G,F,B,H,I,E,D
A,C,G,F,B,I,D,E,H
A,C,G,F,B,I,D,H,E
A,C,G,F,B,I,E,D,H
A,C,G,F,B,I,E,H,D
A,C,G,F,B,I,H,D,E
A,C,G,F,B,I,H,E,D
A,C,G,F,D,B,E,H,I
A,C,G,F,D,B,E,I,H
A,C,G,F,D,B,H,E,I
A,C,G,F,D,B,H,I,E
A,C,G,F,D,B,I,E,H
A,C,G,F,D,B,I,H,E
A,C,G,F,D,E,B,H,I
A,C,G,F,D,E,B,I,H
A,C,G,F,D,E,H,B,I
A,C,G,F,D,E,H,I,B
A,C,G,F,D,E,I,B,H
A,C,G,F,D,E,I,H,B
A,C,G,F,D,H,B,E,I
A,C,G,F,D,H,B,I,E
A,C,G,F,D,H,E,B,I
A,C,G,F,D,H,E,I,B
A,C,G,F,D,H,I,B,E
A,C,G,F,D,H,I,E,B
A,C,G,F,D,I,B,E,H
A,C,G,F,D,I,B,H,E
A,C,G,F,D,I,E,B,H
A,C,G,F,D,I,E,H,B
A,C,G,F,D,I,H,B,E
A,C,G,F,D,I,H,E,B
A,C,G,F,E,B,D,H,I
A,C,G,F,E,B,D,I,H
A,C,G,F,E,B,H,D,I
A,C,G,F,E,B,H,I,D
A,C,G,F,E,B,I,D,H
A,C,G,F,E,B,I,H,D
A,C,G,F,E,D,B,H,I
A,C,G,F,E,D,B,I,H
A,C,G,F,E,D,H,B,I
A,C,G,F,E,D,H,I,B
A,C,G,F,E,D,I,B,H
A,C,G,F,E,D,I,H,B
A,C,G,F,E,H,B,D,I
A,C,G,F,E,H,B,I,D
A,C,G,F,E,H,D,B,I
A,C,G,F,E,H,D,I,B
A,C,G,F,E,H,I,B,D
A,C,G,F,E,H,I,D,B
A,C,G,F,E,I,B,D,H
A,C,G,F,E,I,B,H,D
A,C,G,F,E,I,D,B,H
A,C,G,F,E,I,D,H,B
A,C,G,F,E,I,H,B,D
A,C,G,F,E,I,H,D,B
A,C,G,F,H,B,D,E,I
A,C,G,F,H,B,D,I,E
A,C,G,F,H,B,E,D,I
A,C,G,F,H,B,E,I,D
A,C,G,F,H,B,I,D,E
A,C,G,F,H,B,I,E,D
A,C,G,F,H,D,B,E,I
A,C,G,F,H,D,B,I,E
A,C,G,F,H,D,E,B,I
A,C,G,F,H,D,E,I,B
A,C,G,F,H,D,I,B,E
A,C,G,F,H,D,I,E,B
A,C,G,F,H,E,B,D,I
A,C,G,F,H,E,B,I,D
A,C,G,F,H,E,D,B,I
A,C,G,F,H,E,D,I,B
A,C,G,F,H,E,I,B,D
A,C,G,F,H,E,I,D,B
A,C,G,F,H,I,B,D,E
A,C,G,F,H,I,B,E,D
A,C,G,F,H,I,D,B,E
A,C,G,F,H,I,D,E,B
A,C,G,F,H,I,E,B,D
A,C,G,F,H,I,E,D,B
A,C,G,F,I,B,D,E,H
A,C,G,F,I,B,D,H,E
A,C,G,F,I,B,E,D,H
A,C,G,F,I,B,E,H,D
A,C,G,F,I,B,H,D,E
A,C,G,F,I,B,H,E,D
A,C,G,F,I,D,B,E,H
A,C,G,F,I,D,B,H,E
A,C,G,F,I,D,E,B,H
A,C,G,F,I,D,E,H,B
A,C,G,F,I,D,H,B,E
A,C,G,F,I,D,H,E,B
A,C,G,F,I,E,B,D,H
A,C,G,F,I,E,B,H,D
A,C,G,F,I,E,D,B,H
A,C,G,F,I,E,D,H,B
A,C,G,F,I,E,H,B,D
A,C,G,F,I,E,H,D,B
A,C,G,F,I,H,B,D,E
A,C,G,F,I,H,B,E,D
A,C,G,F,I,H,D,B,E
A,C,G,F,I,H,D,E,B
A,C,G,F,I,H,E,B,D
A,C,G,F,I,H,E,D,B
A,C,G,H,B,D,E,F,I
A,C,G,H,B,D,E,I,F
A,C,G,H,B,D,F,E,I
A,C,G,H,B,D,F,I,E
A,C,G,H,B,D,I,E,F
A,C,G,H,B,D,I,F,E
A,C,G,H,B,E,D,F,I
A,C,G,H,B,E,D,I,F
A,C,G,H,B,E,F,D,I
A,C,G,H,B,E,F,I,D
A,C,G,H,B,E,I,D,F
A,C,G,H,B,E,I,F,D
A,C,G,H,B,F,D,E,I
A,C,G,H,B,F,D,I,E
A,C,G,H,B,F,E,D,I
A,C,G,H,B,F,E,I,D
A,C,G,H,B,F,I,D,E
A,C,G,H,B,F,I,E,D
A,C,G,H,B,I,D,E,F
A,C,G,H,B,I,D,F,E
A,C,G,H,B,I,E,D,F
A,C,G,H,B,I,E,F,D
A,C,G,H,B,I,F,D,E
A,C,G,H,B,I,F,E,D
A,C,G,H,D,B,E,F,I
A,C,G,H,D,B,E,I,F
A,C,G,H,D,B,F,E,I
A,C,G,H,D,B,F,I,E
A,C,G,H,D,B,I,E,F
A,C,G,H,D,B,I,F,E
A,C,G,H,D,E,B,F,I
A,C,G,H,D,E,B,I,F
A,C,G,H,D,E,F,B,I
A,C,G,H,D,E,F,I,B
A,C,G,H,D,E,I,B,F
A,C,G,H,D,E,I,F,B
A,C,G,H,D,F,B,E,I
A,C,G,H,D,F,B,I,E
A,C,G,H,D,F,E,B,I
A,C,G,H,D,F,E,I,B
A,C,G,H,D,F,I,B,E
A,C,G,H,D,F,I,E,B
A,C,G,H,D,I,B,E,F
A,C,G,H,D,I,B,F,E
A,C,G,H,D,I,E,B,F
A,C,G,H,D,I,E,F,B
A,C,G,H,D,I,F,B,E
A,C,G,H,D,I,F,E,B
A,C,G,H,E,B,D,F,I
A,C,G,H,E,B,D,I,F
A,C,G,H,E,B,F,D,I
A,C,G,H,E,B,F,I,D
A,C,G,H,E,B,I,D,F
A,C,G,H,E,B,I,F,D
A,C,G,H,E,D,B,F,I
A,C,G,H,E,D,B,I,F
A,C,G,H,E,D,F,B,I
A,C,G,H,E,D,F,I,B
A,C,G,H,E,D,I,B,F
A,C,G,H,E,D,I,F,B
A,C,G,H,E,F,B,D,I
A,C,G,H,E,F,B,I,D
A,C,G,H,E,F,D,B,I
A,C,G,H,E,F,D,I,B
A,C,G,H,E,F,I,B,D
A,C,G,H,E,F,I,D,B
A,C,G,H,E,I,B,D,F
A,C,G,H,E,I,B,F,D
A,C,G,H,E,I,D,B,F
A,C,G,H,E,I,D,F,B
A,C,G,H,E,I,F,B,D
A,C,G,H,E,I,F,D,B
A,C,G,H,F,B,D,E,I
A,C,G,H,F,B,D,I,E
A,C,G,H,F,B,E,D,I
A,C,G,H,F,B,E,I,D
A,C,G,H,F,B,I,D,E
A,C,G,H,F,B,I,E,D
A,C,G,H,F,D,B,E,I
A,C,G,H,F,D,B,I,E
A,C,G,H,F,D,E,B,I
A,C,G,H,F,D,E,I,B
A,C,G,H,F,D,I,B,E
A,C,G,H,F,D,I,E,B
A,C,G,H,F,E,B,D,I
A,C,G,H,F,E,B,I,D
A,C,G,H,F,E,D,B,I
A,C,G,H,F,E,D,I,B
A,C,G,H,F,E,I,B,D
A,C,G,H,F,E,I,D,B
A,C,G,H,F,I,B,D,E
A,C,G,H,F,I,B,E,D
A,C,G,H,F,I,D,B,E
A,C,G,H,F,I,D,E,B
A,C,G,H,F,I,E,B,D
A,C,G,H,F,I,E,D,B
A,C,G,H,I,B,D,E,F
A,C,G,H,I,B,D,F,E
A,C,G,H,I,B,E,D,F
A,C,G,H,I,B,E,F,D
A,C,G,H,I,B,F,D,E
A,C,G,H,I,B,F,E,D
A,C,G,H,I,D,B,E,F
A,C,G,H,I,D,B,F,E
A,C,G,H,I,D,E,B,F
A,C,G,H,I,D,E,F,B
A,C,G,H,I,D,F,B,E
A,C,G,H,I,D,F,E,B
A,C,G,H,I,E,B,D,F
A,C,G,H,I,E,B,F,D
A,C,G,H,I,E,D,B,F
A,C,G,H,I,E,D,F,B
A,C,G,H,I,E,F,B,D
A,C,G,H,I,E,F,D,B
A,C,G,H,I,F,B,D,E
A,C,G,H,I,F,B,E,D
A,C,G,H,I,F,D,B,E
A,C,G,H,I,F,D,E,B
A,C,G,H,I,F,E,B,D
A,C,G,H,I,F,E,D,B
A,C,G,I,B,D,E,F,H
A,C,G,I,B,D,E,H,F
A,C,G,I,B,D,F,E,H
A,C,G,I,B,D,F,H,E
A,C,G,I,B,D,H,E,F
A,C,G,I,B,D,H,F,E
A,C,G,I,B,E,D,F,H
A,C,G,I,B,E,D,H,F
A,C,G,I,B,E,F,D,H
A,C,G,I,B,E,F,H,D
A,C,G,I,B,E,H,D,F
A,C,G,I,B,E,H,F,D
A,C,G,I,B,F,D,E,H
A,C,G,I,B,F,D,H,E
A,C,G,I,B,F,E,D,H
A,C,G,I,B,F,E,H,D
A,C,G,I,B,F,H,D,E
A,C,G,I,B,F,H,E,D
A,C,G,I,B,H,D,E,F
A,C,G,I,B,H,D,F,E
A,C,G,I,B,H,E,D,F
A,C,G,I,B,H,E,F,D
A,C,G,I,B,H,F,D,E
A,C,G,I,B,H,F,E,D
A,C,G,I,D,B,E,F,H
A,C,G,I,D,B,E,H,F
A,C,G,I,D,B,F,E,H
A,C,G,I,D,B,F,H,E
A,C,G,I,D,B,H,E,F
A,C,G,I,D,B,H,F,E
A,C,G,I,D,E,B,F,H
A,C,G,I,D,E,B,H,F
A,C,G,I,D,E,F,B,H
A,C,G,I,D,E,F,H,B
A,C,G,I,D,E,H,B,F
A,C,G,I,D,E,H,F,B
A,C,G,I,D,F,B,E,H
A,C,G,I,D,F,B,H,E
A,C,G,I,D,F,E,B,H
A,C,G,I,D,F,E,H,B
A,C,G,I,D,F,H,B,E
A,C,G,I,D,F,H,E,B
A,C,G,I,D,H,B,E,F
A,C,G,I,D,H,B,F,E
A,C,G,I,D,H,E,B,F
A,C,G,I,D,H,E,F,B
A,C,G,I,D,H,F,B,E
A,C,G,I,D,H,F,E,B
A,C,G,I,E,B,D,F,H
A,C,G,I,E,B,D,H,F
A,C,G,I,E,B,F,D,H
A,C,G,I,E,B,F,H,D
A,C,G,I,E,B,H,D,F
A,C,G,I,E,B,H,F,D
A,C,G,I,E,D,B,F,H
A,C,G,I,E,D,B,H,F
A,C,G,I,E,D,F,B,H
A,C,G,I,E,D,F,H,B
A,C,G,I,E,D,H,B,F
A,C,G,I,E,D,H,F,B
A,C,G,I,E,F,B,D,H
A,C,G,I,E,F,B,H,D
A,C,G,I,E,F,D,B,H
A,C,G,I,E,F,D,H,B
A,C,G,I,E,F,H,B,D
A,C,G,I,E,F,H,D,B
A,C,G,I,E,H,B,D,F
A,C,G,I,E,H,B,F,D
A,C,G,I,E,H,D,B,F
A,C,G,I,E,H,D,F,B
A,C,G,I,E,H,F,B,D
A,C,G,I,E,H,F,D,B
A,C,G,I,F,B,D,E,H
A,C,G,I,F,B,D,H,E
A,C,G,I,F,B,E,D,H
A,C,G,I,F,B,E,H,D
A,C,G,I,F,B,H,D,E
A,C,G,I,F,B,H,E,D
A,C,G,I,F,D,B,E,H
A,C,G,I,F,D,B,H,E
A,C,G,I,F,D,E,B,H
A,C,G,I,F,D,E,H,B
A,C,G,I,F,D,H,B,E
A,C,G,I,F,D,H,E,B
A,C,G,I,F,E,B,D,H
A,C,G,I,F,E,B,H,D
A,C,G,I,F,E,D,B,H
A,C,G,I,F,E,D,H,B
A,C,G,I,F,E,H,B,D
A,C,G,I,F,E,H,D,B
A,C,G,I,F,H,B,D,E
A,C,G,I,F,H,B,E,D
A,C,G,I,F,H,D,B,E
A,C,G,I,F,H,D,E,B
A,C,G,I,F,H,E,B,D
A,C,G,I,F,H,E,D,B
A,C,G,I,H,B,D,E,F
A,C,G,I,H,B,D,F,E
A,C,G,I,H,B,E,D,F
A,C,G,I,H,B,E,F,D
A,C,G,I,H,B,F,D,E
A,C,G,I,H,B,F,E,D
A,C,G,I,H,D,B,E,F
A,C,G,I,H,D,B,F,E
A,C,G,I,H,D,E,B,F
A,C,G,I,H,D,E,F,B
A,C,G,I,H,D,F,B,E
A,C,G,I,H,D,F,E,B
A,C,G,I,H,E,B,D,F
A,C,G,I,H,E,B,F,D
A,C,G,I,H,E,D,B,F
A,C,G,I,H,E,D,F,B
A,C,G,I,H,E,F,B,D
A,C,G,I,H,E,F,D,B
A,C,G,I,H,F,B,D,E
A,C,G,I,H,F,B,E,D
A,C,G,I,H,F,D,B,E
A,C,G,I,H,F,D,E,B
A,C,G,I,H,F,E,B,D
A,C,G,I,H,F,E,D,B
A,C,H,B,D,E,F,G,I
A,C,H,B,D,E,F,I,G
A,C,H,B,D,E,G,F,I
A,C,H,B,D,E,G,I,F
A,C,H,B,D,E,I,F,G
A,C,H,B,D,E,I,G,F
A,C,H,B,D,F,E,G,I
A,C,H,B,D,F,E,I,G
A,C,H,B,D,F,G,E,I
A,C,H,B,D,F,G,I,E
A,C,H,B,D,F,I,E,G
A,C,H,B,D,F,I,G,E
A,C,H,B,D,G,E,F,I
A,C,H,B,D,G,E,I,F
A,C,H,B,D,G,F,E,I
A,C,H,B,D,G,F,I,E
A,C,H,B,D,G,I,E,F
A,C,H,B,D,G,I,F,E
A,C,H,B,D,I,E,F,G
A,C,H,B,D,I,E,G,F
A,C,H,B,D,I,F,E,G
A,C,H,B,D,I,F,G,E
A,C,H,B,D,I,G,E,F
A,C,H,B,D,I,G,F,E
A,C,H,B,E,D,F,G,I
A,C,H,B,E,D,F,I,G
A,C,H,B,E,D,G,F,I
A,C,H,B,E,D,G,I,F
A,C,H,B,E,D,I,F,G
A,C,H,B,E,D,I,G,F
A,C,H,B,E,F,D,G,I
A,C,H,B,E,F,D,I,G
A,C,H,B,E,F,G,D,I
A,C,H,B,E,F,G,I,D
A,C,H,B,E,F,I,D,G
A,C,H,B,E,F,I,G,D
A,C,H,B,E,G,D,F,I
A,C,H,B,E,G,D,I,F
A,C,H,B,E,G,F,D,I
A,C,H,B,E,G,F,I,D
A,C,H,B,E,G,I,D,F
A,C,H,B,E,G,I,F,D
A,C,H,B,E,I,D,F,G
A,C,H,B,E,I,D,G,F
A,C,H,B,E,I,F,D,G
A,C,H,B,E,I,F,G,D
A,C,H,B,E,I,G,D,F
A,C,H,B,E,I,G,F,D
A,C,H,B,F,D,E,G,I
A,C,H,B,F,D,E,I,G
A,C,H,B,F,D,G,E,I
A,C,H,B,F,D,G,I,E
A,C,H,B,F,D,I,E,G
A,C,H,B,F,D,I,G,E
A,C,H,B,F,E,D,G,I
A,C,H,B,F,E,D,I,G
A,C,H,B,F,E,G,D,I
A,C,H,B,F,E,G,I,D
A,C,H,B,F,E,I,D,G
A,C,H,B,F,E,I,G,D
A,C,H,B,F,G,D,E,I
A,C,H,B,F,G,D,I,E
A,C,H,B,F,G,E,D,I
A,C,H,B,F,G,E,I,D
A,C,H,B,F,G,I,D,E
A,C,H,B,F,G,I,E,D
A,C,H,B,F,I,D,E,G
A,C,H,B,F,I,D,G,E
A,C,H,B,F,I,E,D,G
A,C,H,B,F,I,E,G,D
A,C,H,B,F,I,G,D,E
A,C,H,B,F,I,G,E,D
A,C,H,B,G,D,E,F,I
A,C,H,B,G,D,E,I,F
A,C,H,B,G,D,F,E,I
A,C,H,B,G,D,F,I,E
A,C,H,B,G,D,I,E,F
A,C,H,B,G,D,I,F,E
A,C,H,B,G,E,D,F,I
A,C,H,B,G,E,D,I,F
A,C,H,B,G,E,F,D,I
A,C,H,B,G,E,F,I,D
A,C,H,B,G,E,I,D,F
A,C,H,B,G,E,I,F,D
A,C,H,B,G,F,D,E,I
A,C,H,B,G,F,D,I,E
A,C,H,B,G,F,E,D,I
A,C,H,B,G,F,E,I,D
A,C,H,B,G,F,I,D,E
A,C,H,B,G,F,I,E,D
A,C,H,B,G,I,D,E,F
A,C,H,B,G,I,D,F,E
A,C,H,B,G,I,E,D,F
A,C,H,B,G,I,E,F,D
A,C,H,B,G,I,F,D,E
A,C,H,B,G,I,F,E,D
A,C,H,B,I,D,E,F,G
A,C,H,B,I,D,E,G,F
A,C,H,B,I,D,F,E,G
A,C,H,B,I,D,F,G,E
A,C,H,B,I,D,G,E,F
A,C,H,B,I,D,G,F,E
A,C,H,B,I,E,D,F,G
A,C,H,B,I,E,D,G,F
A,C,H,B,I,E,F,D,G
A,C,H,B,I,E,F,G,D
A,C,H,B,I,E,G,D,F
A,C,H,B,I,E,G,F,D
A,C,H,B,I,F,D,E,G
A,C,H,B,I,F,D,G,E
A,C,H,B,I,F,E,D,G
A,C,H,B,I,F,E,G,D
A,C,H,B,I,F,G,D,E
A,C,H,B,I,F,G,E,D
A,C,H,B,I,G,D,E,F
A,C,H,B,I,G,D,F,E
A,C,H,B,I,G,E,D,F
A,C,H,B,I,G,E,F,D
A,C,H,B,I,G,F,D,E
A,C,H,B,I,G,F,E,D
A,C,H,D,B,E,F,G,I
A,C,H,D,B,E,F,I,G
A,C,H,D,B,E,G,F,I
A,C,H,D,B,E,G,I,F
A,C,H,D,B,E,I,F,G
A,C,H,D,B,E,I,G,F
A,C,H,D,B,F,E,G,I
A,C,H,D,B,F,E,I,G
A,C,H,D,B,F,G,E,I
A,C,H,D,B,F,G,I,E
A,C,H,D,B,F,I,E,G
A,C,H,D,B,F,I,G,E
A,C,H,D,B,G,E,F,I
A,C,H,D,B,G,E,I,F
A,C,H,D,B,G,F,E,I
A,C,H,D,B,G,F,I,E
A,C,H,D,B,G,I,E,F
A,C,H,D,B,G,I,F,E
A,C,H,D,B,I,E,F,G
A,C,H,D,B,I,E,G,F
A,C,H,D,B,I,F,E,G
A,C,H,D,B,I,F,G,E
A,C,H,D,B,I,G,E,F
A,C,H,D,B,I,G,F,E
A,C,H,D,E,B,F,G,I
A,C,H,D,E,B,F,I,G
A,C,H,D,E,B,G,F,I
A,C,H,D,E,B,G,I,F
A,C,H,D,E,B,I,F,G
A,C,H,D,E,B,I,G,F
A,C,H,D,E,F,B,G,I
A,C,H,D,E,F,B,I,G
A,C,H,D,E,F,G,B,I
A,C,H,D,E,F,G,I,B
A,C,H,D,E,F,I,B,G
A,C,H,D,E,F,I,G,B
A,C,H,D,E,G,B,F,I
A,C,H,D,E,G,B,I,F
A,C,H,D,E,G,F,B,I
A,C,H,D,E,G,F,I,B
A,C,H,D,E,G,I,B,F
A,C,H,D,E,G,I,F,B
A,C,H,D,E,I,B,F,G
A,C,H,D,E,I,B,G,F
A,C,H,D,E,I,F,B,G
A,C,H,D,E,I,F,G,B
A,C,H,D,E,I,G,B,F
A,C,H,D,E,I,G,F,B
A,C,H,D,F,B,E,G,I
A,C,H,D,F,B,E,I,G
A,C,H,D,F,B,G,E,I
A,C,H,D,F,B,G,I,E
A,C,H,D,F,B,I,E,G
A,C,H,D,F,B,I,G,E
A,C,H,D,F,E,B,G,I
A,C,H,D,F,E,B,I,G
A,C,H,D,F,E,G,B,I
A,C,H,D,F,E,G,I,B
A,C,H,D,F,E,I,B,G
A,C,H,D,F,E,I,G,B
A,C,H,D,F,G,B,E,I
A,C,H,D,F,G,B,I,E
A,C,H,D,F,G,E,B,I
A,C,H,D,F,G,E,I,B
A,C,H,D,F,G,I,B,E
A,C,H,D,F,G,I,E,B
A,C,H,D,F,I,B,E,G
A,C,H,D,F,I,B,G,E
A,C,H,D,F,I,E,B,G
A,C,H,D,F,I,E,G,B
A,C,H,D,F,I,G,B,E
A,C,H,D,F,I,G,E,B
A,C,H,D,G,B,E,F,I
A,C,H,D,G,B,E,I,F
A,C,H,D,G,B,F,E,I
A,C,H,D,G,B,F,I,E
A,C,H,D,G,B,I,E,F
A,C,H,D,G,B,I,F,E
A,C,H,D,G,E,B,F,I
A,C,H,D,G,E,B,I,F
A,C,H,D,G,E,F,B,I
A,C,H,D,G,E,F,I,B
A,C,H,D,G,E,I,B,F
A,C,H,D,G,E,I,F,B
A,C,H,D,G,F,B,E,I
A,C,H,D,G,F,B,I,E
A,C,H,D,G,F,E,B,I
A,C,H,D,G,F,E,I,B
A,C,H,D,G,F,I,B,E
A,C,H,D,G,F,I,E,B
A,C,H,D,G,I,B,E,F
A,C,H,D,G,I,B,F,E
A,C,H,D,G,I,E,B,F
A,C,H,D,G,I,E,F,B
A,C,H,D,G,I,F,B,E
A,C,H,D,G,I,F,E,B
A,C,H,D,I,B,E,F,G
A,C,H,D,I,B,E,G,F
A,C,H,D,I,B,F,E,G
A,C,H,D,I,B,F,G,E
A,C,H,D,I,B,G,E,F
A,C,H,D,I,B,G,F,E
A,C,H,D,I,E,B,F,G
A,C,H,D,I,E,B,G,F
A,C,H,D,I,E,F,B,G
A,C,H,D,I,E,F,G,B
A,C,H,D,I,E,G,B,F
A,C,H,D,I,E,G,F,B
A,C,H,D,I,F,B,E,G
A,C,H,D,I,F,B,G,E
A,C,H,D,I,F,E,B,G
A,C,H,D,I,F,E,G,B
A,C,H,D,I,F,G,B,E
A,C,H,D,I,F,G,E,B
A,C,H,D,I,G,B,E,F
A,C,H,D,I,G,B,F,E
A,C,H,D,I,G,E,B,F
A,C,H,D,I,G,E,F,B
A,C,H,D,I,G,F,B,E
A,C,H,D,I,G,F,E,B
A,C,H,E,B,D,F,G,I
A,C,H,E,B,D,F,I,G
A,C,H,E,B,D,G,F,I
A,C,H,E,B,D,G,I,F
A,C,H,E,B,D,I,F,G
A,C,H,E,B,D,I,G,F
A,C,H,E,B,F,D,G,I
A,C,H,E,B,F,D,I,G
A,C,H,E,B,F,G,D,I
A,C,H,E,B,F,G,I,D
A,C,H,E,B,F,I,D,G
A,C,H,E,B,F,I,G,D
A,C,H,E,B,G,D,F,I
A,C,H,E,B,G,D,I,F
A,C,H,E,B,G,F,D,I
A,C,H,E,B,G,F,I,D
A,C,H,E,B,G,I,D,F
A,C,H,E,B,G,I,F,D
A,C,H,E,B,I,D,F,G
A,C,H,E,B,I,D,G,F
A,C,H,E,B,I,F,D,G
A,C,H,E,B,I,F,G,D
A,C,H,E,B,I,G,D,F
A,C,H,E,B,I,G,F,D
A,C,H,E,D,B,F,G,I
A,C,H,E,D,B,F,I,G
A,C,H,E,D,B,G,F,I
A,C,H,E,D,B,G,I,F
A,C,H,E,D,B,I,F,G
A,C,H,E,D,B,I,G,F
A,C,H,E,D,F,B,G,I
A,C,H,E,D,F,B,I,G
A,C,H,E,D,F,G,B,I
A,C,H,E,D,F,G,I,B
A,C,H,E,D,F,I,B,G
A,C,H,E,D,F,I,G,B
A,C,H,E,D,G,B,F,I
A,C,H,E,D,G,B,I,F
A,C,H,E,D,G,F,B,I
A,C,H,E,D,G,F,I,B
A,C,H,E,D,G,I,B,F
A,C,H,E,D,G,I,F,B
A,C,H,E,D,I,B,F,G
A,C,H,E,D,I,B,G,F
A,C,H,E,D,I,F,B,G
A,C,H,E,D,I,F,G,B
A,C,H,E,D,I,G,B,F
A,C,H,E,D,I,G,F,B
A,C,H,E,F,B,D,G,I
A,C,H,E,F,B,D,I,G
A,C,H,E,F,B,G,D,I
A,C,H,E,F,B,G,I,D
A,C,H,E,F,B,I,D,G
A,C,H,E,F,B,I,G,D
A,C,H,E,F,D,B,G,I
A,C,H,E,F,D,B,I,G
A,C,H,E,F,D,G,B,I
A,C,H,E,F,D,G,I,B
A,C,H,E,F,D,I,B,G
A,C,H,E,F,D,I,G,B
A,C,H,E,F,G,B,D,I
A,C,H,E,F,G,B,I,D
A,C,H,E,F,G,D,B,I
A,C,H,E,F,G,D,I,B
A,C,H,E,F,G,I,B,D
A,C,H,E,F,G,I,D,B
A,C,H,E,F,I,B,D,G
A,C,H,E,F,I,B,G,D
A,C,H,E,F,I,D,B,G
A,C,H,E,F,I,D,G,B
A,C,H,E,F,I,G,B,D
A,C,H,E,F,I,G,D,B
A,C,H,E,G,B,D,F,I
A,C,H,E,G,B,D,I,F
A,C,H,E,G,B,F,D,I
A,C,H,E,G,B,F,I,D
A,C,H,E,G,B,I,D,F
A,C,H,E,G,B,I,F,D
A,C,H,E,G,D,B,F,I
A,C,H,E,G,D,B,I,F
A,C,H,E,G,D,F,B,I
A,C,H,E,G,D,F,I,B
A,C,H,E,G,D,I,B,F
A,C,H,E,G,D,I,F,B
A,C,H,E,G,F,B,D,I
A,C,H,E,G,F,B,I,D
A,C,H,E,G,F,D,B,I
A,C,H,E,G,F,D,I,B
A,C,H,E,G,F,I,B,D
A,C,H,E,G,F,I,D,B
A,C,H,E,G,I,B,D,F
A,C,H,E,G,I,B,F,D
A,C,H,E,G,I,D,B,F
A,C,H,E,G,I,D,F,B
A,C,H,E,G,I,F,B,D
A,C,H,E,G,I,F,D,B
A,C,H,E,I,B,D,F,G
A,C,H,E,I,B,D,G,F
A,C,H,E,I,B,F,D,G
A,C,H,E,I,B,F,G,D
A,C,H,E,I,B,G,D,F
A,C,H,E,I,B,G,F,D
A,C,H,E,I,D,B,F,G
A,C,H,E,I,D,B,G,F
A,C,H,E,I,D,F,B,G
A,C,H,E,I,D,F,G,B
A,C,H,E,I,D,G,B,F
A,C,H,E,I,D,G,F,B
A,C,H,E,I,F,B,D,G
A,C,H,E,I,F,B,G,D
A,C,H,E,I,F,D,B,G
A,C,H,E,I,F,D,G,B
A,C,H,E,I,F,G,B,D
A,C,H,E,I,F,G,D,B
A,C,H,E,I,G,B,D,F
A,C,H,E,I,G,B,F,D
A,C,H,E,I,G,D,B,F
A,C,H,E,I,G,D,F,B
A,C,H,E,I,G,F,B,D
A,C,H,E,I,G,F,D,B
A,C,H,F,B,D,E,G,I
A,C,H,F,B,D,E,I,G
A,C,H,F,B,D,G,E,I
A,C,H,F,B,D,G,I,E
A,C,H,F,B,D,I,E,G
A,C,H,F,B,D,I,G,E
A,C,H,F,B,E,D,G,I
A,C,H,F,B,E,D,I,G
A,C,H,F,B,E,G,D,I
A,C,H,F,B,E,G,I,D
A,C,H,F,B,E,I,D,G
A,C,H,F,B,E,I,G,D
A,C,H,F,B,G,D,E,I
A,C,H,F,B,G,D,I,E
A,C,H,F,B,G,E,D,I
A,C,H,F,B,G,E,I,D
A,C,H,F,B,G,I,D,E
A,C,H,F,B,G,I,E,D
A,C,H,F,B,I,D,E,G
A,C,H,F,B,I,D,G,E
A,C,H,F,B,I,E,D,G
A,C,H,F,B,I,E,G,D
A,C,H,F,B,I,G,D,E
A,C,H,F,B,I,G,E,D
A,C,H,F,D,B,E,G,I
A,C,H,F,D,B,E,I,G
A,C,H,F,D,B,G,E,I
A,C,H,F,D,B,G,I,E
A,C,H,F,D,B,I,E,G
A,C,H,F,D,B,I,G,E
A,C,H,F,D,E,B,G,I
A,C,H,F,D,E,B,I,G
A,C,H,F,D,E,G,B,I
A,C,H,F,D,E,G,I,B
A,C,H,F,D,E,I,B,G
A,C,H,F,D,E,I,G,B
A,C,H,F,D,G,B,E,I
A,C,H,F,D,G,B,I,E
A,C,H,F,D,G,E,B,I
A,C,H,F,D,G,E,I,B
A,C,H,F,D,G,I,B,E
A,C,H,F,D,G,I,E,B
A,C,H,F,D,I,B,E,G
A,C,H,F,D,I,B,G,E
A,C,H,F,D,I,E,B,G
A,C,H,F,D,I,E,G,B
A,C,H,F,D,I,G,B,E
A,C,H,F,D,I,G,E,B
A,C,H,F,E,B,D,G,I
A,C,H,F,E,B,D,I,G
A,C,H,F,E,B,G,D,I
A,C,H,F,E,B,G,I,D
A,C,H,F,E,B,I,D,G
A,C,H,F,E,B,I,G,D
A,C,H,F,E,D,B,G,I
A,C,H,F,E,D,B,I,G
A,C,H,F,E,D,G,B,I
A,C,H,F,E,D,G,I,B
A,C,H,F,E,D,I,B,G
A,C,H,F,E,D,I,G,B
A,C,H,F,E,G,B,D,I
A,C,H,F,E,G,B,I,D
A,C,H,F,E,G,D,B,I
A,C,H,F,E,G,D,I,B
A,C,H,F,E,G,I,B,D
A,C,H,F,E,G,I,D,B
A,C,H,F,E,I,B,D,G
A,C,H,F,E,I,B,G,D
A,C,H,F,E,I,D,B,G
A,C,H,F,E,I,D,G,B
A,C,H,F,E,I,G,B,D
A,C,H,F,E,I,G,D,B
A,C,H,F,G,B,D,E,I
A,C,H,F,G,B,D,I,E
A,C,H,F,G,B,E,D,I
A,C,H,F,G,B,E,I,D
A,C,H,F,G,B,I,D,E
A,C,H,F,G,B,I,E,D
A,C,H,F,G,D,B,E,I
A,C,H,F,G,D,B,I,E
A,C,H,F,G,D,E,B,I
A,C,H,F,G,D,E,I,B
A,C,H,F,G,D,I,B,E
A,C,H,F,G,D,I,E,B
A,C,H,F,G,E,B,D,I
A,C,H,F,G,E,B,I,D
A,C,H,F,G,E,D,B,I
A,C,H,F,G,E,D,I,B
A,C,H,F,G,E,I,B,D
A,C,H,F,G,E,I,D,B
A,C,H,F,G,I,B,D,E
A,C,H,F,G,I,B,E,D
A,C,H,F,G,I,D,B,E
A,C,H,F,G,I,D,E,B
A,C,H,F,G,I,E,B,D
A,C,H,F,G,I,E,D,B
A,C,H,F,I,B,D,E,G
A,C,H,F,I,B,D,G,E
A,C,H,F,I,B,E,D,G
A,C,H,F,I,B,E,G,D
A,C,H,F,I,B,G,D,E
A,C,H,F,I,B,G,E,D
A,C,H,F,I,D,B,E,G
A,C,H,F,I,D,B,G,E
A,C,H,F,I,D,E,B,G
A,C,H,F,I,D,E,G,B
A,C,H,F,I,D,G,B,E
A,C,H,F,I,D,G,E,B
A,C,H,F,I,E,B,D,G
A,C,H,F,I,E,B,G,D
A,C,H,F,I,E,D,B,G
A,C,H,F,I,E,D,G,B
A,C,H,F,I,E,G,B,D
A,C,H,F,I,E,G,D,B
A,C,H,F,I,G,B,D,E
A,C,H,F,I,G,B,E,D
A,C,H,F,I,G,D,B,E
A,C,H,F,I,G,D,E,B
A,C,H,F,I,G,E,B,D
A,C,H,F,I,G,E,D,B
A,C,H,G,B,D,E,F,I
A,C,H,G,B,D,E,I,F
A,C,H,G,B,D,F,E,I
A,C,H,G,B,D,F,I,E
A,C,H,G,B,D,I,E,F
A,C,H,G,B,D,I,F,E
A,C,H,G,B,E,D,F,I
A,C,H,G,B,E,D,I,F
A,C,H,G,B,E,F,D,I
A,C,H,G,B,E,F,I,D
A,C,H,G,B,E,I,D,F
A,C,H,G,B,E,I,F,D
A,C,H,G,B,F,D,E,I
A,C,H,G,B,F,D,I,E
A,C,H,G,B,F,E,D,I
A,C,H,G,B,F,E,I,D
A,C,H,G,B,F,I,D,E
A,C,H,G,B,F,I,E,D
A,C,H,G,B,I,D,E,F
A,C,H,G,B,I,D,F,E
A,C,H,G,B,I,E,D,F
A,C,H,G,B,I,E,F,D
A,C,H,G,B,I,F,D,E
A,C,H,G,B,I,F,E,D
A,C,H,G,D,B,E,F,I
A,C,H,G,D,B,E,I,F
A,C,H,G,D,B,F,E,I
A,C,H,G,D,B,F,I,E
A,C,H,G,D,B,I,E,F
A,C,H,G,D,B,I,F,E
A,C,H,G,D,E,B,F,I
A,C,H,G,D,E,B,I,F
A,C,H,G,D,E,F,B,I
A,C,H,G,D,E,F,I,B
A,C,H,G,D,E,I,B,F
A,C,H,G,D,E,I,F,B
A,C,H,G,D,F,B,E,I
A,C,H,G,D,F,B,I,E
A,C,H,G,D,F,E,B,I
A,C,H,G,D,F,E,I,B
A,C,H,G,D,F,I,B,E
A,C,H,G,D,F,I,E,B
A,C,H,G,D,I,B,E,F
A,C,H,G,D,I,B,F,E
A,C,H,G,D,I,E,B,F
A,C,H,G,D,I,E,F,B
A,C,H,G,D,I,F,B,E
A,C,H,G,D,I,F,E,B
A,C,H,G,E,B,D,F,I
A,C,H,G,E,B,D,I,F
A,C,H,G,E,B,F,D,I
A,C,H,G,E,B,F,I,D
A,C,H,G,E,B,I,D,F
A,C,H,G,E,B,I,F,D
A,C,H,G,E,D,B,F,I
A,C,H,G,E,D,B,I,F
A,C,H,G,E,D,F,B,I
A,C,H,G,E,D,F,I,B
A,C,H,G,E,D,I,B,F
A,C,H,G,E,D,I,F,B
A,C,H,G,E,F,B,D,I
A,C,H,G,E,F,B,I,D
A,C,H,G,E,F,D,B,I
A,C,H,G,E,F,D,I,B
A,C,H,G,E,F,I,B,D
A,C,H,G,E,F,I,D,B
A,C,H,G,E,I,B,D,F
A,C,H,G,E,I,B,F,D
A,C,H,G,E,I,D,B,F
A,C,H,G,E,I,D,F,B
A,C,H,G,E,I,F,B,D
A,C,H,G,E,I,F,D,B
A,C,H,G,F,B,D,E,I
A,C,H,G,F,B,D,I,E
A,C,H,G,F,B,E,D,I
A,C,H,G,F,B,E,I,D
A,C,H,G,F,B,I,D,E
A,C,H,G,F,B,I,E,D
A,C,H,G,F,D,B,E,I
A,C,H,G,F,D,B,I,E
A,C,H,G,F,D,E,B,I
A,C,H,G,F,D,E,I,B
A,C,H,G,F,D,I,B,E
A,C,H,G,F,D,I,E,B
A,C,H,G,F,E,B,D,I
A,C,H,G,F,E,B,I,D
A,C,H,G,F,E,D,B,I
A,C,H,G,F,E,D,I,B
A,C,H,G,F,E,I,B,D
A,C,H,G,F,E,I,D,B
A,C,H,G,F,I,B,D,E
A,C,H,G,F,I,B,E,D
A,C,H,G,F,I,D,B,E
A,C,H,G,F,I,D,E,B
A,C,H,G,F,I,E,B,D
A,C,H,G,F,I,E,D,B
A,C,H,G,I,B,D,E,F
A,C,H,G,I,B,D,F,E
A,C,H,G,I,B,E,D,F
A,C,H,G,I,B,E,F,D
A,C,H,G,I,B,F,D,E
A,C,H,G,I,B,F,E,D
A,C,H,G,I,D,B,E,F
A,C,H,G,I,D,B,F,E
A,C,H,G,I,D,E,B,F
A,C,H,G,I,D,E,F,B
A,C,H,G,I,D,F,B,E
A,C,H,G,I,D,F,E,B
A,C,H,G,I,E,B,D,F
A,C,H,G,I,E,B,F,D
A,C,H,G,I,E,D,B,F
A,C,H,G,I,E,D,F,B
A,C,H,G,I,E,F,B,D
A,C,H,G,I,E,F,D,B
A,C,H,G,I,F,B,D,E
A,C,H,G,I,F,B,E,D
A,C,H,G,I,F,D,B,E
A,C,H,G,I,F,D,E,B
A,C,H,G,I,F,E,B,D
A,C,H,G,I,F,E,D,B
A,C,H,I,B,D,E,F,G
A,C,H,I,B,D,E,G,F
A,C,H,I,B,D,F,E,G
A,C,H,I,B,D,F,G,E
A,C,H,I,B,D,G,E,F
A,C,H,I,B,D,G,F,E
A,C,H,I,B,E,D,F,G
A,C,H,I,B,E,D,G,F
A,C,H,I,B,E,F,D,G
A,C,H,I,B,E,F,G,D
A,C,H,I,B,E,G,D,F
A,C,H,I,B,E,G,F,D
A,C,H,I,B,F,D,E,G
A,C,H,I,B,F,D,G,E
A,C,H,I,B,F,E,D,G
A,C,H,I,B,F,E,G,D
A,C,H,I,B,F,G,D,E
A,C,H,I,B,F,G,E,D
A,C,H,I,B,G,D,E,F
A,C,H,I,B,G,D,F,E
A,C,H,I,B,G,E,D,F
A,C,H,I,B,G,E,F,D
A,C,H,I,B,G,F,D,E
A,C,H,I,B,G,F,E,D
A,C,H,I,D,B,E,F,G
A,C,H,I,D,B,E,G,F
A,C,H,I,D,B,F,E,G
A,C,H,I,D,B,F,G,E
A,C,H,I,D,B,G,E,F
A,C,H,I,D,B,G,F,E
A,C,H,I,D,E,B,F,G
A,C,H,I,D,E,B,G,F
A,C,H,I,D,E,F,B,G
A,C,H,I,D,E,F,G,B
A,C,H,I,D,E,G,B,F
A,C,H,I,D,E,G,F,B
A,C,H,I,D,F,B,E,G
A,C,H,I,D,F,B,G,E
A,C,H,I,D,F,E,B,G
A,C,H,I,D,F,E,G,B
A,C,H,I,D,F,G,B,E
A,C,H,I,D,F,G,E,B
A,C,H,I,D,G,B,E,F
A,C,H,I,D,G,B,F,E
A,C,H,I,D,G,E,B,F
A,C,H,I,D,G,E,F,B
A,C,H,I,D,G,F,B,E
A,C,H,I,D,G,F,E,B
A,C,H,I,E,B,D,F,G
A,C,H,I,E,B,D,G,F
A,C,H,I,E,B,F,D,G
A,C,H,I,E,B,F,G,D
A,C,H,I,E,B,G,D,F
A,C,H,I,E,B,G,F,D
A,C,H,I,E,D,B,F,G
A,C,H,I,E,D,B,G,F
A,C,H,I,E,D,F,B,G
A,C,H,I,E,D,F,G,B
A,C,H,I,E,D,G,B,F
A,C,H,I,E,D,G,F,B
A,C,H,I,E,F,B,D,G
A,C,H,I,E,F,B,G,D
A,C,H,I,E,F,D,B,G
A,C,H,I,E,F,D,G,B
A,C,H,I,E,F,G,B,D
A,C,H,I,E,F,G,D,B
A,C,H,I,E,G,B,D,F
A,C,H,I,E,G,B,F,D
A,C,H,I,E,G,D,B,F
A,C,H,I,E,G,D,F,B
A,C,H,I,E,G,F,B,D
A,C,H,I,E,G,F,D,B
A,C,H,I,F,B,D,E,G
A,C,H,I,F,B,D,G,E
A,C,H,I,F,B,E,D,G
A,C,H,I,F,B,E,G,D
A,C,H,I,F,B,G,D,E
A,C,H,I,F,B,G,E,D
A,C,H,I,F,D,B,E,G
A,C,H,I,F,D,B,G,E
A,C,H,I,F,D,E,B,G
A,C,H,I,F,D,E,G,B
A,C,H,I,F,D,G,B,E
A,C,H,I,F,D,G,E,B
A,C,H,I,F,E,B,D,G
A,C,H,I,F,E,B,G,D
A,C,H,I,F,E,D,B,G
A,C,H,I,F,E,D,G,B
A,C,H,I,F,E,G,B,D
A,C,H,I,F,E,G,D,B
A,C,H,I,F,G,B,D,E
A,C,H,I,F,G,B,E,D
A,C,H,I,F,G,D,B,E
A,C,H,I,F,G,D,E,B
A,C,H,I,F,G,E,B,D
A,C,H,I,F,G,E,D,B
A,C,H,I,G,B,D,E,F
A,C,H,I,G,B,D,F,E
A,C,H,I,G,B,E,D,F
A,C,H,I,G,B,E,F,D
A,C,H,I,G,B,F,D,E
A,C,H,I,G,B,F,E,D
A,C,H,I,G,D,B,E,F
A,C,H,I,G,D,B,F,E
A,C,H,I,G,D,E,B,F
A,C,H,I,G,D,E,F,B
A,C,H,I,G,D,F,B,E
A,C,H,I,G,D,F,E,B
A,C,H,I,G,E,B,D,F
A,C,H,I,G,E,B,F,D
A,C,H,I,G,E,D,B,F
A,C,H,I,G,E,D,F,B
A,C,H,I,G,E,F,B,D
A,C,H,I,G,E,F,D,B
A,C,H,I,G,F,B,D,E
A,C,H,I,G,F,B,E,D
A,C,H,I,G,F,D,B,E
A,C,H,I,G,F,D,E,B
A,C,H,I,G,F,E,B,D
A,C,H,I,G,F,E,D,B
A,C,I,B,D,E,F,G,H
A,C,I,B,D,E,F,H,G
A,C,I,B,D,E,G,F,H
A,C,I,B,D,E,G,H,F
A,C,I,B,D,E,H,F,G
A,C,I,B,D,E,H,G,F
A,C,I,B,D,F,E,G,H
A,C,I,B,D,F,E,H,G
A,C,I,B,D,F,G,E,H
A,C,I,B,D,F,G,H,E
A,C,I,B,D,F,H,E,G
A,C,I,B,D,F,H,G,E
A,C,I,B,D,G,E,F,H
A,C,I,B,D,G,E,H,F
A,C,I,B,D,G,F,E,H
A,C,I,B,D,G,F,H,E
A,C,I,B,D,G,H,E,F
A,C,I,B,D,G,H,F,E
A,C,I,B,D,H,E,F,G
A,C,I,B,D,H,E,G,F
A,C,I,B,D,H,F,E,G
A,C,I,B,D,H,F,G,E
A,C,I,B,D,H,G,E,F
A,C,I,B,D,H,G,F,E
A,C,I,B,E,D,F,G,H
A,C,I,B,E,D,F,H,G
A,C,I,B,E,D,G,F,H
A,C,I,B,E,D,G,H,F
A,C,I,B,E,D,H,F,G
A,C,I,B,E,D,H,G,F
A,C,I,B,E,F,D,G,H
A,C,I,B,E,F,D,H,G
A,C,I,B,E,F,G,D,H
A,C,I,B,E,F,G,H,D
A,C,I,B,E,F,H,D,G
A,C,I,B,E,F,H,G,D
A,C,I,B,E,G,D,F,H
A,C,I,B,E,G,D,H,F
A,C,I,B,E,G,F,D,H
A,C,I,B,E,G,F,H,D
A,C,I,B,E,G,H,D,F
A,C,I,B,E,G,H,F,D
A,C,I,B,E,H,D,F,G
A,C,I,B,E,H,D,G,F
A,C,I,B,E,H,F,D,G
A,C,I,B,E,H,F,G,D
A,C,I,B,E,H,G,D,F
A,C,I,B,E,H,G,F,D
A,C,I,B,F,D,E,G,H
A,C,I,B,F,D,E,H,G
A,C,I,B,F,D,G,E,H
A,C,I,B,F,D,G,H,E
A,C,I,B,F,D,H,E,G
A,C,I,B,F,D,H,G,E
A,C,I,B,F,E,D,G,H
A,C,I,B,F,E,D,H,G
A,C,I,B,F,E,G,D,H
A,C,I,B,F,E,G,H,D
A,C,I,B,F,E,H,D,G
A,C,I,B,F,E,H,G,D
A,C,I,B,F,G,D,E,H
A,C,I,B,F,G,D,H,E
A,C,I,B,F,G,E,D,H
A,C,I,B,F,G,E,H,D
A,C,I,B,F,G,H,D,E
A,C,I,B,F,G,H,E,D
A,C,I,B,F,H,D,E,G
A,C,I,B,F,H,D,G,E
A,C,I,B,F,H,E,D,G
A,C,I,B,F,H,E,G,D
A,C,I,B,F,H,G,D,E
A,C,I,B,F,H,G,E,D
A,C,I,B,G,D,E,F,H
A,C,I,B,G,D,E,H,F
A,C,I,B,G,D,F,E,H
A,C,I,B,G,D,F,H,E
A,C,I,B,G,D,H,E,F
A,C,I,B,G,D,H,F,E
A,C,I,B,G,E,D,F,H
A,C,I,B,G,E,D,H,F
A,C,I,B,G,E,F,D,H
A,C,I,B,G,E,F,H,D
A,C,I,B,G,E,H,D,F
A,C,I,B,G,E,H,F,D
A,C,I,B,G,F,D,E,H
A,C,I,B,G,F,D,H,E
A,C,I,B,G,F,E,D,H
A,C,I,B,G,F,E,H,D
A,C,I,B,G,F,H,D,E
A,C,I,B,G,F,H,E,D
A,C,I,B,G,H,D,E,F
A,C,I,B,G,H,D,F,E
A,C,I,B,G,H,E,D,F
A,C,I,B,G,H,E,F,D
A,C,I,B,G,H,F,D,E
A,C,I,B,G,H,F,E,D
A,C,I,B,H,D,E,F,G
A,C,I,B,H,D,E,G,F
A,C,I,B,H,D,F,E,G
A,C,I,B,H,D,F,G,E
A,C,I,B,H,D,G,E,F
A,C,I,B,H,D,G,F,E
A,C,I,B,H,E,D,F,G
A,C,I,B,H,E,D,G,F
A,C,I,B,H,E,F,D,G
A,C,I,B,H,E,F,G,D
A,C,I,B,H,E,G,D,F
A,C,I,B,H,E,G,F,D
A,C,I,B,H,F,D,E,G
A,C,I,B,H,F,D,G,E
A,C,I,B,H,F,E,D,G
A,C,I,B,H,F,E,G,D
A,C,I,B,H,F,G,D,E
A,C,I,B,H,F,G,E,D
A,C,I,B,H,G,D,E,F
A,C,I,B,H,G,D,F,E
A,C,I,B,H,G,E,D,F
A,C,I,B,H,G,E,F,D
A,C,I,B,H,G,F,D,E
A,C,I,B,H,G,F,E,D
A,C,I,D,B,E,F,G,H
A,C,I,D,B,E,F,H,G
A,C,I,D,B,E,G,F,H
A,C,I,D,B,E,G,H,F
A,C,I,D,B,E,H,F,G
A,C,I,D,B,E,H,G,F
A,C,I,D,B,F,E,G,H
A,C,I,D,B,F,E,H,G
A,C,I,D,B,F,G,E,H
A,C,I,D,B,F,G,H,E
A,C,I,D,B,F,H,E,G
A,C,I,D,B,F,H,G,E
A,C,I,D,B,G,E,F,H
A,C,I,D,B,G,E,H,F
A,C,I,D,B,G,F,E,H
A,C,I,D,B,G,F,H,E
A,C,I,D,B,G,H,E,F
A,C,I,D,B,G,H,F,E
A,C,I,D,B,H,E,F,G
A,C,I,D,B,H,E,G,F
A,C,I,D,B,H,F,E,G
A,C,I,D,B,H,F,G,E
A,C,I,D,B,H,G,E,F
A,C,I,D,B,H,G,F,E
A,C,I,D,E,B,F,G,H
A,C,I,D,E,B,F,H,G
A,C,I,D,E,B,G,F,H
A,C,I,D,E,B,G,H,F
A,C,I,D,E,B,H,F,G
A,C,I,D,E,B,H,G,F
A,C,I,D,E,F,B,G,H
A,C,I,D,E,F,B,H,G
A,C,I,D,E,F,G,B,H
A,C,I,D,E,F,G,H,B
A,C,I,D,E,F,H,B,G
A,C,I,D,E,F,H,G,B
A,C,I,D,E,G,B,F,H
A,C,I,D,E,G,B,H,F
A,C,I,D,E,G,F,B,H
A,C,I,D,E,G,F,H,B
A,C,I,D,E,G,H,B,F
A,C,I,D,E,G,H,F,B
A,C,I,D,E,H,B,F,G
A,C,I,D,E,H,B,G,F
A,C,I,D,E,H,F,B,G
A,C,I,D,E,H,F,G,B
A,C,I,D,E,H,G,B,F
A,C,I,D,E,H,G,F,B
A,C,I,D,F,B,E,G,H
A,C,I,D,F,B,E,H,G
A,C,I,D,F,B,G,E,H
A,C,I,D,F,B,G,H,E
A,C,I,D,F,B,H,E,G
A,C,I,D,F,B,H,G,E
A,C,I,D,F,E,B,G,H
A,C,I,D,F,E,B,H,G
A,C,I,D,F,E,G,B,H
A,C,I,D,F,E,G,H,B
A,C,I,D,F,E,H,B,G
A,C,I,D,F,E,H,G,B
A,C,I,D,F,G,B,E,H
A,C,I,D,F,G,B,H,E
A,C,I,D,F,G,E,B,H
A,C,I,D,F,G,E,H,B
A,C,I,D,F,G,H,B,E
A,C,I,D,F,G,H,E,B
A,C,I,D,F,H,B,E,G
A,C,I,D,F,H,B,G,E
A,C,I,D,F,H,E,B,G
A,C,I,D,F,H,E,G,B
A,C,I,D,F,H,G,B,E
A,C,I,D,F,H,G,E,B
A,C,I,D,G,B,E,F,H
A,C,I,D,G,B,E,H,F
A,C,I,D,G,B,F,E,H
A,C,I,D,G,B,F,H,E
A,C,I,D,G,B,H,E,F
A,C,I,D,G,B,H,F,E
A,C,I,D,G,E,B,F,H
A,C,I,D,G,E,B,H,F
A,C,I,D,G,E,F,B,H
A,C,I,D,G,E,F,H,B
A,C,I,D,G,E,H,B,F
A,C,I,D,G,E,H,F,B
A,C,I,D,G,F,B,E,H
A,C,I,D,G,F,B,H,E
A,C,I,D,G,F,E,B,H
A,C,I,D,G,F,E,H,B
A,C,I,D,G,F,H,B,E
A,C,I,D,G,F,H,E,B
A,C,I,D,G,H,B,E,F
A,C,I,D,G,H,B,F,E
A,C,I,D,G,H,E,B,F
A,C,I,D,G,H,E,F,B
A,C,I,D,G,H,F,B,E
A,C,I,D,G,H,F,E,B
A,C,I,D,H,B,E,F,G
A,C,I,D,H,B,E,G,F
A,C,I,D,H,B,F,E,G
A,C,I,D,H,B,F,G,E
A,C,I,D,H,B,G,E,F
A,C,I,D,H,B,G,F,E
A,C,I,D,H,E,B,F,G
A,C,I,D,H,E,B,G,F
A,C,I,D,H,E,F,B,G
A,C,I,D,H,E,F,G,B
A,C,I,D,H,E,G,B,F
A,C,I,D,H,E,G,F,B
A,C,I,D,H,F,B,E,G
A,C,I,D,H,F,B,G,E
A,C,I,D,H,F,E,B,G
A,C,I,D,H,F,E,G,B
A,C,I,D,H,F,G,B,E
A,C,I,D,H,F,G,E,B
A,C,I,D,H,G,B,E,F
A,C,I,D,H,G,B,F,E
A,C,I,D,H,G,E,B,F
A,C,I,D,H,G,E,F,B
A,C,I,D,H,G,F,B,E
A,C,I,D,H,G,F,E,B
A,C,I,E,B,D,F,G,H
A,C,I,E,B,D,F,H,G
A,C,I,E,B,D,G,F,H
A,C,I,E,B,D,G,H,F
A,C,I,E,B,D,H,F,G
A,C,I,E,B,D,H,G,F
A,C,I,E,B,F,D,G,H
A,C,I,E,B,F,D,H,G
A,C,I,E,B,F,G,D,H
A,C,I,E,B,F,G,H,D
A,C,I,E,B,F,H,D,G
A,C,I,E,B,F,H,G,D
A,C,I,E,B,G,D,F,H
A,C,I,E,B,G,D,H,F
A,C,I,E,B,G,F,D,H
A,C,I,E,B,G,F,H,D
A,C,I,E,B,G,H,D,F
A,C,I,E,B,G,H,F,D
A,C,I,E,B,H,D,F,G
A,C,I,E,B,H,D,G,F
A,C,I,E,B,H,F,D,G
A,C,I,E,B,H,F,G,D
A,C,I,E,B,H,G,D,F
A,C,I,E,B,H,G,F,D
A,C,I,E,D,B,F,G,H
A,C,I,E,D,B,F,H,G
A,C,I,E,D,B,G,F,H
A,C,I,E,D,B,G,H,F
A,C,I,E,D,B,H,F,G
A,C,I,E,D,B,H,G,F
A,C,I,E,D,F,B,G,H
A,C,I,E,D,F,B,H,G
A,C,I,E,D,F,G,B,H
A,C,I,E,D,F,G,H,B
A,C,I,E,D,F,H,B,G
A,C,I,E,D,F,H,G,B
A,C,I,E,D,G,B,F,H
A,C,I,E,D,G,B,H,F
A,C,I,E,D,G,F,B,H
A,C,I,E,D,G,F,H,B
A,C,I,E,D,G,H,B,F
A,C,I,E,D,G,H,F,B
A,C,I,E,D,H,B,F,G
A,C,I,E,D,H,B,G,F
A,C,I,E,D,H,F,B,G
A,C,I,E,D,H,F,G,B
A,C,I,E,D,H,G,B,F
A,C,I,E,D,H,G,F,B
A,C,I,E,F,B,D,G,H
A,C,I,E,F,B,D,H,G
A,C,I,E,F,B,G,D,H
A,C,I,E,F,B,G,H,D
A,C,I,E,F,B,H,D,G
A,C,I,E,F,B,H,G,D
A,C,I,E,F,D,B,G,H
A,C,I,E,F,D,B,H,G
A,C,I,E,F,D,G,B,H
A,C,I,E,F,D,G,H,B
A,C,I,E,F,D,H,B,G
A,C,I,E,F,D,H,G,B
A,C,I,E,F,G,B,D,H
A,C,I,E,F,G,B,H,D
A,C,I,E,F,G,D,B,H
A,C,I,E,F,G,D,H,B
A,C,I,E,F,G,H,B,D
A,C,I,E,F,G,H,D,B
A,C,I,E,F,H,B,D,G
A,C,I,E,F,H,B,G,D
A,C,I,E,F,H,D,B,G
A,C,I,E,F,H,D,G,B
A,C,I,E,F,H,G,B,D
A,C,I,E,F,H,G,D,B
A,C,I,E,G,B,D,F,H
A,C,I,E,G,B,D,H,F
A,C,I,E,G,B,F,D,H
A,C,I,E,G,B,F,H,D
A,C,I,E,G,B,H,D,F
A,C,I,E,G,B,H,F,D
A,C,I,E,G,D,B,F,H
A,C,I,E,G,D,B,H,F
A,C,I,E,G,D,F,B,H
A,C,I,E,G,D,F,H,B
A,C,I,E,G,D,H,B,F
A,C,I,E,G,D,H,F,B
A,C,I,E,G,F,B,D,H
A,C,I,E,G,F,B,H,D
A,C,I,E,G,F,D,B,H
A,C,I,E,G,F,D,H,B
A,C,I,E,G,F,H,B,D
A,C,I,E,G,F,H,D,B
A,C,I,E,G,H,B,D,F
A,C,I,E,G,H,B,F,D
A,C,I,E,G,H,D,B,F
A,C,I,E,G,H,D,F,B
A,C,I,E,G,H,F,B,D
A,C,I,E,G,H,F,D,B
A,C,I,E,H,B,D,F,G
A,C,I,E,H,B,D,G,F
A,C,I,E,H,B,F,D,G
A,C,I,E,H,B,F,G,D
A,C,I,E,H,B,G,D,F
A,C,I,E,H,B,G,F,D
A,C,I,E,H,D,B,F,G
A,C,I,E,H,D,B,G,F
A,C,I,E,H,D,F,B,G
A,C,I,E,H,D,F,G,B
A,C,I,E,H,D,G,B,F
A,C,I,E,H,D,G,F,B
A,C,I,E,H,F,B,D,G
A,C,I,E,H,F,B,G,D
A,C,I,E,H,F,D,B,G
A,C,I,E,H,F,D,G,B
A,C,I,E,H,F,G,B,D
A,C,I,E,H,F,G,D,B
A,C,I,E,H,G,B,D,F
A,C,I,E,H,G,B,F,D
A,C,I,E,H,G,D,B,F
A,C,I,E,H,G,D,F,B
A,C,I,E,H,G,F,B,D
A,C,I,E,H,G,F,D,B
A,C,I,F,B,D,E,G,H
A,C,I,F,B,D,E,H,G
A,C,I,F,B,D,G,E,H
A,C,I,F,B,D,G,H,E
A,C,I,F,B,D,H,E,G
A,C,I,F,B,D,H,G,E
A,C,I,F,B,E,D,G,H
A,C,I,F,B,E,D,H,G
A,C,I,F,B,E,G,D,H
A,C,I,F,B,E,G,H,D
A,C,I,F,B,E,H,D,G
A,C,I,F,B,E,H,G,D
A,C,I,F,B,G,D,E,H
A,C,I,F,B,G,D,H,E
A,C,I,F,B,G,E,D,H
A,C,I,F,B,G,E,H,D
A,C,I,F,B,G,H,D,E
A,C,I,F,B,G,H,E,D
A,C,I,F,B,H,D,E,G
A,C,I,F,B,H,D,G,E
A,C,I,F,B,H,E,D,G
A,C,I,F,B,H,E,G,D
A,C,I,F,B,H,G,D,E
A,C,I,F,B,H,G,E,D
A,C,I,F,D,B,E,G,H
A,C,I,F,D,B,E,H,G
A,C,I,F,D,B,G,E,H
A,C,I,F,D,B,G,H,E
A,C,I,F,D,B,H,E,G
A,C,I,F,D,B,H,G,E
A,C,I,F,D,E,B,G,H
A,C,I,F,D,E,B,H,G
A,C,I,F,D,E,G,B,H
A,C,I,F,D,E,G,H,B
A,C,I,F,D,E,H,B,G
A,C,I,F,D,E,H,G,B
A,C,I,F,D,G,B,E,H
A,C,I,F,D,G,B,H,E
A,C,I,F,D,G,E,B,H
A,C,I,F,D,G,E,H,B
A,C,I,F,D,G,H,B,E
A,C,I,F,D,G,H,E,B
A,C,I,F,D,H,B,E,G
A,C,I,F,D,H,B,G,E
A,C,I,F,D,H,E,B,G
A,C,I,F,D,H,E,G,B
A,C,I,F,D,H,G,B,E
A,C,I,F,D,H,G,E,B
A,C,I,F,E,B,D,G,H
A,C,I,F,E,B,D,H,G
A,C,I,F,E,B,G,D,H
A,C,I,F,E,B,G,H,D
A,C,I,F,E,B,H,D,G
A,C,I,F,E,B,H,G,D
A,C,I,F,E,D,B,G,H
A,C,I,F,E,D,B,H,G
A,C,I,F,E,D,G,B,H
A,C,I,F,E,D,G,H,B
A,C,I,F,E,D,H,B,G
A,C,I,F,E,D,H,G,B
A,C,I,F,E,G,B,D,H
A,C,I,F,E,G,B,H,D
A,C,I,F,E,G,D,B,H
A,C,I,F,E,G,D,H,B
A,C,I,F,E,G,H,B,D
A,C,I,F,E,G,H,D,B
A,C,I,F,E,H,B,D,G
A,C,I,F,E,H,B,G,D
A,C,I,F,E,H,D,B,G
A,C,I,F,E,H,D,G,B
A,C,I,F,E,H,G,B,D
A,C,I,F,E,H,G,D,B
A,C,I,F,G,B,D,E,H
A,C,I,F,G,B,D,H,E
A,C,I,F,G,B,E,D,H
A,C,I,F,G,B,E,H,D
A,C,I,F,G,B,H,D,E
A,C,I,F,G,B,H,E,D
A,C,I,F,G,D,B,E,H
A,C,I,F,G,D,B,H,E
A,C,I,F,G,D,E,B,H
A,C,I,F,G,D,E,H,B
A,C,I,F,G,D,H,B,E
A,C,I,F,G,D,H,E,B
A,C,I,F,G,E,B,D,H
A,C,I,F,G,E,B,H,D
A,C,I,F,G,E,D,B,H
A,C,I,F,G,E,D,H,B
A,C,I,F,G,E,H,B,D
A,C,I,F,G,E,H,D,B
A,C,I,F,G,H,B,D,E
A,C,I,F,G,H,B,E,D
A,C,I,F,G,H,D,B,E
A,C,I,F,G,H,D,E,B
A,C,I,F,G,H,E,B,D
A,C,I,F,G,H,E,D,B
A,C,I,F,H,B,D,E,G
A,C,I,F,H,B,D,G,E
A,C,I,F,H,B,E,D,G
A,C,I,F,H,B,E,G,D
A,C,I,F,H,B,G,D,E
A,C,I,F,H,B,G,E,D
A,C,I,F,H,D,B,E,G
A,C,I,F,H,D,B,G,E
A,C,I,F,H,D,E,B,G
A,C,I,F,H,D,E,G,B
A,C,I,F,H,D,G,B,E
A,C,I,F,H,D,G,E,B
A,C,I,F,H,E,B,D,G
A,C,I,F,H,E,B,G,D
A,C,I,F,H,E,D,B,G
A,C,I,F,H,E,D,G,B
A,C,I,F,H,E,G,B,D
A,C,I,F,H,E,G,D,B
A,C,I,F,H,G,B,D,E
A,C,I,F,H,G,B,E,D
A,C,I,F,H,G,D,B,E
A,C,I,F,H,G,D,E,B
A,C,I,F,H,G,E,B,D
A,C,I,F,H,G,E,D,B
A,C,I,G,B,D,E,F,H
A,C,I,G,B,D,E,H,F
A,C,I,G,B,D,F,E,H
A,C,I,G,B,D,F,H,E
A,C,I,G,B,D,H,E,F
A,C,I,G,B,D,H,F,E
A,C,I,G,B,E,D,F,H
A,C,I,G,B,E,D,H,F
A,C,I,G,B,E,F,D,H
A,C,I,G,B,E,F,H,D
A,C,I,G,B,E,H,D,F
A,C,I,G,B,E,H,F,D
A,C,I,G,B,F,D,E,H
A,C,I,G,B,F,D,H,E
A,C,I,G,B,F,E,D,H
A,C,I,G,B,F,E,H,D
A,C,I,G,B,F,H,D,E
A,C,I,G,B,F,H,E,D
A,C,I,G,B,H,D,E,F
A,C,I,G,B,H,D,F,E
A,C,I,G,B,H,E,D,F
A,C,I,G,B,H,E,F,D
A,C,I,G,B,H,F,D,E
A,C,I,G,B,H,F,E,D
A,C,I,G,D,B,E,F,H
A,C,I,G,D,B,E,H,F
A,C,I,G,D,B,F,E,H
A,C,I,G,D,B,F,H,E
A,C,I,G,D,B,H,E,F
A,C,I,G,D,B,H,F,E
A,C,I,G,D,E,B,F,H
A,C,I,G,D,E,B,H,F
A,C,I,G,D,E,F,B,H
A,C,I,G,D,E,F,H,B
A,C,I,G,D,E,H,B,F
A,C,I,G,D,E,H,F,B
A,C,I,G,D,F,B,E,H
A,C,I,G,D,F,B,H,E
A,C,I,G,D,F,E,B,H
A,C,I,G,D,F,E,H,B
A,C,I,G,D,F,H,B,E
A,C,I,G,D,F,H,E,B
A,C,I,G,D,H,B,E,F
A,C,I,G,D,H,B,F,E
A,C,I,G,D,H,E,B,F
A,C,I,G,D,H,E,F,B
A,C,I,G,D,H,F,B,E
A,C,I,G,D,H,F,E,B
A,C,I,G,E,B,D,F,H
A,C,I,G,E,B,D,H,F
A,C,I,G,E,B,F,D,H
A,C,I,G,E,B,F,H,D
A,C,I,G,E,B,H,D,F
A,C,I,G,E,B,H,F,D
A,C,I,G,E,D,B,F,H
A,C,I,G,E,D,B,H,F
A,C,I,G,E,D,F,B,H
A,C,I,G,E,D,F,H,B
A,C,I,G,E,D,H,B,F
A,C,I,G,E,D,H,F,B
A,C,I,G,E,F,B,D,H
A,C,I,G,E,F,B,H,D
A,C,I,G,E,F,D,B,H
A,C,I,G,E,F,D,H,B
A,C,I,G,E,F,H,B,D
A,C,I,G,E,F,H,D,B
A,C,I,G,E,H,B,D,F
A,C,I,G,E,H,B,F,D
A,C,I,G,E,H,D,B,F
A,C,I,G,E,H,D,F,B
A,C,I,G,E,H,F,B,D
A,C,I,G,E,H,F,D,B
A,C,I,G,F,B,D,E,H
A,C,I,G,F,B,D,H,E
A,C,I,G,F,B,E,D,H
A,C,I,G,F,B,E,H,D
A,C,I,G,F,B,H,D,E
A,C,I,G,F,B,H,E,D
A,C,I,G,F,D,B,E,H
A,C,I,G,F,D,B,H,E
A,C,I,G,F,D,E,B,H
A,C,I,G,F,D,E,H,B
A,C,I,G,F,D,H,B,E
A,C,I,G,F,D,H,E,B
A,C,I,G,F,E,B,D,H
A,C,I,G,F,E,B,H,D
A,C,I,G,F,E,D,B,H
A,C,I,G,F,E,D,H,B
A,C,I,G,F,E,H,B,D
A,C,I,G,F,E,H,D,B
A,C,I,G,F,H,B,D,E
A,C,I,G,F,H,B,E,D
A,C,I,G,F,H,D,B,E
A,C,I,G,F,H,D,E,B
A,C,I,G,F,H,E,B,D
A,C,I,G,F,H,E,D,B
A,C,I,G,H,B,D,E,F
A,C,I,G,H,B,D,F,E
A,C,I,G,H,B,E,D,F
A,C,I,G,H,B,E,F,D
A,C,I,G,H,B,F,D,E
A,C,I,G,H,B,F,E,D
A,C,I,G,H,D,B,E,F
A,C,I,G,H,D,B,F,E
A,C,I,G,H,D,E,B,F
A,C,I,G,H,D,E,F,B
A,C,I,G,H,D,F,B,E
A,C,I,G,H,D,F,E,B
A,C,I,G,H,E,B,D,F
A,C,I,G,H,E,B,F,D
A,C,I,G,H,E,D,B,F
A,C,I,G,H,E,D,F,B
A,C,I,G,H,E,F,B,D
A,C,I,G,H,E,F,D,B
A,C,I,G,H,F,B,D,E
A,C,I,G,H,F,B,E,D
A,C,I,G,H,F,D,B,E
A,C,I,G,H,F,D,E,B
A,C,I,G,H,F,E,B,D
A,C,I,G,H,F,E,D,B
A,C,I,H,B,D,E,F,G
A,C,I,H,B,D,E,G,F
A,C,I,H,B,D,F,E,G
A,C,I,H,B,D,F,G,E
A,C,I,H,B,D,G,E,F
A,C,I,H,B,D,G,F,E
A,C,I,H,B,E,D,F,G
A,C,I,H,B,E,D,G,F
A,C,I,H,B,E,F,D,G
A,C,I,H,B,E,F,G,D
A,C,I,H,B,E,G,D,F
A,C,I,H,B,E,G,F,D
A,C,I,H,B,F,D,E,G
A,C,I,H,B,F,D,G,E
A,C,I,H,B,F,E,D,G
A,C,I,H,B,F,E,G,D
A,C,I,H,B,F,G,D,E
A,C,I,H,B,F,G,E,D
A,C,I,H,B,G,D,E,F
A,C,I,H,B,G,D,F,E
A,C,I,H,B,G,E,D,F
A,C,I,H,B,G,E,F,D
A,C,I,H,B,G,F,D,E
A,C,I,H,B,G,F,E,D
A,C,I,H,D,B,E,F,G
A,C,I,H,D,B,E,G,F
A,C,I,H,D,B,F,E,G
A,C,I,H,D,B,F,G,E
A,C,I,H,D,B,G,E,F
A,C,I,H,D,B,G,F,E
A,C,I,H,D,E,B,F,G
A,C,I,H,D,E,B,G,F
A,C,I,H,D,E,F,B,G
A,C,I,H,D,E,F,G,B
A,C,I,H,D,E,G,B,F
A,C,I,H,D,E,G,F,B
A,C,I,H,D,F,B,E,G
A,C,I,H,D,F,B,G,E
A,C,I,H,D,F,E,B,G
A,C,I,H,D,F,E,G,B
A,C,I,H,D,F,G,B,E
A,C,I,H,D,F,G,E,B
A,C,I,H,D,G,B,E,F
A,C,I,H,D,G,B,F,E
A,C,I,H,D,G,E,B,F
A,C,I,H,D,G,E,F,B
A,C,I,H,D,G,F,B,E
A,C,I,H,D,G,F,E,B
A,C,I,H,E,B,D,F,G
A,C,I,H,E,B,D,G,F
A,C,I,H,E,B,F,D,G
A,C,I,H,E,B,F,G,D
A,C,I,H,E,B,G,D,F
A,C,I,H,E,B,G,F,D
A,C,I,H,E,D,B,F,G
A,C,I,H,E,D,B,G,F
A,C,I,H,E,D,F,B,G
A,C,I,H,E,D,F,G,B
A,C,I,H,E,D,G,B,F
A,C,I,H,E,D,G,F,B
A,C,I,H,E,F,B,D,G
A,C,I,H,E,F,B,G,D
A,C,I,H,E,F,D,B,G
A,C,I,H,E,F,D,G,B
A,C,I,H,E,F,G,B,D
A,C,I,H,E,F,G,D,B
A,C,I,H,E,G,B,D,F
A,C,I,H,E,G,B,F,D
A,C,I,H,E,G,D,B,F
A,C,I,H,E,G,D,F,B
A,C,I,H,E,G,F,B,D
A,C,I,H,E,G,F,D,B
A,C,I,H,F,B,D,E,G
A,C,I,H,F,B,D,G,E
A,C,I,H,F,B,E,D,G
A,C,I,H,F,B,E,G,D
A,C,I,H,F,B,G,D,E
A,C,I,H,F,B,G,E,D
A,C,I,H,F,D,B,E,G
A,C,I,H,F,D,B,G,E
A,C,I,H,F,D,E,B,G
A,C,I,H,F,D,E,G,B
A,C,I,H,F,D,G,B,E
A,C,I,H,F,D,G,E,B
A,C,I,H,F,E,B,D,G
A,C,I,H,F,E,B,G,D
A,C,I,H,F,E,D,B,G
A,C,I,H,F,E,D,G,B
A,C,I,H,F,E,G,B,D
A,C,I,H,F,E,G,D,B
A,C,I,H,F,G,B,D,E
A,C,I,H,F,G,B,E,D
A,C,I,H,F,G,D,B,E
A,C,I,H,F,G,D,E,B
A,C,I,H,F,G,E,B,D
A,C,I,H,F,G,E,D,B
A,C,I,H,G,B,D,E,F
A,C,I,H,G,B,D,F,E
A,C,I,H,G,B,E,D,F
A,C,I,H,G,B,E,F,D
A,C,I,H,G,B,F,D,E
A,C,I,H,G,B,F,E,D
A,C,I,H,G,D,B,E,F
A,C,I,H,G,D,B,F,E
A,C,I,H,G,D,E,B,F
A,C,I,H,G,D,E,F,B
A,C,I,H,G,D,F,B,E
A,C,I,H,G,D,F,E,B
A,C,I,H,G,E,B,D,F
A,C,I,H,G,E,B,F,D
A,C,I,H,G,E,D,B,F
A,C,I,H,G,E,D,F,B
A,C,I,H,G,E,F,B,D
A,C,I,H,G,E,F,D,B
A,C,I,H,G,F,B,D,E
A,C,I,H,G,F,B,E,D
A,C,I,H,G,F,D,B,E
A,C,I,H,G,F,D,E,B
A,C,I,H,G,F,E,B,D
A,C,I,H,G,F,E,D,B
A,D,B,C,E,F,G,H,I
A,D,B,C,E,F,G,I,H
A,D,B,C,E,F,H,G,I
A,D,B,C,E,F,H,I,G
A,D,B,C,E,F,I,G,H
A,D,B,C,E,F,I,H,G
A,D,B,C,E,G,F,H,I
A,D,B,C,E,G,F,I,H
A,D,B,C,E,G,H,F,I
A,D,B,C,E,G,H,I,F
A,D,B,C,E,G,I,F,H
A,D,B,C,E,G,I,H,F
A,D,B,C,E,H,F,G,I
A,D,B,C,E,H,F,I,G
A,D,B,C,E,H,G,F,I
A,D,B,C,E,H,G,I,F
A,D,B,C,E,H,I,F,G
A,D,B,C,E,H,I,G,F
A,D,B,C,E,I,F,G,H
A,D,B,C,E,I,F,H,G
A,D,B,C,E,I,G,F,H
A,D,B,C,E,I,G,H,F
A,D,B,C,E,I,H,F,G
A,D,B,C,E,I,H,G,F
A,D,B,C,F,E,G,H,I
A,D,B,C,F,E,G,I,H
A,D,B,C,F,E,H,G,I
A,D,B,C,F,E,H,I,G
A,D,B,C,F,E,I,G,H
A,D,B,C,F,E,I,H,G
A,D,B,C,F,G,E,H,I
A,D,B,C,F,G,E,I,H
A,D,B,C,F,G,H,E,I
A,D,B,C,F,G,H,I,E
A,D,B,C,F,G,I,E,H
A,D,B,C,F,G,I,H,E
A,D,B,C,F,H,E,G,I
A,D,B,C,F,H,E,I,G
A,D,B,C,F,H,G,E,I
A,D,B,C,F,H,G,I,E
A,D,B,C,F,H,I,E,G
A,D,B,C,F,H,I,G,E
A,D,B,C,F,I,E,G,H
A,D,B,C,F,I,E,H,G
A,D,B,C,F,I,G,E,H
A,D,B,C,F,I,G,H,E
A,D,B,C,F,I,H,E,G
A,D,B,C,F,I,H,G,E
A,D,B,C,G,E,F,H,I
A,D,B,C,G,E,F,I,H
A,D,B,C,G,E,H,F,I
A,D,B,C,G,E,H,I,F
A,D,B,C,G,E,I,F,H
A,D,B,C,G,E,I,H,F
A,D,B,C,G,F,E,H,I
A,D,B,C,G,F,E,I,H
A,D,B,C,G,F,H,E,I
A,D,B,C,G,F,H,I,E
A,D,B,C,G,F,I,E,H
A,D,B,C,G,F,I,H,E
A,D,B,C,G,H,E,F,I
A,D,B,C,G,H,E,I,F
A,D,B,C,G,H,F,E,I
A,D,B,C,G,H,F,I,E
A,D,B,C,G,H,I,E,F
A,D,B,C,G,H,I,F,E
A,D,B,C,G,I,E,F,H
A,D,B,C,G,I,E,H,F
A,D,B,C,G,I,F,E,H
A,D,B,C,G,I,F,H,E
A,D,B,C,G,I,H,E,F
A,D,B,C,G,I,H,F,E
A,D,B,C,H,E,F,G,I
A,D,B,C,H,E,F,I,G
A,D,B,C,H,E,G,F,I
A,D,B,C,H,E,G,I,F
A,D,B,C,H,E,I,F,G
A,D,B,C,H,E,I,G,F
A,D,B,C,H,F,E,G,I
A,D,B,C,H,F,E,I,G
A,D,B,C,H,F,G,E,I
A,D,B,C,H,F,G,I,E
A,D,B,C,H,F,I,E,G
A,D,B,C,H,F,I,G,E
A,D,B,C,H,G,E,F,I
A,D,B,C,H,G,E,I,F
A,D,B,C,H,G,F,E,I
A,D,B,C,H,G,F,I,E
A,D,B,C,H,G,I,E,F
A,D,B,C,H,G,I,F,E
A,D,B,C,H,I,E,F,G
A,D,B,C,H,I,E,G,F
A,D,B,C,H,I,F,E,G
A,D,B,C,H,I,F,G,E
A,D,B,C,H,I,G,E,F
A,D,B,C,H,I,G,F,E
A,D,B,C,I,E,F,G,H
A,D,B,C,I,E,F,H,G
A,D,B,C,I,E,G,F,H
A,D,B,C,I,E,G,H,F
A,D,B,C,I,E,H,F,G
A,D,B,C,I,E,H,G,F
A,D,B,C,I,F,E,G,H
A,D,B,C,I,F,E,H,G
A,D,B,C,I,F,G,E,H
A,D,B,C,I,F,G,H,E
A,D,B,C,I,F,H,E,G
A,D,B,C,I,F,H,G,E
A,D,B,C,I,G,E,F,H
A,D,B,C,I,G,E,H,F
A,D,B,C,I,G,F,E,H
A,D,B,C,I,G,F,H,E
A,D,B,C,I,G,H,E,F
A,D,B,C,I,G,H,F,E
A,D,B,C,I,H,E,F,G
A,D,B,C,I,H,E,G,F
A,D,B,C,I,H,F,E,G
A,D,B,C,I,H,F,G,E
A,D,B,C,I,H,G,E,F
A,D,B,C,I,H,G,F,E
A,D,B,E,C,F,G,H,I
A,D,B,E,C,F,G,I,H
A,D,B,E,C,F,H,G,I
A,D,B,E,C,F,H,I,G
A,D,B,E,C,F,I,G,H
A,D,B,E,C,F,I,H,G
A,D,B,E,C,G,F,H,I
A,D,B,E,C,G,F,I,H
A,D,B,E,C,G,H,F,I
A,D,B,E,C,G,H,I,F
A,D,B,E,C,G,I,F,H
A,D,B,E,C,G,I,H,F
A,D,B,E,C,H,F,G,I
A,D,B,E,C,H,F,I,G
A,D,B,E,C,H,G,F,I
A,D,B,E,C,H,G,I,F
A,D,B,E,C,H,I,F,G
A,D,B,E,C,H,I,G,F
A,D,B,E,C,I,F,G,H
A,D,B,E,C,I,F,H,G
A,D,B,E,C,I,G,F,H
A,D,B,E,C,I,G,H,F
A,D,B,E,C,I,H,F,G
A,D,B,E,C,I,H,G,F
A,D,B,E,F,C,G,H,I
A,D,B,E,F,C,G,I,H
A,D,B,E,F,C,H,G,I
A,D,B,E,F,C,H,I,G
A,D,B,E,F,C,I,G,H
A,D,B,E,F,C,I,H,G
A,D,B,E,F,G,C,H,I
A,D,B,E,F,G,C,I,H
A,D,B,E,F,G,H,C,I
A,D,B,E,F,G,H,I,C
A,D,B,E,F,G,I,C,H
A,D,B,E,F,G,I,H,C
A,D,B,E,F,H,C,G,I
A,D,B,E,F,H,C,I,G
A,D,B,E,F,H,G,C,I
A,D,B,E,F,H,G,I,C
A,D,B,E,F,H,I,C,G
A,D,B,E,F,H,I,G,C
A,D,B,E,F,I,C,G,H
A,D,B,E,F,I,C,H,G
A,D,B,E,F,I,G,C,H
A,D,B,E,F,I,G,H,C
A,D,B,E,F,I,H,C,G
A,D,B,E,F,I,H,G,C
A,D,B,E,G,C,F,H,I
A,D,B,E,G,C,F,I,H
A,D,B,E,G,C,H,F,I
A,D,B,E,G,C,H,I,F
A,D,B,E,G,C,I,F,H
A,D,B,E,G,C,I,H,F
A,D,B,E,G,F,C,H,I
A,D,B,E,G,F,C,I,H
A,D,B,E,G,F,H,C,I
A,D,B,E,G,F,H,I,C
A,D,B,E,G,F,I,C,H
A,D,B,E,G,F,I,H,C
A,D,B,E,G,H,C,F,I
A,D,B,E,G,H,C,I,F
A,D,B,E,G,H,F,C,I
A,D,B,E,G,H,F,I,C
A,D,B,E,G,H,I,C,F
A,D,B,E,G,H,I,F,C
A,D,B,E,G,I,C,F,H
A,D,B,E,G,I,C,H,F
A,D,B,E,G,I,F,C,H
A,D,B,E,G,I,F,H,C
A,D,B,E,G,I,H,C,F
A,D,B,E,G,I,H,F,C
A,D,B,E,H,C,F,G,I
A,D,B,E,H,C,F,I,G
A,D,B,E,H,C,G,F,I
A,D,B,E,H,C,G,I,F
A,D,B,E,H,C,I,F,G
A,D,B,E,H,C,I,G,F
A,D,B,E,H,F,C,G,I
A,D,B,E,H,F,C,I,G
A,D,B,E,H,F,G,C,I
A,D,B,E,H,F,G,I,C
A,D,B,E,H,F,I,C,G
A,D,B,E,H,F,I,G,C
A,D,B,E,H,G,C,F,I
A,D,B,E,H,G,C,I,F
A,D,B,E,H,G,F,C,I
A,D,B,E,H,G,F,I,C
A,D,B,E,H,G,I,C,F
A,D,B,E,H,G,I,F,C
A,D,B,E,H,I,C,F,G
A,D,B,E,H,I,C,G,F
A,D,B,E,H,I,F,C,G
A,D,B,E,H,I,F,G,C
A,D,B,E,H,I,G,C,F
A,D,B,E,H,I,G,F,C
A,D,B,E,I,C,F,G,H
A,D,B,E,I,C,F,H,G
A,D,B,E,I,C,G,F,H
A,D,B,E,I,C,G,H,F
A,D,B,E,I,C,H,F,G
A,D,B,E,I,C,H,G,F
A,D,B,E,I,F,C,G,H
A,D,B,E,I,F,C,H,G
A,D,B,E,I,F,G,C,H
A,D,B,E,I,F,G,H,C
A,D,B,E,I,F,H,C,G
A,D,B,E,I,F,H,G,C
A,D,B,E,I,G,C,F,H
A,D,B,E,I,G,C,H,F
A,D,B,E,I,G,F,C,H
A,D,B,E,I,G,F,H,C
A,D,B,E,I,G,H,C,F
A,D,B,E,I,G,H,F,C
A,D,B,E,I,H,C,F,G
A,D,B,E,I,H,C,G,F
A,D,B,E,I,H,F,C,G
A,D,B,E,I,H,F,G,C
A,D,B,E,I,H,G,C,F
A,D,B,E,I,H,G,F,C
A,D,B,F,C,E,G,H,I
A,D,B,F,C,E,G,I,H
A,D,B,F,C,E,H,G,I
A,D,B,F,C,E,H,I,G
A,D,B,F,C,E,I,G,H
A,D,B,F,C,E,I,H,G
A,D,B,F,C,G,E,H,I
A,D,B,F,C,G,E,I,H
A,D,B,F,C,G,H,E,I
A,D,B,F,C,G,H,I,E
A,D,B,F,C,G,I,E,H
A,D,B,F,C,G,I,H,E
A,D,B,F,C,H,E,G,I
A,D,B,F,C,H,E,I,G
A,D,B,F,C,H,G,E,I
A,D,B,F,C,H,G,I,E
A,D,B,F,C,H,I,E,G
A,D,B,F,C,H,I,G,E
A,D,B,F,C,I,E,G,H
A,D,B,F,C,I,E,H,G
A,D,B,F,C,I,G,E,H
A,D,B,F,C,I,G,H,E
A,D,B,F,C,I,H,E,G
A,D,B,F,C,I,H,G,E
A,D,B,F,E,C,G,H,I
A,D,B,F,E,C,G,I,H
A,D,B,F,E,C,H,G,I
A,D,B,F,E,C,H,I,G
A,D,B,F,E,C,I,G,H
A,D,B,F,E,C,I,H,G
A,D,B,F,E,G,C,H,I
A,D,B,F,E,G,C,I,H
A,D,B,F,E,G,H,C,I
A,D,B,F,E,G,H,I,C
A,D,B,F,E,G,I,C,H
A,D,B,F,E,G,I,H,C
A,D,B,F,E,H,C,G,I
A,D,B,F,E,H,C,I,G
A,D,B,F,E,H,G,C,I
A,D,B,F,E,H,G,I,C
A,D,B,F,E,H,I,C,G
A,D,B,F,E,H,I,G,C
A,D,B,F,E,I,C,G,H
A,D,B,F,E,I,C,H,G
A,D,B,F,E,I,G,C,H
A,D,B,F,E,I,G,H,C
A,D,B,F,E,I,H,C,G
A,D,B,F,E,I,H,G,C
A,D,B,F,G,C,E,H,I
A,D,B,F,G,C,E,I,H
A,D,B,F,G,C,H,E,I
A,D,B,F,G,C,H,I,E
A,D,B,F,G,C,I,E,H
A,D,B,F,G,C,I,H,E
A,D,B,F,G,E,C,H,I
A,D,B,F,G,E,C,I,H
A,D,B,F,G,E,H,C,I
A,D,B,F,G,E,H,I,C
A,D,B,F,G,E,I,C,H
A,D,B,F,G,E,I,H,C
A,D,B,F,G,H,C,E,I
A,D,B,F,G,H,C,I,E
A,D,B,F,G,H,E,C,I
A,D,B,F,G,H,E,I,C
A,D,B,F,G,H,I,C,E
A,D,B,F,G,H,I,E,C
A,D,B,F,G,I,C,E,H
A,D,B,F,G,I,C,H,E
A,D,B,F,G,I,E,C,H
A,D,B,F,G,I,E,H,C
A,D,B,F,G,I,H,C,E
A,D,B,F,G,I,H,E,C
A,D,B,F,H,C,E,G,I
A,D,B,F,H,C,E,I,G
A,D,B,F,H,C,G,E,I
A,D,B,F,H,C,G,I,E
A,D,B,F,H,C,I,E,G
A,D,B,F,H,C,I,G,E
A,D,B,F,H,E,C,G,I
A,D,B,F,H,E,C,I,G
A,D,B,F,H,E,G,C,I
A,D,B,F,H,E,G,I,C
A,D,B,F,H,E,I,C,G
A,D,B,F,H,E,I,G,C
A,D,B,F,H,G,C,E,I
A,D,B,F,H,G,C,I,E
A,D,B,F,H,G,E,C,I
A,D,B,F,H,G,E,I,C
A,D,B,F,H,G,I,C,E
A,D,B,F,H,G,I,E,C
A,D,B,F,H,I,C,E,G
A,D,B,F,H,I,C,G,E
A,D,B,F,H,I,E,C,G
A,D,B,F,H,I,E,G,C
A,D,B,F,H,I,G,C,E
A,D,B,F,H,I,G,E,C
A,D,B,F,I,C,E,G,H
A,D,B,F,I,C,E,H,G
A,D,B,F,I,C,G,E,H
A,D,B,F,I,C,G,H,E
A,D,B,F,I,C,H,E,G
A,D,B,F,I,C,H,G,E
A,D,B,F,I,E,C,G,H
A,D,B,F,I,E,C,H,G
A,D,B,F,I,E,G,C,H
A,D,B,F,I,E,G,H,C
A,D,B,F,I,E,H,C,G
A,D,B,F,I,E,H,G,C
A,D,B,F,I,G,C,E,H
A,D,B,F,I,G,C,H,E
A,D,B,F,I,G,E,C,H
A,D,B,F,I,G,E,H,C
A,D,B,F,I,G,H,C,E
A,D,B,F,I,G,H,E,C
A,D,B,F,I,H,C,E,G
A,D,B,F,I,H,C,G,E
A,D,B,F,I,H,E,C,G
A,D,B,F,I,H,E,G,C
A,D,B,F,I,H,G,C,E
A,D,B,F,I,H,G,E,C
A,D,B,G,C,E,F,H,I
A,D,B,G,C,E,F,I,H
A,D,B,G,C,E,H,F,I
A,D,B,G,C,E,H,I,F
A,D,B,G,C,E,I,F,H
A,D,B,G,C,E,I,H,F
A,D,B,G,C,F,E,H,I
A,D,B,G,C,F,E,I,H
A,D,B,G,C,F,H,E,I
A,D,B,G,C,F,H,I,E
A,D,B,G,C,F,I,E,H
A,D,B,G,C,F,I,H,E
A,D,B,G,C,H,E,F,I
A,D,B,G,C,H,E,I,F
A,D,B,G,C,H,F,E,I
A,D,B,G,C,H,F,I,E
A,D,B,G,C,H,I,E,F
A,D,B,G,C,H,I,F,E
A,D,B,G,C,I,E,F,H
A,D,B,G,C,I,E,H,F
A,D,B,G,C,I,F,E,H
A,D,B,G,C,I,F,H,E
A,D,B,G,C,I,H,E,F
A,D,B,G,C,I,H,F,E
A,D,B,G,E,C,F,H,I
A,D,B,G,E,C,F,I,H
A,D,B,G,E,C,H,F,I
A,D,B,G,E,C,H,I,F
A,D,B,G,E,C,I,F,H
A,D,B,G,E,C,I,H,F
A,D,B,G,E,F,C,H,I
A,D,B,G,E,F,C,I,H
A,D,B,G,E,F,H,C,I
A,D,B,G,E,F,H,I,C
A,D,B,G,E,F,I,C,H
A,D,B,G,E,F,I,H,C
A,D,B,G,E,H,C,F,I
A,D,B,G,E,H,C,I,F
A,D,B,G,E,H,F,C,I
A,D,B,G,E,H,F,I,C
A,D,B,G,E,H,I,C,F
A,D,B,G,E,H,I,F,C
A,D,B,G,E,I,C,F,H
A,D,B,G,E,I,C,H,F
A,D,B,G,E,I,F,C,H
A,D,B,G,E,I,F,H,C
A,D,B,G,E,I,H,C,F
A,D,B,G,E,I,H,F,C
A,D,B,G,F,C,E,H,I
A,D,B,G,F,C,E,I,H
A,D,B,G,F,C,H,E,I
A,D,B,G,F,C,H,I,E
A,D,B,G,F,C,I,E,H
A,D,B,G,F,C,I,H,E
A,D,B,G,F,E,C,H,I
A,D,B,G,F,E,C,I,H
A,D,B,G,F,E,H,C,I
A,D,B,G,F,E,H,I,C
A,D,B,G,F,E,I,C,H
A,D,B,G,F,E,I,H,C
A,D,B,G,F,H,C,E,I
A,D,B,G,F,H,C,I,E
A,D,B,G,F,H,E,C,I
A,D,B,G,F,H,E,I,C
A,D,B,G,F,H,I,C,E
A,D,B,G,F,H,I,E,C
A,D,B,G,F,I,C,E,H
A,D,B,G,F,I,C,H,E
A,D,B,G,F,I,E,C,H
A,D,B,G,F,I,E,H,C
A,D,B,G,F,I,H,C,E
A,D,B,G,F,I,H,E,C
A,D,B,G,H,C,E,F,I
A,D,B,G,H,C,E,I,F
A,D,B,G,H,C,F,E,I
A,D,B,G,H,C,F,I,E
A,D,B,G,H,C,I,E,F
A,D,B,G,H,C,I,F,E
A,D,B,G,H,E,C,F,I
A,D,B,G,H,E,C,I,F
A,D,B,G,H,E,F,C,I
A,D,B,G,H,E,F,I,C
A,D,B,G,H,E,I,C,F
A,D,B,G,H,E,I,F,C
A,D,B,G,H,F,C,E,I
A,D,B,G,H,F,C,I,E
A,D,B,G,H,F,E,C,I
A,D,B,G,H,F,E,I,C
A,D,B,G,H,F,I,C,E
A,D,B,G,H,F,I,E,C
A,D,B,G,H,I,C,E,F
A,D,B,G,H,I,C,F,E
A,D,B,G,H,I,E,C,F
A,D,B,G,H,I,E,F,C
A,D,B,G,H,I,F,C,E
A,D,B,G,H,I,F,E,C
A,D,B,G,I,C,E,F,H
A,D,B,G,I,C,E,H,F
A,D,B,G,I,C,F,E,H
A,D,B,G,I,C,F,H,E
A,D,B,G,I,C,H,E,F
A,D,B,G,I,C,H,F,E
A,D,B,G,I,E,C,F,H
A,D,B,G,I,E,C,H,F
A,D,B,G,I,E,F,C,H
A,D,B,G,I,E,F,H,C
A,D,B,G,I,E,H,C,F
A,D,B,G,I,E,H,F,C
A,D,B,G,I,F,C,E,H
A,D,B,G,I,F,C,H,E
A,D,B,G,I,F,E,C,H
A,D,B,G,I,F,E,H,C
A,D,B,G,I,F,H,C,E
A,D,B,G,I,F,H,E,C
A,D,B,G,I,H,C,E,F
A,D,B,G,I,H,C,F,E
A,D,B,G,I,H,E,C,F
A,D,B,G,I,H,E,F,C
A,D,B,G,I,H,F,C,E
A,D,B,G,I,H,F,E,C
A,D,B,H,C,E,F,G,I
A,D,B,H,C,E,F,I,G
A,D,B,H,C,E,G,F,I
A,D,B,H,C,E,G,I,F
A,D,B,H,C,E,I,F,G
A,D,B,H,C,E,I,G,F
A,D,B,H,C,F,E,G,I
A,D,B,H,C,F,E,I,G
A,D,B,H,C,F,G,E,I
A,D,B,H,C,F,G,I,E
A,D,B,H,C,F,I,E,G
A,D,B,H,C,F,I,G,E
A,D,B,H,C,G,E,F,I
A,D,B,H,C,G,E,I,F
A,D,B,H,C,G,F,E,I
A,D,B,H,C,G,F,I,E
A,D,B,H,C,G,I,E,F
A,D,B,H,C,G,I,F,E
A,D,B,H,C,I,E,F,G
A,D,B,H,C,I,E,G,F
A,D,B,H,C,I,F,E,G
A,D,B,H,C,I,F,G,E
A,D,B,H,C,I,G,E,F
A,D,B,H,C,I,G,F,E
A,D,B,H,E,C,F,G,I
A,D,B,H,E,C,F,I,G
A,D,B,H,E,C,G,F,I
A,D,B,H,E,C,G,I,F
A,D,B,H,E,C,I,F,G
A,D,B,H,E,C,I,G,F
A,D,B,H,E,F,C,G,I
A,D,B,H,E,F,C,I,G
A,D,B,H,E,F,G,C,I
A,D,B,H,E,F,G,I,C
A,D,B,H,E,F,I,C,G
A,D,B,H,E,F,I,G,C
A,D,B,H,E,G,C,F,I
A,D,B,H,E,G,C,I,F
A,D,B,H,E,G,F,C,I
A,D,B,H,E,G,F,I,C
A,D,B,H,E,G,I,C,F
A,D,B,H,E,G,I,F,C
A,D,B,H,E,I,C,F,G
A,D,B,H,E,I,C,G,F
A,D,B,H,E,I,F,C,G
A,D,B,H,E,I,F,G,C
A,D,B,H,E,I,G,C,F
A,D,B,H,E,I,G,F,C
A,D,B,H,F,C,E,G,I
A,D,B,H,F,C,E,I,G
A,D,B,H,F,C,G,E,I
A,D,B,H,F,C,G,I,E
A,D,B,H,F,C,I,E,G
A,D,B,H,F,C,I,G,E
A,D,B,H,F,E,C,G,I
A,D,B,H,F,E,C,I,G
A,D,B,H,F,E,G,C,I
A,D,B,H,F,E,G,I,C
A,D,B,H,F,E,I,C,G
A,D,B,H,F,E,I,G,C
A,D,B,H,F,G,C,E,I
A,D,B,H,F,G,C,I,E
A,D,B,H,F,G,E,C,I
A,D,B,H,F,G,E,I,C
A,D,B,H,F,G,I,C,E
A,D,B,H,F,G,I,E,C
A,D,B,H,F,I,C,E,G
A,D,B,H,F,I,C,G,E
A,D,B,H,F,I,E,C,G
A,D,B,H,F,I,E,G,C
A,D,B,H,F,I,G,C,E
A,D,B,H,F,I,G,E,C
A,D,B,H,G,C,E,F,I
A,D,B,H,G,C,E,I,F
A,D,B,H,G,C,F,E,I
A,D,B,H,G,C,F,I,E
A,D,B,H,G,C,I,E,F
A,D,B,H,G,C,I,F,E
A,D,B,H,G,E,C,F,I
A,D,B,H,G,E,C,I,F
A,D,B,H,G,E,F,C,I
A,D,B,H,G,E,F,I,C
A,D,B,H,G,E,I,C,F
A,D,B,H,G,E,I,F,C
A,D,B,H,G,F,C,E,I
A,D,B,H,G,F,C,I,E
A,D,B,H,G,F,E,C,I
A,D,B,H,G,F,E,I,C
A,D,B,H,G,F,I,C,E
A,D,B,H,G,F,I,E,C
A,D,B,H,G,I,C,E,F
A,D,B,H,G,I,C,F,E
A,D,B,H,G,I,E,C,F
A,D,B,H,G,I,E,F,C
A,D,B,H,G,I,F,C,E
A,D,B,H,G,I,F,E,C
A,D,B,H,I,C,E,F,G
A,D,B,H,I,C,E,G,F
A,D,B,H,I,C,F,E,G
A,D,B,H,I,C,F,G,E
A,D,B,H,I,C,G,E,F
A,D,B,H,I,C,G,F,E
A,D,B,H,I,E,C,F,G
A,D,B,H,I,E,C,G,F
A,D,B,H,I,E,F,C,G
A,D,B,H,I,E,F,G,C
A,D,B,H,I,E,G,C,F
A,D,B,H,I,E,G,F,C
A,D,B,H,I,F,C,E,G
A,D,B,H,I,F,C,G,E
A,D,B,H,I,F,E,C,G
A,D,B,H,I,F,E,G,C
A,D,B,H,I,F,G,C,E
A,D,B,H,I,F,G,E,C
A,D,B,H,I,G,C,E,F
A,D,B,H,I,G,C,F,E
A,D,B,H,I,G,E,C,F
A,D,B,H,I,G,E,F,C
A,D,B,H,I,G,F,C,E
A,D,B,H,I,G,F,E,C
A,D,B,I,C,E,F,G,H
A,D,B,I,C,E,F,H,G
A,D,B,I,C,E,G,F,H
A,D,B,I,C,E,G,H,F
A,D,B,I,C,E,H,F,G
A,D,B,I,C,E,H,G,F
A,D,B,I,C,F,E,G,H
A,D,B,I,C,F,E,H,G
A,D,B,I,C,F,G,E,H
A,D,B,I,C,F,G,H,E
A,D,B,I,C,F,H,E,G
A,D,B,I,C,F,H,G,E
A,D,B,I,C,G,E,F,H
A,D,B,I,C,G,E,H,F
A,D,B,I,C,G,F,E,H
A,D,B,I,C,G,F,H,E
A,D,B,I,C,G,H,E,F
A,D,B,I,C,G,H,F,E
A,D,B,I,C,H,E,F,G
A,D,B,I,C,H,E,G,F
A,D,B,I,C,H,F,E,G
A,D,B,I,C,H,F,G,E
A,D,B,I,C,H,G,E,F
A,D,B,I,C,H,G,F,E
A,D,B,I,E,C,F,G,H
A,D,B,I,E,C,F,H,G
A,D,B,I,E,C,G,F,H
A,D,B,I,E,C,G,H,F
A,D,B,I,E,C,H,F,G
A,D,B,I,E,C,H,G,F
A,D,B,I,E,F,C,G,H
A,D,B,I,E,F,C,H,G
A,D,B,I,E,F,G,C,H
A,D,B,I,E,F,G,H,C
A,D,B,I,E,F,H,C,G
A,D,B,I,E,F,H,G,C
A,D,B,I,E,G,C,F,H
A,D,B,I,E,G,C,H,F
A,D,B,I,E,G,F,C,H
A,D,B,I,E,G,F,H,C
A,D,B,I,E,G,H,C,F
A,D,B,I,E,G,H,F,C
A,D,B,I,E,H,C,F,G
A,D,B,I,E,H,C,G,F
A,D,B,I,E,H,F,C,G
A,D,B,I,E,H,F,G,C
A,D,B,I,E,H,G,C,F
A,D,B,I,E,H,G,F,C
A,D,B,I,F,C,E,G,H
A,D,B,I,F,C,E,H,G
A,D,B,I,F,C,G,E,H
A,D,B,I,F,C,G,H,E
A,D,B,I,F,C,H,E,G
A,D,B,I,F,C,H,G,E
A,D,B,I,F,E,C,G,H
A,D,B,I,F,E,C,H,G
A,D,B,I,F,E,G,C,H
A,D,B,I,F,E,G,H,C
A,D,B,I,F,E,H,C,G
A,D,B,I,F,E,H,G,C
A,D,B,I,F,G,C,E,H
A,D,B,I,F,G,C,H,E
A,D,B,I,F,G,E,C,H
A,D,B,I,F,G,E,H,C
A,D,B,I,F,G,H,C,E
A,D,B,I,F,G,H,E,C
A,D,B,I,F,H,C,E,G
A,D,B,I,F,H,C,G,E
A,D,B,I,F,H,E,C,G
A,D,B,I,F,H,E,G,C
A,D,B,I,F,H,G,C,E
A,D,B,I,F,H,G,E,C
A,D,B,I,G,C,E,F,H
A,D,B,I,G,C,E,H,F
A,D,B,I,G,C,F,E,H
A,D,B,I,G,C,F,H,E
A,D,B,I,G,C,H,E,F
A,D,B,I,G,C,H,F,E
A,D,B,I,G,E,C,F,H
A,D,B,I,G,E,C,H,F
A,D,B,I,G,E,F,C,H
A,D,B,I,G,E,F,H,C
A,D,B,I,G,E,H,C,F
A,D,B,I,G,E,H,F,C
A,D,B,I,G,F,C,E,H
A,D,B,I,G,F,C,H,E
A,D,B,I,G,F,E,C,H
A,D,B,I,G,F,E,H,C
A,D,B,I,G,F,H,C,E
A,D,B,I,G,F,H,E,C
A,D,B,I,G,H,C,E,F
A,D,B,I,G,H,C,F,E
A,D,B,I,G,H,E,C,F
A,D,B,I,G,H,E,F,C
A,D,B,I,G,H,F,C,E
A,D,B,I,G,H,F,E,C
A,D,B,I,H,C,E,F,G
A,D,B,I,H,C,E,G,F
A,D,B,I,H,C,F,E,G
A,D,B,I,H,C,F,G,E
A,D,B,I,H,C,G,E,F
A,D,B,I,H,C,G,F,E
A,D,B,I,H,E,C,F,G
A,D,B,I,H,E,C,G,F
A,D,B,I,H,E,F,C,G
A,D,B,I,H,E,F,G,C
A,D,B,I,H,E,G,C,F
A,D,B,I,H,E,G,F,C
A,D,B,I,H,F,C,E,G
A,D,B,I,H,F,C,G,E
A,D,B,I,H,F,E,C,G
A,D,B,I,H,F,E,G,C
A,D,B,I,H,F,G,C,E
A,D,B,I,H,F,G,E,C
A,D,B,I,H,G,C,E,F
A,D,B,I,H,G,C,F,E
A,D,B,I,H,G,E,C,F
A,D,B,I,H,G,E,F,C
A,D,B,I,H,G,F,C,E
A,D,B,I,H,G,F,E,C
A,D,C,B,E,F,G,H,I
A,D,C,B,E,F,G,I,H
A,D,C,B,E,F,H,G,I
A,D,C,B,E,F,H,I,G
A,D,C,B,E,F,I,G,H
A,D,C,B,E,F,I,H,G
A,D,C,B,E,G,F,H,I
A,D,C,B,E,G,F,I,H
A,D,C,B,E,G,H,F,I
A,D,C,B,E,G,H,I,F
A,D,C,B,E,G,I,F,H
A,D,C,B,E,G,I,H,F
A,D,C,B,E,H,F,G,I
A,D,C,B,E,H,F,I,G
A,D,C,B,E,H,G,F,I
A,D,C,B,E,H,G,I,F
A,D,C,B,E,H,I,F,G
A,D,C,B,E,H,I,G,F
A,D,C,B,E,I,F,G,H
A,D,C,B,E,I,F,H,G
A,D,C,B,E,I,G,F,H
A,D,C,B,E,I,G,H,F
A,D,C,B,E,I,H,F,G
A,D,C,B,E,I,H,G,F
A,D,C,B,F,E,G,H,I
A,D,C,B,F,E,G,I,H
A,D,C,B,F,E,H,G,I
A,D,C,B,F,E,H,I,G
A,D,C,B,F,E,I,G,H
A,D,C,B,F,E,I,H,G
A,D,C,B,F,G,E,H,I
A,D,C,B,F,G,E,I,H
A,D,C,B,F,G,H,E,I
A,D,C,B,F,G,H,I,E
A,D,C,B,F,G,I,E,H
A,D,C,B,F,G,I,H,E
A,D,C,B,F,H,E,G,I
A,D,C,B,F,H,E,I,G
A,D,C,B,F,H,G,E,I
A,D,C,B,F,H,G,I,E
A,D,C,B,F,H,I,E,G
A,D,C,B,F,H,I,G,E
A,D,C,B,F,I,E,G,H
A,D,C,B,F,I,E,H,G
A,D,C,B,F,I,G,E,H
A,D,C,B,F,I,G,H,E
A,D,C,B,F,I,H,E,G
A,D,C,B,F,I,H,G,E
A,D,C,B,G,E,F,H,I
A,D,C,B,G,E,F,I,H
A,D,C,B,G,E,H,F,I
A,D,C,B,G,E,H,I,F
A,D,C,B,G,E,I,F,H
A,D,C,B,G,E,I,H,F
A,D,C,B,G,F,E,H,I
A,D,C,B,G,F,E,I,H
A,D,C,B,G,F,H,E,I
A,D,C,B,G,F,H,I,E
A,D,C,B,G,F,I,E,H
A,D,C,B,G,F,I,H,E
A,D,C,B,G,H,E,F,I
A,D,C,B,G,H,E,I,F
A,D,C,B,G,H,F,E,I
A,D,C,B,G,H,F,I,E
A,D,C,B,G,H,I,E,F
A,D,C,B,G,H,I,F,E
A,D,C,B,G,I,E,F,H
A,D,C,B,G,I,E,H,F
A,D,C,B,G,I,F,E,H
A,D,C,B,G,I,F,H,E
A,D,C,B,G,I,H,E,F
A,D,C,B,G,I,H,F,E
A,D,C,B,H,E,F,G,I
A,D,C,B,H,E,F,I,G
A,D,C,B,H,E,G,F,I
A,D,C,B,H,E,G,I,F
A,D,C,B,H,E,I,F,G
A,D,C,B,H,E,I,G,F
A,D,C,B,H,F,E,G,I
A,D,C,B,H,F,E,I,G
A,D,C,B,H,F,G,E,I
A,D,C,B,H,F,G,I,E
A,D,C,B,H,F,I,E,G
A,D,C,B,H,F,I,G,E
A,D,C,B,H,G,E,F,I
A,D,C,B,H,G,E,I,F
A,D,C,B,H,G,F,E,I
A,D,C,B,H,G,F,I,E
A,D,C,B,H,G,I,E,F
A,D,C,B,H,G,I,F,E
A,D,C,B,H,I,E,F,G
A,D,C,B,H,I,E,G,F
A,D,C,B,H,I,F,E,G
A,D,C,B,H,I,F,G,E
A,D,C,B,H,I,G,E,F
A,D,C,B,H,I,G,F,E
A,D,C,B,I,E,F,G,H
A,D,C,B,I,E,F,H,G
A,D,C,B,I,E,G,F,H
A,D,C,B,I,E,G,H,F
A,D,C,B,I,E,H,F,G
A,D,C,B,I,E,H,G,F
A,D,C,B,I,F,E,G,H
A,D,C,B,I,F,E,H,G
A,D,C,B,I,F,G,E,H
A,D,C,B,I,F,G,H,E
A,D,C,B,I,F,H,E,G
A,D,C,B,I,F,H,G,E
A,D,C,B,I,G,E,F,H
A,D,C,B,I,G,E,H,F
A,D,C,B,I,G,F,E,H
A,D,C,B,I,G,F,H,E
A,D,C,B,I,G,H,E,F
A,D,C,B,I,G,H,F,E
A,D,C,B,I,H,E,F,G
A,D,C,B,I,H,E,G,F
A,D,C,B,I,H,F,E,G
A,D,C,B,I,H,F,G,E
A,D,C,B,I,H,G,E,F
A,D,C,B,I,H,G,F,E
A,D,C,E,B,F,G,H,I
A,D,C,E,B,F,G,I,H
A,D,C,E,B,F,H,G,I
A,D,C,E,B,F,H,I,G
A,D,C,E,B,F,I,G,H
A,D,C,E,B,F,I,H,G
A,D,C,E,B,G,F,H,I
A,D,C,E,B,G,F,I,H
A,D,C,E,B,G,H,F,I
A,D,C,E,B,G,H,I,F
A,D,C,E,B,G,I,F,H
A,D,C,E,B,G,I,H,F
A,D,C,E,B,H,F,G,I
A,D,C,E,B,H,F,I,G
A,D,C,E,B,H,G,F,I
A,D,C,E,B,H,G,I,F
A,D,C,E,B,H,I,F,G
A,D,C,E,B,H,I,G,F
A,D,C,E,B,I,F,G,H
A,D,C,E,B,I,F,H,G
A,D,C,E,B,I,G,F,H
A,D,C,E,B,I,G,H,F
A,D,C,E,B,I,H,F,G
A,D,C,E,B,I,H,G,F
A,D,C,E,F,B,G,H,I
A,D,C,E,F,B,G,I,H
A,D,C,E,F,B,H,G,I
A,D,C,E,F,B,H,I,G
A,D,C,E,F,B,I,G,H
A,D,C,E,F,B,I,H,G
A,D,C,E,F,G,B,H,I
A,D,C,E,F,G,B,I,H
A,D,C,E,F,G,H,B,I
A,D,C,E,F,G,H,I,B
A,D,C,E,F,G,I,B,H
A,D,C,E,F,G,I,H,B
A,D,C,E,F,H,B,G,I
A,D,C,E,F,H,B,I,G
A,D,C,E,F,H,G,B,I
A,D,C,E,F,H,G,I,B
A,D,C,E,F,H,I,B,G
A,D,C,E,F,H,I,G,B
A,D,C,E,F,I,B,G,H
A,D,C,E,F,I,B,H,G
A,D,C,E,F,I,G,B,H
A,D,C,E,F,I,G,H,B
A,D,C,E,F,I,H,B,G
A,D,C,E,F,I,H,G,B
A,D,C,E,G,B,F,H,I
A,D,C,E,G,B,F,I,H
A,D,C,E,G,B,H,F,I
A,D,C,E,G,B,H,I,F
A,D,C,E,G,B,I,F,H
A,D,C,E,G,B,I,H,F
A,D,C,E,G,F,B,H,I
A,D,C,E,G,F,B,I,H
A,D,C,E,G,F,H,B,I
A,D,C,E,G,F,H,I,B
A,D,C,E,G,F,I,B,H
A,D,C,E,G,F,I,H,B
A,D,C,E,G,H,B,F,I
A,D,C,E,G,H,B,I,F
A,D,C,E,G,H,F,B,I
A,D,C,E,G,H,F,I,B
A,D,C,E,G,H,I,B,F
A,D,C,E,G,H,I,F,B
A,D,C,E,G,I,B,F,H
A,D,C,E,G,I,B,H,F
A,D,C,E,G,I,F,B,H
A,D,C,E,G,I,F,H,B
A,D,C,E,G,I,H,B,F
A,D,C,E,G,I,H,F,B
A,D,C,E,H,B,F,G,I
A,D,C,E,H,B,F,I,G
A,D,C,E,H,B,G,F,I
A,D,C,E,H,B,G,I,F
A,D,C,E,H,B,I,F,G
A,D,C,E,H,B,I,G,F
A,D,C,E,H,F,B,G,I
A,D,C,E,H,F,B,I,G
A,D,C,E,H,F,G,B,I
A,D,C,E,H,F,G,I,B
A,D,C,E,H,F,I,B,G
A,D,C,E,H,F,I,G,B
A,D,C,E,H,G,B,F,I
A,D,C,E,H,G,B,I,F
A,D,C,E,H,G,F,B,I
A,D,C,E,H,G,F,I,B
A,D,C,E,H,G,I,B,F
A,D,C,E,H,G,I,F,B
A,D,C,E,H,I,B,F,G
A,D,C,E,H,I,B,G,F
A,D,C,E,H,I,F,B,G
A,D,C,E,H,I,F,G,B
A,D,C,E,H,I,G,B,F
A,D,C,E,H,I,G,F,B
A,D,C,E,I,B,F,G,H
A,D,C,E,I,B,F,H,G
A,D,C,E,I,B,G,F,H
A,D,C,E,I,B,G,H,F
A,D,C,E,I,B,H,F,G
A,D,C,E,I,B,H,G,F
A,D,C,E,I,F,B,G,H
A,D,C,E,I,F,B,H,G
A,D,C,E,I,F,G,B,H
A,D,C,E,I,F,G,H,B
A,D,C,E,I,F,H,B,G
A,D,C,E,I,F,H,G,B
A,D,C,E,I,G,B,F,H
A,D,C,E,I,G,B,H,F
A,D,C,E,I,G,F,B,H
A,D,C,E,I,G,F,H,B
A,D,C,E,I,G,H,B,F
A,D,C,E,I,G,H,F,B
A,D,C,E,I,H,B,F,G
A,D,C,E,I,H,B,G,F
A,D,C,E,I,H,F,B,G
A,D,C,E,I,H,F,G,B
A,D,C,E,I,H,G,B,F
A,D,C,E,I,H,G,F,B
A,D,C,F,B,E,G,H,I
A,D,C,F,B,E,G,I,H
A,D,C,F,B,E,H,G,I
A,D,C,F,B,E,H,I,G
A,D,C,F,B,E,I,G,H
A,D,C,F,B,E,I,H,G
A,D,C,F,B,G,E,H,I
A,D,C,F,B,G,E,I,H
A,D,C,F,B,G,H,E,I
A,D,C,F,B,G,H,I,E
A,D,C,F,B,G,I,E,H
A,D,C,F,B,G,I,H,E
A,D,C,F,B,H,E,G,I
A,D,C,F,B,H,E,I,G
A,D,C,F,B,H,G,E,I
A,D,C,F,B,H,G,I,E
A,D,C,F,B,H,I,E,G
A,D,C,F,B,H,I,G,E
A,D,C,F,B,I,E,G,H
A,D,C,F,B,I,E,H,G
A,D,C,F,B,I,G,E,H
A,D,C,F,B,I,G,H,E
A,D,C,F,B,I,H,E,G
A,D,C,F,B,I,H,G,E
A,D,C,F,E,B,G,H,I
A,D,C,F,E,B,G,I,H
A,D,C,F,E,B,H,G,I
A,D,C,F,E,B,H,I,G
A,D,C,F,E,B,I,G,H
A,D,C,F,E,B,I,H,G
A,D,C,F,E,G,B,H,I
A,D,C,F,E,G,B,I,H
A,D,C,F,E,G,H,B,I
A,D,C,F,E,G,H,I,B
A,D,C,F,E,G,I,B,H
A,D,C,F,E,G,I,H,B
A,D,C,F,E,H,B,G,I
A,D,C,F,E,H,B,I,G
A,D,C,F,E,H,G,B,I
A,D,C,F,E,H,G,I,B
A,D,C,F,E,H,I,B,G
A,D,C,F,E,H,I,G,B
A,D,C,F,E,I,B,G,H
A,D,C,F,E,I,B,H,G
A,D,C,F,E,I,G,B,H
A,D,C,F,E,I,G,H,B
A,D,C,F,E,I,H,B,G
A,D,C,F,E,I,H,G,B
A,D,C,F,G,B,E,H,I
A,D,C,F,G,B,E,I,H
A,D,C,F,G,B,H,E,I
A,D,C,F,G,B,H,I,E
A,D,C,F,G,B,I,E,H
A,D,C,F,G,B,I,H,E
A,D,C,F,G,E,B,H,I
A,D,C,F,G,E,B,I,H
A,D,C,F,G,E,H,B,I
A,D,C,F,G,E,H,I,B
A,D,C,F,G,E,I,B,H
A,D,C,F,G,E,I,H,B
A,D,C,F,G,H,B,E,I
A,D,C,F,G,H,B,I,E
A,D,C,F,G,H,E,B,I
A,D,C,F,G,H,E,I,B
A,D,C,F,G,H,I,B,E
A,D,C,F,G,H,I,E,B
A,D,C,F,G,I,B,E,H
A,D,C,F,G,I,B,H,E
A,D,C,F,G,I,E,B,H
A,D,C,F,G,I,E,H,B
A,D,C,F,G,I,H,B,E
A,D,C,F,G,I,H,E,B
A,D,C,F,H,B,E,G,I
A,D,C,F,H,B,E,I,G
A,D,C,F,H,B,G,E,I
A,D,C,F,H,B,G,I,E
A,D,C,F,H,B,I,E,G
A,D,C,F,H,B,I,G,E
A,D,C,F,H,E,B,G,I
A,D,C,F,H,E,B,I,G
A,D,C,F,H,E,G,B,I
A,D,C,F,H,E,G,I,B
A,D,C,F,H,E,I,B,G
A,D,C,F,H,E,I,G,B
A,D,C,F,H,G,B,E,I
A,D,C,F,H,G,B,I,E
A,D,C,F,H,G,E,B,I
A,D,C,F,H,G,E,I,B
A,D,C,F,H,G,I,B,E
A,D,C,F,H,G,I,E,B
A,D,C,F,H,I,B,E,G
A,D,C,F,H,I,B,G,E
A,D,C,F,H,I,E,B,G
A,D,C,F,H,I,E,G,B
A,D,C,F,H,I,G,B,E
A,D,C,F,H,I,G,E,B
A,D,C,F,I,B,E,G,H
A,D,C,F,I,B,E,H,G
A,D,C,F,I,B,G,E,H
A,D,C,F,I,B,G,H,E
A,D,C,F,I,B,H,E,G
A,D,C,F,I,B,H,G,E
A,D,C,F,I,E,B,G,H
A,D,C,F,I,E,B,H,G
A,D,C,F,I,E,G,B,H
A,D,C,F,I,E,G,H,B
A,D,C,F,I,E,H,B,G
A,D,C,F,I,E,H,G,B
A,D,C,F,I,G,B,E,H
A,D,C,F,I,G,B,H,E
A,D,C,F,I,G,E,B,H
A,D,C,F,I,G,E,H,B
A,D,C,F,I,G,H,B,E
A,D,C,F,I,G,H,E,B
A,D,C,F,I,H,B,E,G
A,D,C,F,I,H,B,G,E
A,D,C,F,I,H,E,B,G
A,D,C,F,I,H,E,G,B
A,D,C,F,I,H,G,B,E
A,D,C,F,I,H,G,E,B
A,D,C,G,B,E,F,H,I
A,D,C,G,B,E,F,I,H
A,D,C,G,B,E,H,F,I
A,D,C,G,B,E,H,I,F
A,D,C,G,B,E,I,F,H
A,D,C,G,B,E,I,H,F
A,D,C,G,B,F,E,H,I
A,D,C,G,B,F,E,I,H
A,D,C,G,B,F,H,E,I
A,D,C,G,B,F,H,I,E
A,D,C,G,B,F,I,E,H
A,D,C,G,B,F,I,H,E
A,D,C,G,B,H,E,F,I
A,D,C,G,B,H,E,I,F
A,D,C,G,B,H,F,E,I
A,D,C,G,B,H,F,I,E
A,D,C,G,B,H,I,E,F
A,D,C,G,B,H,I,F,E
A,D,C,G,B,I,E,F,H
A,D,C,G,B,I,E,H,F
A,D,C,G,B,I,F,E,H
A,D,C,G,B,I,F,H,E
A,D,C,G,B,I,H,E,F
A,D,C,G,B,I,H,F,E
A,D,C,G,E,B,F,H,I
A,D,C,G,E,B,F,I,H
A,D,C,G,E,B,H,F,I
A,D,C,G,E,B,H,I,F
A,D,C,G,E,B,I,F,H
A,D,C,G,E,B,I,H,F
A,D,C,G,E,F,B,H,I
A,D,C,G,E,F,B,I,H
A,D,C,G,E,F,H,B,I
A,D,C,G,E,F,H,I,B
A,D,C,G,E,F,I,B,H
A,D,C,G,E,F,I,H,B
A,D,C,G,E,H,B,F,I
A,D,C,G,E,H,B,I,F
A,D,C,G,E,H,F,B,I
A,D,C,G,E,H,F,I,B
A,D,C,G,E,H,I,B,F
A,D,C,G,E,H,I,F,B
A,D,C,G,E,I,B,F,H
A,D,C,G,E,I,B,H,F
A,D,C,G,E,I,F,B,H
A,D,C,G,E,I,F,H,B
A,D,C,G,E,I,H,B,F
A,D,C,G,E,I,H,F,B
A,D,C,G,F,B,E,H,I
A,D,C,G,F,B,E,I,H
A,D,C,G,F,B,H,E,I
A,D,C,G,F,B,H,I,E
A,D,C,G,F,B,I,E,H
A,D,C,G,F,B,I,H,E
A,D,C,G,F,E,B,H,I
A,D,C,G,F,E,B,I,H
A,D,C,G,F,E,H,B,I
A,D,C,G,F,E,H,I,B
A,D,C,G,F,E,I,B,H
A,D,C,G,F,E,I,H,B
A,D,C,G,F,H,B,E,I
A,D,C,G,F,H,B,I,E
A,D,C,G,F,H,E,B,I
A,D,C,G,F,H,E,I,B
A,D,C,G,F,H,I,B,E
A,D,C,G,F,H,I,E,B
A,D,C,G,F,I,B,E,H
A,D,C,G,F,I,B,H,E
A,D,C,G,F,I,E,B,H
A,D,C,G,F,I,E,H,B
A,D,C,G,F,I,H,B,E
A,D,C,G,F,I,H,E,B
A,D,C,G,H,B,E,F,I
A,D,C,G,H,B,E,I,F
A,D,C,G,H,B,F,E,I
A,D,C,G,H,B,F,I,E
A,D,C,G,H,B,I,E,F
A,D,C,G,H,B,I,F,E
A,D,C,G,H,E,B,F,I
A,D,C,G,H,E,B,I,F
A,D,C,G,H,E,F,B,I
A,D,C,G,H,E,F,I,B
A,D,C,G,H,E,I,B,F
A,D,C,G,H,E,I,F,B
A,D,C,G,H,F,B,E,I
A,D,C,G,H,F,B,I,E
A,D,C,G,H,F,E,B,I
A,D,C,G,H,F,E,I,B
A,D,C,G,H,F,I,B,E
A,D,C,G,H,F,I,E,B
A,D,C,G,H,I,B,E,F
A,D,C,G,H,I,B,F,E
A,D,C,G,H,I,E,B,F
A,D,C,G,H,I,E,F,B
A,D,C,G,H,I,F,B,E
A,D,C,G,H,I,F,E,B
A,D,C,G,I,B,E,F,H
A,D,C,G,I,B,E,H,F
A,D,C,G,I,B,F,E,H
A,D,C,G,I,B,F,H,E
A,D,C,G,I,B,H,E,F
A,D,C,G,I,B,H,F,E
A,D,C,G,I,E,B,F,H
A,D,C,G,I,E,B,H,F
A,D,C,G,I,E,F,B,H
A,D,C,G,I,E,F,H,B
A,D,C,G,I,E,H,B,F
A,D,C,G,I,E,H,F,B
A,D,C,G,I,F,B,E,H
A,D,C,G,I,F,B,H,E
A,D,C,G,I,F,E,B,H
A,D,C,G,I,F,E,H,B
A,D,C,G,I,F,H,B,E
A,D,C,G,I,F,H,E,B
A,D,C,G,I,H,B,E,F
A,D,C,G,I,H,B,F,E
A,D,C,G,I,H,E,B,F
A,D,C,G,I,H,E,F,B
A,D,C,G,I,H,F,B,E
A,D,C,G,I,H,F,E,B
A,D,C,H,B,E,F,G,I
A,D,C,H,B,E,F,I,G
A,D,C,H,B,E,G,F,I
A,D,C,H,B,E,G,I,F
A,D,C,H,B,E,I,F,G
A,D,C,H,B,E,I,G,F
A,D,C,H,B,F,E,G,I
A,D,C,H,B,F,E,I,G
A,D,C,H,B,F,G,E,I
A,D,C,H,B,F,G,I,E
A,D,C,H,B,F,I,E,G
A,D,C,H,B,F,I,G,E
A,D,C,H,B,G,E,F,I
A,D,C,H,B,G,E,I,F
A,D,C,H,B,G,F,E,I
A,D,C,H,B,G,F,I,E
A,D,C,H,B,G,I,E,F
A,D,C,H,B,G,I,F,E
A,D,C,H,B,I,E,F,G
A,D,C,H,B,I,E,G,F
A,D,C,H,B,I,F,E,G
A,D,C,H,B,I,F,G,E
A,D,C,H,B,I,G,E,F
A,D,C,H,B,I,G,F,E
A,D,C,H,E,B,F,G,I
A,D,C,H,E,B,F,I,G
A,D,C,H,E,B,G,F,I
A,D,C,H,E,B,G,I,F
A,D,C,H,E,B,I,F,G
A,D,C,H,E,B,I,G,F
A,D,C,H,E,F,B,G,I
A,D,C,H,E,F,B,I,G
A,D,C,H,E,F,G,B,I
A,D,C,H,E,F,G,I,B
A,D,C,H,E,F,I,B,G
A,D,C,H,E,F,I,G,B
A,D,C,H,E,G,B,F,I
A,D,C,H,E,G,B,I,F
A,D,C,H,E,G,F,B,I
A,D,C,H,E,G,F,I,B
A,D,C,H,E,G,I,B,F
A,D,C,H,E,G,I,F,B
A,D,C,H,E,I,B,F,G
A,D,C,H,E,I,B,G,F
A,D,C,H,E,I,F,B,G
A,D,C,H,E,I,F,G,B
A,D,C,H,E,I,G,B,F
A,D,C,H,E,I,G,F,B
A,D,C,H,F,B,E,G,I
A,D,C,H,F,B,E,I,G
A,D,C,H,F,B,G,E,I
A,D,C,H,F,B,G,I,E
A,D,C,H,F,B,I,E,G
A,D,C,H,F,B,I,G,E
A,D,C,H,F,E,B,G,I
A,D,C,H,F,E,B,I,G
A,D,C,H,F,E,G,B,I
A,D,C,H,F,E,G,I,B
A,D,C,H,F,E,I,B,G
A,D,C,H,F,E,I,G,B
A,D,C,H,F,G,B,E,I
A,D,C,H,F,G,B,I,E
A,D,C,H,F,G,E,B,I
A,D,C,H,F,G,E,I,B
A,D,C,H,F,G,I,B,E
A,D,C,H,F,G,I,E,B
A,D,C,H,F,I,B,E,G
A,D,C,H,F,I,B,G,E
A,D,C,H,F,I,E,B,G
A,D,C,H,F,I,E,G,B
A,D,C,H,F,I,G,B,E
A,D,C,H,F,I,G,E,B
A,D,C,H,G,B,E,F,I
A,D,C,H,G,B,E,I,F
A,D,C,H,G,B,F,E,I
A,D,C,H,G,B,F,I,E
A,D,C,H,G,B,I,E,F
A,D,C,H,G,B,I,F,E
A,D,C,H,G,E,B,F,I
A,D,C,H,G,E,B,I,F
A,D,C,H,G,E,F,B,I
A,D,C,H,G,E,F,I,B
A,D,C,H,G,E,I,B,F
A,D,C,H,G,E,I,F,B
A,D,C,H,G,F,B,E,I
A,D,C,H,G,F,B,I,E
A,D,C,H,G,F,E,B,I
A,D,C,H,G,F,E,I,B
A,D,C,H,G,F,I,B,E
A,D,C,H,G,F,I,E,B
A,D,C,H,G,I,B,E,F
A,D,C,H,G,I,B,F,E
A,D,C,H,G,I,E,B,F
A,D,C,H,G,I,E,F,B
A,D,C,H,G,I,F,B,E
A,D,C,H,G,I,F,E,B
A,D,C,H,I,B,E,F,G
A,D,C,H,I,B,E,G,F
A,D,C,H,I,B,F,E,G
A,D,C,H,I,B,F,G,E
A,D,C,H,I,B,G,E,F
A,D,C,H,I,B,G,F,E
A,D,C,H,I,E,B,F,G
A,D,C,H,I,E,B,G,F
A,D,C,H,I,E,F,B,G
A,D,C,H,I,E,F,G,B
A,D,C,H,I,E,G,B,F
A,D,C,H,I,E,G,F,B
A,D,C,H,I,F,B,E,G
A,D,C,H,I,F,B,G,E
A,D,C,H,I,F,E,B,G
A,D,C,H,I,F,E,G,B
A,D,C,H,I,F,G,B,E
A,D,C,H,I,F,G,E,B
A,D,C,H,I,G,B,E,F
A,D,C,H,I,G,B,F,E
A,D,C,H,I,G,E,B,F
A,D,C,H,I,G,E,F,B
A,D,C,H,I,G,F,B,E
A,D,C,H,I,G,F,E,B
A,D,C,I,B,E,F,G,H
A,D,C,I,B,E,F,H,G
A,D,C,I,B,E,G,F,H
A,D,C,I,B,E,G,H,F
A,D,C,I,B,E,H,F,G
A,D,C,I,B,E,H,G,F
A,D,C,I,B,F,E,G,H
A,D,C,I,B,F,E,H,G
A,D,C,I,B,F,G,E,H
A,D,C,I,B,F,G,H,E
A,D,C,I,B,F,H,E,G
A,D,C,I,B,F,H,G,E
A,D,C,I,B,G,E,F,H
A,D,C,I,B,G,E,H,F
A,D,C,I,B,G,F,E,H
A,D,C,I,B,G,F,H,E
A,D,C,I,B,G,H,E,F
A,D,C,I,B,G,H,F,E
A,D,C,I,B,H,E,F,G
A,D,C,I,B,H,E,G,F
A,D,C,I,B,H,F,E,G
A,D,C,I,B,H,F,G,E
A,D,C,I,B,H,G,E,F
A,D,C,I,B,H,G,F,E
A,D,C,I,E,B,F,G,H
A,D,C,I,E,B,F,H,G
A,D,C,I,E,B,G,F,H
A,D,C,I,E,B,G,H,F
A,D,C,I,E,B,H,F,G
A,D,C,I,E,B,H,G,F
A,D,C,I,E,F,B,G,H
A,D,C,I,E,F,B,H,G
A,D,C,I,E,F,G,B,H
A,D,C,I,E,F,G,H,B
A,D,C,I,E,F,H,B,G
A,D,C,I,E,F,H,G,B
A,D,C,I,E,G,B,F,H
A,D,C,I,E,G,B,H,F
A,D,C,I,E,G,F,B,H
A,D,C,I,E,G,F,H,B
A,D,C,I,E,G,H,B,F
A,D,C,I,E,G,H,F,B
A,D,C,I,E,H,B,F,G
A,D,C,I,E,H,B,G,F
A,D,C,I,E,H,F,B,G
A,D,C,I,E,H,F,G,B
A,D,C,I,E,H,G,B,F
A,D,C,I,E,H,G,F,B
A,D,C,I,F,B,E,G,H
A,D,C,I,F,B,E,H,G
A,D,C,I,F,B,G,E,H
A,D,C,I,F,B,G,H,E
A,D,C,I,F,B,H,E,G
A,D,C,I,F,B,H,G,E
A,D,C,I,F,E,B,G,H
A,D,C,I,F,E,B,H,G
A,D,C,I,F,E,G,B,H
A,D,C,I,F,E,G,H,B
A,D,C,I,F,E,H,B,G
A,D,C,I,F,E,H,G,B
A,D,C,I,F,G,B,E,H
A,D,C,I,F,G,B,H,E
A,D,C,I,F,G,E,B,H
A,D,C,I,F,G,E,H,B
A,D,C,I,F,G,H,B,E
A,D,C,I,F,G,H,E,B
A,D,C,I,F,H,B,E,G
A,D,C,I,F,H,B,G,E
A,D,C,I,F,H,E,B,G
A,D,C,I,F,H,E,G,B
A,D,C,I,F,H,G,B,E
A,D,C,I,F,H,G,E,B
A,D,C,I,G,B,E,F,H
A,D,C,I,G,B,E,H,F
A,D,C,I,G,B,F,E,H
A,D,C,I,G,B,F,H,E
A,D,C,I,G,B,H,E,F
A,D,C,I,G,B,H,F,E
A,D,C,I,G,E,B,F,H
A,D,C,I,G,E,B,H,F
A,D,C,I,G,E,F,B,H
A,D,C,I,G,E,F,H,B
A,D,C,I,G,E,H,B,F
A,D,C,I,G,E,H,F,B
A,D,C,I,G,F,B,E,H
A,D,C,I,G,F,B,H,E
A,D,C,I,G,F,E,B,H
A,D,C,I,G,F,E,H,B
A,D,C,I,G,F,H,B,E
A,D,C,I,G,F,H,E,B
A,D,C,I,G,H,B,E,F
A,D,C,I,G,H,B,F,E
A,D,C,I,G,H,E,B,F
A,D,C,I,G,H,E,F,B
A,D,C,I,G,H,F,B,E
A,D,C,I,G,H,F,E,B
A,D,C,I,H,B,E,F,G
A,D,C,I,H,B,E,G,F
A,D,C,I,H,B,F,E,G
A,D,C,I,H,B,F,G,E
A,D,C,I,H,B,G,E,F
A,D,C,I,H,B,G,F,E
A,D,C,I,H,E,B,F,G
A,D,C,I,H,E,B,G,F
A,D,C,I,H,E,F,B,G
A,D,C,I,H,E,F,G,B
A,D,C,I,H,E,G,B,F
A,D,C,I,H,E,G,F,B
A,D,C,I,H,F,B,E,G
A,D,C,I,H,F,B,G,E
A,D,C,I,H,F,E,B,G
A,D,C,I,H,F,E,G,B
A,D,C,I,H,F,G,B,E
A,D,C,I,H,F,G,E,B
A,D,C,I,H,G,B,E,F
A,D,C,I,H,G,B,F,E
A,D,C,I,H,G,E,B,F
A,D,C,I,H,G,E,F,B
A,D,C,I,H,G,F,B,E
A,D,C,I,H,G,F,E,B
A,D,E,B,C,F,G,H,I
A,D,E,B,C,F,G,I,H
A,D,E,B,C,F,H,G,I
A,D,E,B,C,F,H,I,G
A,D,E,B,C,F,I,G,H
A,D,E,B,C,F,I,H,G
A,D,E,B,C,G,F,H,I
A,D,E,B,C,G,F,I,H
A,D,E,B,C,G,H,F,I
A,D,E,B,C,G,H,I,F
A,D,E,B,C,G,I,F,H
A,D,E,B,C,G,I,H,F
A,D,E,B,C,H,F,G,I
A,D,E,B,C,H,F,I,G
A,D,E,B,C,H,G,F,I
A,D,E,B,C,H,G,I,F
A,D,E,B,C,H,I,F,G
A,D,E,B,C,H,I,G,F
A,D,E,B,C,I,F,G,H
A,D,E,B,C,I,F,H,G
A,D,E,B,C,I,G,F,H
A,D,E,B,C,I,G,H,F
A,D,E,B,C,I,H,F,G
A,D,E,B,C,I,H,G,F
A,D,E,B,F,C,G,H,I
A,D,E,B,F,C,G,I,H
A,D,E,B,F,C,H,G,I
A,D,E,B,F,C,H,I,G
A,D,E,B,F,C,I,G,H
A,D,E,B,F,C,I,H,G
A,D,E,B,F,G,C,H,I
A,D,E,B,F,G,C,I,H
A,D,E,B,F,G,H,C,I
A,D,E,B,F,G,H,I,C
A,D,E,B,F,G,I,C,H
A,D,E,B,F,G,I,H,C
A,D,E,B,F,H,C,G,I
A,D,E,B,F,H,C,I,G
A,D,E,B,F,H,G,C,I
A,D,E,B,F,H,G,I,C
A,D,E,B,F,H,I,C,G
A,D,E,B,F,H,I,G,C
A,D,E,B,F,I,C,G,H
A,D,E,B,F,I,C,H,G
A,D,E,B,F,I,G,C,H
A,D,E,B,F,I,G,H,C
A,D,E,B,F,I,H,C,G
A,D,E,B,F,I,H,G,C
A,D,E,B,G,C,F,H,I
A,D,E,B,G,C,F,I,H
A,D,E,B,G,C,H,F,I
A,D,E,B,G,C,H,I,F
A,D,E,B,G,C,I,F,H
A,D,E,B,G,C,I,H,F
A,D,E,B,G,F,C,H,I
A,D,E,B,G,F,C,I,H
A,D,E,B,G,F,H,C,I
A,D,E,B,G,F,H,I,C
A,D,E,B,G,F,I,C,H
A,D,E,B,G,F,I,H,C
A,D,E,B,G,H,C,F,I
A,D,E,B,G,H,C,I,F
A,D,E,B,G,H,F,C,I
A,D,E,B,G,H,F,I,C
A,D,E,B,G,H,I,C,F
A,D,E,B,G,H,I,F,C
A,D,E,B,G,I,C,F,H
A,D,E,B,G,I,C,H,F
A,D,E,B,G,I,F,C,H
A,D,E,B,G,I,F,H,C
A,D,E,B,G,I,H,C,F
A,D,E,B,G,I,H,F,C
A,D,E,B,H,C,F,G,I
A,D,E,B,H,C,F,I,G
A,D,E,B,H,C,G,F,I
A,D,E,B,H,C,G,I,F
A,D,E,B,H,C,I,F,G
A,D,E,B,H,C,I,G,F
A,D,E,B,H,F,C,G,I
A,D,E,B,H,F,C,I,G
A,D,E,B,H,F,G,C,I
A,D,E,B,H,F,G,I,C
A,D,E,B,H,F,I,C,G
A,D,E,B,H,F,I,G,C
A,D,E,B,H,G,C,F,I
A,D,E,B,H,G,C,I,F
A,D,E,B,H,G,F,C,I
A,D,E,B,H,G,F,I,C
A,D,E,B,H,G,I,C,F
A,D,E,B,H,G,I,F,C
A,D,E,B,H,I,C,F,G
A,D,E,B,H,I,C,G,F
A,D,E,B,H,I,F,C,G
A,D,E,B,H,I,F,G,C
A,D,E,B,H,I,G,C,F
A,D,E,B,H,I,G,F,C
A,D,E,B,I,C,F,G,H
A,D,E,B,I,C,F,H,G
A,D,E,B,I,C,G,F,H
A,D,E,B,I,C,G,H,F
A,D,E,B,I,C,H,F,G
A,D,E,B,I,C,H,G,F
A,D,E,B,I,F,C,G,H
A,D,E,B,I,F,C,H,G
A,D,E,B,I,F,G,C,H
A,D,E,B,I,F,G,H,C
A,D,E,B,I,F,H,C,G
A,D,E,B,I,F,H,G,C
A,D,E,B,I,G,C,F,H
A,D,E,B,I,G,C,H,F
A,D,E,B,I,G,F,C,H
A,D,E,B,I,G,F,H,C
A,D,E,B,I,G,H,C,F
A,D,E,B,I,G,H,F,C
A,D,E,B,I,H,C,F,G
A,D,E,B,I,H,C,G,F
A,D,E,B,I,H,F,C,G
A,D,E,B,I,H,F,G,C
A,D,E,B,I,H,G,C,F
A,D,E,B,I,H,G,F,C
A,D,E,C,B,F,G,H,I
A,D,E,C,B,F,G,I,H
A,D,E,C,B,F,H,G,I
A,D,E,C,B,F,H,I,G
A,D,E,C,B,F,I,G,H
A,D,E,C,B,F,I,H,G
A,D,E,C,B,G,F,H,I
A,D,E,C,B,G,F,I,H
A,D,E,C,B,G,H,F,I
A,D,E,C,B,G,H,I,F
A,D,E,C,B,G,I,F,H
A,D,E,C,B,G,I,H,F
A,D,E,C,B,H,F,G,I
A,D,E,C,B,H,F,I,G
A,D,E,C,B,H,G,F,I
A,D,E,C,B,H,G,I,F
A,D,E,C,B,H,I,F,G
A,D,E,C,B,H,I,G,F
A,D,E,C,B,I,F,G,H
A,D,E,C,B,I,F,H,G
A,D,E,C,B,I,G,F,H
A,D,E,C,B,I,G,H,F
A,D,E,C,B,I,H,F,G
A,D,E,C,B,I,H,G,F
A,D,E,C,F,B,G,H,I
A,D,E,C,F,B,G,I,H
A,D,E,C,F,B,H,G,I
A,D,E,C,F,B,H,I,G
A,D,E,C,F,B,I,G,H
A,D,E,C,F,B,I,H,G
A,D,E,C,F,G,B,H,I
A,D,E,C,F,G,B,I,H
A,D,E,C,F,G,H,B,I
A,D,E,C,F,G,H,I,B
A,D,E,C,F,G,I,B,H
A,D,E,C,F,G,I,H,B
A,D,E,C,F,H,B,G,I
A,D,E,C,F,H,B,I,G
A,D,E,C,F,H,G,B,I
A,D,E,C,F,H,G,I,B
A,D,E,C,F,H,I,B,G
A,D,E,C,F,H,I,G,B
A,D,E,C,F,I,B,G,H
A,D,E,C,F,I,B,H,G
A,D,E,C,F,I,G,B,H
A,D,E,C,F,I,G,H,B
A,D,E,C,F,I,H,B,G
A,D,E,C,F,I,H,G,B
A,D,E,C,G,B,F,H,I
A,D,E,C,G,B,F,I,H
A,D,E,C,G,B,H,F,I
A,D,E,C,G,B,H,I,F
A,D,E,C,G,B,I,F,H
A,D,E,C,G,B,I,H,F
A,D,E,C,G,F,B,H,I
A,D,E,C,G,F,B,I,H
A,D,E,C,G,F,H,B,I
A,D,E,C,G,F,H,I,B
A,D,E,C,G,F,I,B,H
A,D,E,C,G,F,I,H,B
A,D,E,C,G,H,B,F,I
A,D,E,C,G,H,B,I,F
A,D,E,C,G,H,F,B,I
A,D,E,C,G,H,F,I,B
A,D,E,C,G,H,I,B,F
A,D,E,C,G,H,I,F,B
A,D,E,C,G,I,B,F,H
A,D,E,C,G,I,B,H,F
A,D,E,C,G,I,F,B,H
A,D,E,C,G,I,F,H,B
A,D,E,C,G,I,H,B,F
A,D,E,C,G,I,H,F,B
A,D,E,C,H,B,F,G,I
A,D,E,C,H,B,F,I,G
A,D,E,C,H,B,G,F,I
A,D,E,C,H,B,G,I,F
A,D,E,C,H,B,I,F,G
A,D,E,C,H,B,I,G,F
A,D,E,C,H,F,B,G,I
A,D,E,C,H,F,B,I,G
A,D,E,C,H,F,G,B,I
A,D,E,C,H,F,G,I,B
A,D,E,C,H,F,I,B,G
A,D,E,C,H,F,I,G,B
A,D,E,C,H,G,B,F,I
A,D,E,C,H,G,B,I,F
A,D,E,C,H,G,F,B,I
A,D,E,C,H,G,F,I,B
A,D,E,C,H,G,I,B,F
A,D,E,C,H,G,I,F,B
A,D,E,C,H,I,B,F,G
A,D,E,C,H,I,B,G,F
A,D,E,C,H,I,F,B,G
A,D,E,C,H,I,F,G,B
A,D,E,C,H,I,G,B,F
A,D,E,C,H,I,G,F,B
A,D,E,C,I,B,F,G,H
A,D,E,C,I,B,F,H,G
A,D,E,C,I,B,G,F,H
A,D,E,C,I,B,G,H,F
A,D,E,C,I,B,H,F,G
A,D,E,C,I,B,H,G,F
A,D,E,C,I,F,B,G,H
A,D,E,C,I,F,B,H,G
A,D,E,C,I,F,G,B,H
A,D,E,C,I,F,G,H,B
A,D,E,C,I,F,H,B,G
A,D,E,C,I,F,H,G,B
A,D,E,C,I,G,B,F,H
A,D,E,C,I,G,B,H,F
A,D,E,C,I,G,F,B,H
A,D,E,C,I,G,F,H,B
A,D,E,C,I,G,H,B,F
A,D,E,C,I,G,H,F,B
A,D,E,C,I,H,B,F,G
A,D,E,C,I,H,B,G,F
A,D,E,C,I,H,F,B,G
A,D,E,C,I,H,F,G,B
A,D,E,C,I,H,G,B,F
A,D,E,C,I,H,G,F,B
A,D,E,F,B,C,G,H,I
A,D,E,F,B,C,G,I,H
A,D,E,F,B,C,H,G,I
A,D,E,F,B,C,H,I,G
A,D,E,F,B,C,I,G,H
A,D,E,F,B,C,I,H,G
A,D,E,F,B,G,C,H,I
A,D,E,F,B,G,C,I,H
A,D,E,F,B,G,H,C,I
A,D,E,F,B,G,H,I,C
A,D,E,F,B,G,I,C,H
A,D,E,F,B,G,I,H,C
A,D,E,F,B,H,C,G,I
A,D,E,F,B,H,C,I,G
A,D,E,F,B,H,G,C,I
A,D,E,F,B,H,G,I,C
A,D,E,F,B,H,I,C,G
A,D,E,F,B,H,I,G,C
A,D,E,F,B,I,C,G,H
A,D,E,F,B,I,C,H,G
A,D,E,F,B,I,G,C,H
A,D,E,F,B,I,G,H,C
A,D,E,F,B,I,H,C,G
A,D,E,F,B,I,H,G,C
A,D,E,F,C,B,G,H,I
A,D,E,F,C,B,G,I,H
A,D,E,F,C,B,H,G,I
A,D,E,F,C,B,H,I,G
A,D,E,F,C,B,I,G,H
A,D,E,F,C,B,I,H,G
A,D,E,F,C,G,B,H,I
A,D,E,F,C,G,B,I,H
A,D,E,F,C,G,H,B,I
A,D,E,F,C,G,H,I,B
A,D,E,F,C,G,I,B,H
A,D,E,F,C,G,I,H,B
A,D,E,F,C,H,B,G,I
A,D,E,F,C,H,B,I,G
A,D,E,F,C,H,G,B,I
A,D,E,F,C,H,G,I,B
A,D,E,F,C,H,I,B,G
A,D,E,F,C,H,I,G,B
A,D,E,F,C,I,B,G,H
A,D,E,F,C,I,B,H,G
A,D,E,F,C,I,G,B,H
A,D,E,F,C,I,G,H,B
A,D,E,F,C,I,H,B,G
A,D,E,F,C,I,H,G,B
A,D,E,F,G,B,C,H,I
A,D,E,F,G,B,C,I,H
A,D,E,F,G,B,H,C,I
A,D,E,F,G,B,H,I,C
A,D,E,F,G,B,I,C,H
A,D,E,F,G,B,I,H,C
A,D,E,F,G,C,B,H,I
A,D,E,F,G,C,B,I,H
A,D,E,F,G,C,H,B,I
A,D,E,F,G,C,H,I,B
A,D,E,F,G,C,I,B,H
A,D,E,F,G,C,I,H,B
A,D,E,F,G,H,B,C,I
A,D,E,F,G,H,B,I,C
A,D,E,F,G,H,C,B,I
A,D,E,F,G,H,C,I,B
A,D,E,F,G,H,I,B,C
A,D,E,F,G,H,I,C,B
A,D,E,F,G,I,B,C,H
A,D,E,F,G,I,B,H,C
A,D,E,F,G,I,C,B,H
A,D,E,F,G,I,C,H,B
A,D,E,F,G,I,H,B,C
A,D,E,F,G,I,H,C,B
A,D,E,F,H,B,C,G,I
A,D,E,F,H,B,C,I,G
A,D,E,F,H,B,G,C,I
A,D,E,F,H,B,G,I,C
A,D,E,F,H,B,I,C,G
A,D,E,F,H,B,I,G,C
A,D,E,F,H,C,B,G,I
A,D,E,F,H,C,B,I,G
A,D,E,F,H,C,G,B,I
A,D,E,F,H,C,G,I,B
A,D,E,F,H,C,I,B,G
A,D,E,F,H,C,I,G,B
A,D,E,F,H,G,B,C,I
A,D,E,F,H,G,B,I,C
A,D,E,F,H,G,C,B,I
A,D,E,F,H,G,C,I,B
A,D,E,F,H,G,I,B,C
A,D,E,F,H,G,I,C,B
A,D,E,F,H,I,B,C,G
A,D,E,F,H,I,B,G,C
A,D,E,F,H,I,C,B,G
A,D,E,F,H,I,C,G,B
A,D,E,F,H,I,G,B,C
A,D,E,F,H,I,G,C,B
A,D,E,F,I,B,C,G,H
A,D,E,F,I,B,C,H,G
A,D,E,F,I,B,G,C,H
A,D,E,F,I,B,G,H,C
A,D,E,F,I,B,H,C,G
A,D,E,F,I,B,H,G,C
A,D,E,F,I,C,B,G,H
A,D,E,F,I,C,B,H,G
A,D,E,F,I,C,G,B,H
A,D,E,F,I,C,G,H,B
A,D,E,F,I,C,H,B,G
A,D,E,F,I,C,H,G,B
A,D,E,F,I,G,B,C,H
A,D,E,F,I,G,B,H,C
A,D,E,F,I,G,C,B,H
A,D,E,F,I,G,C,H,B
A,D,E,F,I,G,H,B,C
A,D,E,F,I,G,H,C,B
A,D,E,F,I,H,B,C,G
A,D,E,F,I,H,B,G,C
A,D,E,F,I,H,C,B,G
A,D,E,F,I,H,C,G,B
A,D,E,F,I,H,G,B,C
A,D,E,F,I,H,G,C,B
A,D,E,G,B,C,F,H,I
A,D,E,G,B,C,F,I,H
A,D,E,G,B,C,H,F,I
A,D,E,G,B,C,H,I,F
A,D,E,G,B,C,I,F,H
A,D,E,G,B,C,I,H,F
A,D,E,G,B,F,C,H,I
A,D,E,G,B,F,C,I,H
A,D,E,G,B,F,H,C,I
A,D,E,G,B,F,H,I,C
A,D,E,G,B,F,I,C,H
A,D,E,G,B,F,I,H,C
A,D,E,G,B,H,C,F,I
A,D,E,G,B,H,C,I,F
A,D,E,G,B,H,F,C,I
A,D,E,G,B,H,F,I,C
A,D,E,G,B,H,I,C,F
A,D,E,G,B,H,I,F,C
A,D,E,G,B,I,C,F,H
A,D,E,G,B,I,C,H,F
A,D,E,G,B,I,F,C,H
A,D,E,G,B,I,F,H,C
A,D,E,G,B,I,H,C,F
A,D,E,G,B,I,H,F,C
A,D,E,G,C,B,F,H,I
A,D,E,G,C,B,F,I,H
A,D,E,G,C,B,H,F,I
A,D,E,G,C,B,H,I,F
A,D,E,G,C,B,I,F,H
A,D,E,G,C,B,I,H,F
A,D,E,G,C,F,B,H,I
A,D,E,G,C,F,B,I,H
A,D,E,G,C,F,H,B,I
A,D,E,G,C,F,H,I,B
A,D,E,G,C,F,I,B,H
A,D,E,G,C,F,I,H,B
A,D,E,G,C,H,B,F,I
A,D,E,G,C,H,B,I,F
A,D,E,G,C,H,F,B,I
A,D,E,G,C,H,F,I,B
A,D,E,G,C,H,I,B,F
A,D,E,G,C,H,I,F,B
A,D,E,G,C,I,B,F,H
A,D,E,G,C,I,B,H,F
A,D,E,G,C,I,F,B,H
A,D,E,G,C,I,F,H,B
A,D,E,G,C,I,H,B,F
A,D,E,G,C,I,H,F,B
A,D,E,G,F,B,C,H,I
A,D,E,G,F,B,C,I,H
A,D,E,G,F,B,H,C,I
A,D,E,G,F,B,H,I,C
A,D,E,G,F,B,I,C,H
A,D,E,G,F,B,I,H,C
A,D,E,G,F,C,B,H,I
A,D,E,G,F,C,B,I,H
A,D,E,G,F,C,H,B,I
A,D,E,G,F,C,H,I,B
A,D,E,G,F,C,I,B,H
A,D,E,G,F,C,I,H,B
A,D,E,G,F,H,B,C,I
A,D,E,G,F,H,B,I,C
A,D,E,G,F,H,C,B,I
A,D,E,G,F,H,C,I,B
A,D,E,G,F,H,I,B,C
A,D,E,G,F,H,I,C,B
A,D,E,G,F,I,B,C,H
A,D,E,G,F,I,B,H,C
A,D,E,G,F,I,C,B,H
A,D,E,G,F,I,C,H,B
A,D,E,G,F,I,H,B,C
A,D,E,G,F,I,H,C,B
A,D,E,G,H,B,C,F,I
A,D,E,G,H,B,C,I,F
A,D,E,G,H,B,F,C,I
A,D,E,G,H,B,F,I,C
A,D,E,G,H,B,I,C,F
A,D,E,G,H,B,I,F,C
A,D,E,G,H,C,B,F,I
A,D,E,G,H,C,B,I,F
A,D,E,G,H,C,F,B,I
A,D,E,G,H,C,F,I,B
A,D,E,G,H,C,I,B,F
A,D,E,G,H,C,I,F,B
A,D,E,G,H,F,B,C,I
A,D,E,G,H,F,B,I,C
A,D,E,G,H,F,C,B,I
A,D,E,G,H,F,C,I,B
A,D,E,G,H,F,I,B,C
A,D,E,G,H,F,I,C,B
A,D,E,G,H,I,B,C,F
A,D,E,G,H,I,B,F,C
A,D,E,G,H,I,C,B,F
A,D,E,G,H,I,C,F,B
A,D,E,G,H,I,F,B,C
A,D,E,G,H,I,F,C,B
A,D,E,G,I,B,C,F,H
A,D,E,G,I,B,C,H,F
A,D,E,G,I,B,F,C,H
A,D,E,G,I,B,F,H,C
A,D,E,G,I,B,H,C,F
A,D,E,G,I,B,H,F,C
A,D,E,G,I,C,B,F,H
A,D,E,G,I,C,B,H,F
A,D,E,G,I,C,F,B,H
A,D,E,G,I,C,F,H,B
A,D,E,G,I,C,H,B,F
A,D,E,G,I,C,H,F,B
A,D,E,G,I,F,B,C,H
A,D,E,G,I,F,B,H,C
A,D,E,G,I,F,C,B,H
A,D,E,G,I,F,C,H,B
A,D,E,G,I,F,H,B,C
A,D,E,G,I,F,H,C,B
A,D,E,G,I,H,B,C,F
A,D,E,G,I,H,B,F,C
A,D,E,G,I,H,C,B,F
A,D,E,G,I,H,C,F,B
A,D,E,G,I,H,F,B,C
A,D,E,G,I,H,F,C,B
A,D,E,H,B,C,F,G,I
A,D,E,H,B,C,F,I,G
A,D,E,H,B,C,G,F,I
A,D,E,H,B,C,G,I,F
A,D,E,H,B,C,I,F,G
A,D,E,H,B,C,I,G,F
A,D,E,H,B,F,C,G,I
A,D,E,H,B,F,C,I,G
A,D,E,H,B,F,G,C,I
A,D,E,H,B,F,G,I,C
A,D,E,H,B,F,I,C,G
A,D,E,H,B,F,I,G,C
A,D,E,H,B,G,C,F,I
A,D,E,H,B,G,C,I,F
A,D,E,H,B,G,F,C,I
A,D,E,H,B,G,F,I,C
A,D,E,H,B,G,I,C,F
A,D,E,H,B,G,I,F,C
A,D,E,H,B,I,C,F,G
A,D,E,H,B,I,C,G,F
A,D,E,H,B,I,F,C,G
A,D,E,H,B,I,F,G,C
A,D,E,H,B,I,G,C,F
A,D,E,H,B,I,G,F,C
A,D,E,H,C,B,F,G,I
A,D,E,H,C,B,F,I,G
A,D,E,H,C,B,G,F,I
A,D,E,H,C,B,G,I,F
A,D,E,H,C,B,I,F,G
A,D,E,H,C,B,I,G,F
A,D,E,H,C,F,B,G,I
A,D,E,H,C,F,B,I,G
A,D,E,H,C,F,G,B,I
A,D,E,H,C,F,G,I,B
A,D,E,H,C,F,I,B,G
A,D,E,H,C,F,I,G,B
A,D,E,H,C,G,B,F,I
A,D,E,H,C,G,B,I,F
A,D,E,H,C,G,F,B,I
A,D,E,H,C,G,F,I,B
A,D,E,H,C,G,I,B,F
A,D,E,H,C,G,I,F,B
A,D,E,H,C,I,B,F,G
A,D,E,H,C,I,B,G,F
A,D,E,H,C,I,F,B,G
A,D,E,H,C,I,F,G,B
A,D,E,H,C,I,G,B,F
A,D,E,H,C,I,G,F,B
A,D,E,H,F,B,C,G,I
A,D,E,H,F,B,C,I,G
A,D,E,H,F,B,G,C,I
A,D,E,H,F,B,G,I,C
A,D,E,H,F,B,I,C,G
A,D,E,H,F,B,I,G,C
A,D,E,H,F,C,B,G,I
A,D,E,H,F,C,B,I,G
A,D,E,H,F,C,G,B,I
A,D,E,H,F,C,G,I,B
A,D,E,H,F,C,I,B,G
A,D,E,H,F,C,I,G,B
A,D,E,H,F,G,B,C,I
A,D,E,H,F,G,B,I,C
A,D,E,H,F,G,C,B,I
A,D,E,H,F,G,C,I,B
A,D,E,H,F,G,I,B,C
A,D,E,H,F,G,I,C,B
A,D,E,H,F,I,B,C,G
A,D,E,H,F,I,B,G,C
A,D,E,H,F,I,C,B,G
A,D,E,H,F,I,C,G,B
A,D,E,H,F,I,G,B,C
A,D,E,H,F,I,G,C,B
A,D,E,H,G,B,C,F,I
A,D,E,H,G,B,C,I,F
A,D,E,H,G,B,F,C,I
A,D,E,H,G,B,F,I,C
A,D,E,H,G,B,I,C,F
A,D,E,H,G,B,I,F,C
A,D,E,H,G,C,B,F,I
A,D,E,H,G,C,B,I,F
A,D,E,H,G,C,F,B,I
A,D,E,H,G,C,F,I,B
A,D,E,H,G,C,I,B,F
A,D,E,H,G,C,I,F,B
A,D,E,H,G,F,B,C,I
A,D,E,H,G,F,B,I,C
A,D,E,H,G,F,C,B,I
A,D,E,H,G,F,C,I,B
A,D,E,H,G,F,I,B,C
A,D,E,H,G,F,I,C,B
A,D,E,H,G,I,B,C,F
A,D,E,H,G,I,B,F,C
A,D,E,H,G,I,C,B,F
A,D,E,H,G,I,C,F,B
A,D,E,H,G,I,F,B,C
A,D,E,H,G,I,F,C,B
A,D,E,H,I,B,C,F,G
A,D,E,H,I,B,C,G,F
A,D,E,H,I,B,F,C,G
A,D,E,H,I,B,F,G,C
A,D,E,H,I,B,G,C,F
A,D,E,H,I,B,G,F,C
A,D,E,H,I,C,B,F,G
A,D,E,H,I,C,B,G,F
A,D,E,H,I,C,F,B,G
A,D,E,H,I,C,F,G,B
A,D,E,H,I,C,G,B,F
A,D,E,H,I,C,G,F,B
A,D,E,H,I,F,B,C,G
A,D,E,H,I,F,B,G,C
A,D,E,H,I,F,C,B,G
A,D,E,H,I,F,C,G,B
A,D,E,H,I,F,G,B,C
A,D,E,H,I,F,G,C,B
A,D,E,H,I,G,B,C,F
A,D,E,H,I,G,B,F,C
A,D,E,H,I,G,C,B,F
A,D,E,H,I,G,C,F,B
A,D,E,H,I,G,F,B,C
A,D,E,H,I,G,F,C,B
A,D,E,I,B,C,F,G,H
A,D,E,I,B,C,F,H,G
A,D,E,I,B,C,G,F,H
A,D,E,I,B,C,G,H,F
A,D,E,I,B,C,H,F,G
A,D,E,I,B,C,H,G,F
A,D,E,I,B,F,C,G,H
A,D,E,I,B,F,C,H,G
A,D,E,I,B,F,G,C,H
A,D,E,I,B,F,G,H,C
A,D,E,I,B,F,H,C,G
A,D,E,I,B,F,H,G,C
A,D,E,I,B,G,C,F,H
A,D,E,I,B,G,C,H,F
A,D,E,I,B,G,F,C,H
A,D,E,I,B,G,F,H,C
A,D,E,I,B,G,H,C,F
A,D,E,I,B,G,H,F,C
A,D,E,I,B,H,C,F,G
A,D,E,I,B,H,C,G,F
A,D,E,I,B,H,F,C,G
A,D,E,I,B,H,F,G,C
A,D,E,I,B,H,G,C,F
A,D,E,I,B,H,G,F,C
A,D,E,I,C,B,F,G,H
A,D,E,I,C,B,F,H,G
A,D,E,I,C,B,G,F,H
A,D,E,I,C,B,G,H,F
A,D,E,I,C,B,H,F,G
A,D,E,I,C,B,H,G,F
A,D,E,I,C,F,B,G,H
A,D,E,I,C,F,B,H,G
A,D,E,I,C,F,G,B,H
A,D,E,I,C,F,G,H,B
A,D,E,I,C,F,H,B,G
A,D,E,I,C,F,H,G,B
A,D,E,I,C,G,B,F,H
A,D,E,I,C,G,B,H,F
A,D,E,I,C,G,F,B,H
A,D,E,I,C,G,F,H,B
A,D,E,I,C,G,H,B,F
A,D,E,I,C,G,H,F,B
A,D,E,I,C,H,B,F,G
A,D,E,I,C,H,B,G,F
A,D,E,I,C,H,F,B,G
A,D,E,I,C,H,F,G,B
A,D,E,I,C,H,G,B,F
A,D,E,I,C,H,G,F,B
A,D,E,I,F,B,C,G,H
A,D,E,I,F,B,C,H,G
A,D,E,I,F,B,G,C,H
A,D,E,I,F,B,G,H,C
A,D,E,I,F,B,H,C,G
A,D,E,I,F,B,H,G,C
A,D,E,I,F,C,B,G,H
A,D,E,I,F,C,B,H,G
A,D,E,I,F,C,G,B,H
A,D,E,I,F,C,G,H,B
A,D,E,I,F,C,H,B,G
A,D,E,I,F,C,H,G,B
A,D,E,I,F,G,B,C,H
A,D,E,I,F,G,B,H,C
A,D,E,I,F,G,C,B,H
A,D,E,I,F,G,C,H,B
A,D,E,I,F,G,H,B,C
A,D,E,I,F,G,H,C,B
A,D,E,I,F,H,B,C,G
A,D,E,I,F,H,B,G,C
A,D,E,I,F,H,C,B,G
A,D,E,I,F,H,C,G,B
A,D,E,I,F,H,G,B,C
A,D,E,I,F,H,G,C,B
A,D,E,I,G,B,C,F,H
A,D,E,I,G,B,C,H,F
A,D,E,I,G,B,F,C,H
A,D,E,I,G,B,F,H,C
A,D,E,I,G,B,H,C,F
A,D,E,I,G,B,H,F,C
A,D,E,I,G,C,B,F,H
A,D,E,I,G,C,B,H,F
A,D,E,I,G,C,F,B,H
A,D,E,I,G,C,F,H,B
A,D,E,I,G,C,H,B,F
A,D,E,I,G,C,H,F,B
A,D,E,I,G,F,B,C,H
A,D,E,I,G,F,B,H,C
A,D,E,I,G,F,C,B,H
A,D,E,I,G,F,C,H,B
A,D,E,I,G,F,H,B,C
A,D,E,I,G,F,H,C,B
A,D,E,I,G,H,B,C,F
A,D,E,I,G,H,B,F,C
A,D,E,I,G,H,C,B,F
A,D,E,I,G,H,C,F,B
A,D,E,I,G,H,F,B,C
A,D,E,I,G,H,F,C,B
A,D,E,I,H,B,C,F,G
A,D,E,I,H,B,C,G,F
A,D,E,I,H,B,F,C,G
A,D,E,I,H,B,F,G,C
A,D,E,I,H,B,G,C,F
A,D,E,I,H,B,G,F,C
A,D,E,I,H,C,B,F,G
A,D,E,I,H,C,B,G,F
A,D,E,I,H,C,F,B,G
A,D,E,I,H,C,F,G,B
A,D,E,I,H,C,G,B,F
A,D,E,I,H,C,G,F,B
A,D,E,I,H,F,B,C,G
A,D,E,I,H,F,B,G,C
A,D,E,I,H,F,C,B,G
A,D,E,I,H,F,C,G,B
A,D,E,I,H,F,G,B,C
A,D,E,I,H,F,G,C,B
A,D,E,I,H,G,B,C,F
A,D,E,I,H,G,B,F,C
A,D,E,I,H,G,C,B,F
A,D,E,I,H,G,C,F,B
A,D,E,I,H,G,F,B,C
A,D,E,I,H,G,F,C,B
A,D,F,B,C,E,G,H,I
A,D,F,B,C,E,G,I,H
A,D,F,B,C,E,H,G,I
A,D,F,B,C,E,H,I,G
A,D,F,B,C,E,I,G,H
A,D,F,B,C,E,I,H,G
A,D,F,B,C,G,E,H,I
A,D,F,B,C,G,E,I,H
A,D,F,B,C,G,H,E,I
A,D,F,B,C,G,H,I,E
A,D,F,B,C,G,I,E,H
A,D,F,B,C,G,I,H,E
A,D,F,B,C,H,E,G,I
A,D,F,B,C,H,E,I,G
A,D,F,B,C,H,G,E,I
A,D,F,B,C,H,G,I,E
A,D,F,B,C,H,I,E,G
A,D,F,B,C,H,I,G,E
A,D,F,B,C,I,E,G,H
A,D,F,B,C,I,E,H,G
A,D,F,B,C,I,G,E,H
A,D,F,B,C,I,G,H,E
A,D,F,B,C,I,H,E,G
A,D,F,B,C,I,H,G,E
A,D,F,B,E,C,G,H,I
A,D,F,B,E,C,G,I,H
A,D,F,B,E,C,H,G,I
A,D,F,B,E,C,H,I,G
A,D,F,B,E,C,I,G,H
A,D,F,B,E,C,I,H,G
A,D,F,B,E,G,C,H,I
A,D,F,B,E,G,C,I,H
A,D,F,B,E,G,H,C,I
A,D,F,B,E,G,H,I,C
A,D,F,B,E,G,I,C,H
A,D,F,B,E,G,I,H,C
A,D,F,B,E,H,C,G,I
A,D,F,B,E,H,C,I,G
A,D,F,B,E,H,G,C,I
A,D,F,B,E,H,G,I,C
A,D,F,B,E,H,I,C,G
A,D,F,B,E,H,I,G,C
A,D,F,B,E,I,C,G,H
A,D,F,B,E,I,C,H,G
A,D,F,B,E,I,G,C,H
A,D,F,B,E,I,G,H,C
A,D,F,B,E,I,H,C,G
A,D,F,B,E,I,H,G,C
A,D,F,B,G,C,E,H,I
A,D,F,B,G,C,E,I,H
A,D,F,B,G,C,H,E,I
A,D,F,B,G,C,H,I,E
A,D,F,B,G,C,I,E,H
A,D,F,B,G,C,I,H,E
A,D,F,B,G,E,C,H,I
A,D,F,B,G,E,C,I,H
A,D,F,B,G,E,H,C,I
A,D,F,B,G,E,H,I,C
A,D,F,B,G,E,I,C,H
A,D,F,B,G,E,I,H,C
A,D,F,B,G,H,C,E,I
A,D,F,B,G,H,C,I,E
A,D,F,B,G,H,E,C,I
A,D,F,B,G,H,E,I,C
A,D,F,B,G,H,I,C,E
A,D,F,B,G,H,I,E,C
A,D,F,B,G,I,C,E,H
A,D,F,B,G,I,C,H,E
A,D,F,B,G,I,E,C,H
A,D,F,B,G,I,E,H,C
A,D,F,B,G,I,H,C,E
A,D,F,B,G,I,H,E,C
A,D,F,B,H,C,E,G,I
A,D,F,B,H,C,E,I,G
A,D,F,B,H,C,G,E,I
A,D,F,B,H,C,G,I,E
A,D,F,B,H,C,I,E,G
A,D,F,B,H,C,I,G,E
A,D,F,B,H,E,C,G,I
A,D,F,B,H,E,C,I,G
A,D,F,B,H,E,G,C,I
A,D,F,B,H,E,G,I,C
A,D,F,B,H,E,I,C,G
A,D,F,B,H,E,I,G,C
A,D,F,B,H,G,C,E,I
A,D,F,B,H,G,C,I,E
A,D,F,B,H,G,E,C,I
A,D,F,B,H,G,E,I,C
A,D,F,B,H,G,I,C,E
A,D,F,B,H,G,I,E,C
A,D,F,B,H,I,C,E,G
A,D,F,B,H,I,C,G,E
A,D,F,B,H,I,E,C,G
A,D,F,B,H,I,E,G,C
A,D,F,B,H,I,G,C,E
A,D,F,B,H,I,G,E,C
A,D,F,B,I,C,E,G,H
A,D,F,B,I,C,E,H,G
A,D,F,B,I,C,G,E,H
A,D,F,B,I,C,G,H,E
A,D,F,B,I,C,H,E,G
A,D,F,B,I,C,H,G,E
A,D,F,B,I,E,C,G,H
A,D,F,B,I,E,C,H,G
A,D,F,B,I,E,G,C,H
A,D,F,B,I,E,G,H,C
A,D,F,B,I,E,H,C,G
A,D,F,B,I,E,H,G,C
A,D,F,B,I,G,C,E,H
A,D,F,B,I,G,C,H,E
A,D,F,B,I,G,E,C,H
A,D,F,B,I,G,E,H,C
A,D,F,B,I,G,H,C,E
A,D,F,B,I,G,H,E,C
A,D,F,B,I,H,C,E,G
A,D,F,B,I,H,C,G,E
A,D,F,B,I,H,E,C,G
A,D,F,B,I,H,E,G,C
A,D,F,B,I,H,G,C,E
A,D,F,B,I,H,G,E,C
A,D,F,C,B,E,G,H,I
A,D,F,C,B,E,G,I,H
A,D,F,C,B,E,H,G,I
A,D,F,C,B,E,H,I,G
A,D,F,C,B,E,I,G,H
A,D,F,C,B,E,I,H,G
A,D,F,C,B,G,E,H,I
A,D,F,C,B,G,E,I,H
A,D,F,C,B,G,H,E,I
A,D,F,C,B,G,H,I,E
A,D,F,C,B,G,I,E,H
A,D,F,C,B,G,I,H,E
A,D,F,C,B,H,E,G,I
A,D,F,C,B,H,E,I,G
A,D,F,C,B,H,G,E,I
A,D,F,C,B,H,G,I,E
A,D,F,C,B,H,I,E,G
A,D,F,C,B,H,I,G,E
A,D,F,C,B,I,E,G,H
A,D,F,C,B,I,E,H,G
A,D,F,C,B,I,G,E,H
A,D,F,C,B,I,G,H,E
A,D,F,C,B,I,H,E,G
A,D,F,C,B,I,H,G,E
A,D,F,C,E,B,G,H,I
A,D,F,C,E,B,G,I,H
A,D,F,C,E,B,H,G,I
A,D,F,C,E,B,H,I,G
A,D,F,C,E,B,I,G,H
A,D,F,C,E,B,I,H,G
A,D,F,C,E,G,B,H,I
A,D,F,C,E,G,B,I,H
A,D,F,C,E,G,H,B,I
A,D,F,C,E,G,H,I,B
A,D,F,C,E,G,I,B,H
A,D,F,C,E,G,I,H,B
A,D,F,C,E,H,B,G,I
A,D,F,C,E,H,B,I,G
A,D,F,C,E,H,G,B,I
A,D,F,C,E,H,G,I,B
A,D,F,C,E,H,I,B,G
A,D,F,C,E,H,I,G,B
A,D,F,C,E,I,B,G,H
A,D,F,C,E,I,B,H,G
A,D,F,C,E,I,G,B,H
A,D,F,C,E,I,G,H,B
A,D,F,C,E,I,H,B,G
A,D,F,C,E,I,H,G,B
A,D,F,C,G,B,E,H,I
A,D,F,C,G,B,E,I,H
A,D,F,C,G,B,H,E,I
A,D,F,C,G,B,H,I,E
A,D,F,C,G,B,I,E,H
A,D,F,C,G,B,I,H,E
A,D,F,C,G,E,B,H,I
A,D,F,C,G,E,B,I,H
A,D,F,C,G,E,H,B,I
A,D,F,C,G,E,H,I,B
A,D,F,C,G,E,I,B,H
A,D,F,C,G,E,I,H,B
A,D,F,C,G,H,B,E,I
A,D,F,C,G,H,B,I,E
A,D,F,C,G,H,E,B,I
A,D,F,C,G,H,E,I,B
A,D,F,C,G,H,I,B,E
A,D,F,C,G,H,I,E,B
A,D,F,C,G,I,B,E,H
A,D,F,C,G,I,B,H,E
A,D,F,C,G,I,E,B,H
A,D,F,C,G,I,E,H,B
A,D,F,C,G,I,H,B,E
A,D,F,C,G,I,H,E,B
A,D,F,C,H,B,E,G,I
A,D,F,C,H,B,E,I,G
A,D,F,C,H,B,G,E,I
A,D,F,C,H,B,G,I,E
A,D,F,C,H,B,I,E,G
A,D,F,C,H,B,I,G,E
A,D,F,C,H,E,B,G,I
A,D,F,C,H,E,B,I,G
A,D,F,C,H,E,G,B,I
A,D,F,C,H,E,G,I,B
A,D,F,C,H,E,I,B,G
A,D,F,C,H,E,I,G,B
A,D,F,C,H,G,B,E,I
A,D,F,C,H,G,B,I,E
A,D,F,C,H,G,E,B,I
A,D,F,C,H,G,E,I,B
A,D,F,C,H,G,I,B,E
A,D,F,C,H,G,I,E,B
A,D,F,C,H,I,B,E,G
A,D,F,C,H,I,B,G,E
A,D,F,C,H,I,E,B,G
A,D,F,C,H,I,E,G,B
A,D,F,C,H,I,G,B,E
A,D,F,C,H,I,G,E,B
A,D,F,C,I,B,E,G,H
A,D,F,C,I,B,E,H,G
A,D,F,C,I,B,G,E,H
A,D,F,C,I,B,G,H,E
A,D,F,C,I,B,H,E,G
A,D,F,C,I,B,H,G,E
A,D,F,C,I,E,B,G,H
A,D,F,C,I,E,B,H,G
A,D,F,C,I,E,G,B,H
A,D,F,C,I,E,G,H,B
A,D,F,C,I,E,H,B,G
A,D,F,C,I,E,H,G,B
A,D,F,C,I,G,B,E,H
A,D,F,C,I,G,B,H,E
A,D,F,C,I,G,E,B,H
A,D,F,C,I,G,E,H,B
A,D,F,C,I,G,H,B,E
A,D,F,C,I,G,H,E,B
A,D,F,C,I,H,B,E,G
A,D,F,C,I,H,B,G,E
A,D,F,C,I,H,E,B,G
A,D,F,C,I,H,E,G,B
A,D,F,C,I,H,G,B,E
A,D,F,C,I,H,G,E,B
A,D,F,E,B,C,G,H,I
A,D,F,E,B,C,G,I,H
A,D,F,E,B,C,H,G,I
A,D,F,E,B,C,H,I,G
A,D,F,E,B,C,I,G,H
A,D,F,E,B,C,I,H,G
A,D,F,E,B,G,C,H,I
A,D,F,E,B,G,C,I,H
A,D,F,E,B,G,H,C,I
A,D,F,E,B,G,H,I,C
A,D,F,E,B,G,I,C,H
A,D,F,E,B,G,I,H,C
A,D,F,E,B,H,C,G,I
A,D,F,E,B,H,C,I,G
A,D,F,E,B,H,G,C,I
A,D,F,E,B,H,G,I,C
A,D,F,E,B,H,I,C,G
A,D,F,E,B,H,I,G,C
A,D,F,E,B,I,C,G,H
A,D,F,E,B,I,C,H,G
A,D,F,E,B,I,G,C,H
A,D,F,E,B,I,G,H,C
A,D,F,E,B,I,H,C,G
A,D,F,E,B,I,H,G,C
A,D,F,E,C,B,G,H,I
A,D,F,E,C,B,G,I,H
A,D,F,E,C,B,H,G,I
A,D,F,E,C,B,H,I,G
A,D,F,E,C,B,I,G,H
A,D,F,E,C,B,I,H,G
A,D,F,E,C,G,B,H,I
A,D,F,E,C,G,B,I,H
A,D,F,E,C,G,H,B,I
A,D,F,E,C,G,H,I,B
A,D,F,E,C,G,I,B,H
A,D,F,E,C,G,I,H,B
A,D,F,E,C,H,B,G,I
A,D,F,E,C,H,B,I,G
A,D,F,E,C,H,G,B,I
A,D,F,E,C,H,G,I,B
A,D,F,E,C,H,I,B,G
A,D,F,E,C,H,I,G,B
A,D,F,E,C,I,B,G,H
A,D,F,E,C,I,B,H,G
A,D,F,E,C,I,G,B,H
A,D,F,E,C,I,G,H,B
A,D,F,E,C,I,H,B,G
A,D,F,E,C,I,H,G,B
A,D,F,E,G,B,C,H,I
A,D,F,E,G,B,C,I,H
A,D,F,E,G,B,H,C,I
A,D,F,E,G,B,H,I,C
A,D,F,E,G,B,I,C,H
A,D,F,E,G,B,I,H,C
A,D,F,E,G,C,B,H,I
A,D,F,E,G,C,B,I,H
A,D,F,E,G,C,H,B,I
A,D,F,E,G,C,H,I,B
A,D,F,E,G,C,I,B,H
A,D,F,E,G,C,I,H,B
A,D,F,E,G,H,B,C,I
A,D,F,E,G,H,B,I,C
A,D,F,E,G,H,C,B,I
A,D,F,E,G,H,C,I,B
A,D,F,E,G,H,I,B,C
A,D,F,E,G,H,I,C,B
A,D,F,E,G,I,B,C,H
A,D,F,E,G,I,B,H,C
A,D,F,E,G,I,C,B,H
A,D,F,E,G,I,C,H,B
A,D,F,E,G,I,H,B,C
A,D,F,E,G,I,H,C,B
A,D,F,E,H,B,C,G,I
A,D,F,E,H,B,C,I,G
A,D,F,E,H,B,G,C,I
A,D,F,E,H,B,G,I,C
A,D,F,E,H,B,I,C,G
A,D,F,E,H,B,I,G,C
A,D,F,E,H,C,B,G,I
A,D,F,E,H,C,B,I,G
A,D,F,E,H,C,G,B,I
A,D,F,E,H,C,G,I,B
A,D,F,E,H,C,I,B,G
A,D,F,E,H,C,I,G,B
A,D,F,E,H,G,B,C,I
A,D,F,E,H,G,B,I,C
A,D,F,E,H,G,C,B,I
A,D,F,E,H,G,C,I,B
A,D,F,E,H,G,I,B,C
A,D,F,E,H,G,I,C,B
A,D,F,E,H,I,B,C,G
A,D,F,E,H,I,B,G,C
A,D,F,E,H,I,C,B,G
A,D,F,E,H,I,C,G,B
A,D,F,E,H,I,G,B,C
A,D,F,E,H,I,G,C,B
A,D,F,E,I,B,C,G,H
A,D,F,E,I,B,C,H,G
A,D,F,E,I,B,G,C,H
A,D,F,E,I,B,G,H,C
A,D,F,E,I,B,H,C,G
A,D,F,E,I,B,H,G,C
A,D,F,E,I,C,B,G,H
A,D,F,E,I,C,B,H,G
A,D,F,E,I,C,G,B,H
A,D,F,E,I,C,G,H,B
A,D,F,E,I,C,H,B,G
A,D,F,E,I,C,H,G,B
A,D,F,E,I,G,B,C,H
A,D,F,E,I,G,B,H,C
A,D,F,E,I,G,C,B,H
A,D,F,E,I,G,C,H,B
A,D,F,E,I,G,H,B,C
A,D,F,E,I,G,H,C,B
A,D,F,E,I,H,B,C,G
A,D,F,E,I,H,B,G,C
A,D,F,E,I,H,C,B,G
A,D,F,E,I,H,C,G,B
A,D,F,E,I,H,G,B,C
A,D,F,E,I,H,G,C,B
A,D,F,G,B,C,E,H,I
A,D,F,G,B,C,E,I,H
A,D,F,G,B,C,H,E,I
A,D,F,G,B,C,H,I,E
A,D,F,G,B,C,I,E,H
A,D,F,G,B,C,I,H,E
A,D,F,G,B,E,C,H,I
A,D,F,G,B,E,C,I,H
A,D,F,G,B,E,H,C,I
A,D,F,G,B,E,H,I,C
A,D,F,G,B,E,I,C,H
A,D,F,G,B,E,I,H,C
A,D,F,G,B,H,C,E,I
A,D,F,G,B,H,C,I,E
A,D,F,G,B,H,E,C,I
A,D,F,G,B,H,E,I,C
A,D,F,G,B,H,I,C,E
A,D,F,G,B,H,I,E,C
A,D,F,G,B,I,C,E,H
A,D,F,G,B,I,C,H,E
A,D,F,G,B,I,E,C,H
A,D,F,G,B,I,E,H,C
A,D,F,G,B,I,H,C,E
A,D,F,G,B,I,H,E,C
A,D,F,G,C,B,E,H,I
A,D,F,G,C,B,E,I,H
A,D,F,G,C,B,H,E,I
A,D,F,G,C,B,H,I,E
A,D,F,G,C,B,I,E,H
A,D,F,G,C,B,I,H,E
A,D,F,G,C,E,B,H,I
A,D,F,G,C,E,B,I,H
A,D,F,G,C,E,H,B,I
A,D,F,G,C,E,H,I,B
A,D,F,G,C,E,I,B,H
A,D,F,G,C,E,I,H,B
A,D,F,G,C,H,B,E,I
A,D,F,G,C,H,B,I,E
A,D,F,G,C,H,E,B,I
A,D,F,G,C,H,E,I,B
A,D,F,G,C,H,I,B,E
A,D,F,G,C,H,I,E,B
A,D,F,G,C,I,B,E,H
A,D,F,G,C,I,B,H,E
A,D,F,G,C,I,E,B,H
A,D,F,G,C,I,E,H,B
A,D,F,G,C,I,H,B,E
A,D,F,G,C,I,H,E,B
A,D,F,G,E,B,C,H,I
A,D,F,G,E,B,C,I,H
A,D,F,G,E,B,H,C,I
A,D,F,G,E,B,H,I,C
A,D,F,G,E,B,I,C,H
A,D,F,G,E,B,I,H,C
A,D,F,G,E,C,B,H,I
A,D,F,G,E,C,B,I,H
A,D,F,G,E,C,H,B,I
A,D,F,G,E,C,H,I,B
A,D,F,G,E,C,I,B,H
A,D,F,G,E,C,I,H,B
A,D,F,G,E,H,B,C,I
A,D,F,G,E,H,B,I,C
A,D,F,G,E,H,C,B,I
A,D,F,G,E,H,C,I,B
A,D,F,G,E,H,I,B,C
A,D,F,G,E,H,I,C,B
A,D,F,G,E,I,B,C,H
A,D,F,G,E,I,B,H,C
A,D,F,G,E,I,C,B,H
A,D,F,G,E,I,C,H,B
A,D,F,G,E,I,H,B,C
A,D,F,G,E,I,H,C,B
A,D,F,G,H,B,C,E,I
A,D,F,G,H,B,C,I,E
A,D,F,G,H,B,E,C,I
A,D,F,G,H,B,E,I,C
A,D,F,G,H,B,I,C,E
A,D,F,G,H,B,I,E,C
A,D,F,G,H,C,B,E,I
A,D,F,G,H,C,B,I,E
A,D,F,G,H,C,E,B,I
A,D,F,G,H,C,E,I,B
A,D,F,G,H,C,I,B,E
A,D,F,G,H,C,I,E,B
A,D,F,G,H,E,B,C,I
A,D,F,G,H,E,B,I,C
A,D,F,G,H,E,C,B,I
A,D,F,G,H,E,C,I,B
A,D,F,G,H,E,I,B,C
A,D,F,G,H,E,I,C,B
A,D,F,G,H,I,B,C,E
A,D,F,G,H,I,B,E,C
A,D,F,G,H,I,C,B,E
A,D,F,G,H,I,C,E,B
A,D,F,G,H,I,E,B,C
A,D,F,G,H,I,E,C,B
A,D,F,G,I,B,C,E,H
A,D,F,G,I,B,C,H,E
A,D,F,G,I,B,E,C,H
A,D,F,G,I,B,E,H,C
A,D,F,G,I,B,H,C,E
A,D,F,G,I,B,H,E,C
A,D,F,G,I,C,B,E,H
A,D,F,G,I,C,B,H,E
A,D,F,G,I,C,E,B,H
A,D,F,G,I,C,E,H,B
A,D,F,G,I,C,H,B,E
A,D,F,G,I,C,H,E,B
A,D,F,G,I,E,B,C,H
A,D,F,G,I,E,B,H,C
A,D,F,G,I,E,C,B,H
A,D,F,G,I,E,C,H,B
A,D,F,G,I,E,H,B,C
A,D,F,G,I,E,H,C,B
A,D,F,G,I,H,B,C,E
A,D,F,G,I,H,B,E,C
A,D,F,G,I,H,C,B,E
A,D,F,G,I,H,C,E,B
A,D,F,G,I,H,E,B,C
A,D,F,G,I,H,E,C,B
A,D,F,H,B,C,E,G,I
A,D,F,H,B,C,E,I,G
A,D,F,H,B,C,G,E,I
A,D,F,H,B,C,G,I,E
A,D,F,H,B,C,I,E,G
A,D,F,H,B,C,I,G,E
A,D,F,H,B,E,C,G,I
A,D,F,H,B,E,C,I,G
A,D,F,H,B,E,G,C,I
A,D,F,H,B,E,G,I,C
A,D,F,H,B,E,I,C,G
A,D,F,H,B,E,I,G,C
A,D,F,H,B,G,C,E,I
A,D,F,H,B,G,C,I,E
A,D,F,H,B,G,E,C,I
A,D,F,H,B,G,E,I,C
A,D,F,H,B,G,I,C,E
A,D,F,H,B,G,I,E,C
A,D,F,H,B,I,C,E,G
A,D,F,H,B,I,C,G,E
A,D,F,H,B,I,E,C,G
A,D,F,H,B,I,E,G,C
A,D,F,H,B,I,G,C,E
A,D,F,H,B,I,G,E,C
A,D,F,H,C,B,E,G,I
A,D,F,H,C,B,E,I,G
A,D,F,H,C,B,G,E,I
A,D,F,H,C,B,G,I,E
A,D,F,H,C,B,I,E,G
A,D,F,H,C,B,I,G,E
A,D,F,H,C,E,B,G,I
A,D,F,H,C,E,B,I,G
A,D,F,H,C,E,G,B,I
A,D,F,H,C,E,G,I,B
A,D,F,H,C,E,I,B,G
A,D,F,H,C,E,I,G,B
A,D,F,H,C,G,B,E,I
A,D,F,H,C,G,B,I,E
A,D,F,H,C,G,E,B,I
A,D,F,H,C,G,E,I,B
A,D,F,H,C,G,I,B,E
A,D,F,H,C,G,I,E,B
A,D,F,H,C,I,B,E,G
A,D,F,H,C,I,B,G,E
A,D,F,H,C,I,E,B,G
A,D,F,H,C,I,E,G,B
A,D,F,H,C,I,G,B,E
A,D,F,H,C,I,G,E,B
A,D,F,H,E,B,C,G,I
A,D,F,H,E,B,C,I,G
A,D,F,H,E,B,G,C,I
A,D,F,H,E,B,G,I,C
A,D,F,H,E,B,I,C,G
A,D,F,H,E,B,I,G,C
A,D,F,H,E,C,B,G,I
A,D,F,H,E,C,B,I,G
A,D,F,H,E,C,G,B,I
A,D,F,H,E,C,G,I,B
A,D,F,H,E,C,I,B,G
A,D,F,H,E,C,I,G,B
A,D,F,H,E,G,B,C,I
A,D,F,H,E,G,B,I,C
A,D,F,H,E,G,C,B,I
A,D,F,H,E,G,C,I,B
A,D,F,H,E,G,I,B,C
A,D,F,H,E,G,I,C,B
A,D,F,H,E,I,B,C,G
A,D,F,H,E,I,B,G,C
A,D,F,H,E,I,C,B,G
A,D,F,H,E,I,C,G,B
A,D,F,H,E,I,G,B,C
A,D,F,H,E,I,G,C,B
A,D,F,H,G,B,C,E,I
A,D,F,H,G,B,C,I,E
A,D,F,H,G,B,E,C,I
A,D,F,H,G,B,E,I,C
A,D,F,H,G,B,I,C,E
A,D,F,H,G,B,I,E,C
A,D,F,H,G,C,B,E,I
A,D,F,H,G,C,B,I,E
A,D,F,H,G,C,E,B,I
A,D,F,H,G,C,E,I,B
A,D,F,H,G,C,I,B,E
A,D,F,H,G,C,I,E,B
A,D,F,H,G,E,B,C,I
A,D,F,H,G,E,B,I,C
A,D,F,H,G,E,C,B,I
A,D,F,H,G,E,C,I,B
A,D,F,H,G,E,I,B,C
A,D,F,H,G,E,I,C,B
A,D,F,H,G,I,B,C,E
A,D,F,H,G,I,B,E,C
A,D,F,H,G,I,C,B,E
A,D,F,H,G,I,C,E,B
A,D,F,H,G,I,E,B,C
A,D,F,H,G,I,E,C,B
A,D,F,H,I,B,C,E,G
A,D,F,H,I,B,C,G,E
A,D,F,H,I,B,E,C,G
A,D,F,H,I,B,E,G,C
A,D,F,H,I,B,G,C,E
A,D,F,H,I,B,G,E,C
A,D,F,H,I,C,B,E,G
A,D,F,H,I,C,B,G,E
A,D,F,H,I,C,E,B,G
A,D,F,H,I,C,E,G,B
A,D,F,H,I,C,G,B,E
A,D,F,H,I,C,G,E,B
A,D,F,H,I,E,B,C,G
A,D,F,H,I,E,B,G,C
A,D,F,H,I,E,C,B,G
A,D,F,H,I,E,C,G,B
A,D,F,H,I,E,G,B,C
A,D,F,H,I,E,G,C,B
A,D,F,H,I,G,B,C,E
A,D,F,H,I,G,B,E,C
A,D,F,H,I,G,C,B,E
A,D,F,H,I,G,C,E,B
A,D,F,H,I,G,E,B,C
A,D,F,H,I,G,E,C,B
A,D,F,I,B,C,E,G,H
A,D,F,I,B,C,E,H,G
A,D,F,I,B,C,G,E,H
A,D,F,I,B,C,G,H,E
A,D,F,I,B,C,H,E,G
A,D,F,I,B,C,H,G,E
A,D,F,I,B,E,C,G,H
A,D,F,I,B,E,C,H,G
A,D,F,I,B,E,G,C,H
A,D,F,I,B,E,G,H,C
A,D,F,I,B,E,H,C,G
A,D,F,I,B,E,H,G,C
A,D,F,I,B,G,C,E,H
A,D,F,I,B,G,C,H,E
A,D,F,I,B,G,E,C,H
A,D,F,I,B,G,E,H,C
A,D,F,I,B,G,H,C,E
A,D,F,I,B,G,H,E,C
A,D,F,I,B,H,C,E,G
A,D,F,I,B,H,C,G,E
A,D,F,I,B,H,E,C,G
A,D,F,I,B,H,E,G,C
A,D,F,I,B,H,G,C,E
A,D,F,I,B,H,G,E,C
A,D,F,I,C,B,E,G,H
A,D,F,I,C,B,E,H,G
A,D,F,I,C,B,G,E,H
A,D,F,I,C,B,G,H,E
A,D,F,I,C,B,H,E,G
A,D,F,I,C,B,H,G,E
A,D,F,I,C,E,B,G,H
A,D,F,I,C,E,B,H,G
A,D,F,I,C,E,G,B,H
A,D,F,I,C,E,G,H,B
A,D,F,I,C,E,H,B,G
A,D,F,I,C,E,H,G,B
A,D,F,I,C,G,B,E,H
A,D,F,I,C,G,B,H,E
A,D,F,I,C,G,E,B,H
A,D,F,I,C,G,E,H,B
A,D,F,I,C,G,H,B,E
A,D,F,I,C,G,H,E,B
A,D,F,I,C,H,B,E,G
A,D,F,I,C,H,B,G,E
A,D,F,I,C,H,E,B,G
A,D,F,I,C,H,E,G,B
A,D,F,I,C,H,G,B,E
A,D,F,I,C,H,G,E,B
A,D,F,I,E,B,C,G,H
A,D,F,I,E,B,C,H,G
A,D,F,I,E,B,G,C,H
A,D,F,I,E,B,G,H,C
A,D,F,I,E,B,H,C,G
A,D,F,I,E,B,H,G,C
A,D,F,I,E,C,B,G,H
A,D,F,I,E,C,B,H,G
A,D,F,I,E,C,G,B,H
A,D,F,I,E,C,G,H,B
A,D,F,I,E,C,H,B,G
A,D,F,I,E,C,H,G,B
A,D,F,I,E,G,B,C,H
A,D,F,I,E,G,B,H,C
A,D,F,I,E,G,C,B,H
A,D,F,I,E,G,C,H,B
A,D,F,I,E,G,H,B,C
A,D,F,I,E,G,H,C,B
A,D,F,I,E,H,B,C,G
A,D,F,I,E,H,B,G,C
A,D,F,I,E,H,C,B,G
A,D,F,I,E,H,C,G,B
A,D,F,I,E,H,G,B,C
A,D,F,I,E,H,G,C,B
A,D,F,I,G,B,C,E,H
A,D,F,I,G,B,C,H,E
A,D,F,I,G,B,E,C,H
A,D,F,I,G,B,E,H,C
A,D,F,I,G,B,H,C,E
A,D,F,I,G,B,H,E,C
A,D,F,I,G,C,B,E,H
A,D,F,I,G,C,B,H,E
A,D,F,I,G,C,E,B,H
A,D,F,I,G,C,E,H,B
A,D,F,I,G,C,H,B,E
A,D,F,I,G,C,H,E,B
A,D,F,I,G,E,B,C,H
A,D,F,I,G,E,B,H,C
A,D,F,I,G,E,C,B,H
A,D,F,I,G,E,C,H,B
A,D,F,I,G,E,H,B,C
A,D,F,I,G,E,H,C,B
A,D,F,I,G,H,B,C,E
A,D,F,I,G,H,B,E,C
A,D,F,I,G,H,C,B,E
A,D,F,I,G,H,C,E,B
A,D,F,I,G,H,E,B,C
A,D,F,I,G,H,E,C,B
A,D,F,I,H,B,C,E,G
A,D,F,I,H,B,C,G,E
A,D,F,I,H,B,E,C,G
A,D,F,I,H,B,E,G,C
A,D,F,I,H,B,G,C,E
A,D,F,I,H,B,G,E,C
A,D,F,I,H,C,B,E,G
A,D,F,I,H,C,B,G,E
A,D,F,I,H,C,E,B,G
A,D,F,I,H,C,E,G,B
A,D,F,I,H,C,G,B,E
A,D,F,I,H,C,G,E,B
A,D,F,I,H,E,B,C,G
A,D,F,I,H,E,B,G,C
A,D,F,I,H,E,C,B,G
A,D,F,I,H,E,C,G,B
A,D,F,I,H,E,G,B,C
A,D,F,I,H,E,G,C,B
A,D,F,I,H,G,B,C,E
A,D,F,I,H,G,B,E,C
A,D,F,I,H,G,C,B,E
A,D,F,I,H,G,C,E,B
A,D,F,I,H,G,E,B,C
A,D,F,I,H,G,E,C,B
A,D,G,B,C,E,F,H,I
A,D,G,B,C,E,F,I,H
A,D,G,B,C,E,H,F,I
A,D,G,B,C,E,H,I,F
A,D,G,B,C,E,I,F,H
A,D,G,B,C,E,I,H,F
A,D,G,B,C,F,E,H,I
A,D,G,B,C,F,E,I,H
A,D,G,B,C,F,H,E,I
A,D,G,B,C,F,H,I,E
A,D,G,B,C,F,I,E,H
A,D,G,B,C,F,I,H,E
A,D,G,B,C,H,E,F,I
A,D,G,B,C,H,E,I,F
A,D,G,B,C,H,F,E,I
A,D,G,B,C,H,F,I,E
A,D,G,B,C,H,I,E,F
A,D,G,B,C,H,I,F,E
A,D,G,B,C,I,E,F,H
A,D,G,B,C,I,E,H,F
A,D,G,B,C,I,F,E,H
A,D,G,B,C,I,F,H,E
A,D,G,B,C,I,H,E,F
A,D,G,B,C,I,H,F,E
A,D,G,B,E,C,F,H,I
A,D,G,B,E,C,F,I,H
A,D,G,B,E,C,H,F,I
A,D,G,B,E,C,H,I,F
A,D,G,B,E,C,I,F,H
A,D,G,B,E,C,I,H,F
A,D,G,B,E,F,C,H,I
A,D,G,B,E,F,C,I,H
A,D,G,B,E,F,H,C,I
A,D,G,B,E,F,H,I,C
A,D,G,B,E,F,I,C,H
A,D,G,B,E,F,I,H,C
A,D,G,B,E,H,C,F,I
A,D,G,B,E,H,C,I,F
A,D,G,B,E,H,F,C,I
A,D,G,B,E,H,F,I,C
A,D,G,B,E,H,I,C,F
A,D,G,B,E,H,I,F,C
A,D,G,B,E,I,C,F,H
A,D,G,B,E,I,C,H,F
A,D,G,B,E,I,F,C,H
A,D,G,B,E,I,F,H,C
A,D,G,B,E,I,H,C,F
A,D,G,B,E,I,H,F,C
A,D,G,B,F,C,E,H,I
A,D,G,B,F,C,E,I,H
A,D,G,B,F,C,H,E,I
A,D,G,B,F,C,H,I,E
A,D,G,B,F,C,I,E,H
A,D,G,B,F,C,I,H,E
A,D,G,B,F,E,C,H,I
A,D,G,B,F,E,C,I,H
A,D,G,B,F,E,H,C,I
A,D,G,B,F,E,H,I,C
A,D,G,B,F,E,I,C,H
A,D,G,B,F,E,I,H,C
A,D,G,B,F,H,C,E,I
A,D,G,B,F,H,C,I,E
A,D,G,B,F,H,E,C,I
A,D,G,B,F,H,E,I,C
A,D,G,B,F,H,I,C,E
A,D,G,B,F,H,I,E,C
A,D,G,B,F,I,C,E,H
A,D,G,B,F,I,C,H,E
A,D,G,B,F,I,E,C,H
A,D,G,B,F,I,E,H,C
A,D,G,B,F,I,H,C,E
A,D,G,B,F,I,H,E,C
A,D,G,B,H,C,E,F,I
A,D,G,B,H,C,E,I,F
A,D,G,B,H,C,F,E,I
A,D,G,B,H,C,F,I,E
A,D,G,B,H,C,I,E,F
A,D,G,B,H,C,I,F,E
A,D,G,B,H,E,C,F,I
A,D,G,B,H,E,C,I,F
A,D,G,B,H,E,F,C,I
A,D,G,B,H,E,F,I,C
A,D,G,B,H,E,I,C,F
A,D,G,B,H,E,I,F,C
A,D,G,B,H,F,C,E,I
A,D,G,B,H,F,C,I,E
A,D,G,B,H,F,E,C,I
A,D,G,B,H,F,E,I,C
A,D,G,B,H,F,I,C,E
A,D,G,B,H,F,I,E,C
A,D,G,B,H,I,C,E,F
A,D,G,B,H,I,C,F,E
A,D,G,B,H,I,E,C,F
A,D,G,B,H,I,E,F,C
A,D,G,B,H,I,F,C,E
A,D,G,B,H,I,F,E,C
A,D,G,B,I,C,E,F,H
A,D,G,B,I,C,E,H,F
A,D,G,B,I,C,F,E,H
A,D,G,B,I,C,F,H,E
A,D,G,B,I,C,H,E,F
A,D,G,B,I,C,H,F,E
A,D,G,B,I,E,C,F,H
A,D,G,B,I,E,C,H,F
A,D,G,B,I,E,F,C,H
A,D,G,B,I,E,F,H,C
A,D,G,B,I,E,H,C,F
A,D,G,B,I,E,H,F,C
A,D,G,B,I,F,C,E,H
A,D,G,B,I,F,C,H,E
A,D,G,B,I,F,E,C,H
A,D,G,B,I,F,E,H,C
A,D,G,B,I,F,H,C,E
A,D,G,B,I,F,H,E,C
A,D,G,B,I,H,C,E,F
A,D,G,B,I,H,C,F,E
A,D,G,B,I,H,E,C,F
A,D,G,B,I,H,E,F,C
A,D,G,B,I,H,F,C,E
A,D,G,B,I,H,F,E,C
A,D,G,C,B,E,F,H,I
A,D,G,C,B,E,F,I,H
A,D,G,C,B,E,H,F,I
A,D,G,C,B,E,H,I,F
A,D,G,C,B,E,I,F,H
A,D,G,C,B,E,I,H,F
A,D,G,C,B,F,E,H,I
A,D,G,C,B,F,E,I,H
A,D,G,C,B,F,H,E,I
A,D,G,C,B,F,H,I,E
A,D,G,C,B,F,I,E,H
A,D,G,C,B,F,I,H,E
A,D,G,C,B,H,E,F,I
A,D,G,C,B,H,E,I,F
A,D,G,C,B,H,F,E,I
A,D,G,C,B,H,F,I,E
A,D,G,C,B,H,I,E,F
A,D,G,C,B,H,I,F,E
A,D,G,C,B,I,E,F,H
A,D,G,C,B,I,E,H,F
A,D,G,C,B,I,F,E,H
A,D,G,C,B,I,F,H,E
A,D,G,C,B,I,H,E,F
A,D,G,C,B,I,H,F,E
A,D,G,C,E,B,F,H,I
A,D,G,C,E,B,F,I,H
A,D,G,C,E,B,H,F,I
A,D,G,C,E,B,H,I,F
A,D,G,C,E,B,I,F,H
A,D,G,C,E,B,I,H,F
A,D,G,C,E,F,B,H,I
A,D,G,C,E,F,B,I,H
A,D,G,C,E,F,H,B,I
A,D,G,C,E,F,H,I,B
A,D,G,C,E,F,I,B,H
A,D,G,C,E,F,I,H,B
A,D,G,C,E,H,B,F,I
A,D,G,C,E,H,B,I,F
A,D,G,C,E,H,F,B,I
A,D,G,C,E,H,F,I,B
A,D,G,C,E,H,I,B,F
A,D,G,C,E,H,I,F,B
A,D,G,C,E,I,B,F,H
A,D,G,C,E,I,B,H,F
A,D,G,C,E,I,F,B,H
A,D,G,C,E,I,F,H,B
A,D,G,C,E,I,H,B,F
A,D,G,C,E,I,H,F,B
A,D,G,C,F,B,E,H,I
A,D,G,C,F,B,E,I,H
A,D,G,C,F,B,H,E,I
A,D,G,C,F,B,H,I,E
A,D,G,C,F,B,I,E,H
A,D,G,C,F,B,I,H,E
A,D,G,C,F,E,B,H,I
A,D,G,C,F,E,B,I,H
A,D,G,C,F,E,H,B,I
A,D,G,C,F,E,H,I,B
A,D,G,C,F,E,I,B,H
A,D,G,C,F,E,I,H,B
A,D,G,C,F,H,B,E,I
A,D,G,C,F,H,B,I,E
A,D,G,C,F,H,E,B,I
A,D,G,C,F,H,E,I,B
A,D,G,C,F,H,I,B,E
A,D,G,C,F,H,I,E,B
A,D,G,C,F,I,B,E,H
A,D,G,C,F,I,B,H,E
A,D,G,C,F,I,E,B,H
A,D,G,C,F,I,E,H,B
A,D,G,C,F,I,H,B,E
A,D,G,C,F,I,H,E,B
A,D,G,C,H,B,E,F,I
A,D,G,C,H,B,E,I,F
A,D,G,C,H,B,F,E,I
A,D,G,C,H,B,F,I,E
A,D,G,C,H,B,I,E,F
A,D,G,C,H,B,I,F,E
A,D,G,C,H,E,B,F,I
A,D,G,C,H,E,B,I,F
A,D,G,C,H,E,F,B,I
A,D,G,C,H,E,F,I,B
A,D,G,C,H,E,I,B,F
A,D,G,C,H,E,I,F,B
A,D,G,C,H,F,B,E,I
A,D,G,C,H,F,B,I,E
A,D,G,C,H,F,E,B,I
A,D,G,C,H,F,E,I,B
A,D,G,C,H,F,I,B,E
A,D,G,C,H,F,I,E,B
A,D,G,C,H,I,B,E,F
A,D,G,C,H,I,B,F,E
A,D,G,C,H,I,E,B,F
A,D,G,C,H,I,E,F,B
A,D,G,C,H,I,F,B,E
A,D,G,C,H,I,F,E,B
A,D,G,C,I,B,E,F,H
A,D,G,C,I,B,E,H,F
A,D,G,C,I,B,F,E,H
A,D,G,C,I,B,F,H,E
A,D,G,C,I,B,H,E,F
A,D,G,C,I,B,H,F,E
A,D,G,C,I,E,B,F,H
A,D,G,C,I,E,B,H,F
A,D,G,C,I,E,F,B,H
A,D,G,C,I,E,F,H,B
A,D,G,C,I,E,H,B,F
A,D,G,C,I,E,H,F,B
A,D,G,C,I,F,B,E,H
A,D,G,C,I,F,B,H,E
A,D,G,C,I,F,E,B,H
A,D,G,C,I,F,E,H,B
A,D,G,C,I,F,H,B,E
A,D,G,C,I,F,H,E,B
A,D,G,C,I,H,B,E,F
A,D,G,C,I,H,B,F,E
A,D,G,C,I,H,E,B,F
A,D,G,C,I,H,E,F,B
A,D,G,C,I,H,F,B,E
A,D,G,C,I,H,F,E,B
A,D,G,E,B,C,F,H,I
A,D,G,E,B,C,F,I,H
A,D,G,E,B,C,H,F,I
A,D,G,E,B,C,H,I,F
A,D,G,E,B,C,I,F,H
A,D,G,E,B,C,I,H,F
A,D,G,E,B,F,C,H,I
A,D,G,E,B,F,C,I,H
A,D,G,E,B,F,H,C,I
A,D,G,E,B,F,H,I,C
A,D,G,E,B,F,I,C,H
A,D,G,E,B,F,I,H,C
A,D,G,E,B,H,C,F,I
A,D,G,E,B,H,C,I,F
A,D,G,E,B,H,F,C,I
A,D,G,E,B,H,F,I,C
A,D,G,E,B,H,I,C,F
A,D,G,E,B,H,I,F,C
A,D,G,E,B,I,C,F,H
A,D,G,E,B,I,C,H,F
A,D,G,E,B,I,F,C,H
A,D,G,E,B,I,F,H,C
A,D,G,E,B,I,H,C,F
A,D,G,E,B,I,H,F,C
A,D,G,E,C,B,F,H,I
A,D,G,E,C,B,F,I,H
A,D,G,E,C,B,H,F,I
A,D,G,E,C,B,H,I,F
A,D,G,E,C,B,I,F,H
A,D,G,E,C,B,I,H,F
A,D,G,E,C,F,B,H,I
A,D,G,E,C,F,B,I,H
A,D,G,E,C,F,H,B,I
A,D,G,E,C,F,H,I,B
A,D,G,E,C,F,I,B,H
A,D,G,E,C,F,I,H,B
A,D,G,E,C,H,B,F,I
A,D,G,E,C,H,B,I,F
A,D,G,E,C,H,F,B,I
A,D,G,E,C,H,F,I,B
A,D,G,E,C,H,I,B,F
A,D,G,E,C,H,I,F,B
A,D,G,E,C,I,B,F,H
A,D,G,E,C,I,B,H,F
A,D,G,E,C,I,F,B,H
A,D,G,E,C,I,F,H,B
A,D,G,E,C,I,H,B,F
A,D,G,E,C,I,H,F,B
A,D,G,E,F,B,C,H,I
A,D,G,E,F,B,C,I,H
A,D,G,E,F,B,H,C,I
A,D,G,E,F,B,H,I,C
A,D,G,E,F,B,I,C,H
A,D,G,E,F,B,I,H,C
A,D,G,E,F,C,B,H,I
A,D,G,E,F,C,B,I,H
A,D,G,E,F,C,H,B,I
A,D,G,E,F,C,H,I,B
A,D,G,E,F,C,I,B,H
A,D,G,E,F,C,I,H,B
A,D,G,E,F,H,B,C,I
A,D,G,E,F,H,B,I,C
A,D,G,E,F,H,C,B,I
A,D,G,E,F,H,C,I,B
A,D,G,E,F,H,I,B,C
A,D,G,E,F,H,I,C,B
A,D,G,E,F,I,B,C,H
A,D,G,E,F,I,B,H,C
A,D,G,E,F,I,C,B,H
A,D,G,E,F,I,C,H,B
A,D,G,E,F,I,H,B,C
A,D,G,E,F,I,H,C,B
A,D,G,E,H,B,C,F,I
A,D,G,E,H,B,C,I,F
A,D,G,E,H,B,F,C,I
A,D,G,E,H,B,F,I,C
A,D,G,E,H,B,I,C,F
A,D,G,E,H,B,I,F,C
A,D,G,E,H,C,B,F,I
A,D,G,E,H,C,B,I,F
A,D,G,E,H,C,F,B,I
A,D,G,E,H,C,F,I,B
A,D,G,E,H,C,I,B,F
A,D,G,E,H,C,I,F,B
A,D,G,E,H,F,B,C,I
A,D,G,E,H,F,B,I,C
A,D,G,E,H,F,C,B,I
A,D,G,E,H,F,C,I,B
A,D,G,E,H,F,I,B,C
A,D,G,E,H,F,I,C,B
A,D,G,E,H,I,B,C,F
A,D,G,E,H,I,B,F,C
A,D,G,E,H,I,C,B,F
A,D,G,E,H,I,C,F,B
A,D,G,E,H,I,F,B,C
A,D,G,E,H,I,F,C,B
A,D,G,E,I,B,C,F,H
A,D,G,E,I,B,C,H,F
A,D,G,E,I,B,F,C,H
A,D,G,E,I,B,F,H,C
A,D,G,E,I,B,H,C,F
A,D,G,E,I,B,H,F,C
A,D,G,E,I,C,B,F,H
A,D,G,E,I,C,B,H,F
A,D,G,E,I,C,F,B,H
A,D,G,E,I,C,F,H,B
A,D,G,E,I,C,H,B,F
A,D,G,E,I,C,H,F,B
A,D,G,E,I,F,B,C,H
A,D,G,E,I,F,B,H,C
A,D,G,E,I,F,C,B,H
A,D,G,E,I,F,C,H,B
A,D,G,E,I,F,H,B,C
A,D,G,E,I,F,H,C,B
A,D,G,E,I,H,B,C,F
A,D,G,E,I,H,B,F,C
A,D,G,E,I,H,C,B,F
A,D,G,E,I,H,C,F,B
A,D,G,E,I,H,F,B,C
A,D,G,E,I,H,F,C,B
A,D,G,F,B,C,E,H,I
A,D,G,F,B,C,E,I,H
A,D,G,F,B,C,H,E,I
A,D,G,F,B,C,H,I,E
A,D,G,F,B,C,I,E,H
A,D,G,F,B,C,I,H,E
A,D,G,F,B,E,C,H,I
A,D,G,F,B,E,C,I,H
A,D,G,F,B,E,H,C,I
A,D,G,F,B,E,H,I,C
A,D,G,F,B,E,I,C,H
A,D,G,F,B,E,I,H,C
A,D,G,F,B,H,C,E,I
A,D,G,F,B,H,C,I,E
A,D,G,F,B,H,E,C,I
A,D,G,F,B,H,E,I,C
A,D,G,F,B,H,I,C,E
A,D,G,F,B,H,I,E,C
A,D,G,F,B,I,C,E,H
A,D,G,F,B,I,C,H,E
A,D,G,F,B,I,E,C,H
A,D,G,F,B,I,E,H,C
A,D,G,F,B,I,H,C,E
A,D,G,F,B,I,H,E,C
A,D,G,F,C,B,E,H,I
A,D,G,F,C,B,E,I,H
A,D,G,F,C,B,H,E,I
A,D,G,F,C,B,H,I,E
A,D,G,F,C,B,I,E,H
A,D,G,F,C,B,I,H,E
A,D,G,F,C,E,B,H,I
A,D,G,F,C,E,B,I,H
A,D,G,F,C,E,H,B,I
A,D,G,F,C,E,H,I,B
A,D,G,F,C,E,I,B,H
A,D,G,F,C,E,I,H,B
A,D,G,F,C,H,B,E,I
A,D,G,F,C,H,B,I,E
A,D,G,F,C,H,E,B,I
A,D,G,F,C,H,E,I,B
A,D,G,F,C,H,I,B,E
A,D,G,F,C,H,I,E,B
A,D,G,F,C,I,B,E,H
A,D,G,F,C,I,B,H,E
A,D,G,F,C,I,E,B,H
A,D,G,F,C,I,E,H,B
A,D,G,F,C,I,H,B,E
A,D,G,F,C,I,H,E,B
A,D,G,F,E,B,C,H,I
A,D,G,F,E,B,C,I,H
A,D,G,F,E,B,H,C,I
A,D,G,F,E,B,H,I,C
A,D,G,F,E,B,I,C,H
A,D,G,F,E,B,I,H,C
A,D,G,F,E,C,B,H,I
A,D,G,F,E,C,B,I,H
A,D,G,F,E,C,H,B,I
A,D,G,F,E,C,H,I,B
A,D,G,F,E,C,I,B,H
A,D,G,F,E,C,I,H,B
A,D,G,F,E,H,B,C,I
A,D,G,F,E,H,B,I,C
A,D,G,F,E,H,C,B,I
A,D,G,F,E,H,C,I,B
A,D,G,F,E,H,I,B,C
A,D,G,F,E,H,I,C,B
A,D,G,F,E,I,B,C,H
A,D,G,F,E,I,B,H,C
A,D,G,F,E,I,C,B,H
A,D,G,F,E,I,C,H,B
A,D,G,F,E,I,H,B,C
A,D,G,F,E,I,H,C,B
A,D,G,F,H,B,C,E,I
A,D,G,F,H,B,C,I,E
A,D,G,F,H,B,E,C,I
A,D,G,F,H,B,E,I,C
A,D,G,F,H,B,I,C,E
A,D,G,F,H,B,I,E,C
A,D,G,F,H,C,B,E,I
A,D,G,F,H,C,B,I,E
A,D,G,F,H,C,E,B,I
A,D,G,F,H,C,E,I,B
A,D,G,F,H,C,I,B,E
A,D,G,F,H,C,I,E,B
A,D,G,F,H,E,B,C,I
A,D,G,F,H,E,B,I,C
A,D,G,F,H,E,C,B,I
A,D,G,F,H,E,C,I,B
A,D,G,F,H,E,I,B,C
A,D,G,F,H,E,I,C,B
A,D,G,F,H,I,B,C,E
A,D,G,F,H,I,B,E,C
A,D,G,F,H,I,C,B,E
A,D,G,F,H,I,C,E,B
A,D,G,F,H,I,E,B,C
A,D,G,F,H,I,E,C,B
A,D,G,F,I,B,C,E,H
A,D,G,F,I,B,C,H,E
A,D,G,F,I,B,E,C,H
A,D,G,F,I,B,E,H,C
A,D,G,F,I,B,H,C,E
A,D,G,F,I,B,H,E,C
A,D,G,F,I,C,B,E,H
A,D,G,F,I,C,B,H,E
A,D,G,F,I,C,E,B,H
A,D,G,F,I,C,E,H,B
A,D,G,F,I,C,H,B,E
A,D,G,F,I,C,H,E,B
A,D,G,F,I,E,B,C,H
A,D,G,F,I,E,B,H,C
A,D,G,F,I,E,C,B,H
A,D,G,F,I,E,C,H,B
A,D,G,F,I,E,H,B,C
A,D,G,F,I,E,H,C,B
A,D,G,F,I,H,B,C,E
A,D,G,F,I,H,B,E,C
A,D,G,F,I,H,C,B,E
A,D,G,F,I,H,C,E,B
A,D,G,F,I,H,E,B,C
A,D,G,F,I,H,E,C,B
A,D,G,H,B,C,E,F,I
A,D,G,H,B,C,E,I,F
A,D,G,H,B,C,F,E,I
A,D,G,H,B,C,F,I,E
A,D,G,H,B,C,I,E,F
A,D,G,H,B,C,I,F,E
A,D,G,H,B,E,C,F,I
A,D,G,H,B,E,C,I,F
A,D,G,H,B,E,F,C,I
A,D,G,H,B,E,F,I,C
A,D,G,H,B,E,I,C,F
A,D,G,H,B,E,I,F,C
A,D,G,H,B,F,C,E,I
A,D,G,H,B,F,C,I,E
A,D,G,H,B,F,E,C,I
A,D,G,H,B,F,E,I,C
A,D,G,H,B,F,I,C,E
A,D,G,H,B,F,I,E,C
A,D,G,H,B,I,C,E,F
A,D,G,H,B,I,C,F,E
A,D,G,H,B,I,E,C,F
A,D,G,H,B,I,E,F,C
A,D,G,H,B,I,F,C,E
A,D,G,H,B,I,F,E,C
A,D,G,H,C,B,E,F,I
A,D,G,H,C,B,E,I,F
A,D,G,H,C,B,F,E,I
A,D,G,H,C,B,F,I,E
A,D,G,H,C,B,I,E,F
A,D,G,H,C,B,I,F,E
A,D,G,H,C,E,B,F,I
A,D,G,H,C,E,B,I,F
A,D,G,H,C,E,F,B,I
A,D,G,H,C,E,F,I,B
A,D,G,H,C,E,I,B,F
A,D,G,H,C,E,I,F,B
A,D,G,H,C,F,B,E,I
A,D,G,H,C,F,B,I,E
A,D,G,H,C,F,E,B,I
A,D,G,H,C,F,E,I,B
A,D,G,H,C,F,I,B,E
A,D,G,H,C,F,I,E,B
A,D,G,H,C,I,B,E,F
A,D,G,H,C,I,B,F,E
A,D,G,H,C,I,E,B,F
A,D,G,H,C,I,E,F,B
A,D,G,H,C,I,F,B,E
A,D,G,H,C,I,F,E,B
A,D,G,H,E,B,C,F,I
A,D,G,H,E,B,C,I,F
A,D,G,H,E,B,F,C,I
A,D,G,H,E,B,F,I,C
A,D,G,H,E,B,I,C,F
A,D,G,H,E,B,I,F,C
A,D,G,H,E,C,B,F,I
A,D,G,H,E,C,B,I,F
A,D,G,H,E,C,F,B,I
A,D,G,H,E,C,F,I,B
A,D,G,H,E,C,I,B,F
A,D,G,H,E,C,I,F,B
A,D,G,H,E,F,B,C,I
A,D,G,H,E,F,B,I,C
A,D,G,H,E,F,C,B,I
A,D,G,H,E,F,C,I,B
A,D,G,H,E,F,I,B,C
A,D,G,H,E,F,I,C,B
A,D,G,H,E,I,B,C,F
A,D,G,H,E,I,B,F,C
A,D,G,H,E,I,C,B,F
A,D,G,H,E,I,C,F,B
A,D,G,H,E,I,F,B,C
A,D,G,H,E,I,F,C,B
A,D,G,H,F,B,C,E,I
A,D,G,H,F,B,C,I,E
A,D,G,H,F,B,E,C,I
A,D,G,H,F,B,E,I,C
A,D,G,H,F,B,I,C,E
A,D,G,H,F,B,I,E,C
A,D,G,H,F,C,B,E,I
A,D,G,H,F,C,B,I,E
A,D,G,H,F,C,E,B,I
A,D,G,H,F,C,E,I,B
A,D,G,H,F,C,I,B,E
A,D,G,H,F,C,I,E,B
A,D,G,H,F,E,B,C,I
A,D,G,H,F,E,B,I,C
A,D,G,H,F,E,C,B,I
A,D,G,H,F,E,C,I,B
A,D,G,H,F,E,I,B,C
A,D,G,H,F,E,I,C,B
A,D,G,H,F,I,B,C,E
A,D,G,H,F,I,B,E,C
A,D,G,H,F,I,C,B,E
A,D,G,H,F,I,C,E,B
A,D,G,H,F,I,E,B,C
A,D,G,H,F,I,E,C,B
A,D,G,H,I,B,C,E,F
A,D,G,H,I,B,C,F,E
A,D,G,H,I,B,E,C,F
A,D,G,H,I,B,E,F,C
A,D,G,H,I,B,F,C,E
A,D,G,H,I,B,F,E,C
A,D,G,H,I,C,B,E,F
A,D,G,H,I,C,B,F,E
A,D,G,H,I,C,E,B,F
A,D,G,H,I,C,E,F,B
A,D,G,H,I,C,F,B,E
A,D,G,H,I,C,F,E,B
A,D,G,H,I,E,B,C,F
A,D,G,H,I,E,B,F,C
A,D,G,H,I,E,C,B,F
A,D,G,H,I,E,C,F,B
A,D,G,H,I,E,F,B,C
A,D,G,H,I,E,F,C,B
A,D,G,H,I,F,B,C,E
A,D,G,H,I,F,B,E,C
A,D,G,H,I,F,C,B,E
A,D,G,H,I,F,C,E,B
A,D,G,H,I,F,E,B,C
A,D,G,H,I,F,E,C,B
A,D,G,I,B,C,E,F,H
A,D,G,I,B,C,E,H,F
A,D,G,I,B,C,F,E,H
A,D,G,I,B,C,F,H,E
A,D,G,I,B,C,H,E,F
A,D,G,I,B,C,H,F,E
A,D,G,I,B,E,C,F,H
A,D,G,I,B,E,C,H,F
A,D,G,I,B,E,F,C,H
A,D,G,I,B,E,F,H,C
A,D,G,I,B,E,H,C,F
A,D,G,I,B,E,H,F,C
A,D,G,I,B,F,C,E,H
A,D,G,I,B,F,C,H,E
A,D,G,I,B,F,E,C,H
A,D,G,I,B,F,E,H,C
A,D,G,I,B,F,H,C,E
A,D,G,I,B,F,H,E,C
A,D,G,I,B,H,C,E,F
A,D,G,I,B,H,C,F,E
A,D,G,I,B,H,E,C,F
A,D,G,I,B,H,E,F,C
A,D,G,I,B,H,F,C,E
A,D,G,I,B,H,F,E,C
A,D,G,I,C,B,E,F,H
A,D,G,I,C,B,E,H,F
A,D,G,I,C,B,F,E,H
A,D,G,I,C,B,F,H,E
A,D,G,I,C,B,H,E,F
A,D,G,I,C,B,H,F,E
A,D,G,I,C,E,B,F,H
A,D,G,I,C,E,B,H,F
A,D,G,I,C,E,F,B,H
A,D,G,I,C,E,F,H,B
A,D,G,I,C,E,H,B,F
A,D,G,I,C,E,H,F,B
A,D,G,I,C,F,B,E,H
A,D,G,I,C,F,B,H,E
A,D,G,I,C,F,E,B,H
A,D,G,I,C,F,E,H,B
A,D,G,I,C,F,H,B,E
A,D,G,I,C,F,H,E,B
A,D,G,I,C,H,B,E,F
A,D,G,I,C,H,B,F,E
A,D,G,I,C,H,E,B,F
A,D,G,I,C,H,E,F,B
A,D,G,I,C,H,F,B,E
A,D,G,I,C,H,F,E,B
A,D,G,I,E,B,C,F,H
A,D,G,I,E,B,C,H,F
A,D,G,I,E,B,F,C,H
A,D,G,I,E,B,F,H,C
A,D,G,I,E,B,H,C,F
A,D,G,I,E,B,H,F,C
A,D,G,I,E,C,B,F,H
A,D,G,I,E,C,B,H,F
A,D,G,I,E,C,F,B,H
A,D,G,I,E,C,F,H,B
A,D,G,I,E,C,H,B,F
A,D,G,I,E,C,H,F,B
A,D,G,I,E,F,B,C,H
A,D,G,I,E,F,B,H,C
A,D,G,I,E,F,C,B,H
A,D,G,I,E,F,C,H,B
A,D,G,I,E,F,H,B,C
A,D,G,I,E,F,H,C,B
A,D,G,I,E,H,B,C,F
A,D,G,I,E,H,B,F,C
A,D,G,I,E,H,C,B,F
A,D,G,I,E,H,C,F,B
A,D,G,I,E,H,F,B,C
A,D,G,I,E,H,F,C,B
A,D,G,I,F,B,C,E,H
A,D,G,I,F,B,C,H,E
A,D,G,I,F,B,E,C,H
A,D,G,I,F,B,E,H,C
A,D,G,I,F,B,H,C,E
A,D,G,I,F,B,H,E,C
A,D,G,I,F,C,B,E,H
A,D,G,I,F,C,B,H,E
A,D,G,I,F,C,E,B,H
A,D,G,I,F,C,E,H,B
A,D,G,I,F,C,H,B,E
A,D,G,I,F,C,H,E,B
A,D,G,I,F,E,B,C,H
A,D,G,I,F,E,B,H,C
A,D,G,I,F,E,C,B,H
A,D,G,I,F,E,C,H,B
A,D,G,I,F,E,H,B,C
A,D,G,I,F,E,H,C,B
A,D,G,I,F,H,B,C,E
A,D,G,I,F,H,B,E,C
A,D,G,I,F,H,C,B,E
A,D,G,I,F,H,C,E,B
A,D,G,I,F,H,E,B,C
A,D,G,I,F,H,E,C,B
A,D,G,I,H,B,C,E,F
A,D,G,I,H,B,C,F,E
A,D,G,I,H,B,E,C,F
A,D,G,I,H,B,E,F,C
A,D,G,I,H,B,F,C,E
A,D,G,I,H,B,F,E,C
A,D,G,I,H,C,B,E,F
A,D,G,I,H,C,B,F,E
A,D,G,I,H,C,E,B,F
A,D,G,I,H,C,E,F,B
A,D,G,I,H,C,F,B,E
A,D,G,I,H,C,F,E,B
A,D,G,I,H,E,B,C,F
A,D,G,I,H,E,B,F,C
A,D,G,I,H,E,C,B,F
A,D,G,I,H,E,C,F,B
A,D,G,I,H,E,F,B,C
A,D,G,I,H,E,F,C,B
A,D,G,I,H,F,B,C,E
A,D,G,I,H,F,B,E,C
A,D,G,I,H,F,C,B,E
A,D,G,I,H,F,C,E,B
A,D,G,I,H,F,E,B,C
A,D,G,I,H,F,E,C,B
A,D,H,B,C,E,F,G,I
A,D,H,B,C,E,F,I,G
A,D,H,B,C,E,G,F,I
A,D,H,B,C,E,G,I,F
A,D,H,B,C,E,I,F,G
A,D,H,B,C,E,I,G,F
A,D,H,B,C,F,E,G,I
A,D,H,B,C,F,E,I,G
A,D,H,B,C,F,G,E,I
A,D,H,B,C,F,G,I,E
A,D,H,B,C,F,I,E,G
A,D,H,B,C,F,I,G,E
A,D,H,B,C,G,E,F,I
A,D,H,B,C,G,E,I,F
A,D,H,B,C,G,F,E,I
A,D,H,B,C,G,F,I,E
A,D,H,B,C,G,I,E,F
A,D,H,B,C,G,I,F,E
A,D,H,B,C,I,E,F,G
A,D,H,B,C,I,E,G,F
A,D,H,B,C,I,F,E,G
A,D,H,B,C,I,F,G,E
A,D,H,B,C,I,G,E,F
A,D,H,B,C,I,G,F,E
A,D,H,B,E,C,F,G,I
A,D,H,B,E,C,F,I,G
A,D,H,B,E,C,G,F,I
A,D,H,B,E,C,G,I,F
A,D,H,B,E,C,I,F,G
A,D,H,B,E,C,I,G,F
A,D,H,B,E,F,C,G,I
A,D,H,B,E,F,C,I,G
A,D,H,B,E,F,G,C,I
A,D,H,B,E,F,G,I,C
A,D,H,B,E,F,I,C,G
A,D,H,B,E,F,I,G,C
A,D,H,B,E,G,C,F,I
A,D,H,B,E,G,C,I,F
A,D,H,B,E,G,F,C,I
A,D,H,B,E,G,F,I,C
A,D,H,B,E,G,I,C,F
A,D,H,B,E,G,I,F,C
A,D,H,B,E,I,C,F,G
A,D,H,B,E,I,C,G,F
A,D,H,B,E,I,F,C,G
A,D,H,B,E,I,F,G,C
A,D,H,B,E,I,G,C,F
A,D,H,B,E,I,G,F,C
A,D,H,B,F,C,E,G,I
A,D,H,B,F,C,E,I,G
A,D,H,B,F,C,G,E,I
A,D,H,B,F,C,G,I,E
A,D,H,B,F,C,I,E,G
A,D,H,B,F,C,I,G,E
A,D,H,B,F,E,C,G,I
A,D,H,B,F,E,C,I,G
A,D,H,B,F,E,G,C,I
A,D,H,B,F,E,G,I,C
A,D,H,B,F,E,I,C,G
A,D,H,B,F,E,I,G,C
A,D,H,B,F,G,C,E,I
A,D,H,B,F,G,C,I,E
A,D,H,B,F,G,E,C,I
A,D,H,B,F,G,E,I,C
A,D,H,B,F,G,I,C,E
A,D,H,B,F,G,I,E,C
A,D,H,B,F,I,C,E,G
A,D,H,B,F,I,C,G,E
A,D,H,B,F,I,E,C,G
A,D,H,B,F,I,E,G,C
A,D,H,B,F,I,G,C,E
A,D,H,B,F,I,G,E,C
A,D,H,B,G,C,E,F,I
A,D,H,B,G,C,E,I,F
A,D,H,B,G,C,F,E,I
A,D,H,B,G,C,F,I,E
A,D,H,B,G,C,I,E,F
A,D,H,B,G,C,I,F,E
A,D,H,B,G,E,C,F,I
A,D,H,B,G,E,C,I,F
A,D,H,B,G,E,F,C,I
A,D,H,B,G,E,F,I,C
A,D,H,B,G,E,I,C,F
A,D,H,B,G,E,I,F,C
A,D,H,B,G,F,C,E,I
A,D,H,B,G,F,C,I,E
A,D,H,B,G,F,E,C,I
A,D,H,B,G,F,E,I,C
A,D,H,B,G,F,I,C,E
A,D,H,B,G,F,I,E,C
A,D,H,B,G,I,C,E,F
A,D,H,B,G,I,C,F,E
A,D,H,B,G,I,E,C,F
A,D,H,B,G,I,E,F,C
A,D,H,B,G,I,F,C,E
A,D,H,B,G,I,F,E,C
A,D,H,B,I,C,E,F,G
A,D,H,B,I,C,E,G,F
A,D,H,B,I,C,F,E,G
A,D,H,B,I,C,F,G,E
A,D,H,B,I,C,G,E,F
A,D,H,B,I,C,G,F,E
A,D,H,B,I,E,C,F,G
A,D,H,B,I,E,C,G,F
A,D,H,B,I,E,F,C,G
A,D,H,B,I,E,F,G,C
A,D,H,B,I,E,G,C,F
A,D,H,B,I,E,G,F,C
A,D,H,B,I,F,C,E,G
A,D,H,B,I,F,C,G,E
A,D,H,B,I,F,E,C,G
A,D,H,B,I,F,E,G,C
A,D,H,B,I,F,G,C,E
A,D,H,B,I,F,G,E,C
A,D,H,B,I,G,C,E,F
A,D,H,B,I,G,C,F,E
A,D,H,B,I,G,E,C,F
A,D,H,B,I,G,E,F,C
A,D,H,B,I,G,F,C,E
A,D,H,B,I,G,F,E,C
A,D,H,C,B,E,F,G,I
A,D,H,C,B,E,F,I,G
A,D,H,C,B,E,G,F,I
A,D,H,C,B,E,G,I,F
A,D,H,C,B,E,I,F,G
A,D,H,C,B,E,I,G,F
A,D,H,C,B,F,E,G,I
A,D,H,C,B,F,E,I,G
A,D,H,C,B,F,G,E,I
A,D,H,C,B,F,G,I,E
A,D,H,C,B,F,I,E,G
A,D,H,C,B,F,I,G,E
A,D,H,C,B,G,E,F,I
A,D,H,C,B,G,E,I,F
A,D,H,C,B,G,F,E,I
A,D,H,C,B,G,F,I,E
A,D,H,C,B,G,I,E,F
A,D,H,C,B,G,I,F,E
A,D,H,C,B,I,E,F,G
A,D,H,C,B,I,E,G,F
A,D,H,C,B,I,F,E,G
A,D,H,C,B,I,F,G,E
A,D,H,C,B,I,G,E,F
A,D,H,C,B,I,G,F,E
A,D,H,C,E,B,F,G,I
A,D,H,C,E,B,F,I,G
A,D,H,C,E,B,G,F,I
A,D,H,C,E,B,G,I,F
A,D,H,C,E,B,I,F,G
A,D,H,C,E,B,I,G,F
A,D,H,C,E,F,B,G,I
A,D,H,C,E,F,B,I,G
A,D,H,C,E,F,G,B,I
A,D,H,C,E,F,G,I,B
A,D,H,C,E,F,I,B,G
A,D,H,C,E,F,I,G,B
A,D,H,C,E,G,B,F,I
A,D,H,C,E,G,B,I,F
A,D,H,C,E,G,F,B,I
A,D,H,C,E,G,F,I,B
A,D,H,C,E,G,I,B,F
A,D,H,C,E,G,I,F,B
A,D,H,C,E,I,B,F,G
A,D,H,C,E,I,B,G,F
A,D,H,C,E,I,F,B,G
A,D,H,C,E,I,F,G,B
A,D,H,C,E,I,G,B,F
A,D,H,C,E,I,G,F,B
A,D,H,C,F,B,E,G,I
A,D,H,C,F,B,E,I,G
A,D,H,C,F,B,G,E,I
A,D,H,C,F,B,G,I,E
A,D,H,C,F,B,I,E,G
A,D,H,C,F,B,I,G,E
A,D,H,C,F,E,B,G,I
A,D,H,C,F,E,B,I,G
A,D,H,C,F,E,G,B,I
A,D,H,C,F,E,G,I,B
A,D,H,C,F,E,I,B,G
A,D,H,C,F,E,I,G,B
A,D,H,C,F,G,B,E,I
A,D,H,C,F,G,B,I,E
A,D,H,C,F,G,E,B,I
A,D,H,C,F,G,E,I,B
A,D,H,C,F,G,I,B,E
A,D,H,C,F,G,I,E,B
A,D,H,C,F,I,B,E,G
A,D,H,C,F,I,B,G,E
A,D,H,C,F,I,E,B,G
A,D,H,C,F,I,E,G,B
A,D,H,C,F,I,G,B,E
A,D,H,C,F,I,G,E,B
A,D,H,C,G,B,E,F,I
A,D,H,C,G,B,E,I,F
A,D,H,C,G,B,F,E,I
A,D,H,C,G,B,F,I,E
A,D,H,C,G,B,I,E,F
A,D,H,C,G,B,I,F,E
A,D,H,C,G,E,B,F,I
A,D,H,C,G,E,B,I,F
A,D,H,C,G,E,F,B,I
A,D,H,C,G,E,F,I,B
A,D,H,C,G,E,I,B,F
A,D,H,C,G,E,I,F,B
A,D,H,C,G,F,B,E,I
A,D,H,C,G,F,B,I,E
A,D,H,C,G,F,E,B,I
A,D,H,C,G,F,E,I,B
A,D,H,C,G,F,I,B,E
A,D,H,C,G,F,I,E,B
A,D,H,C,G,I,B,E,F
A,D,H,C,G,I,B,F,E
A,D,H,C,G,I,E,B,F
A,D,H,C,G,I,E,F,B
A,D,H,C,G,I,F,B,E
A,D,H,C,G,I,F,E,B
A,D,H,C,I,B,E,F,G
A,D,H,C,I,B,E,G,F
A,D,H,C,I,B,F,E,G
A,D,H,C,I,B,F,G,E
A,D,H,C,I,B,G,E,F
A,D,H,C,I,B,G,F,E
A,D,H,C,I,E,B,F,G
A,D,H,C,I,E,B,G,F
A,D,H,C,I,E,F,B,G
A,D,H,C,I,E,F,G,B
A,D,H,C,I,E,G,B,F
A,D,H,C,I,E,G,F,B
A,D,H,C,I,F,B,E,G
A,D,H,C,I,F,B,G,E
A,D,H,C,I,F,E,B,G
A,D,H,C,I,F,E,G,B
A,D,H,C,I,F,G,B,E
A,D,H,C,I,F,G,E,B
A,D,H,C,I,G,B,E,F
A,D,H,C,I,G,B,F,E
A,D,H,C,I,G,E,B,F
A,D,H,C,I,G,E,F,B
A,D,H,C,I,G,F,B,E
A,D,H,C,I,G,F,E,B
A,D,H,E,B,C,F,G,I
A,D,H,E,B,C,F,I,G
A,D,H,E,B,C,G,F,I
A,D,H,E,B,C,G,I,F
A,D,H,E,B,C,I,F,G
A,D,H,E,B,C,I,G,F
A,D,H,E,B,F,C,G,I
A,D,H,E,B,F,C,I,G
A,D,H,E,B,F,G,C,I
A,D,H,E,B,F,G,I,C
A,D,H,E,B,F,I,C,G
A,D,H,E,B,F,I,G,C
A,D,H,E,B,G,C,F,I
A,D,H,E,B,G,C,I,F
A,D,H,E,B,G,F,C,I
A,D,H,E,B,G,F,I,C
A,D,H,E,B,G,I,C,F
A,D,H,E,B,G,I,F,C
A,D,H,E,B,I,C,F,G
A,D,H,E,B,I,C,G,F
A,D,H,E,B,I,F,C,G
A,D,H,E,B,I,F,G,C
A,D,H,E,B,I,G,C,F
A,D,H,E,B,I,G,F,C
A,D,H,E,C,B,F,G,I
A,D,H,E,C,B,F,I,G
A,D,H,E,C,B,G,F,I
A,D,H,E,C,B,G,I,F
A,D,H,E,C,B,I,F,G
A,D,H,E,C,B,I,G,F
A,D,H,E,C,F,B,G,I
A,D,H,E,C,F,B,I,G
A,D,H,E,C,F,G,B,I
A,D,H,E,C,F,G,I,B
A,D,H,E,C,F,I,B,G
A,D,H,E,C,F,I,G,B
A,D,H,E,C,G,B,F,I
A,D,H,E,C,G,B,I,F
A,D,H,E,C,G,F,B,I
A,D,H,E,C,G,F,I,B
A,D,H,E,C,G,I,B,F
A,D,H,E,C,G,I,F,B
A,D,H,E,C,I,B,F,G
A,D,H,E,C,I,B,G,F
A,D,H,E,C,I,F,B,G
A,D,H,E,C,I,F,G,B
A,D,H,E,C,I,G,B,F
A,D,H,E,C,I,G,F,B
A,D,H,E,F,B,C,G,I
A,D,H,E,F,B,C,I,G
A,D,H,E,F,B,G,C,I
A,D,H,E,F,B,G,I,C
A,D,H,E,F,B,I,C,G
A,D,H,E,F,B,I,G,C
A,D,H,E,F,C,B,G,I
A,D,H,E,F,C,B,I,G
A,D,H,E,F,C,G,B,I
A,D,H,E,F,C,G,I,B
A,D,H,E,F,C,I,B,G
A,D,H,E,F,C,I,G,B
A,D,H,E,F,G,B,C,I
A,D,H,E,F,G,B,I,C
A,D,H,E,F,G,C,B,I
A,D,H,E,F,G,C,I,B
A,D,H,E,F,G,I,B,C
A,D,H,E,F,G,I,C,B
A,D,H,E,F,I,B,C,G
A,D,H,E,F,I,B,G,C
A,D,H,E,F,I,C,B,G
A,D,H,E,F,I,C,G,B
A,D,H,E,F,I,G,B,C
A,D,H,E,F,I,G,C,B
A,D,H,E,G,B,C,F,I
A,D,H,E,G,B,C,I,F
A,D,H,E,G,B,F,C,I
A,D,H,E,G,B,F,I,C
A,D,H,E,G,B,I,C,F
A,D,H,E,G,B,I,F,C
A,D,H,E,G,C,B,F,I
A,D,H,E,G,C,B,I,F
A,D,H,E,G,C,F,B,I
A,D,H,E,G,C,F,I,B
A,D,H,E,G,C,I,B,F
A,D,H,E,G,C,I,F,B
A,D,H,E,G,F,B,C,I
A,D,H,E,G,F,B,I,C
A,D,H,E,G,F,C,B,I
A,D,H,E,G,F,C,I,B
A,D,H,E,G,F,I,B,C
A,D,H,E,G,F,I,C,B
A,D,H,E,G,I,B,C,F
A,D,H,E,G,I,B,F,C
A,D,H,E,G,I,C,B,F
A,D,H,E,G,I,C,F,B
A,D,H,E,G,I,F,B,C
A,D,H,E,G,I,F,C,B
A,D,H,E,I,B,C,F,G
A,D,H,E,I,B,C,G,F
A,D,H,E,I,B,F,C,G
A,D,H,E,I,B,F,G,C
A,D,H,E,I,B,G,C,F
A,D,H,E,I,B,G,F,C
A,D,H,E,I,C,B,F,G
A,D,H,E,I,C,B,G,F
A,D,H,E,I,C,F,B,G
A,D,H,E,I,C,F,G,B
A,D,H,E,I,C,G,B,F
A,D,H,E,I,C,G,F,B
A,D,H,E,I,F,B,C,G
A,D,H,E,I,F,B,G,C
A,D,H,E,I,F,C,B,G
A,D,H,E,I,F,C,G,B
A,D,H,E,I,F,G,B,C
A,D,H,E,I,F,G,C,B
A,D,H,E,I,G,B,C,F
A,D,H,E,I,G,B,F,C
A,D,H,E,I,G,C,B,F
A,D,H,E,I,G,C,F,B
A,D,H,E,I,G,F,B,C
A,D,H,E,I,G,F,C,B
A,D,H,F,B,C,E,G,I
A,D,H,F,B,C,E,I,G
A,D,H,F,B,C,G,E,I
A,D,H,F,B,C,G,I,E
A,D,H,F,B,C,I,E,G
A,D,H,F,B,C,I,G,E
A,D,H,F,B,E,C,G,I
A,D,H,F,B,E,C,I,G
A,D,H,F,B,E,G,C,I
A,D,H,F,B,E,G,I,C
A,D,H,F,B,E,I,C,G
A,D,H,F,B,E,I,G,C
A,D,H,F,B,G,C,E,I
A,D,H,F,B,G,C,I,E
A,D,H,F,B,G,E,C,I
A,D,H,F,B,G,E,I,C
A,D,H,F,B,G,I,C,E
A,D,H,F,B,G,I,E,C
A,D,H,F,B,I,C,E,G
A,D,H,F,B,I,C,G,E
A,D,H,F,B,I,E,C,G
A,D,H,F,B,I,E,G,C
A,D,H,F,B,I,G,C,E
A,D,H,F,B,I,G,E,C
A,D,H,F,C,B,E,G,I
A,D,H,F,C,B,E,I,G
A,D,H,F,C,B,G,E,I
A,D,H,F,C,B,G,I,E
A,D,H,F,C,B,I,E,G
A,D,H,F,C,B,I,G,E
A,D,H,F,C,E,B,G,I
A,D,H,F,C,E,B,I,G
A,D,H,F,C,E,G,B,I
A,D,H,F,C,E,G,I,B
A,D,H,F,C,E,I,B,G
A,D,H,F,C,E,I,G,B
A,D,H,F,C,G,B,E,I
A,D,H,F,C,G,B,I,E
A,D,H,F,C,G,E,B,I
A,D,H,F,C,G,E,I,B
A,D,H,F,C,G,I,B,E
A,D,H,F,C,G,I,E,B
A,D,H,F,C,I,B,E,G
A,D,H,F,C,I,B,G,E
A,D,H,F,C,I,E,B,G
A,D,H,F,C,I,E,G,B
A,D,H,F,C,I,G,B,E
A,D,H,F,C,I,G,E,B
A,D,H,F,E,B,C,G,I
A,D,H,F,E,B,C,I,G
A,D,H,F,E,B,G,C,I
A,D,H,F,E,B,G,I,C
A,D,H,F,E,B,I,C,G
A,D,H,F,E,B,I,G,C
A,D,H,F,E,C,B,G,I
A,D,H,F,E,C,B,I,G
A,D,H,F,E,C,G,B,I
A,D,H,F,E,C,G,I,B
A,D,H,F,E,C,I,B,G
A,D,H,F,E,C,I,G,B
A,D,H,F,E,G,B,C,I
A,D,H,F,E,G,B,I,C
A,D,H,F,E,G,C,B,I
A,D,H,F,E,G,C,I,B
A,D,H,F,E,G,I,B,C
A,D,H,F,E,G,I,C,B
A,D,H,F,E,I,B,C,G
A,D,H,F,E,I,B,G,C
A,D,H,F,E,I,C,B,G
A,D,H,F,E,I,C,G,B
A,D,H,F,E,I,G,B,C
A,D,H,F,E,I,G,C,B
A,D,H,F,G,B,C,E,I
A,D,H,F,G,B,C,I,E
A,D,H,F,G,B,E,C,I
A,D,H,F,G,B,E,I,C
A,D,H,F,G,B,I,C,E
A,D,H,F,G,B,I,E,C
A,D,H,F,G,C,B,E,I
A,D,H,F,G,C,B,I,E
A,D,H,F,G,C,E,B,I
A,D,H,F,G,C,E,I,B
A,D,H,F,G,C,I,B,E
A,D,H,F,G,C,I,E,B
A,D,H,F,G,E,B,C,I
A,D,H,F,G,E,B,I,C
A,D,H,F,G,E,C,B,I
A,D,H,F,G,E,C,I,B
A,D,H,F,G,E,I,B,C
A,D,H,F,G,E,I,C,B
A,D,H,F,G,I,B,C,E
A,D,H,F,G,I,B,E,C
A,D,H,F,G,I,C,B,E
A,D,H,F,G,I,C,E,B
A,D,H,F,G,I,E,B,C
A,D,H,F,G,I,E,C,B
A,D,H,F,I,B,C,E,G
A,D,H,F,I,B,C,G,E
A,D,H,F,I,B,E,C,G
A,D,H,F,I,B,E,G,C
A,D,H,F,I,B,G,C,E
A,D,H,F,I,B,G,E,C
A,D,H,F,I,C,B,E,G
A,D,H,F,I,C,B,G,E
A,D,H,F,I,C,E,B,G
A,D,H,F,I,C,E,G,B
A,D,H,F,I,C,G,B,E
A,D,H,F,I,C,G,E,B
A,D,H,F,I,E,B,C,G
A,D,H,F,I,E,B,G,C
A,D,H,F,I,E,C,B,G
A,D,H,F,I,E,C,G,B
A,D,H,F,I,E,G,B,C
A,D,H,F,I,E,G,C,B
A,D,H,F,I,G,B,C,E
A,D,H,F,I,G,B,E,C
A,D,H,F,I,G,C,B,E
A,D,H,F,I,G,C,E,B
A,D,H,F,I,G,E,B,C
A,D,H,F,I,G,E,C,B
A,D,H,G,B,C,E,F,I
A,D,H,G,B,C,E,I,F
A,D,H,G,B,C,F,E,I
A,D,H,G,B,C,F,I,E
A,D,H,G,B,C,I,E,F
A,D,H,G,B,C,I,F,E
A,D,H,G,B,E,C,F,I
A,D,H,G,B,E,C,I,F
A,D,H,G,B,E,F,C,I
A,D,H,G,B,E,F,I,C
A,D,H,G,B,E,I,C,F
A,D,H,G,B,E,I,F,C
A,D,H,G,B,F,C,E,I
A,D,H,G,B,F,C,I,E
A,D,H,G,B,F,E,C,I
A,D,H,G,B,F,E,I,C
A,D,H,G,B,F,I,C,E
A,D,H,G,B,F,I,E,C
A,D,H,G,B,I,C,E,F
A,D,H,G,B,I,C,F,E
A,D,H,G,B,I,E,C,F
A,D,H,G,B,I,E,F,C
A,D,H,G,B,I,F,C,E
A,D,H,G,B,I,F,E,C
A,D,H,G,C,B,E,F,I
A,D,H,G,C,B,E,I,F
A,D,H,G,C,B,F,E,I
A,D,H,G,C,B,F,I,E
A,D,H,G,C,B,I,E,F
A,D,H,G,C,B,I,F,E
A,D,H,G,C,E,B,F,I
A,D,H,G,C,E,B,I,F
A,D,H,G,C,E,F,B,I
A,D,H,G,C,E,F,I,B
A,D,H,G,C,E,I,B,F
A,D,H,G,C,E,I,F,B
A,D,H,G,C,F,B,E,I
A,D,H,G,C,F,B,I,E
A,D,H,G,C,F,E,B,I
A,D,H,G,C,F,E,I,B
A,D,H,G,C,F,I,B,E
A,D,H,G,C,F,I,E,B
A,D,H,G,C,I,B,E,F
A,D,H,G,C,I,B,F,E
A,D,H,G,C,I,E,B,F
A,D,H,G,C,I,E,F,B
A,D,H,G,C,I,F,B,E
A,D,H,G,C,I,F,E,B
A,D,H,G,E,B,C,F,I
A,D,H,G,E,B,C,I,F
A,D,H,G,E,B,F,C,I
A,D,H,G,E,B,F,I,C
A,D,H,G,E,B,I,C,F
A,D,H,G,E,B,I,F,C
A,D,H,G,E,C,B,F,I
A,D,H,G,E,C,B,I,F
A,D,H,G,E,C,F,B,I
A,D,H,G,E,C,F,I,B
A,D,H,G,E,C,I,B,F
A,D,H,G,E,C,I,F,B
A,D,H,G,E,F,B,C,I
A,D,H,G,E,F,B,I,C
A,D,H,G,E,F,C,B,I
A,D,H,G,E,F,C,I,B
A,D,H,G,E,F,I,B,C
A,D,H,G,E,F,I,C,B
A,D,H,G,E,I,B,C,F
A,D,H,G,E,I,B,F,C
A,D,H,G,E,I,C,B,F
A,D,H,G,E,I,C,F,B
A,D,H,G,E,I,F,B,C
A,D,H,G,E,I,F,C,B
A,D,H,G,F,B,C,E,I
A,D,H,G,F,B,C,I,E
A,D,H,G,F,B,E,C,I
A,D,H,G,F,B,E,I,C
A,D,H,G,F,B,I,C,E
A,D,H,G,F,B,I,E,C
A,D,H,G,F,C,B,E,I
A,D,H,G,F,C,B,I,E
A,D,H,G,F,C,E,B,I
A,D,H,G,F,C,E,I,B
A,D,H,G,F,C,I,B,E
A,D,H,G,F,C,I,E,B
A,D,H,G,F,E,B,C,I
A,D,H,G,F,E,B,I,C
A,D,H,G,F,E,C,B,I
A,D,H,G,F,E,C,I,B
A,D,H,G,F,E,I,B,C
A,D,H,G,F,E,I,C,B
A,D,H,G,F,I,B,C,E
A,D,H,G,F,I,B,E,C
A,D,H,G,F,I,C,B,E
A,D,H,G,F,I,C,E,B
A,D,H,G,F,I,E,B,C
A,D,H,G,F,I,E,C,B
A,D,H,G,I,B,C,E,F
A,D,H,G,I,B,C,F,E
A,D,H,G,I,B,E,C,F
A,D,H,G,I,B,E,F,C
A,D,H,G,I,B,F,C,E
A,D,H,G,I,B,F,E,C
A,D,H,G,I,C,B,E,F
A,D,H,G,I,C,B,F,E
A,D,H,G,I,C,E,B,F
A,D,H,G,I,C,E,F,B
A,D,H,G,I,C,F,B,E
A,D,H,G,I,C,F,E,B
A,D,H,G,I,E,B,C,F
A,D,H,G,I,E,B,F,C
A,D,H,G,I,E,C,B,F
A,D,H,G,I,E,C,F,B
A,D,H,G,I,E,F,B,C
A,D,H,G,I,E,F,C,B
A,D,H,G,I,F,B,C,E
A,D,H,G,I,F,B,E,C
A,D,H,G,I,F,C,B,E
A,D,H,G,I,F,C,E,B
A,D,H,G,I,F,E,B,C
A,D,H,G,I,F,E,C,B
A,D,H,I,B,C,E,F,G
A,D,H,I,B,C,E,G,F
A,D,H,I,B,C,F,E,G
A,D,H,I,B,C,F,G,E
A,D,H,I,B,C,G,E,F
A,D,H,I,B,C,G,F,E
A,D,H,I,B,E,C,F,G
A,D,H,I,B,E,C,G,F
A,D,H,I,B,E,F,C,G
A,D,H,I,B,E,F,G,C
A,D,H,I,B,E,G,C,F
A,D,H,I,B,E,G,F,C
A,D,H,I,B,F,C,E,G
A,D,H,I,B,F,C,G,E
A,D,H,I,B,F,E,C,G
A,D,H,I,B,F,E,G,C
A,D,H,I,B,F,G,C,E
A,D,H,I,B,F,G,E,C
A,D,H,I,B,G,C,E,F
A,D,H,I,B,G,C,F,E
A,D,H,I,B,G,E,C,F
A,D,H,I,B,G,E,F,C
A,D,H,I,B,G,F,C,E
A,D,H,I,B,G,F,E,C
A,D,H,I,C,B,E,F,G
A,D,H,I,C,B,E,G,F
A,D,H,I,C,B,F,E,G
A,D,H,I,C,B,F,G,E
A,D,H,I,C,B,G,E,F
A,D,H,I,C,B,G,F,E
A,D,H,I,C,E,B,F,G
A,D,H,I,C,E,B,G,F
A,D,H,I,C,E,F,B,G
A,D,H,I,C,E,F,G,B
A,D,H,I,C,E,G,B,F
A,D,H,I,C,E,G,F,B
A,D,H,I,C,F,B,E,G
A,D,H,I,C,F,B,G,E
A,D,H,I,C,F,E,B,G
A,D,H,I,C,F,E,G,B
A,D,H,I,C,F,G,B,E
A,D,H,I,C,F,G,E,B
A,D,H,I,C,G,B,E,F
A,D,H,I,C,G,B,F,E
A,D,H,I,C,G,E,B,F
A,D,H,I,C,G,E,F,B
A,D,H,I,C,G,F,B,E
A,D,H,I,C,G,F,E,B
A,D,H,I,E,B,C,F,G
A,D,H,I,E,B,C,G,F
A,D,H,I,E,B,F,C,G
A,D,H,I,E,B,F,G,C
A,D,H,I,E,B,G,C,F
A,D,H,I,E,B,G,F,C
A,D,H,I,E,C,B,F,G
A,D,H,I,E,C,B,G,F
A,D,H,I,E,C,F,B,G
A,D,H,I,E,C,F,G,B
A,D,H,I,E,C,G,B,F
A,D,H,I,E,C,G,F,B
A,D,H,I,E,F,B,C,G
A,D,H,I,E,F,B,G,C
A,D,H,I,E,F,C,B,G
A,D,H,I,E,F,C,G,B
A,D,H,I,E,F,G,B,C
A,D,H,I,E,F,G,C,B
A,D,H,I,E,G,B,C,F
A,D,H,I,E,G,B,F,C
A,D,H,I,E,G,C,B,F
A,D,H,I,E,G,C,F,B
A,D,H,I,E,G,F,B,C
A,D,H,I,E,G,F,C,B
A,D,H,I,F,B,C,E,G
A,D,H,I,F,B,C,G,E
A,D,H,I,F,B,E,C,G
A,D,H,I,F,B,E,G,C
A,D,H,I,F,B,G,C,E
A,D,H,I,F,B,G,E,C
A,D,H,I,F,C,B,E,G
A,D,H,I,F,C,B,G,E
A,D,H,I,F,C,E,B,G
A,D,H,I,F,C,E,G,B
A,D,H,I,F,C,G,B,E
A,D,H,I,F,C,G,E,B
A,D,H,I,F,E,B,C,G
A,D,H,I,F,E,B,G,C
A,D,H,I,F,E,C,B,G
A,D,H,I,F,E,C,G,B
A,D,H,I,F,E,G,B,C
A,D,H,I,F,E,G,C,B
A,D,H,I,F,G,B,C,E
A,D,H,I,F,G,B,E,C
A,D,H,I,F,G,C,B,E
A,D,H,I,F,G,C,E,B
A,D,H,I,F,G,E,B,C
A,D,H,I,F,G,E,C,B
A,D,H,I,G,B,C,E,F
A,D,H,I,G,B,C,F,E
A,D,H,I,G,B,E,C,F
A,D,H,I,G,B,E,F,C
A,D,H,I,G,B,F,C,E
A,D,H,I,G,B,F,E,C
A,D,H,I,G,C,B,E,F
A,D,H,I,G,C,B,F,E
A,D,H,I,G,C,E,B,F
A,D,H,I,G,C,E,F,B
A,D,H,I,G,C,F,B,E
A,D,H,I,G,C,F,E,B
A,D,H,I,G,E,B,C,F
A,D,H,I,G,E,B,F,C
A,D,H,I,G,E,C,B,F
A,D,H,I,G,E,C,F,B
A,D,H,I,G,E,F,B,C
A,D,H,I,G,E,F,C,B
A,D,H,I,G,F,B,C,E
A,D,H,I,G,F,B,E,C
A,D,H,I,G,F,C,B,E
A,D,H,I,G,F,C,E,B
A,D,H,I,G,F,E,B,C
A,D,H,I,G,F,E,C,B
A,D,I,B,C,E,F,G,H
A,D,I,B,C,E,F,H,G
A,D,I,B,C,E,G,F,H
A,D,I,B,C,E,G,H,F
A,D,I,B,C,E,H,F,G
A,D,I,B,C,E,H,G,F
A,D,I,B,C,F,E,G,H
A,D,I,B,C,F,E,H,G
A,D,I,B,C,F,G,E,H
A,D,I,B,C,F,G,H,E
A,D,I,B,C,F,H,E,G
A,D,I,B,C,F,H,G,E
A,D,I,B,C,G,E,F,H
A,D,I,B,C,G,E,H,F
A,D,I,B,C,G,F,E,H
A,D,I,B,C,G,F,H,E
A,D,I,B,C,G,H,E,F
A,D,I,B,C,G,H,F,E
A,D,I,B,C,H,E,F,G
A,D,I,B,C,H,E,G,F
A,D,I,B,C,H,F,E,G
A,D,I,B,C,H,F,G,E
A,D,I,B,C,H,G,E,F
A,D,I,B,C,H,G,F,E
A,D,I,B,E,C,F,G,H
A,D,I,B,E,C,F,H,G
A,D,I,B,E,C,G,F,H
A,D,I,B,E,C,G,H,F
A,D,I,B,E,C,H,F,G
A,D,I,B,E,C,H,G,F
A,D,I,B,E,F,C,G,H
A,D,I,B,E,F,C,H,G
A,D,I,B,E,F,G,C,H
A,D,I,B,E,F,G,H,C
A,D,I,B,E,F,H,C,G
A,D,I,B,E,F,H,G,C
A,D,I,B,E,G,C,F,H
A,D,I,B,E,G,C,H,F
A,D,I,B,E,G,F,C,H
A,D,I,B,E,G,F,H,C
A,D,I,B,E,G,H,C,F
A,D,I,B,E,G,H,F,C
A,D,I,B,E,H,C,F,G
A,D,I,B,E,H,C,G,F
A,D,I,B,E,H,F,C,G
A,D,I,B,E,H,F,G,C
A,D,I,B,E,H,G,C,F
A,D,I,B,E,H,G,F,C
A,D,I,B,F,C,E,G,H
A,D,I,B,F,C,E,H,G
A,D,I,B,F,C,G,E,H
A,D,I,B,F,C,G,H,E
A,D,I,B,F,C,H,E,G
A,D,I,B,F,C,H,G,E
A,D,I,B,F,E,C,G,H
A,D,I,B,F,E,C,H,G
A,D,I,B,F,E,G,C,H
A,D,I,B,F,E,G,H,C
A,D,I,B,F,E,H,C,G
A,D,I,B,F,E,H,G,C
A,D,I,B,F,G,C,E,H
A,D,I,B,F,G,C,H,E
A,D,I,B,F,G,E,C,H
A,D,I,B,F,G,E,H,C
A,D,I,B,F,G,H,C,E
A,D,I,B,F,G,H,E,C
A,D,I,B,F,H,C,E,G
A,D,I,B,F,H,C,G,E
A,D,I,B,F,H,E,C,G
A,D,I,B,F,H,E,G,C
A,D,I,B,F,H,G,C,E
A,D,I,B,F,H,G,E,C
A,D,I,B,G,C,E,F,H
A,D,I,B,G,C,E,H,F
A,D,I,B,G,C,F,E,H
A,D,I,B,G,C,F,H,E
A,D,I,B,G,C,H,E,F
A,D,I,B,G,C,H,F,E
A,D,I,B,G,E,C,F,H
A,D,I,B,G,E,C,H,F
A,D,I,B,G,E,F,C,H
A,D,I,B,G,E,F,H,C
A,D,I,B,G,E,H,C,F
A,D,I,B,G,E,H,F,C
A,D,I,B,G,F,C,E,H
A,D,I,B,G,F,C,H,E
A,D,I,B,G,F,E,C,H
A,D,I,B,G,F,E,H,C
A,D,I,B,G,F,H,C,E
A,D,I,B,G,F,H,E,C
A,D,I,B,G,H,C,E,F
A,D,I,B,G,H,C,F,E
A,D,I,B,G,H,E,C,F
A,D,I,B,G,H,E,F,C
A,D,I,B,G,H,F,C,E
A,D,I,B,G,H,F,E,C
A,D,I,B,H,C,E,F,G
A,D,I,B,H,C,E,G,F
A,D,I,B,H,C,F,E,G
A,D,I,B,H,C,F,G,E
A,D,I,B,H,C,G,E,F
A,D,I,B,H,C,G,F,E
A,D,I,B,H,E,C,F,G
A,D,I,B,H,E,C,G,F
A,D,I,B,H,E,F,C,G
A,D,I,B,H,E,F,G,C
A,D,I,B,H,E,G,C,F
A,D,I,B,H,E,G,F,C
A,D,I,B,H,F,C,E,G
A,D,I,B,H,F,C,G,E
A,D,I,B,H,F,E,C,G
A,D,I,B,H,F,E,G,C
A,D,I,B,H,F,G,C,E
A,D,I,B,H,F,G,E,C
A,D,I,B,H,G,C,E,F
A,D,I,B,H,G,C,F,E
A,D,I,B,H,G,E,C,F
A,D,I,B,H,G,E,F,C
A,D,I,B,H,G,F,C,E
A,D,I,B,H,G,F,E,C
A,D,I,C,B,E,F,G,H
A,D,I,C,B,E,F,H,G
A,D,I,C,B,E,G,F,H
A,D,I,C,B,E,G,H,F
A,D,I,C,B,E,H,F,G
A,D,I,C,B,E,H,G,F
A,D,I,C,B,F,E,G,H
A,D,I,C,B,F,E,H,G
A,D,I,C,B,F,G,E,H
A,D,I,C,B,F,G,H,E
A,D,I,C,B,F,H,E,G
A,D,I,C,B,F,H,G,E
A,D,I,C,B,G,E,F,H
A,D,I,C,B,G,E,H,F
A,D,I,C,B,G,F,E,H
A,D,I,C,B,G,F,H,E
A,D,I,C,B,G,H,E,F
A,D,I,C,B,G,H,F,E
A,D,I,C,B,H,E,F,G
A,D,I,C,B,H,E,G,F
A,D,I,C,B,H,F,E,G
A,D,I,C,B,H,F,G,E
A,D,I,C,B,H,G,E,F
A,D,I,C,B,H,G,F,E
A,D,I,C,E,B,F,G,H
A,D,I,C,E,B,F,H,G
A,D,I,C,E,B,G,F,H
A,D,I,C,E,B,G,H,F
A,D,I,C,E,B,H,F,G
A,D,I,C,E,B,H,G,F
A,D,I,C,E,F,B,G,H
A,D,I,C,E,F,B,H,G
A,D,I,C,E,F,G,B,H
A,D,I,C,E,F,G,H,B
A,D,I,C,E,F,H,B,G
A,D,I,C,E,F,H,G,B
A,D,I,C,E,G,B,F,H
A,D,I,C,E,G,B,H,F
A,D,I,C,E,G,F,B,H
A,D,I,C,E,G,F,H,B
A,D,I,C,E,G,H,B,F
A,D,I,C,E,G,H,F,B
A,D,I,C,E,H,B,F,G
A,D,I,C,E,H,B,G,F
A,D,I,C,E,H,F,B,G
A,D,I,C,E,H,F,G,B
A,D,I,C,E,H,G,B,F
A,D,I,C,E,H,G,F,B
A,D,I,C,F,B,E,G,H
A,D,I,C,F,B,E,H,G
A,D,I,C,F,B,G,E,H
A,D,I,C,F,B,G,H,E
A,D,I,C,F,B,H,E,G
A,D,I,C,F,B,H,G,E
A,D,I,C,F,E,B,G,H
A,D,I,C,F,E,B,H,G
A,D,I,C,F,E,G,B,H
A,D,I,C,F,E,G,H,B
A,D,I,C,F,E,H,B,G
A,D,I,C,F,E,H,G,B
A,D,I,C,F,G,B,E,H
A,D,I,C,F,G,B,H,E
A,D,I,C,F,G,E,B,H
A,D,I,C,F,G,E,H,B
A,D,I,C,F,G,H,B,E
A,D,I,C,F,G,H,E,B
A,D,I,C,F,H,B,E,G
A,D,I,C,F,H,B,G,E
A,D,I,C,F,H,E,B,G
A,D,I,C,F,H,E,G,B
A,D,I,C,F,H,G,B,E
A,D,I,C,F,H,G,E,B
A,D,I,C,G,B,E,F,H
A,D,I,C,G,B,E,H,F
A,D,I,C,G,B,F,E,H
A,D,I,C,G,B,F,H,E
A,D,I,C,G,B,H,E,F
A,D,I,C,G,B,H,F,E
A,D,I,C,G,E,B,F,H
A,D,I,C,G,E,B,H,F
A,D,I,C,G,E,F,B,H
A,D,I,C,G,E,F,H,B
A,D,I,C,G,E,H,B,F
A,D,I,C,G,E,H,F,B
A,D,I,C,G,F,B,E,H
A,D,I,C,G,F,B,H,E
A,D,I,C,G,F,E,B,H
A,D,I,C,G,F,E,H,B
A,D,I,C,G,F,H,B,E
A,D,I,C,G,F,H,E,B
A,D,I,C,G,H,B,E,F
A,D,I,C,G,H,B,F,E
A,D,I,C,G,H,E,B,F
A,D,I,C,G,H,E,F,B
A,D,I,C,G,H,F,B,E
A,D,I,C,G,H,F,E,B
A,D,I,C,H,B,E,F,G
A,D,I,C,H,B,E,G,F
A,D,I,C,H,B,F,E,G
A,D,I,C,H,B,F,G,E
A,D,I,C,H,B,G,E,F
A,D,I,C,H,B,G,F,E
A,D,I,C,H,E,B,F,G
A,D,I,C,H,E,B,G,F
A,D,I,C,H,E,F,B,G
A,D,I,C,H,E,F,G,B
A,D,I,C,H,E,G,B,F
A,D,I,C,H,E,G,F,B
A,D,I,C,H,F,B,E,G
A,D,I,C,H,F,B,G,E
A,D,I,C,H,F,E,B,G
A,D,I,C,H,F,E,G,B
A,D,I,C,H,F,G,B,E
A,D,I,C,H,F,G,E,B
A,D,I,C,H,G,B,E,F
A,D,I,C,H,G,B,F,E
A,D,I,C,H,G,E,B,F
A,D,I,C,H,G,E,F,B
A,D,I,C,H,G,F,B,E
A,D,I,C,H,G,F,E,B
A,D,I,E,B,C,F,G,H
A,D,I,E,B,C,F,H,G
A,D,I,E,B,C,G,F,H
A,D,I,E,B,C,G,H,F
A,D,I,E,B,C,H,F,G
A,D,I,E,B,C,H,G,F
A,D,I,E,B,F,C,G,H
A,D,I,E,B,F,C,H,G
A,D,I,E,B,F,G,C,H
A,D,I,E,B,F,G,H,C
A,D,I,E,B,F,H,C,G
A,D,I,E,B,F,H,G,C
A,D,I,E,B,G,C,F,H
A,D,I,E,B,G,C,H,F
A,D,I,E,B,G,F,C,H
A,D,I,E,B,G,F,H,C
A,D,I,E,B,G,H,C,F
A,D,I,E,B,G,H,F,C
A,D,I,E,B,H,C,F,G
A,D,I,E,B,H,C,G,F
A,D,I,E,B,H,F,C,G
A,D,I,E,B,H,F,G,C
A,D,I,E,B,H,G,C,F
A,D,I,E,B,H,G,F,C
A,D,I,E,C,B,F,G,H
A,D,I,E,C,B,F,H,G
A,D,I,E,C,B,G,F,H
A,D,I,E,C,B,G,H,F
A,D,I,E,C,B,H,F,G
A,D,I,E,C,B,H,G,F
A,D,I,E,C,F,B,G,H
A,D,I,E,C,F,B,H,G
A,D,I,E,C,F,G,B,H
A,D,I,E,C,F,G,H,B
A,D,I,E,C,F,H,B,G
A,D,I,E,C,F,H,G,B
A,D,I,E,C,G,B,F,H
A,D,I,E,C,G,B,H,F
A,D,I,E,C,G,F,B,H
A,D,I,E,C,G,F,H,B
A,D,I,E,C,G,H,B,F
A,D,I,E,C,G,H,F,B
A,D,I,E,C,H,B,F,G
A,D,I,E,C,H,B,G,F
A,D,I,E,C,H,F,B,G
A,D,I,E,C,H,F,G,B
A,D,I,E,C,H,G,B,F
A,D,I,E,C,H,G,F,B
A,D,I,E,F,B,C,G,H
A,D,I,E,F,B,C,H,G
A,D,I,E,F,B,G,C,H
A,D,I,E,F,B,G,H,C
A,D,I,E,F,B,H,C,G
A,D,I,E,F,B,H,G,C
A,D,I,E,F,C,B,G,H
A,D,I,E,F,C,B,H,G
A,D,I,E,F,C,G,B,H
A,D,I,E,F,C,G,H,B
A,D,I,E,F,C,H,B,G
A,D,I,E,F,C,H,G,B
A,D,I,E,F,G,B,C,H
A,D,I,E,F,G,B,H,C
A,D,I,E,F,G,C,B,H
A,D,I,E,F,G,C,H,B
A,D,I,E,F,G,H,B,C
A,D,I,E,F,G,H,C,B
A,D,I,E,F,H,B,C,G
A,D,I,E,F,H,B,G,C
A,D,I,E,F,H,C,B,G
A,D,I,E,F,H,C,G,B
A,D,I,E,F,H,G,B,C
A,D,I,E,F,H,G,C,B
A,D,I,E,G,B,C,F,H
A,D,I,E,G,B,C,H,F
A,D,I,E,G,B,F,C,H
A,D,I,E,G,B,F,H,C
A,D,I,E,G,B,H,C,F
A,D,I,E,G,B,H,F,C
A,D,I,E,G,C,B,F,H
A,D,I,E,G,C,B,H,F
A,D,I,E,G,C,F,B,H
A,D,I,E,G,C,F,H,B
A,D,I,E,G,C,H,B,F
A,D,I,E,G,C,H,F,B
A,D,I,E,G,F,B,C,H
A,D,I,E,G,F,B,H,C
A,D,I,E,G,F,C,B,H
A,D,I,E,G,F,C,H,B
A,D,I,E,G,F,H,B,C
A,D,I,E,G,F,H,C,B
A,D,I,E,G,H,B,C,F
A,D,I,E,G,H,B,F,C
A,D,I,E,G,H,C,B,F
A,D,I,E,G,H,C,F,B
A,D,I,E,G,H,F,B,C
A,D,I,E,G,H,F,C,B
A,D,I,E,H,B,C,F,G
A,D,I,E,H,B,C,G,F
A,D,I,E,H,B,F,C,G
A,D,I,E,H,B,F,G,C
A,D,I,E,H,B,G,C,F
A,D,I,E,H,B,G,F,C
A,D,I,E,H,C,B,F,G
A,D,I,E,H,C,B,G,F
A,D,I,E,H,C,F,B,G
A,D,I,E,H,C,F,G,B
A,D,I,E,H,C,G,B,F
A,D,I,E,H,C,G,F,B
A,D,I,E,H,F,B,C,G
A,D,I,E,H,F,B,G,C
A,D,I,E,H,F,C,B,G
A,D,I,E,H,F,C,G,B
A,D,I,E,H,F,G,B,C
A,D,I,E,H,F,G,C,B
A,D,I,E,H,G,B,C,F
A,D,I,E,H,G,B,F,C
A,D,I,E,H,G,C,B,F
A,D,I,E,H,G,C,F,B
A,D,I,E,H,G,F,B,C
A,D,I,E,H,G,F,C,B
A,D,I,F,B,C,E,G,H
A,D,I,F,B,C,E,H,G
A,D,I,F,B,C,G,E,H
A,D,I,F,B,C,G,H,E
A,D,I,F,B,C,H,E,G
A,D,I,F,B,C,H,G,E
A,D,I,F,B,E,C,G,H
A,D,I,F,B,E,C,H,G
A,D,I,F,B,E,G,C,H
A,D,I,F,B,E,G,H,C
A,D,I,F,B,E,H,C,G
A,D,I,F,B,E,H,G,C
A,D,I,F,B,G,C,E,H
A,D,I,F,B,G,C,H,E
A,D,I,F,B,G,E,C,H
A,D,I,F,B,G,E,H,C
A,D,I,F,B,G,H,C,E
A,D,I,F,B,G,H,E,C
A,D,I,F,B,H,C,E,G
A,D,I,F,B,H,C,G,E
A,D,I,F,B,H,E,C,G
A,D,I,F,B,H,E,G,C
A,D,I,F,B,H,G,C,E
A,D,I,F,B,H,G,E,C
A,D,I,F,C,B,E,G,H
A,D,I,F,C,B,E,H,G
A,D,I,F,C,B,G,E,H
A,D,I,F,C,B,G,H,E
A,D,I,F,C,B,H,E,G
A,D,I,F,C,B,H,G,E
A,D,I,F,C,E,B,G,H
A,D,I,F,C,E,B,H,G
A,D,I,F,C,E,G,B,H
A,D,I,F,C,E,G,H,B
A,D,I,F,C,E,H,B,G
A,D,I,F,C,E,H,G,B
A,D,I,F,C,G,B,E,H
A,D,I,F,C,G,B,H,E
A,D,I,F,C,G,E,B,H
A,D,I,F,C,G,E,H,B
A,D,I,F,C,G,H,B,E
A,D,I,F,C,G,H,E,B
A,D,I,F,C,H,B,E,G
A,D,I,F,C,H,B,G,E
A,D,I,F,C,H,E,B,G
A,D,I,F,C,H,E,G,B
A,D,I,F,C,H,G,B,E
A,D,I,F,C,H,G,E,B
A,D,I,F,E,B,C,G,H
A,D,I,F,E,B,C,H,G
A,D,I,F,E,B,G,C,H
A,D,I,F,E,B,G,H,C
A,D,I,F,E,B,H,C,G
A,D,I,F,E,B,H,G,C
A,D,I,F,E,C,B,G,H
A,D,I,F,E,C,B,H,G
A,D,I,F,E,C,G,B,H
A,D,I,F,E,C,G,H,B
A,D,I,F,E,C,H,B,G
A,D,I,F,E,C,H,G,B
A,D,I,F,E,G,B,C,H
A,D,I,F,E,G,B,H,C
A,D,I,F,E,G,C,B,H
A,D,I,F,E,G,C,H,B
A,D,I,F,E,G,H,B,C
A,D,I,F,E,G,H,C,B
A,D,I,F,E,H,B,C,G
A,D,I,F,E,H,B,G,C
A,D,I,F,E,H,C,B,G
A,D,I,F,E,H,C,G,B
A,D,I,F,E,H,G,B,C
A,D,I,F,E,H,G,C,B
A,D,I,F,G,B,C,E,H
A,D,I,F,G,B,C,H,E
A,D,I,F,G,B,E,C,H
A,D,I,F,G,B,E,H,C
A,D,I,F,G,B,H,C,E
A,D,I,F,G,B,H,E,C
A,D,I,F,G,C,B,E,H
A,D,I,F,G,C,B,H,E
A,D,I,F,G,C,E,B,H
A,D,I,F,G,C,E,H,B
A,D,I,F,G,C,H,B,E
A,D,I,F,G,C,H,E,B
A,D,I,F,G,E,B,C,H
A,D,I,F,G,E,B,H,C
A,D,I,F,G,E,C,B,H
A,D,I,F,G,E,C,H,B
A,D,I,F,G,E,H,B,C
A,D,I,F,G,E,H,C,B
A,D,I,F,G,H,B,C,E
A,D,I,F,G,H,B,E,C
A,D,I,F,G,H,C,B,E
A,D,I,F,G,H,C,E,B
A,D,I,F,G,H,E,B,C
A,D,I,F,G,H,E,C,B
A,D,I,F,H,B,C,E,G
A,D,I,F,H,B,C,G,E
A,D,I,F,H,B,E,C,G
A,D,I,F,H,B,E,G,C
A,D,I,F,H,B,G,C,E
A,D,I,F,H,B,G,E,C
A,D,I,F,H,C,B,E,G
A,D,I,F,H,C,B,G,E
A,D,I,F,H,C,E,B,G
A,D,I,F,H,C,E,G,B
A,D,I,F,H,C,G,B,E
A,D,I,F,H,C,G,E,B
A,D,I,F,H,E,B,C,G
A,D,I,F,H,E,B,G,C
A,D,I,F,H,E,C,B,G
A,D,I,F,H,E,C,G,B
A,D,I,F,H,E,G,B,C
A,D,I,F,H,E,G,C,B
A,D,I,F,H,G,B,C,E
A,D,I,F,H,G,B,E,C
A,D,I,F,H,G,C,B,E
A,D,I,F,H,G,C,E,B
A,D,I,F,H,G,E,B,C
A,D,I,F,H,G,E,C,B
A,D,I,G,B,C,E,F,H
A,D,I,G,B,C,E,H,F
A,D,I,G,B,C,F,E,H
A,D,I,G,B,C,F,H,E
A,D,I,G,B,C,H,E,F
A,D,I,G,B,C,H,F,E
A,D,I,G,B,E,C,F,H
A,D,I,G,B,E,C,H,F
A,D,I,G,B,E,F,C,H
A,D,I,G,B,E,F,H,C
A,D,I,G,B,E,H,C,F
A,D,I,G,B,E,H,F,C
A,D,I,G,B,F,C,E,H
A,D,I,G,B,F,C,H,E
A,D,I,G,B,F,E,C,H
A,D,I,G,B,F,E,H,C
A,D,I,G,B,F,H,C,E
A,D,I,G,B,F,H,E,C
A,D,I,G,B,H,C,E,F
A,D,I,G,B,H,C,F,E
A,D,I,G,B,H,E,C,F
A,D,I,G,B,H,E,F,C
A,D,I,G,B,H,F,C,E
A,D,I,G,B,H,F,E,C
A,D,I,G,C,B,E,F,H
A,D,I,G,C,B,E,H,F
A,D,I,G,C,B,F,E,H
A,D,I,G,C,B,F,H,E
A,D,I,G,C,B,H,E,F
A,D,I,G,C,B,H,F,E
A,D,I,G,C,E,B,F,H
A,D,I,G,C,E,B,H,F
A,D,I,G,C,E,F,B,H
A,D,I,G,C,E,F,H,B
A,D,I,G,C,E,H,B,F
A,D,I,G,C,E,H,F,B
A,D,I,G,C,F,B,E,H
A,D,I,G,C,F,B,H,E
A,D,I,G,C,F,E,B,H
A,D,I,G,C,F,E,H,B
A,D,I,G,C,F,H,B,E
A,D,I,G,C,F,H,E,B
A,D,I,G,C,H,B,E,F
A,D,I,G,C,H,B,F,E
A,D,I,G,C,H,E,B,F
A,D,I,G,C,H,E,F,B
A,D,I,G,C,H,F,B,E
A,D,I,G,C,H,F,E,B
A,D,I,G,E,B,C,F,H
A,D,I,G,E,B,C,H,F
A,D,I,G,E,B,F,C,H
A,D,I,G,E,B,F,H,C
A,D,I,G,E,B,H,C,F
A,D,I,G,E,B,H,F,C
A,D,I,G,E,C,B,F,H
A,D,I,G,E,C,B,H,F
A,D,I,G,E,C,F,B,H
A,D,I,G,E,C,F,H,B
A,D,I,G,E,C,H,B,F
A,D,I,G,E,C,H,F,B
A,D,I,G,E,F,B,C,H
A,D,I,G,E,F,B,H,C
A,D,I,G,E,F,C,B,H
A,D,I,G,E,F,C,H,B
A,D,I,G,E,F,H,B,C
A,D,I,G,E,F,H,C,B
A,D,I,G,E,H,B,C,F
A,D,I,G,E,H,B,F,C
A,D,I,G,E,H,C,B,F
A,D,I,G,E,H,C,F,B
A,D,I,G,E,H,F,B,C
A,D,I,G,E,H,F,C,B
A,D,I,G,F,B,C,E,H
A,D,I,G,F,B,C,H,E
A,D,I,G,F,B,E,C,H
A,D,I,G,F,B,E,H,C
A,D,I,G,F,B,H,C,E
A,D,I,G,F,B,H,E,C
A,D,I,G,F,C,B,E,H
A,D,I,G,F,C,B,H,E
A,D,I,G,F,C,E,B,H
A,D,I,G,F,C,E,H,B
A,D,I,G,F,C,H,B,E
A,D,I,G,F,C,H,E,B
A,D,I,G,F,E,B,C,H
A,D,I,G,F,E,B,H,C
A,D,I,G,F,E,C,B,H
A,D,I,G,F,E,C,H,B
A,D,I,G,F,E,H,B,C
A,D,I,G,F,E,H,C,B
A,D,I,G,F,H,B,C,E
A,D,I,G,F,H,B,E,C
A,D,I,G,F,H,C,B,E
A,D,I,G,F,H,C,E,B
A,D,I,G,F,H,E,B,C
A,D,I,G,F,H,E,C,B
A,D,I,G,H,B,C,E,F
A,D,I,G,H,B,C,F,E
A,D,I,G,H,B,E,C,F
A,D,I,G,H,B,E,F,C
A,D,I,G,H,B,F,C,E
A,D,I,G,H,B,F,E,C
A,D,I,G,H,C,B,E,F
A,D,I,G,H,C,B,F,E
A,D,I,G,H,C,E,B,F
A,D,I,G,H,C,E,F,B
A,D,I,G,H,C,F,B,E
A,D,I,G,H,C,F,E,B
A,D,I,G,H,E,B,C,F
A,D,I,G,H,E,B,F,C
A,D,I,G,H,E,C,B,F
A,D,I,G,H,E,C,F,B
A,D,I,G,H,E,F,B,C
A,D,I,G,H,E,F,C,B
A,D,I,G,H,F,B,C,E
A,D,I,G,H,F,B,E,C
A,D,I,G,H,F,C,B,E
A,D,I,G,H,F,C,E,B
A,D,I,G,H,F,E,B,C
A,D,I,G,H,F,E,C,B
A,D,I,H,B,C,E,F,G
A,D,I,H,B,C,E,G,F
A,D,I,H,B,C,F,E,G
A,D,I,H,B,C,F,G,E
A,D,I,H,B,C,G,E,F
A,D,I,H,B,C,G,F,E
A,D,I,H,B,E,C,F,G
A,D,I,H,B,E,C,G,F
A,D,I,H,B,E,F,C,G
A,D,I,H,B,E,F,G,C
A,D,I,H,B,E,G,C,F
A,D,I,H,B,E,G,F,C
A,D,I,H,B,F,C,E,G
A,D,I,H,B,F,C,G,E
A,D,I,H,B,F,E,C,G
A,D,I,H,B,F,E,G,C
A,D,I,H,B,F,G,C,E
A,D,I,H,B,F,G,E,C
A,D,I,H,B,G,C,E,F
A,D,I,H,B,G,C,F,E
A,D,I,H,B,G,E,C,F
A,D,I,H,B,G,E,F,C
A,D,I,H,B,G,F,C,E
A,D,I,H,B,G,F,E,C
A,D,I,H,C,B,E,F,G
A,D,I,H,C,B,E,G,F
A,D,I,H,C,B,F,E,G
A,D,I,H,C,B,F,G,E
A,D,I,H,C,B,G,E,F
A,D,I,H,C,B,G,F,E
A,D,I,H,C,E,B,F,G
A,D,I,H,C,E,B,G,F
A,D,I,H,C,E,F,B,G
A,D,I,H,C,E,F,G,B
A,D,I,H,C,E,G,B,F
A,D,I,H,C,E,G,F,B
A,D,I,H,C,F,B,E,G
A,D,I,H,C,F,B,G,E
A,D,I,H,C,F,E,B,G
A,D,I,H,C,F,E,G,B
A,D,I,H,C,F,G,B,E
A,D,I,H,C,F,G,E,B
A,D,I,H,C,G,B,E,F
A,D,I,H,C,G,B,F,E
A,D,I,H,C,G,E,B,F
A,D,I,H,C,G,E,F,B
A,D,I,H,C,G,F,B,E
A,D,I,H,C,G,F,E,B
A,D,I,H,E,B,C,F,G
A,D,I,H,E,B,C,G,F
A,D,I,H,E,B,F,C,G
A,D,I,H,E,B,F,G,C
A,D,I,H,E,B,G,C,F
A,D,I,H,E,B,G,F,C
A,D,I,H,E,C,B,F,G
A,D,I,H,E,C,B,G,F
A,D,I,H,E,C,F,B,G
A,D,I,H,E,C,F,G,B
A,D,I,H,E,C,G,B,F
A,D,I,H,E,C,G,F,B
A,D,I,H,E,F,B,C,G
A,D,I,H,E,F,B,G,C
A,D,I,H,E,F,C,B,G
A,D,I,H,E,F,C,G,B
A,D,I,H,E,F,G,B,C
A,D,I,H,E,F,G,C,B
A,D,I,H,E,G,B,C,F
A,D,I,H,E,G,B,F,C
A,D,I,H,E,G,C,B,F
A,D,I,H,E,G,C,F,B
A,D,I,H,E,G,F,B,C
A,D,I,H,E,G,F,C,B
A,D,I,H,F,B,C,E,G
A,D,I,H,F,B,C,G,E
A,D,I,H,F,B,E,C,G
A,D,I,H,F,B,E,G,C
A,D,I,H,F,B,G,C,E
A,D,I,H,F,B,G,E,C
A,D,I,H,F,C,B,E,G
A,D,I,H,F,C,B,G,E
A,D,I,H,F,C,E,B,G
A,D,I,H,F,C,E,G,B
A,D,I,H,F,C,G,B,E
A,D,I,H,F,C,G,E,B
A,D,I,H,F,E,B,C,G
A,D,I,H,F,E,B,G,C
A,D,I,H,F,E,C,B,G
A,D,I,H,F,E,C,G,B
A,D,I,H,F,E,G,B,C
A,D,I,H,F,E,G,C,B
A,D,I,H,F,G,B,C,E
A,D,I,H,F,G,B,E,C
A,D,I,H,F,G,C,B,E
A,D,I,H,F,G,C,E,B
A,D,I,H,F,G,E,B,C
A,D,I,H,F,G,E,C,B
A,D,I,H,G,B,C,E,F
A,D,I,H,G,B,C,F,E
A,D,I,H,G,B,E,C,F
A,D,I,H,G,B,E,F,C
A,D,I,H,G,B,F,C,E
A,D,I,H,G,B,F,E,C
A,D,I,H,G,C,B,E,F
A,D,I,H,G,C,B,F,E
A,D,I,H,G,C,E,B,F
A,D,I,H,G,C,E,F,B
A,D,I,H,G,C,F,B,E
A,D,I,H,G,C,F,E,B
A,D,I,H,G,E,B,C,F
A,D,I,H,G,E,B,F,C
A,D,I,H,G,E,C,B,F
A,D,I,H,G,E,C,F,B
A,D,I,H,G,E,F,B,C
A,D,I,H,G,E,F,C,B
A,D,I,H,G,F,B,C,E
A,D,I,H,G,F,B,E,C
A,D,I,H,G,F,C,B,E
A,D,I,H,G,F,C,E,B
A,D,I,H,G,F,E,B,C
A,D,I,H,G,F,E,C,B
A,E,B,C,D,F,G,H,I
A,E,B,C,D,F,G,I,H
A,E,B,C,D,F,H,G,I
A,E,B,C,D,F,H,I,G
A,E,B,C,D,F,I,G,H
A,E,B,C,D,F,I,H,G
A,E,B,C,D,G,F,H,I
A,E,B,C,D,G,F,I,H
A,E,B,C,D,G,H,F,I
A,E,B,C,D,G,H,I,F
A,E,B,C,D,G,I,F,H
A,E,B,C,D,G,I,H,F
A,E,B,C,D,H,F,G,I
A,E,B,C,D,H,F,I,G
A,E,B,C,D,H,G,F,I
A,E,B,C,D,H,G,I,F
A,E,B,C,D,H,I,F,G
A,E,B,C,D,H,I,G,F
A,E,B,C,D,I,F,G,H
A,E,B,C,D,I,F,H,G
A,E,B,C,D,I,G,F,H
A,E,B,C,D,I,G,H,F
A,E,B,C,D,I,H,F,G
A,E,B,C,D,I,H,G,F
A,E,B,C,F,D,G,H,I
A,E,B,C,F,D,G,I,H
A,E,B,C,F,D,H,G,I
A,E,B,C,F,D,H,I,G
A,E,B,C,F,D,I,G,H
A,E,B,C,F,D,I,H,G
A,E,B,C,F,G,D,H,I
A,E,B,C,F,G,D,I,H
A,E,B,C,F,G,H,D,I
A,E,B,C,F,G,H,I,D
A,E,B,C,F,G,I,D,H
A,E,B,C,F,G,I,H,D
A,E,B,C,F,H,D,G,I
A,E,B,C,F,H,D,I,G
A,E,B,C,F,H,G,D,I
A,E,B,C,F,H,G,I,D
A,E,B,C,F,H,I,D,G
A,E,B,C,F,H,I,G,D
A,E,B,C,F,I,D,G,H
A,E,B,C,F,I,D,H,G
A,E,B,C,F,I,G,D,H
A,E,B,C,F,I,G,H,D
A,E,B,C,F,I,H,D,G
A,E,B,C,F,I,H,G,D
A,E,B,C,G,D,F,H,I
A,E,B,C,G,D,F,I,H
A,E,B,C,G,D,H,F,I
A,E,B,C,G,D,H,I,F
A,E,B,C,G,D,I,F,H
A,E,B,C,G,D,I,H,F
A,E,B,C,G,F,D,H,I
A,E,B,C,G,F,D,I,H
A,E,B,C,G,F,H,D,I
A,E,B,C,G,F,H,I,D
A,E,B,C,G,F,I,D,H
A,E,B,C,G,F,I,H,D
A,E,B,C,G,H,D,F,I
A,E,B,C,G,H,D,I,F
A,E,B,C,G,H,F,D,I
A,E,B,C,G,H,F,I,D
A,E,B,C,G,H,I,D,F
A,E,B,C,G,H,I,F,D
A,E,B,C,G,I,D,F,H
A,E,B,C,G,I,D,H,F
A,E,B,C,G,I,F,D,H
A,E,B,C,G,I,F,H,D
A,E,B,C,G,I,H,D,F
A,E,B,C,G,I,H,F,D
A,E,B,C,H,D,F,G,I
A,E,B,C,H,D,F,I,G
A,E,B,C,H,D,G,F,I
A,E,B,C,H,D,G,I,F
A,E,B,C,H,D,I,F,G
A,E,B,C,H,D,I,G,F
A,E,B,C,H,F,D,G,I
A,E,B,C,H,F,D,I,G
A,E,B,C,H,F,G,D,I
A,E,B,C,H,F,G,I,D
A,E,B,C,H,F,I,D,G
A,E,B,C,H,F,I,G,D
A,E,B,C,H,G,D,F,I
A,E,B,C,H,G,D,I,F
A,E,B,C,H,G,F,D,I
A,E,B,C,H,G,F,I,D
A,E,B,C,H,G,I,D,F
A,E,B,C,H,G,I,F,D
A,E,B,C,H,I,D,F,G
A,E,B,C,H,I,D,G,F
A,E,B,C,H,I,F,D,G
A,E,B,C,H,I,F,G,D
A,E,B,C,H,I,G,D,F
A,E,B,C,H,I,G,F,D
A,E,B,C,I,D,F,G,H
A,E,B,C,I,D,F,H,G
A,E,B,C,I,D,G,F,H
A,E,B,C,I,D,G,H,F
A,E,B,C,I,D,H,F,G
A,E,B,C,I,D,H,G,F
A,E,B,C,I,F,D,G,H
A,E,B,C,I,F,D,H,G
A,E,B,C,I,F,G,D,H
A,E,B,C,I,F,G,H,D
A,E,B,C,I,F,H,D,G
A,E,B,C,I,F,H,G,D
A,E,B,C,I,G,D,F,H
A,E,B,C,I,G,D,H,F
A,E,B,C,I,G,F,D,H
A,E,B,C,I,G,F,H,D
A,E,B,C,I,G,H,D,F
A,E,B,C,I,G,H,F,D
A,E,B,C,I,H,D,F,G
A,E,B,C,I,H,D,G,F
A,E,B,C,I,H,F,D,G
A,E,B,C,I,H,F,G,D
A,E,B,C,I,H,G,D,F
A,E,B,C,I,H,G,F,D
A,E,B,D,C,F,G,H,I
A,E,B,D,C,F,G,I,H
A,E,B,D,C,F,H,G,I
A,E,B,D,C,F,H,I,G
A,E,B,D,C,F,I,G,H
A,E,B,D,C,F,I,H,G
A,E,B,D,C,G,F,H,I
A,E,B,D,C,G,F,I,H
A,E,B,D,C,G,H,F,I
A,E,B,D,C,G,H,I,F
A,E,B,D,C,G,I,F,H
A,E,B,D,C,G,I,H,F
A,E,B,D,C,H,F,G,I
A,E,B,D,C,H,F,I,G
A,E,B,D,C,H,G,F,I
A,E,B,D,C,H,G,I,F
A,E,B,D,C,H,I,F,G
A,E,B,D,C,H,I,G,F
A,E,B,D,C,I,F,G,H
A,E,B,D,C,I,F,H,G
A,E,B,D,C,I,G,F,H
A,E,B,D,C,I,G,H,F
A,E,B,D,C,I,H,F,G
A,E,B,D,C,I,H,G,F
A,E,B,D,F,C,G,H,I
A,E,B,D,F,C,G,I,H
A,E,B,D,F,C,H,G,I
A,E,B,D,F,C,H,I,G
A,E,B,D,F,C,I,G,H
A,E,B,D,F,C,I,H,G
A,E,B,D,F,G,C,H,I
A,E,B,D,F,G,C,I,H
A,E,B,D,F,G,H,C,I
A,E,B,D,F,G,H,I,C
A,E,B,D,F,G,I,C,H
A,E,B,D,F,G,I,H,C
A,E,B,D,F,H,C,G,I
A,E,B,D,F,H,C,I,G
A,E,B,D,F,H,G,C,I
A,E,B,D,F,H,G,I,C
A,E,B,D,F,H,I,C,G
A,E,B,D,F,H,I,G,C
A,E,B,D,F,I,C,G,H
A,E,B,D,F,I,C,H,G
A,E,B,D,F,I,G,C,H
A,E,B,D,F,I,G,H,C
A,E,B,D,F,I,H,C,G
A,E,B,D,F,I,H,G,C
A,E,B,D,G,C,F,H,I
A,E,B,D,G,C,F,I,H
A,E,B,D,G,C,H,F,I
A,E,B,D,G,C,H,I,F
A,E,B,D,G,C,I,F,H
A,E,B,D,G,C,I,H,F
A,E,B,D,G,F,C,H,I
A,E,B,D,G,F,C,I,H
A,E,B,D,G,F,H,C,I
A,E,B,D,G,F,H,I,C
A,E,B,D,G,F,I,C,H
A,E,B,D,G,F,I,H,C
A,E,B,D,G,H,C,F,I
A,E,B,D,G,H,C,I,F
A,E,B,D,G,H,F,C,I
A,E,B,D,G,H,F,I,C
A,E,B,D,G,H,I,C,F
A,E,B,D,G,H,I,F,C
A,E,B,D,G,I,C,F,H
A,E,B,D,G,I,C,H,F
A,E,B,D,G,I,F,C,H
A,E,B,D,G,I,F,H,C
A,E,B,D,G,I,H,C,F
A,E,B,D,G,I,H,F,C
A,E,B,D,H,C,F,G,I
A,E,B,D,H,C,F,I,G
A,E,B,D,H,C,G,F,I
A,E,B,D,H,C,G,I,F
A,E,B,D,H,C,I,F,G
A,E,B,D,H,C,I,G,F
A,E,B,D,H,F,C,G,I
A,E,B,D,H,F,C,I,G
A,E,B,D,H,F,G,C,I
A,E,B,D,H,F,G,I,C
A,E,B,D,H,F,I,C,G
A,E,B,D,H,F,I,G,C
A,E,B,D,H,G,C,F,I
A,E,B,D,H,G,C,I,F
A,E,B,D,H,G,F,C,I
A,E,B,D,H,G,F,I,C
A,E,B,D,H,G,I,C,F
A,E,B,D,H,G,I,F,C
A,E,B,D,H,I,C,F,G
A,E,B,D,H,I,C,G,F
A,E,B,D,H,I,F,C,G
A,E,B,D,H,I,F,G,C
A,E,B,D,H,I,G,C,F
A,E,B,D,H,I,G,F,C
A,E,B,D,I,C,F,G,H
A,E,B,D,I,C,F,H,G
A,E,B,D,I,C,G,F,H
A,E,B,D,I,C,G,H,F
A,E,B,D,I,C,H,F,G
A,E,B,D,I,C,H,G,F
A,E,B,D,I,F,C,G,H
A,E,B,D,I,F,C,H,G
A,E,B,D,I,F,G,C,H
A,E,B,D,I,F,G,H,C
A,E,B,D,I,F,H,C,G
A,E,B,D,I,F,H,G,C
A,E,B,D,I,G,C,F,H
A,E,B,D,I,G,C,H,F
A,E,B,D,I,G,F,C,H
A,E,B,D,I,G,F,H,C
A,E,B,D,I,G,H,C,F
A,E,B,D,I,G,H,F,C
A,E,B,D,I,H,C,F,G
A,E,B,D,I,H,C,G,F
A,E,B,D,I,H,F,C,G
A,E,B,D,I,H,F,G,C
A,E,B,D,I,H,G,C,F
A,E,B,D,I,H,G,F,C
A,E,B,F,C,D,G,H,I
A,E,B,F,C,D,G,I,H
A,E,B,F,C,D,H,G,I
A,E,B,F,C,D,H,I,G
A,E,B,F,C,D,I,G,H
A,E,B,F,C,D,I,H,G
A,E,B,F,C,G,D,H,I
A,E,B,F,C,G,D,I,H
A,E,B,F,C,G,H,D,I
A,E,B,F,C,G,H,I,D
A,E,B,F,C,G,I,D,H
A,E,B,F,C,G,I,H,D
A,E,B,F,C,H,D,G,I
A,E,B,F,C,H,D,I,G
A,E,B,F,C,H,G,D,I
A,E,B,F,C,H,G,I,D
A,E,B,F,C,H,I,D,G
A,E,B,F,C,H,I,G,D
A,E,B,F,C,I,D,G,H
A,E,B,F,C,I,D,H,G
A,E,B,F,C,I,G,D,H
A,E,B,F,C,I,G,H,D
A,E,B,F,C,I,H,D,G
A,E,B,F,C,I,H,G,D
A,E,B,F,D,C,G,H,I
A,E,B,F,D,C,G,I,H
A,E,B,F,D,C,H,G,I
A,E,B,F,D,C,H,I,G
A,E,B,F,D,C,I,G,H
A,E,B,F,D,C,I,H,G
A,E,B,F,D,G,C,H,I
A,E,B,F,D,G,C,I,H
A,E,B,F,D,G,H,C,I
A,E,B,F,D,G,H,I,C
A,E,B,F,D,G,I,C,H
A,E,B,F,D,G,I,H,C
A,E,B,F,D,H,C,G,I
A,E,B,F,D,H,C,I,G
A,E,B,F,D,H,G,C,I
A,E,B,F,D,H,G,I,C
A,E,B,F,D,H,I,C,G
A,E,B,F,D,H,I,G,C
A,E,B,F,D,I,C,G,H
A,E,B,F,D,I,C,H,G
A,E,B,F,D,I,G,C,H
A,E,B,F,D,I,G,H,C
A,E,B,F,D,I,H,C,G
A,E,B,F,D,I,H,G,C
A,E,B,F,G,C,D,H,I
A,E,B,F,G,C,D,I,H
A,E,B,F,G,C,H,D,I
A,E,B,F,G,C,H,I,D
A,E,B,F,G,C,I,D,H
A,E,B,F,G,C,I,H,D
A,E,B,F,G,D,C,H,I
A,E,B,F,G,D,C,I,H
A,E,B,F,G,D,H,C,I
A,E,B,F,G,D,H,I,C
A,E,B,F,G,D,I,C,H
A,E,B,F,G,D,I,H,C
A,E,B,F,G,H,C,D,I
A,E,B,F,G,H,C,I,D
A,E,B,F,G,H,D,C,I
A,E,B,F,G,H,D,I,C
A,E,B,F,G,H,I,C,D
A,E,B,F,G,H,I,D,C
A,E,B,F,G,I,C,D,H
A,E,B,F,G,I,C,H,D
A,E,B,F,G,I,D,C,H
A,E,B,F,G,I,D,H,C
A,E,B,F,G,I,H,C,D
A,E,B,F,G,I,H,D,C
A,E,B,F,H,C,D,G,I
A,E,B,F,H,C,D,I,G
A,E,B,F,H,C,G,D,I
A,E,B,F,H,C,G,I,D
A,E,B,F,H,C,I,D,G
A,E,B,F,H,C,I,G,D
A,E,B,F,H,D,C,G,I
A,E,B,F,H,D,C,I,G
A,E,B,F,H,D,G,C,I
A,E,B,F,H,D,G,I,C
A,E,B,F,H,D,I,C,G
A,E,B,F,H,D,I,G,C
A,E,B,F,H,G,C,D,I
A,E,B,F,H,G,C,I,D
A,E,B,F,H,G,D,C,I
A,E,B,F,H,G,D,I,C
A,E,B,F,H,G,I,C,D
A,E,B,F,H,G,I,D,C
A,E,B,F,H,I,C,D,G
A,E,B,F,H,I,C,G,D
A,E,B,F,H,I,D,C,G
A,E,B,F,H,I,D,G,C
A,E,B,F,H,I,G,C,D
A,E,B,F,H,I,G,D,C
A,E,B,F,I,C,D,G,H
A,E,B,F,I,C,D,H,G
A,E,B,F,I,C,G,D,H
A,E,B,F,I,C,G,H,D
A,E,B,F,I,C,H,D,G
A,E,B,F,I,C,H,G,D
A,E,B,F,I,D,C,G,H
A,E,B,F,I,D,C,H,G
A,E,B,F,I,D,G,C,H
A,E,B,F,I,D,G,H,C
A,E,B,F,I,D,H,C,G
A,E,B,F,I,D,H,G,C
A,E,B,F,I,G,C,D,H
A,E,B,F,I,G,C,H,D
A,E,B,F,I,G,D,C,H
A,E,B,F,I,G,D,H,C
A,E,B,F,I,G,H,C,D
A,E,B,F,I,G,H,D,C
A,E,B,F,I,H,C,D,G
A,E,B,F,I,H,C,G,D
A,E,B,F,I,H,D,C,G
A,E,B,F,I,H,D,G,C
A,E,B,F,I,H,G,C,D
A,E,B,F,I,H,G,D,C
A,E,B,G,C,D,F,H,I
A,E,B,G,C,D,F,I,H
A,E,B,G,C,D,H,F,I
A,E,B,G,C,D,H,I,F
A,E,B,G,C,D,I,F,H
A,E,B,G,C,D,I,H,F
A,E,B,G,C,F,D,H,I
A,E,B,G,C,F,D,I,H
A,E,B,G,C,F,H,D,I
A,E,B,G,C,F,H,I,D
A,E,B,G,C,F,I,D,H
A,E,B,G,C,F,I,H,D
A,E,B,G,C,H,D,F,I
A,E,B,G,C,H,D,I,F
A,E,B,G,C,H,F,D,I
A,E,B,G,C,H,F,I,D
A,E,B,G,C,H,I,D,F
A,E,B,G,C,H,I,F,D
A,E,B,G,C,I,D,F,H
A,E,B,G,C,I,D,H,F
A,E,B,G,C,I,F,D,H
A,E,B,G,C,I,F,H,D
A,E,B,G,C,I,H,D,F
A,E,B,G,C,I,H,F,D
A,E,B,G,D,C,F,H,I
A,E,B,G,D,C,F,I,H
A,E,B,G,D,C,H,F,I
A,E,B,G,D,C,H,I,F
A,E,B,G,D,C,I,F,H
A,E,B,G,D,C,I,H,F
A,E,B,G,D,F,C,H,I
A,E,B,G,D,F,C,I,H
A,E,B,G,D,F,H,C,I
A,E,B,G,D,F,H,I,C
A,E,B,G,D,F,I,C,H
A,E,B,G,D,F,I,H,C
A,E,B,G,D,H,C,F,I
A,E,B,G,D,H,C,I,F
A,E,B,G,D,H,F,C,I
A,E,B,G,D,H,F,I,C
A,E,B,G,D,H,I,C,F
A,E,B,G,D,H,I,F,C
A,E,B,G,D,I,C,F,H
A,E,B,G,D,I,C,H,F
A,E,B,G,D,I,F,C,H
A,E,B,G,D,I,F,H,C
A,E,B,G,D,I,H,C,F
A,E,B,G,D,I,H,F,C
A,E,B,G,F,C,D,H,I
A,E,B,G,F,C,D,I,H
A,E,B,G,F,C,H,D,I
A,E,B,G,F,C,H,I,D
A,E,B,G,F,C,I,D,H
A,E,B,G,F,C,I,H,D
A,E,B,G,F,D,C,H,I
A,E,B,G,F,D,C,I,H
A,E,B,G,F,D,H,C,I
A,E,B,G,F,D,H,I,C
A,E,B,G,F,D,I,C,H
A,E,B,G,F,D,I,H,C
A,E,B,G,F,H,C,D,I
A,E,B,G,F,H,C,I,D
A,E,B,G,F,H,D,C,I
A,E,B,G,F,H,D,I,C
A,E,B,G,F,H,I,C,D
A,E,B,G,F,H,I,D,C
A,E,B,G,F,I,C,D,H
A,E,B,G,F,I,C,H,D
A,E,B,G,F,I,D,C,H
A,E,B,G,F,I,D,H,C
A,E,B,G,F,I,H,C,D
A,E,B,G,F,I,H,D,C
A,E,B,G,H,C,D,F,I
A,E,B,G,H,C,D,I,F
A,E,B,G,H,C,F,D,I
A,E,B,G,H,C,F,I,D
A,E,B,G,H,C,I,D,F
A,E,B,G,H,C,I,F,D
A,E,B,G,H,D,C,F,I
A,E,B,G,H,D,C,I,F
A,E,B,G,H,D,F,C,I
A,E,B,G,H,D,F,I,C
A,E,B,G,H,D,I,C,F
A,E,B,G,H,D,I,F,C
A,E,B,G,H,F,C,D,I
A,E,B,G,H,F,C,I,D
A,E,B,G,H,F,D,C,I
A,E,B,G,H,F,D,I,C
A,E,B,G,H,F,I,C,D
A,E,B,G,H,F,I,D,C
A,E,B,G,H,I,C,D,F
A,E,B,G,H,I,C,F,D
A,E,B,G,H,I,D,C,F
A,E,B,G,H,I,D,F,C
A,E,B,G,H,I,F,C,D
A,E,B,G,H,I,F,D,C
A,E,B,G,I,C,D,F,H
A,E,B,G,I,C,D,H,F
A,E,B,G,I,C,F,D,H
A,E,B,G,I,C,F,H,D
A,E,B,G,I,C,H,D,F
A,E,B,G,I,C,H,F,D
A,E,B,G,I,D,C,F,H
A,E,B,G,I,D,C,H,F
A,E,B,G,I,D,F,C,H
A,E,B,G,I,D,F,H,C
A,E,B,G,I,D,H,C,F
A,E,B,G,I,D,H,F,C
A,E,B,G,I,F,C,D,H
A,E,B,G,I,F,C,H,D
A,E,B,G,I,F,D,C,H
A,E,B,G,I,F,D,H,C
A,E,B,G,I,F,H,C,D
A,E,B,G,I,F,H,D,C
A,E,B,G,I,H,C,D,F
A,E,B,G,I,H,C,F,D
A,E,B,G,I,H,D,C,F
A,E,B,G,I,H,D,F,C
A,E,B,G,I,H,F,C,D
A,E,B,G,I,H,F,D,C
A,E,B,H,C,D,F,G,I
A,E,B,H,C,D,F,I,G
A,E,B,H,C,D,G,F,I
A,E,B,H,C,D,G,I,F
A,E,B,H,C,D,I,F,G
A,E,B,H,C,D,I,G,F
A,E,B,H,C,F,D,G,I
A,E,B,H,C,F,D,I,G
A,E,B,H,C,F,G,D,I
A,E,B,H,C,F,G,I,D
A,E,B,H,C,F,I,D,G
A,E,B,H,C,F,I,G,D
A,E,B,H,C,G,D,F,I
A,E,B,H,C,G,D,I,F
A,E,B,H,C,G,F,D,I
A,E,B,H,C,G,F,I,D
A,E,B,H,C,G,I,D,F
A,E,B,H,C,G,I,F,D
A,E,B,H,C,I,D,F,G
A,E,B,H,C,I,D,G,F
A,E,B,H,C,I,F,D,G
A,E,B,H,C,I,F,G,D
A,E,B,H,C,I,G,D,F
A,E,B,H,C,I,G,F,D
A,E,B,H,D,C,F,G,I
A,E,B,H,D,C,F,I,G
A,E,B,H,D,C,G,F,I
A,E,B,H,D,C,G,I,F
A,E,B,H,D,C,I,F,G
A,E,B,H,D,C,I,G,F
A,E,B,H,D,F,C,G,I
A,E,B,H,D,F,C,I,G
A,E,B,H,D,F,G,C,I
A,E,B,H,D,F,G,I,C
A,E,B,H,D,F,I,C,G
A,E,B,H,D,F,I,G,C
A,E,B,H,D,G,C,F,I
A,E,B,H,D,G,C,I,F
A,E,B,H,D,G,F,C,I
A,E,B,H,D,G,F,I,C
A,E,B,H,D,G,I,C,F
A,E,B,H,D,G,I,F,C
A,E,B,H,D,I,C,F,G
A,E,B,H,D,I,C,G,F
A,E,B,H,D,I,F,C,G
A,E,B,H,D,I,F,G,C
A,E,B,H,D,I,G,C,F
A,E,B,H,D,I,G,F,C
A,E,B,H,F,C,D,G,I
A,E,B,H,F,C,D,I,G
A,E,B,H,F,C,G,D,I
A,E,B,H,F,C,G,I,D
A,E,B,H,F,C,I,D,G
A,E,B,H,F,C,I,G,D
A,E,B,H,F,D,C,G,I
A,E,B,H,F,D,C,I,G
A,E,B,H,F,D,G,C,I
A,E,B,H,F,D,G,I,C
A,E,B,H,F,D,I,C,G
A,E,B,H,F,D,I,G,C
A,E,B,H,F,G,C,D,I
A,E,B,H,F,G,C,I,D
A,E,B,H,F,G,D,C,I
A,E,B,H,F,G,D,I,C
A,E,B,H,F,G,I,C,D
A,E,B,H,F,G,I,D,C
A,E,B,H,F,I,C,D,G
A,E,B,H,F,I,C,G,D
A,E,B,H,F,I,D,C,G
A,E,B,H,F,I,D,G,C
A,E,B,H,F,I,G,C,D
A,E,B,H,F,I,G,D,C
A,E,B,H,G,C,D,F,I
A,E,B,H,G,C,D,I,F
A,E,B,H,G,C,F,D,I
A,E,B,H,G,C,F,I,D
A,E,B,H,G,C,I,D,F
A,E,B,H,G,C,I,F,D
A,E,B,H,G,D,C,F,I
A,E,B,H,G,D,C,I,F
A,E,B,H,G,D,F,C,I
A,E,B,H,G,D,F,I,C
A,E,B,H,G,D,I,C,F
A,E,B,H,G,D,I,F,C
A,E,B,H,G,F,C,D,I
A,E,B,H,G,F,C,I,D
A,E,B,H,G,F,D,C,I
A,E,B,H,G,F,D,I,C
A,E,B,H,G,F,I,C,D
A,E,B,H,G,F,I,D,C
A,E,B,H,G,I,C,D,F
A,E,B,H,G,I,C,F,D
A,E,B,H,G,I,D,C,F
A,E,B,H,G,I,D,F,C
A,E,B,H,G,I,F,C,D
A,E,B,H,G,I,F,D,C
A,E,B,H,I,C,D,F,G
A,E,B,H,I,C,D,G,F
A,E,B,H,I,C,F,D,G
A,E,B,H,I,C,F,G,D
A,E,B,H,I,C,G,D,F
A,E,B,H,I,C,G,F,D
A,E,B,H,I,D,C,F,G
A,E,B,H,I,D,C,G,F
A,E,B,H,I,D,F,C,G
A,E,B,H,I,D,F,G,C
A,E,B,H,I,D,G,C,F
A,E,B,H,I,D,G,F,C
A,E,B,H,I,F,C,D,G
A,E,B,H,I,F,C,G,D
A,E,B,H,I,F,D,C,G
A,E,B,H,I,F,D,G,C
A,E,B,H,I,F,G,C,D
A,E,B,H,I,F,G,D,C
A,E,B,H,I,G,C,D,F
A,E,B,H,I,G,C,F,D
A,E,B,H,I,G,D,C,F
A,E,B,H,I,G,D,F,C
A,E,B,H,I,G,F,C,D
A,E,B,H,I,G,F,D,C
A,E,B,I,C,D,F,G,H
A,E,B,I,C,D,F,H,G
A,E,B,I,C,D,G,F,H
A,E,B,I,C,D,G,H,F
A,E,B,I,C,D,H,F,G
A,E,B,I,C,D,H,G,F
A,E,B,I,C,F,D,G,H
A,E,B,I,C,F,D,H,G
A,E,B,I,C,F,G,D,H
A,E,B,I,C,F,G,H,D
A,E,B,I,C,F,H,D,G
A,E,B,I,C,F,H,G,D
A,E,B,I,C,G,D,F,H
A,E,B,I,C,G,D,H,F
A,E,B,I,C,G,F,D,H
A,E,B,I,C,G,F,H,D
A,E,B,I,C,G,H,D,F
A,E,B,I,C,G,H,F,D
A,E,B,I,C,H,D,F,G
A,E,B,I,C,H,D,G,F
A,E,B,I,C,H,F,D,G
A,E,B,I,C,H,F,G,D
A,E,B,I,C,H,G,D,F
A,E,B,I,C,H,G,F,D
A,E,B,I,D,C,F,G,H
A,E,B,I,D,C,F,H,G
A,E,B,I,D,C,G,F,H
A,E,B,I,D,C,G,H,F
A,E,B,I,D,C,H,F,G
A,E,B,I,D,C,H,G,F
A,E,B,I,D,F,C,G,H
A,E,B,I,D,F,C,H,G
A,E,B,I,D,F,G,C,H
A,E,B,I,D,F,G,H,C
A,E,B,I,D,F,H,C,G
A,E,B,I,D,F,H,G,C
A,E,B,I,D,G,C,F,H
A,E,B,I,D,G,C,H,F
A,E,B,I,D,G,F,C,H
A,E,B,I,D,G,F,H,C
A,E,B,I,D,G,H,C,F
A,E,B,I,D,G,H,F,C
A,E,B,I,D,H,C,F,G
A,E,B,I,D,H,C,G,F
A,E,B,I,D,H,F,C,G
A,E,B,I,D,H,F,G,C
A,E,B,I,D,H,G,C,F
A,E,B,I,D,H,G,F,C
A,E,B,I,F,C,D,G,H
A,E,B,I,F,C,D,H,G
A,E,B,I,F,C,G,D,H
A,E,B,I,F,C,G,H,D
A,E,B,I,F,C,H,D,G
A,E,B,I,F,C,H,G,D
A,E,B,I,F,D,C,G,H
A,E,B,I,F,D,C,H,G
A,E,B,I,F,D,G,C,H
A,E,B,I,F,D,G,H,C
A,E,B,I,F,D,H,C,G
A,E,B,I,F,D,H,G,C
A,E,B,I,F,G,C,D,H
A,E,B,I,F,G,C,H,D
A,E,B,I,F,G,D,C,H
A,E,B,I,F,G,D,H,C
A,E,B,I,F,G,H,C,D
A,E,B,I,F,G,H,D,C
A,E,B,I,F,H,C,D,G
A,E,B,I,F,H,C,G,D
A,E,B,I,F,H,D,C,G
A,E,B,I,F,H,D,G,C
A,E,B,I,F,H,G,C,D
A,E,B,I,F,H,G,D,C
A,E,B,I,G,C,D,F,H
A,E,B,I,G,C,D,H,F
A,E,B,I,G,C,F,D,H
A,E,B,I,G,C,F,H,D
A,E,B,I,G,C,H,D,F
A,E,B,I,G,C,H,F,D
A,E,B,I,G,D,C,F,H
A,E,B,I,G,D,C,H,F
A,E,B,I,G,D,F,C,H
A,E,B,I,G,D,F,H,C
A,E,B,I,G,D,H,C,F
A,E,B,I,G,D,H,F,C
A,E,B,I,G,F,C,D,H
A,E,B,I,G,F,C,H,D
A,E,B,I,G,F,D,C,H
A,E,B,I,G,F,D,H,C
A,E,B,I,G,F,H,C,D
A,E,B,I,G,F,H,D,C
A,E,B,I,G,H,C,D,F
A,E,B,I,G,H,C,F,D
A,E,B,I,G,H,D,C,F
A,E,B,I,G,H,D,F,C
A,E,B,I,G,H,F,C,D
A,E,B,I,G,H,F,D,C
A,E,B,I,H,C,D,F,G
A,E,B,I,H,C,D,G,F
A,E,B,I,H,C,F,D,G
A,E,B,I,H,C,F,G,D
A,E,B,I,H,C,G,D,F
A,E,B,I,H,C,G,F,D
A,E,B,I,H,D,C,F,G
A,E,B,I,H,D,C,G,F
A,E,B,I,H,D,F,C,G
A,E,B,I,H,D,F,G,C
A,E,B,I,H,D,G,C,F
A,E,B,I,H,D,G,F,C
A,E,B,I,H,F,C,D,G
A,E,B,I,H,F,C,G,D
A,E,B,I,H,F,D,C,G
A,E,B,I,H,F,D,G,C
A,E,B,I,H,F,G,C,D
A,E,B,I,H,F,G,D,C
A,E,B,I,H,G,C,D,F
A,E,B,I,H,G,C,F,D
A,E,B,I,H,G,D,C,F
A,E,B,I,H,G,D,F,C
A,E,B,I,H,G,F,C,D
A,E,B,I,H,G,F,D,C
A,E,C,B,D,F,G,H,I
A,E,C,B,D,F,G,I,H
A,E,C,B,D,F,H,G,I
A,E,C,B,D,F,H,I,G
A,E,C,B,D,F,I,G,H
A,E,C,B,D,F,I,H,G
A,E,C,B,D,G,F,H,I
A,E,C,B,D,G,F,I,H
A,E,C,B,D,G,H,F,I
A,E,C,B,D,G,H,I,F
A,E,C,B,D,G,I,F,H
A,E,C,B,D,G,I,H,F
A,E,C,B,D,H,F,G,I
A,E,C,B,D,H,F,I,G
A,E,C,B,D,H,G,F,I
A,E,C,B,D,H,G,I,F
A,E,C,B,D,H,I,F,G
A,E,C,B,D,H,I,G,F
A,E,C,B,D,I,F,G,H
A,E,C,B,D,I,F,H,G
A,E,C,B,D,I,G,F,H
A,E,C,B,D,I,G,H,F
A,E,C,B,D,I,H,F,G
A,E,C,B,D,I,H,G,F
A,E,C,B,F,D,G,H,I
A,E,C,B,F,D,G,I,H
A,E,C,B,F,D,H,G,I
A,E,C,B,F,D,H,I,G
A,E,C,B,F,D,I,G,H
A,E,C,B,F,D,I,H,G
A,E,C,B,F,G,D,H,I
A,E,C,B,F,G,D,I,H
A,E,C,B,F,G,H,D,I
A,E,C,B,F,G,H,I,D
A,E,C,B,F,G,I,D,H
A,E,C,B,F,G,I,H,D
A,E,C,B,F,H,D,G,I
A,E,C,B,F,H,D,I,G
A,E,C,B,F,H,G,D,I
A,E,C,B,F,H,G,I,D
A,E,C,B,F,H,I,D,G
A,E,C,B,F,H,I,G,D
A,E,C,B,F,I,D,G,H
A,E,C,B,F,I,D,H,G
A,E,C,B,F,I,G,D,H
A,E,C,B,F,I,G,H,D
A,E,C,B,F,I,H,D,G
A,E,C,B,F,I,H,G,D
A,E,C,B,G,D,F,H,I
A,E,C,B,G,D,F,I,H
A,E,C,B,G,D,H,F,I
A,E,C,B,G,D,H,I,F
A,E,C,B,G,D,I,F,H
A,E,C,B,G,D,I,H,F
A,E,C,B,G,F,D,H,I
A,E,C,B,G,F,D,I,H
A,E,C,B,G,F,H,D,I
A,E,C,B,G,F,H,I,D
A,E,C,B,G,F,I,D,H
A,E,C,B,G,F,I,H,D
A,E,C,B,G,H,D,F,I
A,E,C,B,G,H,D,I,F
A,E,C,B,G,H,F,D,I
A,E,C,B,G,H,F,I,D
A,E,C,B,G,H,I,D,F
A,E,C,B,G,H,I,F,D
A,E,C,B,G,I,D,F,H
A,E,C,B,G,I,D,H,F
A,E,C,B,G,I,F,D,H
A,E,C,B,G,I,F,H,D
A,E,C,B,G,I,H,D,F
A,E,C,B,G,I,H,F,D
A,E,C,B,H,D,F,G,I
A,E,C,B,H,D,F,I,G
A,E,C,B,H,D,G,F,I
A,E,C,B,H,D,G,I,F
A,E,C,B,H,D,I,F,G
A,E,C,B,H,D,I,G,F
A,E,C,B,H,F,D,G,I
A,E,C,B,H,F,D,I,G
A,E,C,B,H,F,G,D,I
A,E,C,B,H,F,G,I,D
A,E,C,B,H,F,I,D,G
A,E,C,B,H,F,I,G,D
A,E,C,B,H,G,D,F,I
A,E,C,B,H,G,D,I,F
A,E,C,B,H,G,F,D,I
A,E,C,B,H,G,F,I,D
A,E,C,B,H,G,I,D,F
A,E,C,B,H,G,I,F,D
A,E,C,B,H,I,D,F,G
A,E,C,B,H,I,D,G,F
A,E,C,B,H,I,F,D,G
A,E,C,B,H,I,F,G,D
A,E,C,B,H,I,G,D,F
A,E,C,B,H,I,G,F,D
A,E,C,B,I,D,F,G,H
A,E,C,B,I,D,F,H,G
A,E,C,B,I,D,G,F,H
A,E,C,B,I,D,G,H,F
A,E,C,B,I,D,H,F,G
A,E,C,B,I,D,H,G,F
A,E,C,B,I,F,D,G,H
A,E,C,B,I,F,D,H,G
A,E,C,B,I,F,G,D,H
A,E,C,B,I,F,G,H,D
A,E,C,B,I,F,H,D,G
A,E,C,B,I,F,H,G,D
A,E,C,B,I,G,D,F,H
A,E,C,B,I,G,D,H,F
A,E,C,B,I,G,F,D,H
A,E,C,B,I,G,F,H,D
A,E,C,B,I,G,H,D,F
A,E,C,B,I,G,H,F,D
A,E,C,B,I,H,D,F,G
A,E,C,B,I,H,D,G,F
A,E,C,B,I,H,F,D,G
A,E,C,B,I,H,F,G,D
A,E,C,B,I,H,G,D,F
A,E,C,B,I,H,G,F,D
A,E,C,D,B,F,G,H,I
A,E,C,D,B,F,G,I,H
A,E,C,D,B,F,H,G,I
A,E,C,D,B,F,H,I,G
A,E,C,D,B,F,I,G,H
A,E,C,D,B,F,I,H,G
A,E,C,D,B,G,F,H,I
A,E,C,D,B,G,F,I,H
A,E,C,D,B,G,H,F,I
A,E,C,D,B,G,H,I,F
A,E,C,D,B,G,I,F,H
A,E,C,D,B,G,I,H,F
A,E,C,D,B,H,F,G,I
A,E,C,D,B,H,F,I,G
A,E,C,D,B,H,G,F,I
A,E,C,D,B,H,G,I,F
A,E,C,D,B,H,I,F,G
A,E,C,D,B,H,I,G,F
A,E,C,D,B,I,F,G,H
A,E,C,D,B,I,F,H,G
A,E,C,D,B,I,G,F,H
A,E,C,D,B,I,G,H,F
A,E,C,D,B,I,H,F,G
A,E,C,D,B,I,H,G,F
A,E,C,D,F,B,G,H,I
A,E,C,D,F,B,G,I,H
A,E,C,D,F,B,H,G,I
A,E,C,D,F,B,H,I,G
A,E,C,D,F,B,I,G,H
A,E,C,D,F,B,I,H,G
A,E,C,D,F,G,B,H,I
A,E,C,D,F,G,B,I,H
A,E,C,D,F,G,H,B,I
A,E,C,D,F,G,H,I,B
A,E,C,D,F,G,I,B,H
A,E,C,D,F,G,I,H,B
A,E,C,D,F,H,B,G,I
A,E,C,D,F,H,B,I,G
A,E,C,D,F,H,G,B,I
A,E,C,D,F,H,G,I,B
A,E,C,D,F,H,I,B,G
A,E,C,D,F,H,I,G,B
A,E,C,D,F,I,B,G,H
A,E,C,D,F,I,B,H,G
A,E,C,D,F,I,G,B,H
A,E,C,D,F,I,G,H,B
A,E,C,D,F,I,H,B,G
A,E,C,D,F,I,H,G,B
A,E,C,D,G,B,F,H,I
A,E,C,D,G,B,F,I,H
A,E,C,D,G,B,H,F,I
A,E,C,D,G,B,H,I,F
A,E,C,D,G,B,I,F,H
A,E,C,D,G,B,I,H,F
A,E,C,D,G,F,B,H,I
A,E,C,D,G,F,B,I,H
A,E,C,D,G,F,H,B,I
A,E,C,D,G,F,H,I,B
A,E,C,D,G,F,I,B,H
A,E,C,D,G,F,I,H,B
A,E,C,D,G,H,B,F,I
A,E,C,D,G,H,B,I,F
A,E,C,D,G,H,F,B,I
A,E,C,D,G,H,F,I,B
A,E,C,D,G,H,I,B,F
A,E,C,D,G,H,I,F,B
A,E,C,D,G,I,B,F,H
A,E,C,D,G,I,B,H,F
A,E,C,D,G,I,F,B,H
A,E,C,D,G,I,F,H,B
A,E,C,D,G,I,H,B,F
A,E,C,D,G,I,H,F,B
A,E,C,D,H,B,F,G,I
A,E,C,D,H,B,F,I,G
A,E,C,D,H,B,G,F,I
A,E,C,D,H,B,G,I,F
A,E,C,D,H,B,I,F,G
A,E,C,D,H,B,I,G,F
A,E,C,D,H,F,B,G,I
A,E,C,D,H,F,B,I,G
A,E,C,D,H,F,G,B,I
A,E,C,D,H,F,G,I,B
A,E,C,D,H,F,I,B,G
A,E,C,D,H,F,I,G,B
A,E,C,D,H,G,B,F,I
A,E,C,D,H,G,B,I,F
A,E,C,D,H,G,F,B,I
A,E,C,D,H,G,F,I,B
A,E,C,D,H,G,I,B,F
A,E,C,D,H,G,I,F,B
A,E,C,D,H,I,B,F,G
A,E,C,D,H,I,B,G,F
A,E,C,D,H,I,F,B,G
A,E,C,D,H,I,F,G,B
A,E,C,D,H,I,G,B,F
A,E,C,D,H,I,G,F,B
A,E,C,D,I,B,F,G,H
A,E,C,D,I,B,F,H,G
A,E,C,D,I,B,G,F,H
A,E,C,D,I,B,G,H,F
A,E,C,D,I,B,H,F,G
A,E,C,D,I,B,H,G,F
A,E,C,D,I,F,B,G,H
A,E,C,D,I,F,B,H,G
A,E,C,D,I,F,G,B,H
A,E,C,D,I,F,G,H,B
A,E,C,D,I,F,H,B,G
A,E,C,D,I,F,H,G,B
A,E,C,D,I,G,B,F,H
A,E,C,D,I,G,B,H,F
A,E,C,D,I,G,F,B,H
A,E,C,D,I,G,F,H,B
A,E,C,D,I,G,H,B,F
A,E,C,D,I,G,H,F,B
A,E,C,D,I,H,B,F,G
A,E,C,D,I,H,B,G,F
A,E,C,D,I,H,F,B,G
A,E,C,D,I,H,F,G,B
A,E,C,D,I,H,G,B,F
A,E,C,D,I,H,G,F,B
A,E,C,F,B,D,G,H,I
A,E,C,F,B,D,G,I,H
A,E,C,F,B,D,H,G,I
A,E,C,F,B,D,H,I,G
A,E,C,F,B,D,I,G,H
A,E,C,F,B,D,I,H,G
A,E,C,F,B,G,D,H,I
A,E,C,F,B,G,D,I,H
A,E,C,F,B,G,H,D,I
A,E,C,F,B,G,H,I,D
A,E,C,F,B,G,I,D,H
A,E,C,F,B,G,I,H,D
A,E,C,F,B,H,D,G,I
A,E,C,F,B,H,D,I,G
A,E,C,F,B,H,G,D,I
A,E,C,F,B,H,G,I,D
A,E,C,F,B,H,I,D,G
A,E,C,F,B,H,I,G,D
A,E,C,F,B,I,D,G,H
A,E,C,F,B,I,D,H,G
A,E,C,F,B,I,G,D,H
A,E,C,F,B,I,G,H,D
A,E,C,F,B,I,H,D,G
A,E,C,F,B,I,H,G,D
A,E,C,F,D,B,G,H,I
A,E,C,F,D,B,G,I,H
A,E,C,F,D,B,H,G,I
A,E,C,F,D,B,H,I,G
A,E,C,F,D,B,I,G,H
A,E,C,F,D,B,I,H,G
A,E,C,F,D,G,B,H,I
A,E,C,F,D,G,B,I,H
A,E,C,F,D,G,H,B,I
A,E,C,F,D,G,H,I,B
A,E,C,F,D,G,I,B,H
A,E,C,F,D,G,I,H,B
A,E,C,F,D,H,B,G,I
A,E,C,F,D,H,B,I,G
A,E,C,F,D,H,G,B,I
A,E,C,F,D,H,G,I,B
A,E,C,F,D,H,I,B,G
A,E,C,F,D,H,I,G,B
A,E,C,F,D,I,B,G,H
A,E,C,F,D,I,B,H,G
A,E,C,F,D,I,G,B,H
A,E,C,F,D,I,G,H,B
A,E,C,F,D,I,H,B,G
A,E,C,F,D,I,H,G,B
A,E,C,F,G,B,D,H,I
A,E,C,F,G,B,D,I,H
A,E,C,F,G,B,H,D,I
A,E,C,F,G,B,H,I,D
A,E,C,F,G,B,I,D,H
A,E,C,F,G,B,I,H,D
A,E,C,F,G,D,B,H,I
A,E,C,F,G,D,B,I,H
A,E,C,F,G,D,H,B,I
A,E,C,F,G,D,H,I,B
A,E,C,F,G,D,I,B,H
A,E,C,F,G,D,I,H,B
A,E,C,F,G,H,B,D,I
A,E,C,F,G,H,B,I,D
A,E,C,F,G,H,D,B,I
A,E,C,F,G,H,D,I,B
A,E,C,F,G,H,I,B,D
A,E,C,F,G,H,I,D,B
A,E,C,F,G,I,B,D,H
A,E,C,F,G,I,B,H,D
A,E,C,F,G,I,D,B,H
A,E,C,F,G,I,D,H,B
A,E,C,F,G,I,H,B,D
A,E,C,F,G,I,H,D,B
A,E,C,F,H,B,D,G,I
A,E,C,F,H,B,D,I,G
A,E,C,F,H,B,G,D,I
A,E,C,F,H,B,G,I,D
A,E,C,F,H,B,I,D,G
A,E,C,F,H,B,I,G,D
A,E,C,F,H,D,B,G,I
A,E,C,F,H,D,B,I,G
A,E,C,F,H,D,G,B,I
A,E,C,F,H,D,G,I,B
A,E,C,F,H,D,I,B,G
A,E,C,F,H,D,I,G,B
A,E,C,F,H,G,B,D,I
A,E,C,F,H,G,B,I,D
A,E,C,F,H,G,D,B,I
A,E,C,F,H,G,D,I,B
A,E,C,F,H,G,I,B,D
A,E,C,F,H,G,I,D,B
A,E,C,F,H,I,B,D,G
A,E,C,F,H,I,B,G,D
A,E,C,F,H,I,D,B,G
A,E,C,F,H,I,D,G,B
A,E,C,F,H,I,G,B,D
A,E,C,F,H,I,G,D,B
A,E,C,F,I,B,D,G,H
A,E,C,F,I,B,D,H,G
A,E,C,F,I,B,G,D,H
A,E,C,F,I,B,G,H,D
A,E,C,F,I,B,H,D,G
A,E,C,F,I,B,H,G,D
A,E,C,F,I,D,B,G,H
A,E,C,F,I,D,B,H,G
A,E,C,F,I,D,G,B,H
A,E,C,F,I,D,G,H,B
A,E,C,F,I,D,H,B,G
A,E,C,F,I,D,H,G,B
A,E,C,F,I,G,B,D,H
A,E,C,F,I,G,B,H,D
A,E,C,F,I,G,D,B,H
A,E,C,F,I,G,D,H,B
A,E,C,F,I,G,H,B,D
A,E,C,F,I,G,H,D,B
A,E,C,F,I,H,B,D,G
A,E,C,F,I,H,B,G,D
A,E,C,F,I,H,D,B,G
A,E,C,F,I,H,D,G,B
A,E,C,F,I,H,G,B,D
A,E,C,F,I,H,G,D,B
A,E,C,G,B,D,F,H,I
A,E,C,G,B,D,F,I,H
A,E,C,G,B,D,H,F,I
A,E,C,G,B,D,H,I,F
A,E,C,G,B,D,I,F,H
A,E,C,G,B,D,I,H,F
A,E,C,G,B,F,D,H,I
A,E,C,G,B,F,D,I,H
A,E,C,G,B,F,H,D,I
A,E,C,G,B,F,H,I,D
A,E,C,G,B,F,I,D,H
A,E,C,G,B,F,I,H,D
A,E,C,G,B,H,D,F,I
A,E,C,G,B,H,D,I,F
A,E,C,G,B,H,F,D,I
A,E,C,G,B,H,F,I,D
A,E,C,G,B,H,I,D,F
A,E,C,G,B,H,I,F,D
A,E,C,G,B,I,D,F,H
A,E,C,G,B,I,D,H,F
A,E,C,G,B,I,F,D,H
A,E,C,G,B,I,F,H,D
A,E,C,G,B,I,H,D,F
A,E,C,G,B,I,H,F,D
A,E,C,G,D,B,F,H,I
A,E,C,G,D,B,F,I,H
A,E,C,G,D,B,H,F,I
A,E,C,G,D,B,H,I,F
A,E,C,G,D,B,I,F,H
A,E,C,G,D,B,I,H,F
A,E,C,G,D,F,B,H,I
A,E,C,G,D,F,B,I,H
A,E,C,G,D,F,H,B,I
A,E,C,G,D,F,H,I,B
A,E,C,G,D,F,I,B,H
A,E,C,G,D,F,I,H,B
A,E,C,G,D,H,B,F,I
A,E,C,G,D,H,B,I,F
A,E,C,G,D,H,F,B,I
A,E,C,G,D,H,F,I,B
A,E,C,G,D,H,I,B,F
A,E,C,G,D,H,I,F,B
A,E,C,G,D,I,B,F,H
A,E,C,G,D,I,B,H,F
A,E,C,G,D,I,F,B,H
A,E,C,G,D,I,F,H,B
A,E,C,G,D,I,H,B,F
A,E,C,G,D,I,H,F,B
A,E,C,G,F,B,D,H,I
A,E,C,G,F,B,D,I,H
A,E,C,G,F,B,H,D,I
A,E,C,G,F,B,H,I,D
A,E,C,G,F,B,I,D,H
A,E,C,G,F,B,I,H,D
A,E,C,G,F,D,B,H,I
A,E,C,G,F,D,B,I,H
A,E,C,G,F,D,H,B,I
A,E,C,G,F,D,H,I,B
A,E,C,G,F,D,I,B,H
A,E,C,G,F,D,I,H,B
A,E,C,G,F,H,B,D,I
A,E,C,G,F,H,B,I,D
A,E,C,G,F,H,D,B,I
A,E,C,G,F,H,D,I,B
A,E,C,G,F,H,I,B,D
A,E,C,G,F,H,I,D,B
A,E,C,G,F,I,B,D,H
A,E,C,G,F,I,B,H,D
A,E,C,G,F,I,D,B,H
A,E,C,G,F,I,D,H,B
A,E,C,G,F,I,H,B,D
A,E,C,G,F,I,H,D,B
A,E,C,G,H,B,D,F,I
A,E,C,G,H,B,D,I,F
A,E,C,G,H,B,F,D,I
A,E,C,G,H,B,F,I,D
A,E,C,G,H,B,I,D,F
A,E,C,G,H,B,I,F,D
A,E,C,G,H,D,B,F,I
A,E,C,G,H,D,B,I,F
A,E,C,G,H,D,F,B,I
A,E,C,G,H,D,F,I,B
A,E,C,G,H,D,I,B,F
A,E,C,G,H,D,I,F,B
A,E,C,G,H,F,B,D,I
A,E,C,G,H,F,B,I,D
A,E,C,G,H,F,D,B,I
A,E,C,G,H,F,D,I,B
A,E,C,G,H,F,I,B,D
A,E,C,G,H,F,I,D,B
A,E,C,G,H,I,B,D,F
A,E,C,G,H,I,B,F,D
A,E,C,G,H,I,D,B,F
A,E,C,G,H,I,D,F,B
A,E,C,G,H,I,F,B,D
A,E,C,G,H,I,F,D,B
A,E,C,G,I,B,D,F,H
A,E,C,G,I,B,D,H,F
A,E,C,G,I,B,F,D,H
A,E,C,G,I,B,F,H,D
A,E,C,G,I,B,H,D,F
A,E,C,G,I,B,H,F,D
A,E,C,G,I,D,B,F,H
A,E,C,G,I,D,B,H,F
A,E,C,G,I,D,F,B,H
A,E,C,G,I,D,F,H,B
A,E,C,G,I,D,H,B,F
A,E,C,G,I,D,H,F,B
A,E,C,G,I,F,B,D,H
A,E,C,G,I,F,B,H,D
A,E,C,G,I,F,D,B,H
A,E,C,G,I,F,D,H,B
A,E,C,G,I,F,H,B,D
A,E,C,G,I,F,H,D,B
A,E,C,G,I,H,B,D,F
A,E,C,G,I,H,B,F,D
A,E,C,G,I,H,D,B,F
A,E,C,G,I,H,D,F,B
A,E,C,G,I,H,F,B,D
A,E,C,G,I,H,F,D,B
A,E,C,H,B,D,F,G,I
A,E,C,H,B,D,F,I,G
A,E,C,H,B,D,G,F,I
A,E,C,H,B,D,G,I,F
A,E,C,H,B,D,I,F,G
A,E,C,H,B,D,I,G,F
A,E,C,H,B,F,D,G,I
A,E,C,H,B,F,D,I,G
A,E,C,H,B,F,G,D,I
A,E,C,H,B,F,G,I,D
A,E,C,H,B,F,I,D,G
A,E,C,H,B,F,I,G,D
A,E,C,H,B,G,D,F,I
A,E,C,H,B,G,D,I,F
A,E,C,H,B,G,F,D,I
A,E,C,H,B,G,F,I,D
A,E,C,H,B,G,I,D,F
A,E,C,H,B,G,I,F,D
A,E,C,H,B,I,D,F,G
A,E,C,H,B,I,D,G,F
A,E,C,H,B,I,F,D,G
A,E,C,H,B,I,F,G,D
A,E,C,H,B,I,G,D,F
A,E,C,H,B,I,G,F,D
A,E,C,H,D,B,F,G,I
A,E,C,H,D,B,F,I,G
A,E,C,H,D,B,G,F,I
A,E,C,H,D,B,G,I,F
A,E,C,H,D,B,I,F,G
A,E,C,H,D,B,I,G,F
A,E,C,H,D,F,B,G,I
A,E,C,H,D,F,B,I,G
A,E,C,H,D,F,G,B,I
A,E,C,H,D,F,G,I,B
A,E,C,H,D,F,I,B,G
A,E,C,H,D,F,I,G,B
A,E,C,H,D,G,B,F,I
A,E,C,H,D,G,B,I,F
A,E,C,H,D,G,F,B,I
A,E,C,H,D,G,F,I,B
A,E,C,H,D,G,I,B,F
A,E,C,H,D,G,I,F,B
A,E,C,H,D,I,B,F,G
A,E,C,H,D,I,B,G,F
A,E,C,H,D,I,F,B,G
A,E,C,H,D,I,F,G,B
A,E,C,H,D,I,G,B,F
A,E,C,H,D,I,G,F,B
A,E,C,H,F,B,D,G,I
A,E,C,H,F,B,D,I,G
A,E,C,H,F,B,G,D,I
A,E,C,H,F,B,G,I,D
A,E,C,H,F,B,I,D,G
A,E,C,H,F,B,I,G,D
A,E,C,H,F,D,B,G,I
A,E,C,H,F,D,B,I,G
A,E,C,H,F,D,G,B,I
A,E,C,H,F,D,G,I,B
A,E,C,H,F,D,I,B,G
A,E,C,H,F,D,I,G,B
A,E,C,H,F,G,B,D,I
A,E,C,H,F,G,B,I,D
A,E,C,H,F,G,D,B,I
A,E,C,H,F,G,D,I,B
A,E,C,H,F,G,I,B,D
A,E,C,H,F,G,I,D,B
A,E,C,H,F,I,B,D,G
A,E,C,H,F,I,B,G,D
A,E,C,H,F,I,D,B,G
A,E,C,H,F,I,D,G,B
A,E,C,H,F,I,G,B,D
A,E,C,H,F,I,G,D,B
A,E,C,H,G,B,D,F,I
A,E,C,H,G,B,D,I,F
A,E,C,H,G,B,F,D,I
A,E,C,H,G,B,F,I,D
A,E,C,H,G,B,I,D,F
A,E,C,H,G,B,I,F,D
A,E,C,H,G,D,B,F,I
A,E,C,H,G,D,B,I,F
A,E,C,H,G,D,F,B,I
A,E,C,H,G,D,F,I,B
A,E,C,H,G,D,I,B,F
A,E,C,H,G,D,I,F,B
A,E,C,H,G,F,B,D,I
A,E,C,H,G,F,B,I,D
A,E,C,H,G,F,D,B,I
A,E,C,H,G,F,D,I,B
A,E,C,H,G,F,I,B,D
A,E,C,H,G,F,I,D,B
A,E,C,H,G,I,B,D,F
A,E,C,H,G,I,B,F,D
A,E,C,H,G,I,D,B,F
A,E,C,H,G,I,D,F,B
A,E,C,H,G,I,F,B,D
A,E,C,H,G,I,F,D,B
A,E,C,H,I,B,D,F,G
A,E,C,H,I,B,D,G,F
A,E,C,H,I,B,F,D,G
A,E,C,H,I,B,F,G,D
A,E,C,H,I,B,G,D,F
A,E,C,H,I,B,G,F,D
A,E,C,H,I,D,B,F,G
A,E,C,H,I,D,B,G,F
A,E,C,H,I,D,F,B,G
A,E,C,H,I,D,F,G,B
A,E,C,H,I,D,G,B,F
A,E,C,H,I,D,G,F,B
A,E,C,H,I,F,B,D,G
A,E,C,H,I,F,B,G,D
A,E,C,H,I,F,D,B,G
A,E,C,H,I,F,D,G,B
A,E,C,H,I,F,G,B,D
A,E,C,H,I,F,G,D,B
A,E,C,H,I,G,B,D,F
A,E,C,H,I,G,B,F,D
A,E,C,H,I,G,D,B,F
A,E,C,H,I,G,D,F,B
A,E,C,H,I,G,F,B,D
A,E,C,H,I,G,F,D,B
A,E,C,I,B,D,F,G,H
A,E,C,I,B,D,F,H,G
A,E,C,I,B,D,G,F,H
A,E,C,I,B,D,G,H,F
A,E,C,I,B,D,H,F,G
A,E,C,I,B,D,H,G,F
A,E,C,I,B,F,D,G,H
A,E,C,I,B,F,D,H,G
A,E,C,I,B,F,G,D,H
A,E,C,I,B,F,G,H,D
A,E,C,I,B,F,H,D,G
A,E,C,I,B,F,H,G,D
A,E,C,I,B,G,D,F,H
A,E,C,I,B,G,D,H,F
A,E,C,I,B,G,F,D,H
A,E,C,I,B,G,F,H,D
A,E,C,I,B,G,H,D,F
A,E,C,I,B,G,H,F,D
A,E,C,I,B,H,D,F,G
A,E,C,I,B,H,D,G,F
A,E,C,I,B,H,F,D,G
A,E,C,I,B,H,F,G,D
A,E,C,I,B,H,G,D,F
A,E,C,I,B,H,G,F,D
A,E,C,I,D,B,F,G,H
A,E,C,I,D,B,F,H,G
A,E,C,I,D,B,G,F,H
A,E,C,I,D,B,G,H,F
A,E,C,I,D,B,H,F,G
A,E,C,I,D,B,H,G,F
A,E,C,I,D,F,B,G,H
A,E,C,I,D,F,B,H,G
A,E,C,I,D,F,G,B,H
A,E,C,I,D,F,G,H,B
A,E,C,I,D,F,H,B,G
A,E,C,I,D,F,H,G,B
A,E,C,I,D,G,B,F,H
A,E,C,I,D,G,B,H,F
A,E,C,I,D,G,F,B,H
A,E,C,I,D,G,F,H,B
A,E,C,I,D,G,H,B,F
A,E,C,I,D,G,H,F,B
A,E,C,I,D,H,B,F,G
A,E,C,I,D,H,B,G,F
A,E,C,I,D,H,F,B,G
A,E,C,I,D,H,F,G,B
A,E,C,I,D,H,G,B,F
A,E,C,I,D,H,G,F,B
A,E,C,I,F,B,D,G,H
A,E,C,I,F,B,D,H,G
A,E,C,I,F,B,G,D,H
A,E,C,I,F,B,G,H,D
A,E,C,I,F,B,H,D,G
A,E,C,I,F,B,H,G,D
A,E,C,I,F,D,B,G,H
A,E,C,I,F,D,B,H,G
A,E,C,I,F,D,G,B,H
A,E,C,I,F,D,G,H,B
A,E,C,I,F,D,H,B,G
A,E,C,I,F,D,H,G,B
A,E,C,I,F,G,B,D,H
A,E,C,I,F,G,B,H,D
A,E,C,I,F,G,D,B,H
A,E,C,I,F,G,D,H,B
A,E,C,I,F,G,H,B,D
A,E,C,I,F,G,H,D,B
A,E,C,I,F,H,B,D,G
A,E,C,I,F,H,B,G,D
A,E,C,I,F,H,D,B,G
A,E,C,I,F,H,D,G,B
A,E,C,I,F,H,G,B,D
A,E,C,I,F,H,G,D,B
A,E,C,I,G,B,D,F,H
A,E,C,I,G,B,D,H,F
A,E,C,I,G,B,F,D,H
A,E,C,I,G,B,F,H,D
A,E,C,I,G,B,H,D,F
A,E,C,I,G,B,H,F,D
A,E,C,I,G,D,B,F,H
A,E,C,I,G,D,B,H,F
A,E,C,I,G,D,F,B,H
A,E,C,I,G,D,F,H,B
A,E,C,I,G,D,H,B,F
A,E,C,I,G,D,H,F,B
A,E,C,I,G,F,B,D,H
A,E,C,I,G,F,B,H,D
A,E,C,I,G,F,D,B,H
A,E,C,I,G,F,D,H,B
A,E,C,I,G,F,H,B,D
A,E,C,I,G,F,H,D,B
A,E,C,I,G,H,B,D,F
A,E,C,I,G,H,B,F,D
A,E,C,I,G,H,D,B,F
A,E,C,I,G,H,D,F,B
A,E,C,I,G,H,F,B,D
A,E,C,I,G,H,F,D,B
A,E,C,I,H,B,D,F,G
A,E,C,I,H,B,D,G,F
A,E,C,I,H,B,F,D,G
A,E,C,I,H,B,F,G,D
A,E,C,I,H,B,G,D,F
A,E,C,I,H,B,G,F,D
A,E,C,I,H,D,B,F,G
A,E,C,I,H,D,B,G,F
A,E,C,I,H,D,F,B,G
A,E,C,I,H,D,F,G,B
A,E,C,I,H,D,G,B,F
A,E,C,I,H,D,G,F,B
A,E,C,I,H,F,B,D,G
A,E,C,I,H,F,B,G,D
A,E,C,I,H,F,D,B,G
A,E,C,I,H,F,D,G,B
A,E,C,I,H,F,G,B,D
A,E,C,I,H,F,G,D,B
A,E,C,I,H,G,B,D,F
A,E,C,I,H,G,B,F,D
A,E,C,I,H,G,D,B,F
A,E,C,I,H,G,D,F,B
A,E,C,I,H,G,F,B,D
A,E,C,I,H,G,F,D,B
A,E,D,B,C,F,G,H,I
A,E,D,B,C,F,G,I,H
A,E,D,B,C,F,H,G,I
A,E,D,B,C,F,H,I,G
A,E,D,B,C,F,I,G,H
A,E,D,B,C,F,I,H,G
A,E,D,B,C,G,F,H,I
A,E,D,B,C,G,F,I,H
A,E,D,B,C,G,H,F,I
A,E,D,B,C,G,H,I,F
A,E,D,B,C,G,I,F,H
A,E,D,B,C,G,I,H,F
A,E,D,B,C,H,F,G,I
A,E,D,B,C,H,F,I,G
A,E,D,B,C,H,G,F,I
A,E,D,B,C,H,G,I,F
A,E,D,B,C,H,I,F,G
A,E,D,B,C,H,I,G,F
A,E,D,B,C,I,F,G,H
A,E,D,B,C,I,F,H,G
A,E,D,B,C,I,G,F,H
A,E,D,B,C,I,G,H,F
A,E,D,B,C,I,H,F,G
A,E,D,B,C,I,H,G,F
A,E,D,B,F,C,G,H,I
A,E,D,B,F,C,G,I,H
A,E,D,B,F,C,H,G,I
A,E,D,B,F,C,H,I,G
A,E,D,B,F,C,I,G,H
A,E,D,B,F,C,I,H,G
A,E,D,B,F,G,C,H,I
A,E,D,B,F,G,C,I,H
A,E,D,B,F,G,H,C,I
A,E,D,B,F,G,H,I,C
A,E,D,B,F,G,I,C,H
A,E,D,B,F,G,I,H,C
A,E,D,B,F,H,C,G,I
A,E,D,B,F,H,C,I,G
A,E,D,B,F,H,G,C,I
A,E,D,B,F,H,G,I,C
A,E,D,B,F,H,I,C,G
A,E,D,B,F,H,I,G,C
A,E,D,B,F,I,C,G,H
A,E,D,B,F,I,C,H,G
A,E,D,B,F,I,G,C,H
A,E,D,B,F,I,G,H,C
A,E,D,B,F,I,H,C,G
A,E,D,B,F,I,H,G,C
A,E,D,B,G,C,F,H,I
A,E,D,B,G,C,F,I,H
A,E,D,B,G,C,H,F,I
A,E,D,B,G,C,H,I,F
A,E,D,B,G,C,I,F,H
A,E,D,B,G,C,I,H,F
A,E,D,B,G,F,C,H,I
A,E,D,B,G,F,C,I,H
A,E,D,B,G,F,H,C,I
A,E,D,B,G,F,H,I,C
A,E,D,B,G,F,I,C,H
A,E,D,B,G,F,I,H,C
A,E,D,B,G,H,C,F,I
A,E,D,B,G,H,C,I,F
A,E,D,B,G,H,F,C,I
A,E,D,B,G,H,F,I,C
A,E,D,B,G,H,I,C,F
A,E,D,B,G,H,I,F,C
A,E,D,B,G,I,C,F,H
A,E,D,B,G,I,C,H,F
A,E,D,B,G,I,F,C,H
A,E,D,B,G,I,F,H,C
A,E,D,B,G,I,H,C,F
A,E,D,B,G,I,H,F,C
A,E,D,B,H,C,F,G,I
A,E,D,B,H,C,F,I,G
A,E,D,B,H,C,G,F,I
A,E,D,B,H,C,G,I,F
A,E,D,B,H,C,I,F,G
A,E,D,B,H,C,I,G,F
A,E,D,B,H,F,C,G,I
A,E,D,B,H,F,C,I,G
A,E,D,B,H,F,G,C,I
A,E,D,B,H,F,G,I,C
A,E,D,B,H,F,I,C,G
A,E,D,B,H,F,I,G,C
A,E,D,B,H,G,C,F,I
A,E,D,B,H,G,C,I,F
A,E,D,B,H,G,F,C,I
A,E,D,B,H,G,F,I,C
A,E,D,B,H,G,I,C,F
A,E,D,B,H,G,I,F,C
A,E,D,B,H,I,C,F,G
A,E,D,B,H,I,C,G,F
A,E,D,B,H,I,F,C,G
A,E,D,B,H,I,F,G,C
A,E,D,B,H,I,G,C,F
A,E,D,B,H,I,G,F,C
A,E,D,B,I,C,F,G,H
A,E,D,B,I,C,F,H,G
A,E,D,B,I,C,G,F,H
A,E,D,B,I,C,G,H,F
A,E,D,B,I,C,H,F,G
A,E,D,B,I,C,H,G,F
A,E,D,B,I,F,C,G,H
A,E,D,B,I,F,C,H,G
A,E,D,B,I,F,G,C,H
A,E,D,B,I,F,G,H,C
A,E,D,B,I,F,H,C,G
A,E,D,B,I,F,H,G,C
A,E,D,B,I,G,C,F,H
A,E,D,B,I,G,C,H,F
A,E,D,B,I,G,F,C,H
A,E,D,B,I,G,F,H,C
A,E,D,B,I,G,H,C,F
A,E,D,B,I,G,H,F,C
A,E,D,B,I,H,C,F,G
A,E,D,B,I,H,C,G,F
A,E,D,B,I,H,F,C,G
A,E,D,B,I,H,F,G,C
A,E,D,B,I,H,G,C,F
A,E,D,B,I,H,G,F,C
A,E,D,C,B,F,G,H,I
A,E,D,C,B,F,G,I,H
A,E,D,C,B,F,H,G,I
A,E,D,C,B,F,H,I,G
A,E,D,C,B,F,I,G,H
A,E,D,C,B,F,I,H,G
A,E,D,C,B,G,F,H,I
A,E,D,C,B,G,F,I,H
A,E,D,C,B,G,H,F,I
A,E,D,C,B,G,H,I,F
A,E,D,C,B,G,I,F,H
A,E,D,C,B,G,I,H,F
A,E,D,C,B,H,F,G,I
A,E,D,C,B,H,F,I,G
A,E,D,C,B,H,G,F,I
A,E,D,C,B,H,G,I,F
A,E,D,C,B,H,I,F,G
A,E,D,C,B,H,I,G,F
A,E,D,C,B,I,F,G,H
A,E,D,C,B,I,F,H,G
A,E,D,C,B,I,G,F,H
A,E,D,C,B,I,G,H,F
A,E,D,C,B,I,H,F,G
A,E,D,C,B,I,H,G,F
A,E,D,C,F,B,G,H,I
A,E,D,C,F,B,G,I,H
A,E,D,C,F,B,H,G,I
A,E,D,C,F,B,H,I,G
A,E,D,C,F,B,I,G,H
A,E,D,C,F,B,I,H,G
A,E,D,C,F,G,B,H,I
A,E,D,C,F,G,B,I,H
A,E,D,C,F,G,H,B,I
A,E,D,C,F,G,H,I,B
A,E,D,C,F,G,I,B,H
A,E,D,C,F,G,I,H,B
A,E,D,C,F,H,B,G,I
A,E,D,C,F,H,B,I,G
A,E,D,C,F,H,G,B,I
A,E,D,C,F,H,G,I,B
A,E,D,C,F,H,I,B,G
A,E,D,C,F,H,I,G,B
A,E,D,C,F,I,B,G,H
A,E,D,C,F,I,B,H,G
A,E,D,C,F,I,G,B,H
A,E,D,C,F,I,G,H,B
A,E,D,C,F,I,H,B,G
A,E,D,C,F,I,H,G,B
A,E,D,C,G,B,F,H,I
A,E,D,C,G,B,F,I,H
A,E,D,C,G,B,H,F,I
A,E,D,C,G,B,H,I,F
A,E,D,C,G,B,I,F,H
A,E,D,C,G,B,I,H,F
A,E,D,C,G,F,B,H,I
A,E,D,C,G,F,B,I,H
A,E,D,C,G,F,H,B,I
A,E,D,C,G,F,H,I,B
A,E,D,C,G,F,I,B,H
A,E,D,C,G,F,I,H,B
A,E,D,C,G,H,B,F,I
A,E,D,C,G,H,B,I,F
A,E,D,C,G,H,F,B,I
A,E,D,C,G,H,F,I,B
A,E,D,C,G,H,I,B,F
A,E,D,C,G,H,I,F,B
A,E,D,C,G,I,B,F,H
A,E,D,C,G,I,B,H,F
A,E,D,C,G,I,F,B,H
A,E,D,C,G,I,F,H,B
A,E,D,C,G,I,H,B,F
A,E,D,C,G,I,H,F,B
A,E,D,C,H,B,F,G,I
A,E,D,C,H,B,F,I,G
A,E,D,C,H,B,G,F,I
A,E,D,C,H,B,G,I,F
A,E,D,C,H,B,I,F,G
A,E,D,C,H,B,I,G,F
A,E,D,C,H,F,B,G,I
A,E,D,C,H,F,B,I,G
A,E,D,C,H,F,G,B,I
A,E,D,C,H,F,G,I,B
A,E,D,C,H,F,I,B,G
A,E,D,C,H,F,I,G,B
A,E,D,C,H,G,B,F,I
A,E,D,C,H,G,B,I,F
A,E,D,C,H,G,F,B,I
A,E,D,C,H,G,F,I,B
A,E,D,C,H,G,I,B,F
A,E,D,C,H,G,I,F,B
A,E,D,C,H,I,B,F,G
A,E,D,C,H,I,B,G,F
A,E,D,C,H,I,F,B,G
A,E,D,C,H,I,F,G,B
A,E,D,C,H,I,G,B,F
A,E,D,C,H,I,G,F,B
A,E,D,C,I,B,F,G,H
A,E,D,C,I,B,F,H,G
A,E,D,C,I,B,G,F,H
A,E,D,C,I,B,G,H,F
A,E,D,C,I,B,H,F,G
A,E,D,C,I,B,H,G,F
A,E,D,C,I,F,B,G,H
A,E,D,C,I,F,B,H,G
A,E,D,C,I,F,G,B,H
A,E,D,C,I,F,G,H,B
A,E,D,C,I,F,H,B,G
A,E,D,C,I,F,H,G,B
A,E,D,C,I,G,B,F,H
A,E,D,C,I,G,B,H,F
A,E,D,C,I,G,F,B,H
A,E,D,C,I,G,F,H,B
A,E,D,C,I,G,H,B,F
A,E,D,C,I,G,H,F,B
A,E,D,C,I,H,B,F,G
A,E,D,C,I,H,B,G,F
A,E,D,C,I,H,F,B,G
A,E,D,C,I,H,F,G,B
A,E,D,C,I,H,G,B,F
A,E,D,C,I,H,G,F,B
A,E,D,F,B,C,G,H,I
A,E,D,F,B,C,G,I,H
A,E,D,F,B,C,H,G,I
A,E,D,F,B,C,H,I,G
A,E,D,F,B,C,I,G,H
A,E,D,F,B,C,I,H,G
A,E,D,F,B,G,C,H,I
A,E,D,F,B,G,C,I,H
A,E,D,F,B,G,H,C,I
A,E,D,F,B,G,H,I,C
A,E,D,F,B,G,I,C,H
A,E,D,F,B,G,I,H,C
A,E,D,F,B,H,C,G,I
A,E,D,F,B,H,C,I,G
A,E,D,F,B,H,G,C,I
A,E,D,F,B,H,G,I,C
A,E,D,F,B,H,I,C,G
A,E,D,F,B,H,I,G,C
A,E,D,F,B,I,C,G,H
A,E,D,F,B,I,C,H,G
A,E,D,F,B,I,G,C,H
A,E,D,F,B,I,G,H,C
A,E,D,F,B,I,H,C,G
A,E,D,F,B,I,H,G,C
A,E,D,F,C,B,G,H,I
A,E,D,F,C,B,G,I,H
A,E,D,F,C,B,H,G,I
A,E,D,F,C,B,H,I,G
A,E,D,F,C,B,I,G,H
A,E,D,F,C,B,I,H,G
A,E,D,F,C,G,B,H,I
A,E,D,F,C,G,B,I,H
A,E,D,F,C,G,H,B,I
A,E,D,F,C,G,H,I,B
A,E,D,F,C,G,I,B,H
A,E,D,F,C,G,I,H,B
A,E,D,F,C,H,B,G,I
A,E,D,F,C,H,B,I,G
A,E,D,F,C,H,G,B,I
A,E,D,F,C,H,G,I,B
A,E,D,F,C,H,I,B,G
A,E,D,F,C,H,I,G,B
A,E,D,F,C,I,B,G,H
A,E,D,F,C,I,B,H,G
A,E,D,F,C,I,G,B,H
A,E,D,F,C,I,G,H,B
A,E,D,F,C,I,H,B,G
A,E,D,F,C,I,H,G,B
A,E,D,F,G,B,C,H,I
A,E,D,F,G,B,C,I,H
A,E,D,F,G,B,H,C,I
A,E,D,F,G,B,H,I,C
A,E,D,F,G,B,I,C,H
A,E,D,F,G,B,I,H,C
A,E,D,F,G,C,B,H,I
A,E,D,F,G,C,B,I,H
A,E,D,F,G,C,H,B,I
A,E,D,F,G,C,H,I,B
A,E,D,F,G,C,I,B,H
A,E,D,F,G,C,I,H,B
A,E,D,F,G,H,B,C,I
A,E,D,F,G,H,B,I,C
A,E,D,F,G,H,C,B,I
A,E,D,F,G,H,C,I,B
A,E,D,F,G,H,I,B,C
A,E,D,F,G,H,I,C,B
A,E,D,F,G,I,B,C,H
A,E,D,F,G,I,B,H,C
A,E,D,F,G,I,C,B,H
A,E,D,F,G,I,C,H,B
A,E,D,F,G,I,H,B,C
A,E,D,F,G,I,H,C,B
A,E,D,F,H,B,C,G,I
A,E,D,F,H,B,C,I,G
A,E,D,F,H,B,G,C,I
A,E,D,F,H,B,G,I,C
A,E,D,F,H,B,I,C,G
A,E,D,F,H,B,I,G,C
A,E,D,F,H,C,B,G,I
A,E,D,F,H,C,B,I,G
A,E,D,F,H,C,G,B,I
A,E,D,F,H,C,G,I,B
A,E,D,F,H,C,I,B,G
A,E,D,F,H,C,I,G,B
A,E,D,F,H,G,B,C,I
A,E,D,F,H,G,B,I,C
A,E,D,F,H,G,C,B,I
A,E,D,F,H,G,C,I,B
A,E,D,F,H,G,I,B,C
A,E,D,F,H,G,I,C,B
A,E,D,F,H,I,B,C,G
A,E,D,F,H,I,B,G,C
A,E,D,F,H,I,C,B,G
A,E,D,F,H,I,C,G,B
A,E,D,F,H,I,G,B,C
A,E,D,F,H,I,G,C,B
A,E,D,F,I,B,C,G,H
A,E,D,F,I,B,C,H,G
A,E,D,F,I,B,G,C,H
A,E,D,F,I,B,G,H,C
A,E,D,F,I,B,H,C,G
A,E,D,F,I,B,H,G,C
A,E,D,F,I,C,B,G,H
A,E,D,F,I,C,B,H,G
A,E,D,F,I,C,G,B,H
A,E,D,F,I,C,G,H,B
A,E,D,F,I,C,H,B,G
A,E,D,F,I,C,H,G,B
A,E,D,F,I,G,B,C,H
A,E,D,F,I,G,B,H,C
A,E,D,F,I,G,C,B,H
A,E,D,F,I,G,C,H,B
A,E,D,F,I,G,H,B,C
A,E,D,F,I,G,H,C,B
A,E,D,F,I,H,B,C,G
A,E,D,F,I,H,B,G,C
A,E,D,F,I,H,C,B,G
A,E,D,F,I,H,C,G,B
A,E,D,F,I,H,G,B,C
A,E,D,F,I,H,G,C,B
A,E,D,G,B,C,F,H,I
A,E,D,G,B,C,F,I,H
A,E,D,G,B,C,H,F,I
A,E,D,G,B,C,H,I,F
A,E,D,G,B,C,I,F,H
A,E,D,G,B,C,I,H,F
A,E,D,G,B,F,C,H,I
A,E,D,G,B,F,C,I,H
A,E,D,G,B,F,H,C,I
A,E,D,G,B,F,H,I,C
A,E,D,G,B,F,I,C,H
A,E,D,G,B,F,I,H,C
A,E,D,G,B,H,C,F,I
A,E,D,G,B,H,C,I,F
A,E,D,G,B,H,F,C,I
A,E,D,G,B,H,F,I,C
A,E,D,G,B,H,I,C,F
A,E,D,G,B,H,I,F,C
A,E,D,G,B,I,C,F,H
A,E,D,G,B,I,C,H,F
A,E,D,G,B,I,F,C,H
A,E,D,G,B,I,F,H,C
A,E,D,G,B,I,H,C,F
A,E,D,G,B,I,H,F,C
A,E,D,G,C,B,F,H,I
A,E,D,G,C,B,F,I,H
A,E,D,G,C,B,H,F,I
A,E,D,G,C,B,H,I,F
A,E,D,G,C,B,I,F,H
A,E,D,G,C,B,I,H,F
A,E,D,G,C,F,B,H,I
A,E,D,G,C,F,B,I,H
A,E,D,G,C,F,H,B,I
A,E,D,G,C,F,H,I,B
A,E,D,G,C,F,I,B,H
A,E,D,G,C,F,I,H,B
A,E,D,G,C,H,B,F,I
A,E,D,G,C,H,B,I,F
A,E,D,G,C,H,F,B,I
A,E,D,G,C,H,F,I,B
A,E,D,G,C,H,I,B,F
A,E,D,G,C,H,I,F,B
A,E,D,G,C,I,B,F,H
A,E,D,G,C,I,B,H,F
A,E,D,G,C,I,F,B,H
A,E,D,G,C,I,F,H,B
A,E,D,G,C,I,H,B,F
A,E,D,G,C,I,H,F,B
A,E,D,G,F,B,C,H,I
A,E,D,G,F,B,C,I,H
A,E,D,G,F,B,H,C,I
A,E,D,G,F,B,H,I,C
A,E,D,G,F,B,I,C,H
A,E,D,G,F,B,I,H,C
A,E,D,G,F,C,B,H,I
A,E,D,G,F,C,B,I,H
A,E,D,G,F,C,H,B,I
A,E,D,G,F,C,H,I,B
A,E,D,G,F,C,I,B,H
A,E,D,G,F,C,I,H,B
A,E,D,G,F,H,B,C,I
A,E,D,G,F,H,B,I,C
A,E,D,G,F,H,C,B,I
A,E,D,G,F,H,C,I,B
A,E,D,G,F,H,I,B,C
A,E,D,G,F,H,I,C,B
A,E,D,G,F,I,B,C,H
A,E,D,G,F,I,B,H,C
A,E,D,G,F,I,C,B,H
A,E,D,G,F,I,C,H,B
A,E,D,G,F,I,H,B,C
A,E,D,G,F,I,H,C,B
A,E,D,G,H,B,C,F,I
A,E,D,G,H,B,C,I,F
A,E,D,G,H,B,F,C,I
A,E,D,G,H,B,F,I,C
A,E,D,G,H,B,I,C,F
A,E,D,G,H,B,I,F,C
A,E,D,G,H,C,B,F,I
A,E,D,G,H,C,B,I,F
A,E,D,G,H,C,F,B,I
A,E,D,G,H,C,F,I,B
A,E,D,G,H,C,I,B,F
A,E,D,G,H,C,I,F,B
A,E,D,G,H,F,B,C,I
A,E,D,G,H,F,B,I,C
A,E,D,G,H,F,C,B,I
A,E,D,G,H,F,C,I,B
A,E,D,G,H,F,I,B,C
A,E,D,G,H,F,I,C,B
A,E,D,G,H,I,B,C,F
A,E,D,G,H,I,B,F,C
A,E,D,G,H,I,C,B,F
A,E,D,G,H,I,C,F,B
A,E,D,G,H,I,F,B,C
A,E,D,G,H,I,F,C,B
A,E,D,G,I,B,C,F,H
A,E,D,G,I,B,C,H,F
A,E,D,G,I,B,F,C,H
A,E,D,G,I,B,F,H,C
A,E,D,G,I,B,H,C,F
A,E,D,G,I,B,H,F,C
A,E,D,G,I,C,B,F,H
A,E,D,G,I,C,B,H,F
A,E,D,G,I,C,F,B,H
A,E,D,G,I,C,F,H,B
A,E,D,G,I,C,H,B,F
A,E,D,G,I,C,H,F,B
A,E,D,G,I,F,B,C,H
A,E,D,G,I,F,B,H,C
A,E,D,G,I,F,C,B,H
A,E,D,G,I,F,C,H,B
A,E,D,G,I,F,H,B,C
A,E,D,G,I,F,H,C,B
A,E,D,G,I,H,B,C,F
A,E,D,G,I,H,B,F,C
A,E,D,G,I,H,C,B,F
A,E,D,G,I,H,C,F,B
A,E,D,G,I,H,F,B,C
A,E,D,G,I,H,F,C,B
A,E,D,H,B,C,F,G,I
A,E,D,H,B,C,F,I,G
A,E,D,H,B,C,G,F,I
A,E,D,H,B,C,G,I,F
A,E,D,H,B,C,I,F,G
A,E,D,H,B,C,I,G,F
A,E,D,H,B,F,C,G,I
A,E,D,H,B,F,C,I,G
A,E,D,H,B,F,G,C,I
A,E,D,H,B,F,G,I,C
A,E,D,H,B,F,I,C,G
A,E,D,H,B,F,I,G,C
A,E,D,H,B,G,C,F,I
A,E,D,H,B,G,C,I,F
A,E,D,H,B,G,F,C,I
A,E,D,H,B,G,F,I,C
A,E,D,H,B,G,I,C,F
A,E,D,H,B,G,I,F,C
A,E,D,H,B,I,C,F,G
A,E,D,H,B,I,C,G,F
A,E,D,H,B,I,F,C,G
A,E,D,H,B,I,F,G,C
A,E,D,H,B,I,G,C,F
A,E,D,H,B,I,G,F,C
A,E,D,H,C,B,F,G,I
A,E,D,H,C,B,F,I,G
A,E,D,H,C,B,G,F,I
A,E,D,H,C,B,G,I,F
A,E,D,H,C,B,I,F,G
A,E,D,H,C,B,I,G,F
A,E,D,H,C,F,B,G,I
A,E,D,H,C,F,B,I,G
A,E,D,H,C,F,G,B,I
A,E,D,H,C,F,G,I,B
A,E,D,H,C,F,I,B,G
A,E,D,H,C,F,I,G,B
A,E,D,H,C,G,B,F,I
A,E,D,H,C,G,B,I,F
A,E,D,H,C,G,F,B,I
A,E,D,H,C,G,F,I,B
A,E,D,H,C,G,I,B,F
A,E,D,H,C,G,I,F,B
A,E,D,H,C,I,B,F,G
A,E,D,H,C,I,B,G,F
A,E,D,H,C,I,F,B,G
A,E,D,H,C,I,F,G,B
A,E,D,H,C,I,G,B,F
A,E,D,H,C,I,G,F,B
A,E,D,H,F,B,C,G,I
A,E,D,H,F,B,C,I,G
A,E,D,H,F,B,G,C,I
A,E,D,H,F,B,G,I,C
A,E,D,H,F,B,I,C,G
A,E,D,H,F,B,I,G,C
A,E,D,H,F,C,B,G,I
A,E,D,H,F,C,B,I,G
A,E,D,H,F,C,G,B,I
A,E,D,H,F,C,G,I,B
A,E,D,H,F,C,I,B,G
A,E,D,H,F,C,I,G,B
A,E,D,H,F,G,B,C,I
A,E,D,H,F,G,B,I,C
A,E,D,H,F,G,C,B,I
A,E,D,H,F,G,C,I,B
A,E,D,H,F,G,I,B,C
A,E,D,H,F,G,I,C,B
A,E,D,H,F,I,B,C,G
A,E,D,H,F,I,B,G,C
A,E,D,H,F,I,C,B,G
A,E,D,H,F,I,C,G,B
A,E,D,H,F,I,G,B,C
A,E,D,H,F,I,G,C,B
A,E,D,H,G,B,C,F,I
A,E,D,H,G,B,C,I,F
A,E,D,H,G,B,F,C,I
A,E,D,H,G,B,F,I,C
A,E,D,H,G,B,I,C,F
A,E,D,H,G,B,I,F,C
A,E,D,H,G,C,B,F,I
A,E,D,H,G,C,B,I,F
A,E,D,H,G,C,F,B,I
A,E,D,H,G,C,F,I,B
A,E,D,H,G,C,I,B,F
A,E,D,H,G,C,I,F,B
A,E,D,H,G,F,B,C,I
A,E,D,H,G,F,B,I,C
A,E,D,H,G,F,C,B,I
A,E,D,H,G,F,C,I,B
A,E,D,H,G,F,I,B,C
A,E,D,H,G,F,I,C,B
A,E,D,H,G,I,B,C,F
A,E,D,H,G,I,B,F,C
A,E,D,H,G,I,C,B,F
A,E,D,H,G,I,C,F,B
A,E,D,H,G,I,F,B,C
A,E,D,H,G,I,F,C,B
A,E,D,H,I,B,C,F,G
A,E,D,H,I,B,C,G,F
A,E,D,H,I,B,F,C,G
A,E,D,H,I,B,F,G,C
A,E,D,H,I,B,G,C,F
A,E,D,H,I,B,G,F,C
A,E,D,H,I,C,B,F,G
A,E,D,H,I,C,B,G,F
A,E,D,H,I,C,F,B,G
A,E,D,H,I,C,F,G,B
A,E,D,H,I,C,G,B,F
A,E,D,H,I,C,G,F,B
A,E,D,H,I,F,B,C,G
A,E,D,H,I,F,B,G,C
A,E,D,H,I,F,C,B,G
A,E,D,H,I,F,C,G,B
A,E,D,H,I,F,G,B,C
A,E,D,H,I,F,G,C,B
A,E,D,H,I,G,B,C,F
A,E,D,H,I,G,B,F,C
A,E,D,H,I,G,C,B,F
A,E,D,H,I,G,C,F,B
A,E,D,H,I,G,F,B,C
A,E,D,H,I,G,F,C,B
A,E,D,I,B,C,F,G,H
A,E,D,I,B,C,F,H,G
A,E,D,I,B,C,G,F,H
A,E,D,I,B,C,G,H,F
A,E,D,I,B,C,H,F,G
A,E,D,I,B,C,H,G,F
A,E,D,I,B,F,C,G,H
A,E,D,I,B,F,C,H,G
A,E,D,I,B,F,G,C,H
A,E,D,I,B,F,G,H,C
A,E,D,I,B,F,H,C,G
A,E,D,I,B,F,H,G,C
A,E,D,I,B,G,C,F,H
A,E,D,I,B,G,C,H,F
A,E,D,I,B,G,F,C,H
A,E,D,I,B,G,F,H,C
A,E,D,I,B,G,H,C,F
A,E,D,I,B,G,H,F,C
A,E,D,I,B,H,C,F,G
A,E,D,I,B,H,C,G,F
A,E,D,I,B,H,F,C,G
A,E,D,I,B,H,F,G,C
A,E,D,I,B,H,G,C,F
A,E,D,I,B,H,G,F,C
A,E,D,I,C,B,F,G,H
A,E,D,I,C,B,F,H,G
A,E,D,I,C,B,G,F,H
A,E,D,I,C,B,G,H,F
A,E,D,I,C,B,H,F,G
A,E,D,I,C,B,H,G,F
A,E,D,I,C,F,B,G,H
A,E,D,I,C,F,B,H,G
A,E,D,I,C,F,G,B,H
A,E,D,I,C,F,G,H,B
A,E,D,I,C,F,H,B,G
A,E,D,I,C,F,H,G,B
A,E,D,I,C,G,B,F,H
A,E,D,I,C,G,B,H,F
A,E,D,I,C,G,F,B,H
A,E,D,I,C,G,F,H,B
A,E,D,I,C,G,H,B,F
A,E,D,I,C,G,H,F,B
A,E,D,I,C,H,B,F,G
A,E,D,I,C,H,B,G,F
A,E,D,I,C,H,F,B,G
A,E,D,I,C,H,F,G,B
A,E,D,I,C,H,G,B,F
A,E,D,I,C,H,G,F,B
A,E,D,I,F,B,C,G,H
A,E,D,I,F,B,C,H,G
A,E,D,I,F,B,G,C,H
A,E,D,I,F,B,G,H,C
A,E,D,I,F,B,H,C,G
A,E,D,I,F,B,H,G,C
A,E,D,I,F,C,B,G,H
A,E,D,I,F,C,B,H,G
A,E,D,I,F,C,G,B,H
A,E,D,I,F,C,G,H,B
A,E,D,I,F,C,H,B,G
A,E,D,I,F,C,H,G,B
A,E,D,I,F,G,B,C,H
A,E,D,I,F,G,B,H,C
A,E,D,I,F,G,C,B,H
A,E,D,I,F,G,C,H,B
A,E,D,I,F,G,H,B,C
A,E,D,I,F,G,H,C,B
A,E,D,I,F,H,B,C,G
A,E,D,I,F,H,B,G,C
A,E,D,I,F,H,C,B,G
A,E,D,I,F,H,C,G,B
A,E,D,I,F,H,G,B,C
A,E,D,I,F,H,G,C,B
A,E,D,I,G,B,C,F,H
A,E,D,I,G,B,C,H,F
A,E,D,I,G,B,F,C,H
A,E,D,I,G,B,F,H,C
A,E,D,I,G,B,H,C,F
A,E,D,I,G,B,H,F,C
A,E,D,I,G,C,B,F,H
A,E,D,I,G,C,B,H,F
A,E,D,I,G,C,F,B,H
A,E,D,I,G,C,F,H,B
A,E,D,I,G,C,H,B,F
A,E,D,I,G,C,H,F,B
A,E,D,I,G,F,B,C,H
A,E,D,I,G,F,B,H,C
A,E,D,I,G,F,C,B,H
A,E,D,I,G,F,C,H,B
A,E,D,I,G,F,H,B,C
A,E,D,I,G,F,H,C,B
A,E,D,I,G,H,B,C,F
A,E,D,I,G,H,B,F,C
A,E,D,I,G,H,C,B,F
A,E,D,I,G,H,C,F,B
A,E,D,I,G,H,F,B,C
A,E,D,I,G,H,F,C,B
A,E,D,I,H,B,C,F,G
A,E,D,I,H,B,C,G,F
A,E,D,I,H,B,F,C,G
A,E,D,I,H,B,F,G,C
A,E,D,I,H,B,G,C,F
A,E,D,I,H,B,G,F,C
A,E,D,I,H,C,B,F,G
A,E,D,I,H,C,B,G,F
A,E,D,I,H,C,F,B,G
A,E,D,I,H,C,F,G,B
A,E,D,I,H,C,G,B,F
A,E,D,I,H,C,G,F,B
A,E,D,I,H,F,B,C,G
A,E,D,I,H,F,B,G,C
A,E,D,I,H,F,C,B,G
A,E,D,I,H,F,C,G,B
A,E,D,I,H,F,G,B,C
A,E,D,I,H,F,G,C,B
A,E,D,I,H,G,B,C,F
A,E,D,I,H,G,B,F,C
A,E,D,I,H,G,C,B,F
A,E,D,I,H,G,C,F,B
A,E,D,I,H,G,F,B,C
A,E,D,I,H,G,F,C,B
A,E,F,B,C,D,G,H,I
A,E,F,B,C,D,G,I,H
A,E,F,B,C,D,H,G,I
A,E,F,B,C,D,H,I,G
A,E,F,B,C,D,I,G,H
A,E,F,B,C,D,I,H,G
A,E,F,B,C,G,D,H,I
A,E,F,B,C,G,D,I,H
A,E,F,B,C,G,H,D,I
A,E,F,B,C,G,H,I,D
A,E,F,B,C,G,I,D,H
A,E,F,B,C,G,I,H,D
A,E,F,B,C,H,D,G,I
A,E,F,B,C,H,D,I,G
A,E,F,B,C,H,G,D,I
A,E,F,B,C,H,G,I,D
A,E,F,B,C,H,I,D,G
A,E,F,B,C,H,I,G,D
A,E,F,B,C,I,D,G,H
A,E,F,B,C,I,D,H,G
A,E,F,B,C,I,G,D,H
A,E,F,B,C,I,G,H,D
A,E,F,B,C,I,H,D,G
A,E,F,B,C,I,H,G,D
A,E,F,B,D,C,G,H,I
A,E,F,B,D,C,G,I,H
A,E,F,B,D,C,H,G,I
A,E,F,B,D,C,H,I,G
A,E,F,B,D,C,I,G,H
A,E,F,B,D,C,I,H,G
A,E,F,B,D,G,C,H,I
A,E,F,B,D,G,C,I,H
A,E,F,B,D,G,H,C,I
A,E,F,B,D,G,H,I,C
A,E,F,B,D,G,I,C,H
A,E,F,B,D,G,I,H,C
A,E,F,B,D,H,C,G,I
A,E,F,B,D,H,C,I,G
A,E,F,B,D,H,G,C,I
A,E,F,B,D,H,G,I,C
A,E,F,B,D,H,I,C,G
A,E,F,B,D,H,I,G,C
A,E,F,B,D,I,C,G,H
A,E,F,B,D,I,C,H,G
A,E,F,B,D,I,G,C,H
A,E,F,B,D,I,G,H,C
A,E,F,B,D,I,H,C,G
A,E,F,B,D,I,H,G,C
A,E,F,B,G,C,D,H,I
A,E,F,B,G,C,D,I,H
A,E,F,B,G,C,H,D,I
A,E,F,B,G,C,H,I,D
A,E,F,B,G,C,I,D,H
A,E,F,B,G,C,I,H,D
A,E,F,B,G,D,C,H,I
A,E,F,B,G,D,C,I,H
A,E,F,B,G,D,H,C,I
A,E,F,B,G,D,H,I,C
A,E,F,B,G,D,I,C,H
A,E,F,B,G,D,I,H,C
A,E,F,B,G,H,C,D,I
A,E,F,B,G,H,C,I,D
A,E,F,B,G,H,D,C,I
A,E,F,B,G,H,D,I,C
A,E,F,B,G,H,I,C,D
A,E,F,B,G,H,I,D,C
A,E,F,B,G,I,C,D,H
A,E,F,B,G,I,C,H,D
A,E,F,B,G,I,D,C,H
A,E,F,B,G,I,D,H,C
A,E,F,B,G,I,H,C,D
A,E,F,B,G,I,H,D,C
A,E,F,B,H,C,D,G,I
A,E,F,B,H,C,D,I,G
A,E,F,B,H,C,G,D,I
A,E,F,B,H,C,G,I,D
A,E,F,B,H,C,I,D,G
A,E,F,B,H,C,I,G,D
A,E,F,B,H,D,C,G,I
A,E,F,B,H,D,C,I,G
A,E,F,B,H,D,G,C,I
A,E,F,B,H,D,G,I,C
A,E,F,B,H,D,I,C,G
A,E,F,B,H,D,I,G,C
A,E,F,B,H,G,C,D,I
A,E,F,B,H,G,C,I,D
A,E,F,B,H,G,D,C,I
A,E,F,B,H,G,D,I,C
A,E,F,B,H,G,I,C,D
A,E,F,B,H,G,I,D,C
A,E,F,B,H,I,C,D,G
A,E,F,B,H,I,C,G,D
A,E,F,B,H,I,D,C,G
A,E,F,B,H,I,D,G,C
A,E,F,B,H,I,G,C,D
A,E,F,B,H,I,G,D,C
A,E,F,B,I,C,D,G,H
A,E,F,B,I,C,D,H,G
A,E,F,B,I,C,G,D,H
A,E,F,B,I,C,G,H,D
A,E,F,B,I,C,H,D,G
A,E,F,B,I,C,H,G,D
A,E,F,B,I,D,C,G,H
A,E,F,B,I,D,C,H,G
A,E,F,B,I,D,G,C,H
A,E,F,B,I,D,G,H,C
A,E,F,B,I,D,H,C,G
A,E,F,B,I,D,H,G,C
A,E,F,B,I,G,C,D,H
A,E,F,B,I,G,C,H,D
A,E,F,B,I,G,D,C,H
A,E,F,B,I,G,D,H,C
A,E,F,B,I,G,H,C,D
A,E,F,B,I,G,H,D,C
A,E,F,B,I,H,C,D,G
A,E,F,B,I,H,C,G,D
A,E,F,B,I,H,D,C,G
A,E,F,B,I,H,D,G,C
A,E,F,B,I,H,G,C,D
A,E,F,B,I,H,G,D,C
A,E,F,C,B,D,G,H,I
A,E,F,C,B,D,G,I,H
A,E,F,C,B,D,H,G,I
A,E,F,C,B,D,H,I,G
A,E,F,C,B,D,I,G,H
A,E,F,C,B,D,I,H,G
A,E,F,C,B,G,D,H,I
A,E,F,C,B,G,D,I,H
A,E,F,C,B,G,H,D,I
A,E,F,C,B,G,H,I,D
A,E,F,C,B,G,I,D,H
A,E,F,C,B,G,I,H,D
A,E,F,C,B,H,D,G,I
A,E,F,C,B,H,D,I,G
A,E,F,C,B,H,G,D,I
A,E,F,C,B,H,G,I,D
A,E,F,C,B,H,I,D,G
A,E,F,C,B,H,I,G,D
A,E,F,C,B,I,D,G,H
A,E,F,C,B,I,D,H,G
A,E,F,C,B,I,G,D,H
A,E,F,C,B,I,G,H,D
A,E,F,C,B,I,H,D,G
A,E,F,C,B,I,H,G,D
A,E,F,C,D,B,G,H,I
A,E,F,C,D,B,G,I,H
A,E,F,C,D,B,H,G,I
A,E,F,C,D,B,H,I,G
A,E,F,C,D,B,I,G,H
A,E,F,C,D,B,I,H,G
A,E,F,C,D,G,B,H,I
A,E,F,C,D,G,B,I,H
A,E,F,C,D,G,H,B,I
A,E,F,C,D,G,H,I,B
A,E,F,C,D,G,I,B,H
A,E,F,C,D,G,I,H,B
A,E,F,C,D,H,B,G,I
A,E,F,C,D,H,B,I,G
A,E,F,C,D,H,G,B,I
A,E,F,C,D,H,G,I,B
A,E,F,C,D,H,I,B,G
A,E,F,C,D,H,I,G,B
A,E,F,C,D,I,B,G,H
A,E,F,C,D,I,B,H,G
A,E,F,C,D,I,G,B,H
A,E,F,C,D,I,G,H,B
A,E,F,C,D,I,H,B,G
A,E,F,C,D,I,H,G,B
A,E,F,C,G,B,D,H,I
A,E,F,C,G,B,D,I,H
A,E,F,C,G,B,H,D,I
A,E,F,C,G,B,H,I,D
A,E,F,C,G,B,I,D,H
A,E,F,C,G,B,I,H,D
A,E,F,C,G,D,B,H,I
A,E,F,C,G,D,B,I,H
A,E,F,C,G,D,H,B,I
A,E,F,C,G,D,H,I,B
A,E,F,C,G,D,I,B,H
A,E,F,C,G,D,I,H,B
A,E,F,C,G,H,B,D,I
A,E,F,C,G,H,B,I,D
A,E,F,C,G,H,D,B,I
A,E,F,C,G,H,D,I,B
A,E,F,C,G,H,I,B,D
A,E,F,C,G,H,I,D,B
A,E,F,C,G,I,B,D,H
A,E,F,C,G,I,B,H,D
A,E,F,C,G,I,D,B,H
A,E,F,C,G,I,D,H,B
A,E,F,C,G,I,H,B,D
A,E,F,C,G,I,H,D,B
A,E,F,C,H,B,D,G,I
A,E,F,C,H,B,D,I,G
A,E,F,C,H,B,G,D,I
A,E,F,C,H,B,G,I,D
A,E,F,C,H,B,I,D,G
A,E,F,C,H,B,I,G,D
A,E,F,C,H,D,B,G,I
A,E,F,C,H,D,B,I,G
A,E,F,C,H,D,G,B,I
A,E,F,C,H,D,G,I,B
A,E,F,C,H,D,I,B,G
A,E,F,C,H,D,I,G,B
A,E,F,C,H,G,B,D,I
A,E,F,C,H,G,B,I,D
A,E,F,C,H,G,D,B,I
A,E,F,C,H,G,D,I,B
A,E,F,C,H,G,I,B,D
A,E,F,C,H,G,I,D,B
A,E,F,C,H,I,B,D,G
A,E,F,C,H,I,B,G,D
A,E,F,C,H,I,D,B,G
A,E,F,C,H,I,D,G,B
A,E,F,C,H,I,G,B,D
A,E,F,C,H,I,G,D,B
A,E,F,C,I,B,D,G,H
A,E,F,C,I,B,D,H,G
A,E,F,C,I,B,G,D,H
A,E,F,C,I,B,G,H,D
A,E,F,C,I,B,H,D,G
A,E,F,C,I,B,H,G,D
A,E,F,C,I,D,B,G,H
A,E,F,C,I,D,B,H,G
A,E,F,C,I,D,G,B,H
A,E,F,C,I,D,G,H,B
A,E,F,C,I,D,H,B,G
A,E,F,C,I,D,H,G,B
A,E,F,C,I,G,B,D,H
A,E,F,C,I,G,B,H,D
A,E,F,C,I,G,D,B,H
A,E,F,C,I,G,D,H,B
A,E,F,C,I,G,H,B,D
A,E,F,C,I,G,H,D,B
A,E,F,C,I,H,B,D,G
A,E,F,C,I,H,B,G,D
A,E,F,C,I,H,D,B,G
A,E,F,C,I,H,D,G,B
A,E,F,C,I,H,G,B,D
A,E,F,C,I,H,G,D,B
A,E,F,D,B,C,G,H,I
A,E,F,D,B,C,G,I,H
A,E,F,D,B,C,H,G,I
A,E,F,D,B,C,H,I,G
A,E,F,D,B,C,I,G,H
A,E,F,D,B,C,I,H,G
A,E,F,D,B,G,C,H,I
A,E,F,D,B,G,C,I,H
A,E,F,D,B,G,H,C,I
A,E,F,D,B,G,H,I,C
A,E,F,D,B,G,I,C,H
A,E,F,D,B,G,I,H,C
A,E,F,D,B,H,C,G,I
A,E,F,D,B,H,C,I,G
A,E,F,D,B,H,G,C,I
A,E,F,D,B,H,G,I,C
A,E,F,D,B,H,I,C,G
A,E,F,D,B,H,I,G,C
A,E,F,D,B,I,C,G,H
A,E,F,D,B,I,C,H,G
A,E,F,D,B,I,G,C,H
A,E,F,D,B,I,G,H,C
A,E,F,D,B,I,H,C,G
A,E,F,D,B,I,H,G,C
A,E,F,D,C,B,G,H,I
A,E,F,D,C,B,G,I,H
A,E,F,D,C,B,H,G,I
A,E,F,D,C,B,H,I,G
A,E,F,D,C,B,I,G,H
A,E,F,D,C,B,I,H,G
A,E,F,D,C,G,B,H,I
A,E,F,D,C,G,B,I,H
A,E,F,D,C,G,H,B,I
A,E,F,D,C,G,H,I,B
A,E,F,D,C,G,I,B,H
A,E,F,D,C,G,I,H,B
A,E,F,D,C,H,B,G,I
A,E,F,D,C,H,B,I,G
A,E,F,D,C,H,G,B,I
A,E,F,D,C,H,G,I,B
A,E,F,D,C,H,I,B,G
A,E,F,D,C,H,I,G,B
A,E,F,D,C,I,B,G,H
A,E,F,D,C,I,B,H,G
A,E,F,D,C,I,G,B,H
A,E,F,D,C,I,G,H,B
A,E,F,D,C,I,H,B,G
A,E,F,D,C,I,H,G,B
A,E,F,D,G,B,C,H,I
A,E,F,D,G,B,C,I,H
A,E,F,D,G,B,H,C,I
A,E,F,D,G,B,H,I,C
A,E,F,D,G,B,I,C,H
A,E,F,D,G,B,I,H,C
A,E,F,D,G,C,B,H,I
A,E,F,D,G,C,B,I,H
A,E,F,D,G,C,H,B,I
A,E,F,D,G,C,H,I,B
A,E,F,D,G,C,I,B,H
A,E,F,D,G,C,I,H,B
A,E,F,D,G,H,B,C,I
A,E,F,D,G,H,B,I,C
A,E,F,D,G,H,C,B,I
A,E,F,D,G,H,C,I,B
A,E,F,D,G,H,I,B,C
A,E,F,D,G,H,I,C,B
A,E,F,D,G,I,B,C,H
A,E,F,D,G,I,B,H,C
A,E,F,D,G,I,C,B,H
A,E,F,D,G,I,C,H,B
A,E,F,D,G,I,H,B,C
A,E,F,D,G,I,H,C,B
A,E,F,D,H,B,C,G,I
A,E,F,D,H,B,C,I,G
A,E,F,D,H,B,G,C,I
A,E,F,D,H,B,G,I,C
A,E,F,D,H,B,I,C,G
A,E,F,D,H,B,I,G,C
A,E,F,D,H,C,B,G,I
A,E,F,D,H,C,B,I,G
A,E,F,D,H,C,G,B,I
A,E,F,D,H,C,G,I,B
A,E,F,D,H,C,I,B,G
A,E,F,D,H,C,I,G,B
A,E,F,D,H,G,B,C,I
A,E,F,D,H,G,B,I,C
A,E,F,D,H,G,C,B,I
A,E,F,D,H,G,C,I,B
A,E,F,D,H,G,I,B,C
A,E,F,D,H,G,I,C,B
A,E,F,D,H,I,B,C,G
A,E,F,D,H,I,B,G,C
A,E,F,D,H,I,C,B,G
A,E,F,D,H,I,C,G,B
A,E,F,D,H,I,G,B,C
A,E,F,D,H,I,G,C,B
A,E,F,D,I,B,C,G,H
A,E,F,D,I,B,C,H,G
A,E,F,D,I,B,G,C,H
A,E,F,D,I,B,G,H,C
A,E,F,D,I,B,H,C,G
A,E,F,D,I,B,H,G,C
A,E,F,D,I,C,B,G,H
A,E,F,D,I,C,B,H,G
A,E,F,D,I,C,G,B,H
A,E,F,D,I,C,G,H,B
A,E,F,D,I,C,H,B,G
A,E,F,D,I,C,H,G,B
A,E,F,D,I,G,B,C,H
A,E,F,D,I,G,B,H,C
A,E,F,D,I,G,C,B,H
A,E,F,D,I,G,C,H,B
A,E,F,D,I,G,H,B,C
A,E,F,D,I,G,H,C,B
A,E,F,D,I,H,B,C,G
A,E,F,D,I,H,B,G,C
A,E,F,D,I,H,C,B,G
A,E,F,D,I,H,C,G,B
A,E,F,D,I,H,G,B,C
A,E,F,D,I,H,G,C,B
A,E,F,G,B,C,D,H,I
A,E,F,G,B,C,D,I,H
A,E,F,G,B,C,H,D,I
A,E,F,G,B,C,H,I,D
A,E,F,G,B,C,I,D,H
A,E,F,G,B,C,I,H,D
A,E,F,G,B,D,C,H,I
A,E,F,G,B,D,C,I,H
A,E,F,G,B,D,H,C,I
A,E,F,G,B,D,H,I,C
A,E,F,G,B,D,I,C,H
A,E,F,G,B,D,I,H,C
A,E,F,G,B,H,C,D,I
A,E,F,G,B,H,C,I,D
A,E,F,G,B,H,D,C,I
A,E,F,G,B,H,D,I,C
A,E,F,G,B,H,I,C,D
A,E,F,G,B,H,I,D,C
A,E,F,G,B,I,C,D,H
A,E,F,G,B,I,C,H,D
A,E,F,G,B,I,D,C,H
A,E,F,G,B,I,D,H,C
A,E,F,G,B,I,H,C,D
A,E,F,G,B,I,H,D,C
A,E,F,G,C,B,D,H,I
A,E,F,G,C,B,D,I,H
A,E,F,G,C,B,H,D,I
A,E,F,G,C,B,H,I,D
A,E,F,G,C,B,I,D,H
A,E,F,G,C,B,I,H,D
A,E,F,G,C,D,B,H,I
A,E,F,G,C,D,B,I,H
A,E,F,G,C,D,H,B,I
A,E,F,G,C,D,H,I,B
A,E,F,G,C,D,I,B,H
A,E,F,G,C,D,I,H,B
A,E,F,G,C,H,B,D,I
A,E,F,G,C,H,B,I,D
A,E,F,G,C,H,D,B,I
A,E,F,G,C,H,D,I,B
A,E,F,G,C,H,I,B,D
A,E,F,G,C,H,I,D,B
A,E,F,G,C,I,B,D,H
A,E,F,G,C,I,B,H,D
A,E,F,G,C,I,D,B,H
A,E,F,G,C,I,D,H,B
A,E,F,G,C,I,H,B,D
A,E,F,G,C,I,H,D,B
A,E,F,G,D,B,C,H,I
A,E,F,G,D,B,C,I,H
A,E,F,G,D,B,H,C,I
A,E,F,G,D,B,H,I,C
A,E,F,G,D,B,I,C,H
A,E,F,G,D,B,I,H,C
A,E,F,G,D,C,B,H,I
A,E,F,G,D,C,B,I,H
A,E,F,G,D,C,H,B,I
A,E,F,G,D,C,H,I,B
A,E,F,G,D,C,I,B,H
A,E,F,G,D,C,I,H,B
A,E,F,G,D,H,B,C,I
A,E,F,G,D,H,B,I,C
A,E,F,G,D,H,C,B,I
A,E,F,G,D,H,C,I,B
A,E,F,G,D,H,I,B,C
A,E,F,G,D,H,I,C,B
A,E,F,G,D,I,B,C,H
A,E,F,G,D,I,B,H,C
A,E,F,G,D,I,C,B,H
A,E,F,G,D,I,C,H,B
A,E,F,G,D,I,H,B,C
A,E,F,G,D,I,H,C,B
A,E,F,G,H,B,C,D,I
A,E,F,G,H,B,C,I,D
A,E,F,G,H,B,D,C,I
A,E,F,G,H,B,D,I,C
A,E,F,G,H,B,I,C,D
A,E,F,G,H,B,I,D,C
A,E,F,G,H,C,B,D,I
A,E,F,G,H,C,B,I,D
A,E,F,G,H,C,D,B,I
A,E,F,G,H,C,D,I,B
A,E,F,G,H,C,I,B,D
A,E,F,G,H,C,I,D,B
A,E,F,G,H,D,B,C,I
A,E,F,G,H,D,B,I,C
A,E,F,G,H,D,C,B,I
A,E,F,G,H,D,C,I,B
A,E,F,G,H,D,I,B,C
A,E,F,G,H,D,I,C,B
A,E,F,G,H,I,B,C,D
A,E,F,G,H,I,B,D,C
A,E,F,G,H,I,C,B,D
A,E,F,G,H,I,C,D,B
A,E,F,G,H,I,D,B,C
A,E,F,G,H,I,D,C,B
A,E,F,G,I,B,C,D,H
A,E,F,G,I,B,C,H,D
A,E,F,G,I,B,D,C,H
A,E,F,G,I,B,D,H,C
A,E,F,G,I,B,H,C,D
A,E,F,G,I,B,H,D,C
A,E,F,G,I,C,B,D,H
A,E,F,G,I,C,B,H,D
A,E,F,G,I,C,D,B,H
A,E,F,G,I,C,D,H,B
A,E,F,G,I,C,H,B,D
A,E,F,G,I,C,H,D,B
A,E,F,G,I,D,B,C,H
A,E,F,G,I,D,B,H,C
A,E,F,G,I,D,C,B,H
A,E,F,G,I,D,C,H,B
A,E,F,G,I,D,H,B,C
A,E,F,G,I,D,H,C,B
A,E,F,G,I,H,B,C,D
A,E,F,G,I,H,B,D,C
A,E,F,G,I,H,C,B,D
A,E,F,G,I,H,C,D,B
A,E,F,G,I,H,D,B,C
A,E,F,G,I,H,D,C,B
A,E,F,H,B,C,D,G,I
A,E,F,H,B,C,D,I,G
A,E,F,H,B,C,G,D,I
A,E,F,H,B,C,G,I,D
A,E,F,H,B,C,I,D,G
A,E,F,H,B,C,I,G,D
A,E,F,H,B,D,C,G,I
A,E,F,H,B,D,C,I,G
A,E,F,H,B,D,G,C,I
A,E,F,H,B,D,G,I,C
A,E,F,H,B,D,I,C,G
A,E,F,H,B,D,I,G,C
A,E,F,H,B,G,C,D,I
A,E,F,H,B,G,C,I,D
A,E,F,H,B,G,D,C,I
A,E,F,H,B,G,D,I,C
A,E,F,H,B,G,I,C,D
A,E,F,H,B,G,I,D,C
A,E,F,H,B,I,C,D,G
A,E,F,H,B,I,C,G,D
A,E,F,H,B,I,D,C,G
A,E,F,H,B,I,D,G,C
A,E,F,H,B,I,G,C,D
A,E,F,H,B,I,G,D,C
A,E,F,H,C,B,D,G,I
A,E,F,H,C,B,D,I,G
A,E,F,H,C,B,G,D,I
A,E,F,H,C,B,G,I,D
A,E,F,H,C,B,I,D,G
A,E,F,H,C,B,I,G,D
A,E,F,H,C,D,B,G,I
A,E,F,H,C,D,B,I,G
A,E,F,H,C,D,G,B,I
A,E,F,H,C,D,G,I,B
A,E,F,H,C,D,I,B,G
A,E,F,H,C,D,I,G,B
A,E,F,H,C,G,B,D,I
A,E,F,H,C,G,B,I,D
A,E,F,H,C,G,D,B,I
A,E,F,H,C,G,D,I,B
A,E,F,H,C,G,I,B,D
A,E,F,H,C,G,I,D,B
A,E,F,H,C,I,B,D,G
A,E,F,H,C,I,B,G,D
A,E,F,H,C,I,D,B,G
A,E,F,H,C,I,D,G,B
A,E,F,H,C,I,G,B,D
A,E,F,H,C,I,G,D,B
A,E,F,H,D,B,C,G,I
A,E,F,H,D,B,C,I,G
A,E,F,H,D,B,G,C,I
A,E,F,H,D,B,G,I,C
A,E,F,H,D,B,I,C,G
A,E,F,H,D,B,I,G,C
A,E,F,H,D,C,B,G,I
A,E,F,H,D,C,B,I,G
A,E,F,H,D,C,G,B,I
A,E,F,H,D,C,G,I,B
A,E,F,H,D,C,I,B,G
A,E,F,H,D,C,I,G,B
A,E,F,H,D,G,B,C,I
A,E,F,H,D,G,B,I,C
A,E,F,H,D,G,C,B,I
A,E,F,H,D,G,C,I,B
A,E,F,H,D,G,I,B,C
A,E,F,H,D,G,I,C,B
A,E,F,H,D,I,B,C,G
A,E,F,H,D,I,B,G,C
A,E,F,H,D,I,C,B,G
A,E,F,H,D,I,C,G,B
A,E,F,H,D,I,G,B,C
A,E,F,H,D,I,G,C,B
A,E,F,H,G,B,C,D,I
A,E,F,H,G,B,C,I,D
A,E,F,H,G,B,D,C,I
A,E,F,H,G,B,D,I,C
A,E,F,H,G,B,I,C,D
A,E,F,H,G,B,I,D,C
A,E,F,H,G,C,B,D,I
A,E,F,H,G,C,B,I,D
A,E,F,H,G,C,D,B,I
A,E,F,H,G,C,D,I,B
A,E,F,H,G,C,I,B,D
A,E,F,H,G,C,I,D,B
A,E,F,H,G,D,B,C,I
A,E,F,H,G,D,B,I,C
A,E,F,H,G,D,C,B,I
A,E,F,H,G,D,C,I,B
A,E,F,H,G,D,I,B,C
A,E,F,H,G,D,I,C,B
A,E,F,H,G,I,B,C,D
A,E,F,H,G,I,B,D,C
A,E,F,H,G,I,C,B,D
A,E,F,H,G,I,C,D,B
A,E,F,H,G,I,D,B,C
A,E,F,H,G,I,D,C,B
A,E,F,H,I,B,C,D,G
A,E,F,H,I,B,C,G,D
A,E,F,H,I,B,D,C,G
A,E,F,H,I,B,D,G,C
A,E,F,H,I,B,G,C,D
A,E,F,H,I,B,G,D,C
A,E,F,H,I,C,B,D,G
A,E,F,H,I,C,B,G,D
A,E,F,H,I,C,D,B,G
A,E,F,H,I,C,D,G,B
A,E,F,H,I,C,G,B,D
A,E,F,H,I,C,G,D,B
A,E,F,H,I,D,B,C,G
A,E,F,H,I,D,B,G,C
A,E,F,H,I,D,C,B,G
A,E,F,H,I,D,C,G,B
A,E,F,H,I,D,G,B,C
A,E,F,H,I,D,G,C,B
A,E,F,H,I,G,B,C,D
A,E,F,H,I,G,B,D,C
A,E,F,H,I,G,C,B,D
A,E,F,H,I,G,C,D,B
A,E,F,H,I,G,D,B,C
A,E,F,H,I,G,D,C,B
A,E,F,I,B,C,D,G,H
A,E,F,I,B,C,D,H,G
A,E,F,I,B,C,G,D,H
A,E,F,I,B,C,G,H,D
A,E,F,I,B,C,H,D,G
A,E,F,I,B,C,H,G,D
A,E,F,I,B,D,C,G,H
A,E,F,I,B,D,C,H,G
A,E,F,I,B,D,G,C,H
A,E,F,I,B,D,G,H,C
A,E,F,I,B,D,H,C,G
A,E,F,I,B,D,H,G,C
A,E,F,I,B,G,C,D,H
A,E,F,I,B,G,C,H,D
A,E,F,I,B,G,D,C,H
A,E,F,I,B,G,D,H,C
A,E,F,I,B,G,H,C,D
A,E,F,I,B,G,H,D,C
A,E,F,I,B,H,C,D,G
A,E,F,I,B,H,C,G,D
A,E,F,I,B,H,D,C,G
A,E,F,I,B,H,D,G,C
A,E,F,I,B,H,G,C,D
A,E,F,I,B,H,G,D,C
A,E,F,I,C,B,D,G,H
A,E,F,I,C,B,D,H,G
A,E,F,I,C,B,G,D,H
A,E,F,I,C,B,G,H,D
A,E,F,I,C,B,H,D,G
A,E,F,I,C,B,H,G,D
A,E,F,I,C,D,B,G,H
A,E,F,I,C,D,B,H,G
A,E,F,I,C,D,G,B,H
A,E,F,I,C,D,G,H,B
A,E,F,I,C,D,H,B,G
A,E,F,I,C,D,H,G,B
A,E,F,I,C,G,B,D,H
A,E,F,I,C,G,B,H,D
A,E,F,I,C,G,D,B,H
A,E,F,I,C,G,D,H,B
A,E,F,I,C,G,H,B,D
A,E,F,I,C,G,H,D,B
A,E,F,I,C,H,B,D,G
A,E,F,I,C,H,B,G,D
A,E,F,I,C,H,D,B,G
A,E,F,I,C,H,D,G,B
A,E,F,I,C,H,G,B,D
A,E,F,I,C,H,G,D,B
A,E,F,I,D,B,C,G,H
A,E,F,I,D,B,C,H,G
A,E,F,I,D,B,G,C,H
A,E,F,I,D,B,G,H,C
A,E,F,I,D,B,H,C,G
A,E,F,I,D,B,H,G,C
A,E,F,I,D,C,B,G,H
A,E,F,I,D,C,B,H,G
A,E,F,I,D,C,G,B,H
A,E,F,I,D,C,G,H,B
A,E,F,I,D,C,H,B,G
A,E,F,I,D,C,H,G,B
A,E,F,I,D,G,B,C,H
A,E,F,I,D,G,B,H,C
A,E,F,I,D,G,C,B,H
A,E,F,I,D,G,C,H,B
A,E,F,I,D,G,H,B,C
A,E,F,I,D,G,H,C,B
A,E,F,I,D,H,B,C,G
A,E,F,I,D,H,B,G,C
A,E,F,I,D,H,C,B,G
A,E,F,I,D,H,C,G,B
A,E,F,I,D,H,G,B,C
A,E,F,I,D,H,G,C,B
A,E,F,I,G,B,C,D,H
A,E,F,I,G,B,C,H,D
A,E,F,I,G,B,D,C,H
A,E,F,I,G,B,D,H,C
A,E,F,I,G,B,H,C,D
A,E,F,I,G,B,H,D,C
A,E,F,I,G,C,B,D,H
A,E,F,I,G,C,B,H,D
A,E,F,I,G,C,D,B,H
A,E,F,I,G,C,D,H,B
A,E,F,I,G,C,H,B,D
A,E,F,I,G,C,H,D,B
A,E,F,I,G,D,B,C,H
A,E,F,I,G,D,B,H,C
A,E,F,I,G,D,C,B,H
A,E,F,I,G,D,C,H,B
A,E,F,I,G,D,H,B,C
A,E,F,I,G,D,H,C,B
A,E,F,I,G,H,B,C,D
A,E,F,I,G,H,B,D,C
A,E,F,I,G,H,C,B,D
A,E,F,I,G,H,C,D,B
A,E,F,I,G,H,D,B,C
A,E,F,I,G,H,D,C,B
A,E,F,I,H,B,C,D,G
A,E,F,I,H,B,C,G,D
A,E,F,I,H,B,D,C,G
A,E,F,I,H,B,D,G,C
A,E,F,I,H,B,G,C,D
A,E,F,I,H,B,G,D,C
A,E,F,I,H,C,B,D,G
A,E,F,I,H,C,B,G,D
A,E,F,I,H,C,D,B,G
A,E,F,I,H,C,D,G,B
A,E,F,I,H,C,G,B,D
A,E,F,I,H,C,G,D,B
A,E,F,I,H,D,B,C,G
A,E,F,I,H,D,B,G,C
A,E,F,I,H,D,C,B,G
A,E,F,I,H,D,C,G,B
A,E,F,I,H,D,G,B,C
A,E,F,I,H,D,G,C,B
A,E,F,I,H,G,B,C,D
A,E,F,I,H,G,B,D,C
A,E,F,I,H,G,C,B,D
A,E,F,I,H,G,C,D,B
A,E,F,I,H,G,D,B,C
A,E,F,I,H,G,D,C,B
A,E,G,B,C,D,F,H,I
A,E,G,B,C,D,F,I,H
A,E,G,B,C,D,H,F,I
A,E,G,B,C,D,H,I,F
A,E,G,B,C,D,I,F,H
A,E,G,B,C,D,I,H,F
A,E,G,B,C,F,D,H,I
A,E,G,B,C,F,D,I,H
A,E,G,B,C,F,H,D,I
A,E,G,B,C,F,H,I,D
A,E,G,B,C,F,I,D,H
A,E,G,B,C,F,I,H,D
A,E,G,B,C,H,D,F,I
A,E,G,B,C,H,D,I,F
A,E,G,B,C,H,F,D,I
A,E,G,B,C,H,F,I,D
A,E,G,B,C,H,I,D,F
A,E,G,B,C,H,I,F,D
A,E,G,B,C,I,D,F,H
A,E,G,B,C,I,D,H,F
A,E,G,B,C,I,F,D,H
A,E,G,B,C,I,F,H,D
A,E,G,B,C,I,H,D,F
A,E,G,B,C,I,H,F,D
A,E,G,B,D,C,F,H,I
A,E,G,B,D,C,F,I,H
A,E,G,B,D,C,H,F,I
A,E,G,B,D,C,H,I,F
A,E,G,B,D,C,I,F,H
A,E,G,B,D,C,I,H,F
A,E,G,B,D,F,C,H,I
A,E,G,B,D,F,C,I,H
A,E,G,B,D,F,H,C,I
A,E,G,B,D,F,H,I,C
A,E,G,B,D,F,I,C,H
A,E,G,B,D,F,I,H,C
A,E,G,B,D,H,C,F,I
A,E,G,B,D,H,C,I,F
A,E,G,B,D,H,F,C,I
A,E,G,B,D,H,F,I,C
A,E,G,B,D,H,I,C,F
A,E,G,B,D,H,I,F,C
A,E,G,B,D,I,C,F,H
A,E,G,B,D,I,C,H,F
A,E,G,B,D,I,F,C,H
A,E,G,B,D,I,F,H,C
A,E,G,B,D,I,H,C,F
A,E,G,B,D,I,H,F,C
A,E,G,B,F,C,D,H,I
A,E,G,B,F,C,D,I,H
A,E,G,B,F,C,H,D,I
A,E,G,B,F,C,H,I,D
A,E,G,B,F,C,I,D,H
A,E,G,B,F,C,I,H,D
A,E,G,B,F,D,C,H,I
A,E,G,B,F,D,C,I,H
A,E,G,B,F,D,H,C,I
A,E,G,B,F,D,H,I,C
A,E,G,B,F,D,I,C,H
A,E,G,B,F,D,I,H,C
A,E,G,B,F,H,C,D,I
A,E,G,B,F,H,C,I,D
A,E,G,B,F,H,D,C,I
A,E,G,B,F,H,D,I,C
A,E,G,B,F,H,I,C,D
A,E,G,B,F,H,I,D,C
A,E,G,B,F,I,C,D,H
A,E,G,B,F,I,C,H,D
A,E,G,B,F,I,D,C,H
A,E,G,B,F,I,D,H,C
A,E,G,B,F,I,H,C,D
A,E,G,B,F,I,H,D,C
A,E,G,B,H,C,D,F,I
A,E,G,B,H,C,D,I,F
A,E,G,B,H,C,F,D,I
A,E,G,B,H,C,F,I,D
A,E,G,B,H,C,I,D,F
A,E,G,B,H,C,I,F,D
A,E,G,B,H,D,C,F,I
A,E,G,B,H,D,C,I,F
A,E,G,B,H,D,F,C,I
A,E,G,B,H,D,F,I,C
A,E,G,B,H,D,I,C,F
A,E,G,B,H,D,I,F,C
A,E,G,B,H,F,C,D,I
A,E,G,B,H,F,C,I,D
A,E,G,B,H,F,D,C,I
A,E,G,B,H,F,D,I,C
A,E,G,B,H,F,I,C,D
A,E,G,B,H,F,I,D,C
A,E,G,B,H,I,C,D,F
A,E,G,B,H,I,C,F,D
A,E,G,B,H,I,D,C,F
A,E,G,B,H,I,D,F,C
A,E,G,B,H,I,F,C,D
A,E,G,B,H,I,F,D,C
A,E,G,B,I,C,D,F,H
A,E,G,B,I,C,D,H,F
A,E,G,B,I,C,F,D,H
A,E,G,B,I,C,F,H,D
A,E,G,B,I,C,H,D,F
A,E,G,B,I,C,H,F,D
A,E,G,B,I,D,C,F,H
A,E,G,B,I,D,C,H,F
A,E,G,B,I,D,F,C,H
A,E,G,B,I,D,F,H,C
A,E,G,B,I,D,H,C,F
A,E,G,B,I,D,H,F,C
A,E,G,B,I,F,C,D,H
A,E,G,B,I,F,C,H,D
A,E,G,B,I,F,D,C,H
A,E,G,B,I,F,D,H,C
A,E,G,B,I,F,H,C,D
A,E,G,B,I,F,H,D,C
A,E,G,B,I,H,C,D,F
A,E,G,B,I,H,C,F,D
A,E,G,B,I,H,D,C,F
A,E,G,B,I,H,D,F,C
A,E,G,B,I,H,F,C,D
A,E,G,B,I,H,F,D,C
A,E,G,C,B,D,F,H,I
A,E,G,C,B,D,F,I,H
A,E,G,C,B,D,H,F,I
A,E,G,C,B,D,H,I,F
A,E,G,C,B,D,I,F,H
A,E,G,C,B,D,I,H,F
A,E,G,C,B,F,D,H,I
A,E,G,C,B,F,D,I,H
A,E,G,C,B,F,H,D,I
A,E,G,C,B,F,H,I,D
A,E,G,C,B,F,I,D,H
A,E,G,C,B,F,I,H,D
A,E,G,C,B,H,D,F,I
A,E,G,C,B,H,D,I,F
A,E,G,C,B,H,F,D,I
A,E,G,C,B,H,F,I,D
A,E,G,C,B,H,I,D,F
A,E,G,C,B,H,I,F,D
A,E,G,C,B,I,D,F,H
A,E,G,C,B,I,D,H,F
A,E,G,C,B,I,F,D,H
A,E,G,C,B,I,F,H,D
A,E,G,C,B,I,H,D,F
A,E,G,C,B,I,H,F,D
A,E,G,C,D,B,F,H,I
A,E,G,C,D,B,F,I,H
A,E,G,C,D,B,H,F,I
A,E,G,C,D,B,H,I,F
A,E,G,C,D,B,I,F,H
A,E,G,C,D,B,I,H,F
A,E,G,C,D,F,B,H,I
A,E,G,C,D,F,B,I,H
A,E,G,C,D,F,H,B,I
A,E,G,C,D,F,H,I,B
A,E,G,C,D,F,I,B,H
A,E,G,C,D,F,I,H,B
A,E,G,C,D,H,B,F,I
A,E,G,C,D,H,B,I,F
A,E,G,C,D,H,F,B,I
A,E,G,C,D,H,F,I,B
A,E,G,C,D,H,I,B,F
A,E,G,C,D,H,I,F,B
A,E,G,C,D,I,B,F,H
A,E,G,C,D,I,B,H,F
A,E,G,C,D,I,F,B,H
A,E,G,C,D,I,F,H,B
A,E,G,C,D,I,H,B,F
A,E,G,C,D,I,H,F,B
A,E,G,C,F,B,D,H,I
A,E,G,C,F,B,D,I,H
A,E,G,C,F,B,H,D,I
A,E,G,C,F,B,H,I,D
A,E,G,C,F,B,I,D,H
A,E,G,C,F,B,I,H,D
A,E,G,C,F,D,B,H,I
A,E,G,C,F,D,B,I,H
A,E,G,C,F,D,H,B,I
A,E,G,C,F,D,H,I,B
A,E,G,C,F,D,I,B,H
A,E,G,C,F,D,I,H,B
A,E,G,C,F,H,B,D,I
A,E,G,C,F,H,B,I,D
A,E,G,C,F,H,D,B,I
A,E,G,C,F,H,D,I,B
A,E,G,C,F,H,I,B,D
A,E,G,C,F,H,I,D,B
A,E,G,C,F,I,B,D,H
A,E,G,C,F,I,B,H,D
A,E,G,C,F,I,D,B,H
A,E,G,C,F,I,D,H,B
A,E,G,C,F,I,H,B,D
A,E,G,C,F,I,H,D,B
A,E,G,C,H,B,D,F,I
A,E,G,C,H,B,D,I,F
A,E,G,C,H,B,F,D,I
A,E,G,C,H,B,F,I,D
A,E,G,C,H,B,I,D,F
A,E,G,C,H,B,I,F,D
A,E,G,C,H,D,B,F,I
A,E,G,C,H,D,B,I,F
A,E,G,C,H,D,F,B,I
A,E,G,C,H,D,F,I,B
A,E,G,C,H,D,I,B,F
A,E,G,C,H,D,I,F,B
A,E,G,C,H,F,B,D,I
A,E,G,C,H,F,B,I,D
A,E,G,C,H,F,D,B,I
A,E,G,C,H,F,D,I,B
A,E,G,C,H,F,I,B,D
A,E,G,C,H,F,I,D,B
A,E,G,C,H,I,B,D,F
A,E,G,C,H,I,B,F,D
A,E,G,C,H,I,D,B,F
A,E,G,C,H,I,D,F,B
A,E,G,C,H,I,F,B,D
A,E,G,C,H,I,F,D,B
A,E,G,C,I,B,D,F,H
A,E,G,C,I,B,D,H,F
A,E,G,C,I,B,F,D,H
A,E,G,C,I,B,F,H,D
A,E,G,C,I,B,H,D,F
A,E,G,C,I,B,H,F,D
A,E,G,C,I,D,B,F,H
A,E,G,C,I,D,B,H,F
A,E,G,C,I,D,F,B,H
A,E,G,C,I,D,F,H,B
A,E,G,C,I,D,H,B,F
A,E,G,C,I,D,H,F,B
A,E,G,C,I,F,B,D,H
A,E,G,C,I,F,B,H,D
A,E,G,C,I,F,D,B,H
A,E,G,C,I,F,D,H,B
A,E,G,C,I,F,H,B,D
A,E,G,C,I,F,H,D,B
A,E,G,C,I,H,B,D,F
A,E,G,C,I,H,B,F,D
A,E,G,C,I,H,D,B,F
A,E,G,C,I,H,D,F,B
A,E,G,C,I,H,F,B,D
A,E,G,C,I,H,F,D,B
A,E,G,D,B,C,F,H,I
A,E,G,D,B,C,F,I,H
A,E,G,D,B,C,H,F,I
A,E,G,D,B,C,H,I,F
A,E,G,D,B,C,I,F,H
A,E,G,D,B,C,I,H,F
A,E,G,D,B,F,C,H,I
A,E,G,D,B,F,C,I,H
A,E,G,D,B,F,H,C,I
A,E,G,D,B,F,H,I,C
A,E,G,D,B,F,I,C,H
A,E,G,D,B,F,I,H,C
A,E,G,D,B,H,C,F,I
A,E,G,D,B,H,C,I,F
A,E,G,D,B,H,F,C,I
A,E,G,D,B,H,F,I,C
A,E,G,D,B,H,I,C,F
A,E,G,D,B,H,I,F,C
A,E,G,D,B,I,C,F,H
A,E,G,D,B,I,C,H,F
A,E,G,D,B,I,F,C,H
A,E,G,D,B,I,F,H,C
A,E,G,D,B,I,H,C,F
A,E,G,D,B,I,H,F,C
A,E,G,D,C,B,F,H,I
A,E,G,D,C,B,F,I,H
A,E,G,D,C,B,H,F,I
A,E,G,D,C,B,H,I,F
A,E,G,D,C,B,I,F,H
A,E,G,D,C,B,I,H,F
A,E,G,D,C,F,B,H,I
A,E,G,D,C,F,B,I,H
A,E,G,D,C,F,H,B,I
A,E,G,D,C,F,H,I,B
A,E,G,D,C,F,I,B,H
A,E,G,D,C,F,I,H,B
A,E,G,D,C,H,B,F,I
A,E,G,D,C,H,B,I,F
A,E,G,D,C,H,F,B,I
A,E,G,D,C,H,F,I,B
A,E,G,D,C,H,I,B,F
A,E,G,D,C,H,I,F,B
A,E,G,D,C,I,B,F,H
A,E,G,D,C,I,B,H,F
A,E,G,D,C,I,F,B,H
A,E,G,D,C,I,F,H,B
A,E,G,D,C,I,H,B,F
A,E,G,D,C,I,H,F,B
A,E,G,D,F,B,C,H,I
A,E,G,D,F,B,C,I,H
A,E,G,D,F,B,H,C,I
A,E,G,D,F,B,H,I,C
A,E,G,D,F,B,I,C,H
A,E,G,D,F,B,I,H,C
A,E,G,D,F,C,B,H,I
A,E,G,D,F,C,B,I,H
A,E,G,D,F,C,H,B,I
A,E,G,D,F,C,H,I,B
A,E,G,D,F,C,I,B,H
A,E,G,D,F,C,I,H,B
A,E,G,D,F,H,B,C,I
A,E,G,D,F,H,B,I,C
A,E,G,D,F,H,C,B,I
A,E,G,D,F,H,C,I,B
A,E,G,D,F,H,I,B,C
A,E,G,D,F,H,I,C,B
A,E,G,D,F,I,B,C,H
A,E,G,D,F,I,B,H,C
A,E,G,D,F,I,C,B,H
A,E,G,D,F,I,C,H,B
A,E,G,D,F,I,H,B,C
A,E,G,D,F,I,H,C,B
A,E,G,D,H,B,C,F,I
A,E,G,D,H,B,C,I,F
A,E,G,D,H,B,F,C,I
A,E,G,D,H,B,F,I,C
A,E,G,D,H,B,I,C,F
A,E,G,D,H,B,I,F,C
A,E,G,D,H,C,B,F,I
A,E,G,D,H,C,B,I,F
A,E,G,D,H,C,F,B,I
A,E,G,D,H,C,F,I,B
A,E,G,D,H,C,I,B,F
A,E,G,D,H,C,I,F,B
A,E,G,D,H,F,B,C,I
A,E,G,D,H,F,B,I,C
A,E,G,D,H,F,C,B,I
A,E,G,D,H,F,C,I,B
A,E,G,D,H,F,I,B,C
A,E,G,D,H,F,I,C,B
A,E,G,D,H,I,B,C,F
A,E,G,D,H,I,B,F,C
A,E,G,D,H,I,C,B,F
A,E,G,D,H,I,C,F,B
A,E,G,D,H,I,F,B,C
A,E,G,D,H,I,F,C,B
A,E,G,D,I,B,C,F,H
A,E,G,D,I,B,C,H,F
A,E,G,D,I,B,F,C,H
A,E,G,D,I,B,F,H,C
A,E,G,D,I,B,H,C,F
A,E,G,D,I,B,H,F,C
A,E,G,D,I,C,B,F,H
A,E,G,D,I,C,B,H,F
A,E,G,D,I,C,F,B,H
A,E,G,D,I,C,F,H,B
A,E,G,D,I,C,H,B,F
A,E,G,D,I,C,H,F,B
A,E,G,D,I,F,B,C,H
A,E,G,D,I,F,B,H,C
A,E,G,D,I,F,C,B,H
A,E,G,D,I,F,C,H,B
A,E,G,D,I,F,H,B,C
A,E,G,D,I,F,H,C,B
A,E,G,D,I,H,B,C,F
A,E,G,D,I,H,B,F,C
A,E,G,D,I,H,C,B,F
A,E,G,D,I,H,C,F,B
A,E,G,D,I,H,F,B,C
A,E,G,D,I,H,F,C,B
A,E,G,F,B,C,D,H,I
A,E,G,F,B,C,D,I,H
A,E,G,F,B,C,H,D,I
A,E,G,F,B,C,H,I,D
A,E,G,F,B,C,I,D,H
A,E,G,F,B,C,I,H,D
A,E,G,F,B,D,C,H,I
A,E,G,F,B,D,C,I,H
A,E,G,F,B,D,H,C,I
A,E,G,F,B,D,H,I,C
A,E,G,F,B,D,I,C,H
A,E,G,F,B,D,I,H,C
A,E,G,F,B,H,C,D,I
A,E,G,F,B,H,C,I,D
A,E,G,F,B,H,D,C,I
A,E,G,F,B,H,D,I,C
A,E,G,F,B,H,I,C,D
A,E,G,F,B,H,I,D,C
A,E,G,F,B,I,C,D,H
A,E,G,F,B,I,C,H,D
A,E,G,F,B,I,D,C,H
A,E,G,F,B,I,D,H,C
A,E,G,F,B,I,H,C,D
A,E,G,F,B,I,H,D,C
A,E,G,F,C,B,D,H,I
A,E,G,F,C,B,D,I,H
A,E,G,F,C,B,H,D,I
A,E,G,F,C,B,H,I,D
A,E,G,F,C,B,I,D,H
A,E,G,F,C,B,I,H,D
A,E,G,F,C,D,B,H,I
A,E,G,F,C,D,B,I,H
A,E,G,F,C,D,H,B,I
A,E,G,F,C,D,H,I,B
A,E,G,F,C,D,I,B,H
A,E,G,F,C,D,I,H,B
A,E,G,F,C,H,B,D,I
A,E,G,F,C,H,B,I,D
A,E,G,F,C,H,D,B,I
A,E,G,F,C,H,D,I,B
A,E,G,F,C,H,I,B,D
A,E,G,F,C,H,I,D,B
A,E,G,F,C,I,B,D,H
A,E,G,F,C,I,B,H,D
A,E,G,F,C,I,D,B,H
A,E,G,F,C,I,D,H,B
A,E,G,F,C,I,H,B,D
A,E,G,F,C,I,H,D,B
A,E,G,F,D,B,C,H,I
A,E,G,F,D,B,C,I,H
A,E,G,F,D,B,H,C,I
A,E,G,F,D,B,H,I,C
A,E,G,F,D,B,I,C,H
A,E,G,F,D,B,I,H,C
A,E,G,F,D,C,B,H,I
A,E,G,F,D,C,B,I,H
A,E,G,F,D,C,H,B,I
A,E,G,F,D,C,H,I,B
A,E,G,F,D,C,I,B,H
A,E,G,F,D,C,I,H,B
A,E,G,F,D,H,B,C,I
A,E,G,F,D,H,B,I,C
A,E,G,F,D,H,C,B,I
A,E,G,F,D,H,C,I,B
A,E,G,F,D,H,I,B,C
A,E,G,F,D,H,I,C,B
A,E,G,F,D,I,B,C,H
A,E,G,F,D,I,B,H,C
A,E,G,F,D,I,C,B,H
A,E,G,F,D,I,C,H,B
A,E,G,F,D,I,H,B,C
A,E,G,F,D,I,H,C,B
A,E,G,F,H,B,C,D,I
A,E,G,F,H,B,C,I,D
A,E,G,F,H,B,D,C,I
A,E,G,F,H,B,D,I,C
A,E,G,F,H,B,I,C,D
A,E,G,F,H,B,I,D,C
A,E,G,F,H,C,B,D,I
A,E,G,F,H,C,B,I,D
A,E,G,F,H,C,D,B,I
A,E,G,F,H,C,D,I,B
A,E,G,F,H,C,I,B,D
A,E,G,F,H,C,I,D,B
A,E,G,F,H,D,B,C,I
A,E,G,F,H,D,B,I,C
A,E,G,F,H,D,C,B,I
A,E,G,F,H,D,C,I,B
A,E,G,F,H,D,I,B,C
A,E,G,F,H,D,I,C,B
A,E,G,F,H,I,B,C,D
A,E,G,F,H,I,B,D,C
A,E,G,F,H,I,C,B,D
A,E,G,F,H,I,C,D,B
A,E,G,F,H,I,D,B,C
A,E,G,F,H,I,D,C,B
A,E,G,F,I,B,C,D,H
A,E,G,F,I,B,C,H,D
A,E,G,F,I,B,D,C,H
A,E,G,F,I,B,D,H,C
A,E,G,F,I,B,H,C,D
A,E,G,F,I,B,H,D,C
A,E,G,F,I,C,B,D,H
A,E,G,F,I,C,B,H,D
A,E,G,F,I,C,D,B,H
A,E,G,F,I,C,D,H,B
A,E,G,F,I,C,H,B,D
A,E,G,F,I,C,H,D,B
A,E,G,F,I,D,B,C,H
A,E,G,F,I,D,B,H,C
A,E,G,F,I,D,C,B,H
A,E,G,F,I,D,C,H,B
A,E,G,F,I,D,H,B,C
A,E,G,F,I,D,H,C,B
A,E,G,F,I,H,B,C,D
A,E,G,F,I,H,B,D,C
A,E,G,F,I,H,C,B,D
A,E,G,F,I,H,C,D,B
A,E,G,F,I,H,D,B,C
A,E,G,F,I,H,D,C,B
A,E,G,H,B,C,D,F,I
A,E,G,H,B,C,D,I,F
A,E,G,H,B,C,F,D,I
A,E,G,H,B,C,F,I,D
A,E,G,H,B,C,I,D,F
A,E,G,H,B,C,I,F,D
A,E,G,H,B,D,C,F,I
A,E,G,H,B,D,C,I,F
A,E,G,H,B,D,F,C,I
A,E,G,H,B,D,F,I,C
A,E,G,H,B,D,I,C,F
A,E,G,H,B,D,I,F,C
A,E,G,H,B,F,C,D,I
A,E,G,H,B,F,C,I,D
A,E,G,H,B,F,D,C,I
A,E,G,H,B,F,D,I,C
A,E,G,H,B,F,I,C,D
A,E,G,H,B,F,I,D,C
A,E,G,H,B,I,C,D,F
A,E,G,H,B,I,C,F,D
A,E,G,H,B,I,D,C,F
A,E,G,H,B,I,D,F,C
A,E,G,H,B,I,F,C,D
A,E,G,H,B,I,F,D,C
A,E,G,H,C,B,D,F,I
A,E,G,H,C,B,D,I,F
A,E,G,H,C,B,F,D,I
A,E,G,H,C,B,F,I,D
A,E,G,H,C,B,I,D,F
A,E,G,H,C,B,I,F,D
A,E,G,H,C,D,B,F,I
A,E,G,H,C,D,B,I,F
A,E,G,H,C,D,F,B,I
A,E,G,H,C,D,F,I,B
A,E,G,H,C,D,I,B,F
A,E,G,H,C,D,I,F,B
A,E,G,H,C,F,B,D,I
A,E,G,H,C,F,B,I,D
A,E,G,H,C,F,D,B,I
A,E,G,H,C,F,D,I,B
A,E,G,H,C,F,I,B,D
A,E,G,H,C,F,I,D,B
A,E,G,H,C,I,B,D,F
A,E,G,H,C,I,B,F,D
A,E,G,H,C,I,D,B,F
A,E,G,H,C,I,D,F,B
A,E,G,H,C,I,F,B,D
A,E,G,H,C,I,F,D,B
A,E,G,H,D,B,C,F,I
A,E,G,H,D,B,C,I,F
A,E,G,H,D,B,F,C,I
A,E,G,H,D,B,F,I,C
A,E,G,H,D,B,I,C,F
A,E,G,H,D,B,I,F,C
A,E,G,H,D,C,B,F,I
A,E,G,H,D,C,B,I,F
A,E,G,H,D,C,F,B,I
A,E,G,H,D,C,F,I,B
A,E,G,H,D,C,I,B,F
A,E,G,H,D,C,I,F,B
A,E,G,H,D,F,B,C,I
A,E,G,H,D,F,B,I,C
A,E,G,H,D,F,C,B,I
A,E,G,H,D,F,C,I,B
A,E,G,H,D,F,I,B,C
A,E,G,H,D,F,I,C,B
A,E,G,H,D,I,B,C,F
A,E,G,H,D,I,B,F,C
A,E,G,H,D,I,C,B,F
A,E,G,H,D,I,C,F,B
A,E,G,H,D,I,F,B,C
A,E,G,H,D,I,F,C,B
A,E,G,H,F,B,C,D,I
A,E,G,H,F,B,C,I,D
A,E,G,H,F,B,D,C,I
A,E,G,H,F,B,D,I,C
A,E,G,H,F,B,I,C,D
A,E,G,H,F,B,I,D,C
A,E,G,H,F,C,B,D,I
A,E,G,H,F,C,B,I,D
A,E,G,H,F,C,D,B,I
A,E,G,H,F,C,D,I,B
A,E,G,H,F,C,I,B,D
A,E,G,H,F,C,I,D,B
A,E,G,H,F,D,B,C,I
A,E,G,H,F,D,B,I,C
A,E,G,H,F,D,C,B,I
A,E,G,H,F,D,C,I,B
A,E,G,H,F,D,I,B,C
A,E,G,H,F,D,I,C,B
A,E,G,H,F,I,B,C,D
A,E,G,H,F,I,B,D,C
A,E,G,H,F,I,C,B,D
A,E,G,H,F,I,C,D,B
A,E,G,H,F,I,D,B,C
A,E,G,H,F,I,D,C,B
A,E,G,H,I,B,C,D,F
A,E,G,H,I,B,C,F,D
A,E,G,H,I,B,D,C,F
A,E,G,H,I,B,D,F,C
A,E,G,H,I,B,F,C,D
A,E,G,H,I,B,F,D,C
A,E,G,H,I,C,B,D,F
A,E,G,H,I,C,B,F,D
A,E,G,H,I,C,D,B,F
A,E,G,H,I,C,D,F,B
A,E,G,H,I,C,F,B,D
A,E,G,H,I,C,F,D,B
A,E,G,H,I,D,B,C,F
A,E,G,H,I,D,B,F,C
A,E,G,H,I,D,C,B,F
A,E,G,H,I,D,C,F,B
A,E,G,H,I,D,F,B,C
A,E,G,H,I,D,F,C,B
A,E,G,H,I,F,B,C,D
A,E,G,H,I,F,B,D,C
A,E,G,H,I,F,C,B,D
A,E,G,H,I,F,C,D,B
A,E,G,H,I,F,D,B,C
A,E,G,H,I,F,D,C,B
A,E,G,I,B,C,D,F,H
A,E,G,I,B,C,D,H,F
A,E,G,I,B,C,F,D,H
A,E,G,I,B,C,F,H,D
A,E,G,I,B,C,H,D,F
A,E,G,I,B,C,H,F,D
A,E,G,I,B,D,C,F,H
A,E,G,I,B,D,C,H,F
A,E,G,I,B,D,F,C,H
A,E,G,I,B,D,F,H,C
A,E,G,I,B,D,H,C,F
A,E,G,I,B,D,H,F,C
A,E,G,I,B,F,C,D,H
A,E,G,I,B,F,C,H,D
A,E,G,I,B,F,D,C,H
A,E,G,I,B,F,D,H,C
A,E,G,I,B,F,H,C,D
A,E,G,I,B,F,H,D,C
A,E,G,I,B,H,C,D,F
A,E,G,I,B,H,C,F,D
A,E,G,I,B,H,D,C,F
A,E,G,I,B,H,D,F,C
A,E,G,I,B,H,F,C,D
A,E,G,I,B,H,F,D,C
A,E,G,I,C,B,D,F,H
A,E,G,I,C,B,D,H,F
A,E,G,I,C,B,F,D,H
A,E,G,I,C,B,F,H,D
A,E,G,I,C,B,H,D,F
A,E,G,I,C,B,H,F,D
A,E,G,I,C,D,B,F,H
A,E,G,I,C,D,B,H,F
A,E,G,I,C,D,F,B,H
A,E,G,I,C,D,F,H,B
A,E,G,I,C,D,H,B,F
A,E,G,I,C,D,H,F,B
A,E,G,I,C,F,B,D,H
A,E,G,I,C,F,B,H,D
A,E,G,I,C,F,D,B,H
A,E,G,I,C,F,D,H,B
A,E,G,I,C,F,H,B,D
A,E,G,I,C,F,H,D,B
A,E,G,I,C,H,B,D,F
A,E,G,I,C,H,B,F,D
A,E,G,I,C,H,D,B,F
A,E,G,I,C,H,D,F,B
A,E,G,I,C,H,F,B,D
A,E,G,I,C,H,F,D,B
A,E,G,I,D,B,C,F,H
A,E,G,I,D,B,C,H,F
A,E,G,I,D,B,F,C,H
A,E,G,I,D,B,F,H,C
A,E,G,I,D,B,H,C,F
A,E,G,I,D,B,H,F,C
A,E,G,I,D,C,B,F,H
A,E,G,I,D,C,B,H,F
A,E,G,I,D,C,F,B,H
A,E,G,I,D,C,F,H,B
A,E,G,I,D,C,H,B,F
A,E,G,I,D,C,H,F,B
A,E,G,I,D,F,B,C,H
A,E,G,I,D,F,B,H,C
A,E,G,I,D,F,C,B,H
A,E,G,I,D,F,C,H,B
A,E,G,I,D,F,H,B,C
A,E,G,I,D,F,H,C,B
A,E,G,I,D,H,B,C,F
A,E,G,I,D,H,B,F,C
A,E,G,I,D,H,C,B,F
A,E,G,I,D,H,C,F,B
A,E,G,I,D,H,F,B,C
A,E,G,I,D,H,F,C,B
A,E,G,I,F,B,C,D,H
A,E,G,I,F,B,C,H,D
A,E,G,I,F,B,D,C,H
A,E,G,I,F,B,D,H,C
A,E,G,I,F,B,H,C,D
A,E,G,I,F,B,H,D,C
A,E,G,I,F,C,B,D,H
A,E,G,I,F,C,B,H,D
A,E,G,I,F,C,D,B,H
A,E,G,I,F,C,D,H,B
A,E,G,I,F,C,H,B,D
A,E,G,I,F,C,H,D,B
A,E,G,I,F,D,B,C,H
A,E,G,I,F,D,B,H,C
A,E,G,I,F,D,C,B,H
A,E,G,I,F,D,C,H,B
A,E,G,I,F,D,H,B,C
A,E,G,I,F,D,H,C,B
A,E,G,I,F,H,B,C,D
A,E,G,I,F,H,B,D,C
A,E,G,I,F,H,C,B,D
A,E,G,I,F,H,C,D,B
A,E,G,I,F,H,D,B,C
A,E,G,I,F,H,D,C,B
A,E,G,I,H,B,C,D,F
A,E,G,I,H,B,C,F,D
A,E,G,I,H,B,D,C,F
A,E,G,I,H,B,D,F,C
A,E,G,I,H,B,F,C,D
A,E,G,I,H,B,F,D,C
A,E,G,I,H,C,B,D,F
A,E,G,I,H,C,B,F,D
A,E,G,I,H,C,D,B,F
A,E,G,I,H,C,D,F,B
A,E,G,I,H,C,F,B,D
A,E,G,I,H,C,F,D,B
A,E,G,I,H,D,B,C,F
A,E,G,I,H,D,B,F,C
A,E,G,I,H,D,C,B,F
A,E,G,I,H,D,C,F,B
A,E,G,I,H,D,F,B,C
A,E,G,I,H,D,F,C,B
A,E,G,I,H,F,B,C,D
A,E,G,I,H,F,B,D,C
A,E,G,I,H,F,C,B,D
A,E,G,I,H,F,C,D,B
A,E,G,I,H,F,D,B,C
A,E,G,I,H,F,D,C,B
A,E,H,B,C,D,F,G,I
A,E,H,B,C,D,F,I,G
A,E,H,B,C,D,G,F,I
A,E,H,B,C,D,G,I,F
A,E,H,B,C,D,I,F,G
A,E,H,B,C,D,I,G,F
A,E,H,B,C,F,D,G,I
A,E,H,B,C,F,D,I,G
A,E,H,B,C,F,G,D,I
A,E,H,B,C,F,G,I,D
A,E,H,B,C,F,I,D,G
A,E,H,B,C,F,I,G,D
A,E,H,B,C,G,D,F,I
A,E,H,B,C,G,D,I,F
A,E,H,B,C,G,F,D,I
A,E,H,B,C,G,F,I,D
A,E,H,B,C,G,I,D,F
A,E,H,B,C,G,I,F,D
A,E,H,B,C,I,D,F,G
A,E,H,B,C,I,D,G,F
A,E,H,B,C,I,F,D,G
A,E,H,B,C,I,F,G,D
A,E,H,B,C,I,G,D,F
A,E,H,B,C,I,G,F,D
A,E,H,B,D,C,F,G,I
A,E,H,B,D,C,F,I,G
A,E,H,B,D,C,G,F,I
A,E,H,B,D,C,G,I,F
A,E,H,B,D,C,I,F,G
A,E,H,B,D,C,I,G,F
A,E,H,B,D,F,C,G,I
A,E,H,B,D,F,C,I,G
A,E,H,B,D,F,G,C,I
A,E,H,B,D,F,G,I,C
A,E,H,B,D,F,I,C,G
A,E,H,B,D,F,I,G,C
A,E,H,B,D,G,C,F,I
A,E,H,B,D,G,C,I,F
A,E,H,B,D,G,F,C,I
A,E,H,B,D,G,F,I,C
A,E,H,B,D,G,I,C,F
A,E,H,B,D,G,I,F,C
A,E,H,B,D,I,C,F,G
A,E,H,B,D,I,C,G,F
A,E,H,B,D,I,F,C,G
A,E,H,B,D,I,F,G,C
A,E,H,B,D,I,G,C,F
A,E,H,B,D,I,G,F,C
A,E,H,B,F,C,D,G,I
A,E,H,B,F,C,D,I,G
A,E,H,B,F,C,G,D,I
A,E,H,B,F,C,G,I,D
A,E,H,B,F,C,I,D,G
A,E,H,B,F,C,I,G,D
A,E,H,B,F,D,C,G,I
A,E,H,B,F,D,C,I,G
A,E,H,B,F,D,G,C,I
A,E,H,B,F,D,G,I,C
A,E,H,B,F,D,I,C,G
A,E,H,B,F,D,I,G,C
A,E,H,B,F,G,C,D,I
A,E,H,B,F,G,C,I,D
A,E,H,B,F,G,D,C,I
A,E,H,B,F,G,D,I,C
A,E,H,B,F,G,I,C,D
A,E,H,B,F,G,I,D,C
A,E,H,B,F,I,C,D,G
A,E,H,B,F,I,C,G,D
A,E,H,B,F,I,D,C,G
A,E,H,B,F,I,D,G,C
A,E,H,B,F,I,G,C,D
A,E,H,B,F,I,G,D,C
A,E,H,B,G,C,D,F,I
A,E,H,B,G,C,D,I,F
A,E,H,B,G,C,F,D,I
A,E,H,B,G,C,F,I,D
A,E,H,B,G,C,I,D,F
A,E,H,B,G,C,I,F,D
A,E,H,B,G,D,C,F,I
A,E,H,B,G,D,C,I,F
A,E,H,B,G,D,F,C,I
A,E,H,B,G,D,F,I,C
A,E,H,B,G,D,I,C,F
A,E,H,B,G,D,I,F,C
A,E,H,B,G,F,C,D,I
A,E,H,B,G,F,C,I,D
A,E,H,B,G,F,D,C,I
A,E,H,B,G,F,D,I,C
A,E,H,B,G,F,I,C,D
A,E,H,B,G,F,I,D,C
A,E,H,B,G,I,C,D,F
A,E,H,B,G,I,C,F,D
A,E,H,B,G,I,D,C,F
A,E,H,B,G,I,D,F,C
A,E,H,B,G,I,F,C,D
A,E,H,B,G,I,F,D,C
A,E,H,B,I,C,D,F,G
A,E,H,B,I,C,D,G,F
A,E,H,B,I,C,F,D,G
A,E,H,B,I,C,F,G,D
A,E,H,B,I,C,G,D,F
A,E,H,B,I,C,G,F,D
A,E,H,B,I,D,C,F,G
A,E,H,B,I,D,C,G,F
A,E,H,B,I,D,F,C,G
A,E,H,B,I,D,F,G,C
A,E,H,B,I,D,G,C,F
A,E,H,B,I,D,G,F,C
A,E,H,B,I,F,C,D,G
A,E,H,B,I,F,C,G,D
A,E,H,B,I,F,D,C,G
A,E,H,B,I,F,D,G,C
A,E,H,B,I,F,G,C,D
A,E,H,B,I,F,G,D,C
A,E,H,B,I,G,C,D,F
A,E,H,B,I,G,C,F,D
A,E,H,B,I,G,D,C,F
A,E,H,B,I,G,D,F,C
A,E,H,B,I,G,F,C,D
A,E,H,B,I,G,F,D,C
A,E,H,C,B,D,F,G,I
A,E,H,C,B,D,F,I,G
A,E,H,C,B,D,G,F,I
A,E,H,C,B,D,G,I,F
A,E,H,C,B,D,I,F,G
A,E,H,C,B,D,I,G,F
A,E,H,C,B,F,D,G,I
A,E,H,C,B,F,D,I,G
A,E,H,C,B,F,G,D,I
A,E,H,C,B,F,G,I,D
A,E,H,C,B,F,I,D,G
A,E,H,C,B,F,I,G,D
A,E,H,C,B,G,D,F,I
A,E,H,C,B,G,D,I,F
A,E,H,C,B,G,F,D,I
A,E,H,C,B,G,F,I,D
A,E,H,C,B,G,I,D,F
A,E,H,C,B,G,I,F,D
A,E,H,C,B,I,D,F,G
A,E,H,C,B,I,D,G,F
A,E,H,C,B,I,F,D,G
A,E,H,C,B,I,F,G,D
A,E,H,C,B,I,G,D,F
A,E,H,C,B,I,G,F,D
A,E,H,C,D,B,F,G,I
A,E,H,C,D,B,F,I,G
A,E,H,C,D,B,G,F,I
A,E,H,C,D,B,G,I,F
A,E,H,C,D,B,I,F,G
A,E,H,C,D,B,I,G,F
A,E,H,C,D,F,B,G,I
A,E,H,C,D,F,B,I,G
A,E,H,C,D,F,G,B,I
A,E,H,C,D,F,G,I,B
A,E,H,C,D,F,I,B,G
A,E,H,C,D,F,I,G,B
A,E,H,C,D,G,B,F,I
A,E,H,C,D,G,B,I,F
A,E,H,C,D,G,F,B,I
A,E,H,C,D,G,F,I,B
A,E,H,C,D,G,I,B,F
A,E,H,C,D,G,I,F,B
A,E,H,C,D,I,B,F,G
A,E,H,C,D,I,B,G,F
A,E,H,C,D,I,F,B,G
A,E,H,C,D,I,F,G,B
A,E,H,C,D,I,G,B,F
A,E,H,C,D,I,G,F,B
A,E,H,C,F,B,D,G,I
A,E,H,C,F,B,D,I,G
A,E,H,C,F,B,G,D,I
A,E,H,C,F,B,G,I,D
A,E,H,C,F,B,I,D,G
A,E,H,C,F,B,I,G,D
A,E,H,C,F,D,B,G,I
A,E,H,C,F,D,B,I,G
A,E,H,C,F,D,G,B,I
A,E,H,C,F,D,G,I,B
A,E,H,C,F,D,I,B,G
A,E,H,C,F,D,I,G,B
A,E,H,C,F,G,B,D,I
A,E,H,C,F,G,B,I,D
A,E,H,C,F,G,D,B,I
A,E,H,C,F,G,D,I,B
A,E,H,C,F,G,I,B,D
A,E,H,C,F,G,I,D,B
A,E,H,C,F,I,B,D,G
A,E,H,C,F,I,B,G,D
A,E,H,C,F,I,D,B,G
A,E,H,C,F,I,D,G,B
A,E,H,C,F,I,G,B,D
A,E,H,C,F,I,G,D,B
A,E,H,C,G,B,D,F,I
A,E,H,C,G,B,D,I,F
A,E,H,C,G,B,F,D,I
A,E,H,C,G,B,F,I,D
A,E,H,C,G,B,I,D,F
A,E,H,C,G,B,I,F,D
A,E,H,C,G,D,B,F,I
A,E,H,C,G,D,B,I,F
A,E,H,C,G,D,F,B,I
A,E,H,C,G,D,F,I,B
A,E,H,C,G,D,I,B,F
A,E,H,C,G,D,I,F,B
A,E,H,C,G,F,B,D,I
A,E,H,C,G,F,B,I,D
A,E,H,C,G,F,D,B,I
A,E,H,C,G,F,D,I,B
A,E,H,C,G,F,I,B,D
A,E,H,C,G,F,I,D,B
A,E,H,C,G,I,B,D,F
A,E,H,C,G,I,B,F,D
A,E,H,C,G,I,D,B,F
A,E,H,C,G,I,D,F,B
A,E,H,C,G,I,F,B,D
A,E,H,C,G,I,F,D,B
A,E,H,C,I,B,D,F,G
A,E,H,C,I,B,D,G,F
A,E,H,C,I,B,F,D,G
A,E,H,C,I,B,F,G,D
A,E,H,C,I,B,G,D,F
A,E,H,C,I,B,G,F,D
A,E,H,C,I,D,B,F,G
A,E,H,C,I,D,B,G,F
A,E,H,C,I,D,F,B,G
A,E,H,C,I,D,F,G,B
A,E,H,C,I,D,G,B,F
A,E,H,C,I,D,G,F,B
A,E,H,C,I,F,B,D,G
A,E,H,C,I,F,B,G,D
A,E,H,C,I,F,D,B,G
A,E,H,C,I,F,D,G,B
A,E,H,C,I,F,G,B,D
A,E,H,C,I,F,G,D,B
A,E,H,C,I,G,B,D,F
A,E,H,C,I,G,B,F,D
A,E,H,C,I,G,D,B,F
A,E,H,C,I,G,D,F,B
A,E,H,C,I,G,F,B,D
A,E,H,C,I,G,F,D,B
A,E,H,D,B,C,F,G,I
A,E,H,D,B,C,F,I,G
A,E,H,D,B,C,G,F,I
A,E,H,D,B,C,G,I,F
A,E,H,D,B,C,I,F,G
A,E,H,D,B,C,I,G,F
A,E,H,D,B,F,C,G,I
A,E,H,D,B,F,C,I,G
A,E,H,D,B,F,G,C,I
A,E,H,D,B,F,G,I,C
A,E,H,D,B,F,I,C,G
A,E,H,D,B,F,I,G,C
A,E,H,D,B,G,C,F,I
A,E,H,D,B,G,C,I,F
A,E,H,D,B,G,F,C,I
A,E,H,D,B,G,F,I,C
A,E,H,D,B,G,I,C,F
A,E,H,D,B,G,I,F,C
A,E,H,D,B,I,C,F,G
A,E,H,D,B,I,C,G,F
A,E,H,D,B,I,F,C,G
A,E,H,D,B,I,F,G,C
A,E,H,D,B,I,G,C,F
A,E,H,D,B,I,G,F,C
A,E,H,D,C,B,F,G,I
A,E,H,D,C,B,F,I,G
A,E,H,D,C,B,G,F,I
A,E,H,D,C,B,G,I,F
A,E,H,D,C,B,I,F,G
A,E,H,D,C,B,I,G,F
A,E,H,D,C,F,B,G,I
A,E,H,D,C,F,B,I,G
A,E,H,D,C,F,G,B,I
A,E,H,D,C,F,G,I,B
A,E,H,D,C,F,I,B,G
A,E,H,D,C,F,I,G,B
A,E,H,D,C,G,B,F,I
A,E,H,D,C,G,B,I,F
A,E,H,D,C,G,F,B,I
A,E,H,D,C,G,F,I,B
A,E,H,D,C,G,I,B,F
A,E,H,D,C,G,I,F,B
A,E,H,D,C,I,B,F,G
A,E,H,D,C,I,B,G,F
A,E,H,D,C,I,F,B,G
A,E,H,D,C,I,F,G,B
A,E,H,D,C,I,G,B,F
A,E,H,D,C,I,G,F,B
A,E,H,D,F,B,C,G,I
A,E,H,D,F,B,C,I,G
A,E,H,D,F,B,G,C,I
A,E,H,D,F,B,G,I,C
A,E,H,D,F,B,I,C,G
A,E,H,D,F,B,I,G,C
A,E,H,D,F,C,B,G,I
A,E,H,D,F,C,B,I,G
A,E,H,D,F,C,G,B,I
A,E,H,D,F,C,G,I,B
A,E,H,D,F,C,I,B,G
A,E,H,D,F,C,I,G,B
A,E,H,D,F,G,B,C,I
A,E,H,D,F,G,B,I,C
A,E,H,D,F,G,C,B,I
A,E,H,D,F,G,C,I,B
A,E,H,D,F,G,I,B,C
A,E,H,D,F,G,I,C,B
A,E,H,D,F,I,B,C,G
A,E,H,D,F,I,B,G,C
A,E,H,D,F,I,C,B,G
A,E,H,D,F,I,C,G,B
A,E,H,D,F,I,G,B,C
A,E,H,D,F,I,G,C,B
A,E,H,D,G,B,C,F,I
A,E,H,D,G,B,C,I,F
A,E,H,D,G,B,F,C,I
A,E,H,D,G,B,F,I,C
A,E,H,D,G,B,I,C,F
A,E,H,D,G,B,I,F,C
A,E,H,D,G,C,B,F,I
A,E,H,D,G,C,B,I,F
A,E,H,D,G,C,F,B,I
A,E,H,D,G,C,F,I,B
A,E,H,D,G,C,I,B,F
A,E,H,D,G,C,I,F,B
A,E,H,D,G,F,B,C,I
A,E,H,D,G,F,B,I,C
A,E,H,D,G,F,C,B,I
A,E,H,D,G,F,C,I,B
A,E,H,D,G,F,I,B,C
A,E,H,D,G,F,I,C,B
A,E,H,D,G,I,B,C,F
A,E,H,D,G,I,B,F,C
A,E,H,D,G,I,C,B,F
A,E,H,D,G,I,C,F,B
A,E,H,D,G,I,F,B,C
A,E,H,D,G,I,F,C,B
A,E,H,D,I,B,C,F,G
A,E,H,D,I,B,C,G,F
A,E,H,D,I,B,F,C,G
A,E,H,D,I,B,F,G,C
A,E,H,D,I,B,G,C,F
A,E,H,D,I,B,G,F,C
A,E,H,D,I,C,B,F,G
A,E,H,D,I,C,B,G,F
A,E,H,D,I,C,F,B,G
A,E,H,D,I,C,F,G,B
A,E,H,D,I,C,G,B,F
A,E,H,D,I,C,G,F,B
A,E,H,D,I,F,B,C,G
A,E,H,D,I,F,B,G,C
A,E,H,D,I,F,C,B,G
A,E,H,D,I,F,C,G,B
A,E,H,D,I,F,G,B,C
A,E,H,D,I,F,G,C,B
A,E,H,D,I,G,B,C,F
A,E,H,D,I,G,B,F,C
A,E,H,D,I,G,C,B,F
A,E,H,D,I,G,C,F,B
A,E,H,D,I,G,F,B,C
A,E,H,D,I,G,F,C,B
A,E,H,F,B,C,D,G,I
A,E,H,F,B,C,D,I,G
A,E,H,F,B,C,G,D,I
A,E,H,F,B,C,G,I,D
A,E,H,F,B,C,I,D,G
A,E,H,F,B,C,I,G,D
A,E,H,F,B,D,C,G,I
A,E,H,F,B,D,C,I,G
A,E,H,F,B,D,G,C,I
A,E,H,F,B,D,G,I,C
A,E,H,F,B,D,I,C,G
A,E,H,F,B,D,I,G,C
A,E,H,F,B,G,C,D,I
A,E,H,F,B,G,C,I,D
A,E,H,F,B,G,D,C,I
A,E,H,F,B,G,D,I,C
A,E,H,F,B,G,I,C,D
A,E,H,F,B,G,I,D,C
A,E,H,F,B,I,C,D,G
A,E,H,F,B,I,C,G,D
A,E,H,F,B,I,D,C,G
A,E,H,F,B,I,D,G,C
A,E,H,F,B,I,G,C,D
A,E,H,F,B,I,G,D,C
A,E,H,F,C,B,D,G,I
A,E,H,F,C,B,D,I,G
A,E,H,F,C,B,G,D,I
A,E,H,F,C,B,G,I,D
A,E,H,F,C,B,I,D,G
A,E,H,F,C,B,I,G,D
A,E,H,F,C,D,B,G,I
A,E,H,F,C,D,B,I,G
A,E,H,F,C,D,G,B,I
A,E,H,F,C,D,G,I,B
A,E,H,F,C,D,I,B,G
A,E,H,F,C,D,I,G,B
A,E,H,F,C,G,B,D,I
A,E,H,F,C,G,B,I,D
A,E,H,F,C,G,D,B,I
A,E,H,F,C,G,D,I,B
A,E,H,F,C,G,I,B,D
A,E,H,F,C,G,I,D,B
A,E,H,F,C,I,B,D,G
A,E,H,F,C,I,B,G,D
A,E,H,F,C,I,D,B,G
A,E,H,F,C,I,D,G,B
A,E,H,F,C,I,G,B,D
A,E,H,F,C,I,G,D,B
A,E,H,F,D,B,C,G,I
A,E,H,F,D,B,C,I,G
A,E,H,F,D,B,G,C,I
A,E,H,F,D,B,G,I,C
A,E,H,F,D,B,I,C,G
A,E,H,F,D,B,I,G,C
A,E,H,F,D,C,B,G,I
A,E,H,F,D,C,B,I,G
A,E,H,F,D,C,G,B,I
A,E,H,F,D,C,G,I,B
A,E,H,F,D,C,I,B,G
A,E,H,F,D,C,I,G,B
A,E,H,F,D,G,B,C,I
A,E,H,F,D,G,B,I,C
A,E,H,F,D,G,C,B,I
A,E,H,F,D,G,C,I,B
A,E,H,F,D,G,I,B,C
A,E,H,F,D,G,I,C,B
A,E,H,F,D,I,B,C,G
A,E,H,F,D,I,B,G,C
A,E,H,F,D,I,C,B,G
A,E,H,F,D,I,C,G,B
A,E,H,F,D,I,G,B,C
A,E,H,F,D,I,G,C,B
A,E,H,F,G,B,C,D,I
A,E,H,F,G,B,C,I,D
A,E,H,F,G,B,D,C,I
A,E,H,F,G,B,D,I,C
A,E,H,F,G,B,I,C,D
A,E,H,F,G,B,I,D,C
A,E,H,F,G,C,B,D,I
A,E,H,F,G,C,B,I,D
A,E,H,F,G,C,D,B,I
A,E,H,F,G,C,D,I,B
A,E,H,F,G,C,I,B,D
A,E,H,F,G,C,I,D,B
A,E,H,F,G,D,B,C,I
A,E,H,F,G,D,B,I,C
A,E,H,F,G,D,C,B,I
A,E,H,F,G,D,C,I,B
A,E,H,F,G,D,I,B,C
A,E,H,F,G,D,I,C,B
A,E,H,F,G,I,B,C,D
A,E,H,F,G,I,B,D,C
A,E,H,F,G,I,C,B,D
A,E,H,F,G,I,C,D,B
A,E,H,F,G,I,D,B,C
A,E,H,F,G,I,D,C,B
A,E,H,F,I,B,C,D,G
A,E,H,F,I,B,C,G,D
A,E,H,F,I,B,D,C,G
A,E,H,F,I,B,D,G,C
A,E,H,F,I,B,G,C,D
A,E,H,F,I,B,G,D,C
A,E,H,F,I,C,B,D,G
A,E,H,F,I,C,B,G,D
A,E,H,F,I,C,D,B,G
A,E,H,F,I,C,D,G,B
A,E,H,F,I,C,G,B,D
A,E,H,F,I,C,G,D,B
A,E,H,F,I,D,B,C,G
A,E,H,F,I,D,B,G,C
A,E,H,F,I,D,C,B,G
A,E,H,F,I,D,C,G,B
A,E,H,F,I,D,G,B,C
A,E,H,F,I,D,G,C,B
A,E,H,F,I,G,B,C,D
A,E,H,F,I,G,B,D,C
A,E,H,F,I,G,C,B,D
A,E,H,F,I,G,C,D,B
A,E,H,F,I,G,D,B,C
A,E,H,F,I,G,D,C,B
A,E,H,G,B,C,D,F,I
A,E,H,G,B,C,D,I,F
A,E,H,G,B,C,F,D,I
A,E,H,G,B,C,F,I,D
A,E,H,G,B,C,I,D,F
A,E,H,G,B,C,I,F,D
A,E,H,G,B,D,C,F,I
A,E,H,G,B,D,C,I,F
A,E,H,G,B,D,F,C,I
A,E,H,G,B,D,F,I,C
A,E,H,G,B,D,I,C,F
A,E,H,G,B,D,I,F,C
A,E,H,G,B,F,C,D,I
A,E,H,G,B,F,C,I,D
A,E,H,G,B,F,D,C,I
A,E,H,G,B,F,D,I,C
A,E,H,G,B,F,I,C,D
A,E,H,G,B,F,I,D,C
A,E,H,G,B,I,C,D,F
A,E,H,G,B,I,C,F,D
A,E,H,G,B,I,D,C,F
A,E,H,G,B,I,D,F,C
A,E,H,G,B,I,F,C,D
A,E,H,G,B,I,F,D,C
A,E,H,G,C,B,D,F,I
A,E,H,G,C,B,D,I,F
A,E,H,G,C,B,F,D,I
A,E,H,G,C,B,F,I,D
A,E,H,G,C,B,I,D,F
A,E,H,G,C,B,I,F,D
A,E,H,G,C,D,B,F,I
A,E,H,G,C,D,B,I,F
A,E,H,G,C,D,F,B,I
A,E,H,G,C,D,F,I,B
A,E,H,G,C,D,I,B,F
A,E,H,G,C,D,I,F,B
A,E,H,G,C,F,B,D,I
A,E,H,G,C,F,B,I,D
A,E,H,G,C,F,D,B,I
A,E,H,G,C,F,D,I,B
A,E,H,G,C,F,I,B,D
A,E,H,G,C,F,I,D,B
A,E,H,G,C,I,B,D,F
A,E,H,G,C,I,B,F,D
A,E,H,G,C,I,D,B,F
A,E,H,G,C,I,D,F,B
A,E,H,G,C,I,F,B,D
A,E,H,G,C,I,F,D,B
A,E,H,G,D,B,C,F,I
A,E,H,G,D,B,C,I,F
A,E,H,G,D,B,F,C,I
A,E,H,G,D,B,F,I,C
A,E,H,G,D,B,I,C,F
A,E,H,G,D,B,I,F,C
A,E,H,G,D,C,B,F,I
A,E,H,G,D,C,B,I,F
A,E,H,G,D,C,F,B,I
A,E,H,G,D,C,F,I,B
A,E,H,G,D,C,I,B,F
A,E,H,G,D,C,I,F,B
A,E,H,G,D,F,B,C,I
A,E,H,G,D,F,B,I,C
A,E,H,G,D,F,C,B,I
A,E,H,G,D,F,C,I,B
A,E,H,G,D,F,I,B,C
A,E,H,G,D,F,I,C,B
A,E,H,G,D,I,B,C,F
A,E,H,G,D,I,B,F,C
A,E,H,G,D,I,C,B,F
A,E,H,G,D,I,C,F,B
A,E,H,G,D,I,F,B,C
A,E,H,G,D,I,F,C,B
A,E,H,G,F,B,C,D,I
A,E,H,G,F,B,C,I,D
A,E,H,G,F,B,D,C,I
A,E,H,G,F,B,D,I,C
A,E,H,G,F,B,I,C,D
A,E,H,G,F,B,I,D,C
A,E,H,G,F,C,B,D,I
A,E,H,G,F,C,B,I,D
A,E,H,G,F,C,D,B,I
A,E,H,G,F,C,D,I,B
A,E,H,G,F,C,I,B,D
A,E,H,G,F,C,I,D,B
A,E,H,G,F,D,B,C,I
A,E,H,G,F,D,B,I,C
A,E,H,G,F,D,C,B,I
A,E,H,G,F,D,C,I,B
A,E,H,G,F,D,I,B,C
A,E,H,G,F,D,I,C,B
A,E,H,G,F,I,B,C,D
A,E,H,G,F,I,B,D,C
A,E,H,G,F,I,C,B,D
A,E,H,G,F,I,C,D,B
A,E,H,G,F,I,D,B,C
A,E,H,G,F,I,D,C,B
A,E,H,G,I,B,C,D,F
A,E,H,G,I,B,C,F,D
A,E,H,G,I,B,D,C,F
A,E,H,G,I,B,D,F,C
A,E,H,G,I,B,F,C,D
A,E,H,G,I,B,F,D,C
A,E,H,G,I,C,B,D,F
A,E,H,G,I,C,B,F,D
A,E,H,G,I,C,D,B,F
A,E,H,G,I,C,D,F,B
A,E,H,G,I,C,F,B,D
A,E,H,G,I,C,F,D,B
A,E,H,G,I,D,B,C,F
A,E,H,G,I,D,B,F,C
A,E,H,G,I,D,C,B,F
A,E,H,G,I,D,C,F,B
A,E,H,G,I,D,F,B,C
A,E,H,G,I,D,F,C,B
A,E,H,G,I,F,B,C,D
A,E,H,G,I,F,B,D,C
A,E,H,G,I,F,C,B,D
A,E,H,G,I,F,C,D,B
A,E,H,G,I,F,D,B,C
A,E,H,G,I,F,D,C,B
A,E,H,I,B,C,D,F,G
A,E,H,I,B,C,D,G,F
A,E,H,I,B,C,F,D,G
A,E,H,I,B,C,F,G,D
A,E,H,I,B,C,G,D,F
A,E,H,I,B,C,G,F,D
A,E,H,I,B,D,C,F,G
A,E,H,I,B,D,C,G,F
A,E,H,I,B,D,F,C,G
A,E,H,I,B,D,F,G,C
A,E,H,I,B,D,G,C,F
A,E,H,I,B,D,G,F,C
A,E,H,I,B,F,C,D,G
A,E,H,I,B,F,C,G,D
A,E,H,I,B,F,D,C,G
A,E,H,I,B,F,D,G,C
A,E,H,I,B,F,G,C,D
A,E,H,I,B,F,G,D,C
A,E,H,I,B,G,C,D,F
A,E,H,I,B,G,C,F,D
A,E,H,I,B,G,D,C,F
A,E,H,I,B,G,D,F,C
A,E,H,I,B,G,F,C,D
A,E,H,I,B,G,F,D,C
A,E,H,I,C,B,D,F,G
A,E,H,I,C,B,D,G,F
A,E,H,I,C,B,F,D,G
A,E,H,I,C,B,F,G,D
A,E,H,I,C,B,G,D,F
A,E,H,I,C,B,G,F,D
A,E,H,I,C,D,B,F,G
A,E,H,I,C,D,B,G,F
A,E,H,I,C,D,F,B,G
A,E,H,I,C,D,F,G,B
A,E,H,I,C,D,G,B,F
A,E,H,I,C,D,G,F,B
A,E,H,I,C,F,B,D,G
A,E,H,I,C,F,B,G,D
A,E,H,I,C,F,D,B,G
A,E,H,I,C,F,D,G,B
A,E,H,I,C,F,G,B,D
A,E,H,I,C,F,G,D,B
A,E,H,I,C,G,B,D,F
A,E,H,I,C,G,B,F,D
A,E,H,I,C,G,D,B,F
A,E,H,I,C,G,D,F,B
A,E,H,I,C,G,F,B,D
A,E,H,I,C,G,F,D,B
A,E,H,I,D,B,C,F,G
A,E,H,I,D,B,C,G,F
A,E,H,I,D,B,F,C,G
A,E,H,I,D,B,F,G,C
A,E,H,I,D,B,G,C,F
A,E,H,I,D,B,G,F,C
A,E,H,I,D,C,B,F,G
A,E,H,I,D,C,B,G,F
A,E,H,I,D,C,F,B,G
A,E,H,I,D,C,F,G,B
A,E,H,I,D,C,G,B,F
A,E,H,I,D,C,G,F,B
A,E,H,I,D,F,B,C,G
A,E,H,I,D,F,B,G,C
A,E,H,I,D,F,C,B,G
A,E,H,I,D,F,C,G,B
A,E,H,I,D,F,G,B,C
A,E,H,I,D,F,G,C,B
A,E,H,I,D,G,B,C,F
A,E,H,I,D,G,B,F,C
A,E,H,I,D,G,C,B,F
A,E,H,I,D,G,C,F,B
A,E,H,I,D,G,F,B,C
A,E,H,I,D,G,F,C,B
A,E,H,I,F,B,C,D,G
A,E,H,I,F,B,C,G,D
A,E,H,I,F,B,D,C,G
A,E,H,I,F,B,D,G,C
A,E,H,I,F,B,G,C,D
A,E,H,I,F,B,G,D,C
A,E,H,I,F,C,B,D,G
A,E,H,I,F,C,B,G,D
A,E,H,I,F,C,D,B,G
A,E,H,I,F,C,D,G,B
A,E,H,I,F,C,G,B,D
A,E,H,I,F,C,G,D,B
A,E,H,I,F,D,B,C,G
A,E,H,I,F,D,B,G,C
A,E,H,I,F,D,C,B,G
A,E,H,I,F,D,C,G,B
A,E,H,I,F,D,G,B,C
A,E,H,I,F,D,G,C,B
A,E,H,I,F,G,B,C,D
A,E,H,I,F,G,B,D,C
A,E,H,I,F,G,C,B,D
A,E,H,I,F,G,C,D,B
A,E,H,I,F,G,D,B,C
A,E,H,I,F,G,D,C,B
A,E,H,I,G,B,C,D,F
A,E,H,I,G,B,C,F,D
A,E,H,I,G,B,D,C,F
A,E,H,I,G,B,D,F,C
A,E,H,I,G,B,F,C,D
A,E,H,I,G,B,F,D,C
A,E,H,I,G,C,B,D,F
A,E,H,I,G,C,B,F,D
A,E,H,I,G,C,D,B,F
A,E,H,I,G,C,D,F,B
A,E,H,I,G,C,F,B,D
A,E,H,I,G,C,F,D,B
A,E,H,I,G,D,B,C,F
A,E,H,I,G,D,B,F,C
A,E,H,I,G,D,C,B,F
A,E,H,I,G,D,C,F,B
A,E,H,I,G,D,F,B,C
A,E,H,I,G,D,F,C,B
A,E,H,I,G,F,B,C,D
A,E,H,I,G,F,B,D,C
A,E,H,I,G,F,C,B,D
A,E,H,I,G,F,C,D,B
A,E,H,I,G,F,D,B,C
A,E,H,I,G,F,D,C,B
A,E,I,B,C,D,F,G,H
A,E,I,B,C,D,F,H,G
A,E,I,B,C,D,G,F,H
A,E,I,B,C,D,G,H,F
A,E,I,B,C,D,H,F,G
A,E,I,B,C,D,H,G,F
A,E,I,B,C,F,D,G,H
A,E,I,B,C,F,D,H,G
A,E,I,B,C,F,G,D,H
A,E,I,B,C,F,G,H,D
A,E,I,B,C,F,H,D,G
A,E,I,B,C,F,H,G,D
A,E,I,B,C,G,D,F,H
A,E,I,B,C,G,D,H,F
A,E,I,B,C,G,F,D,H
A,E,I,B,C,G,F,H,D
A,E,I,B,C,G,H,D,F
A,E,I,B,C,G,H,F,D
A,E,I,B,C,H,D,F,G
A,E,I,B,C,H,D,G,F
A,E,I,B,C,H,F,D,G
A,E,I,B,C,H,F,G,D
A,E,I,B,C,H,G,D,F
A,E,I,B,C,H,G,F,D
A,E,I,B,D,C,F,G,H
A,E,I,B,D,C,F,H,G
A,E,I,B,D,C,G,F,H
A,E,I,B,D,C,G,H,F
A,E,I,B,D,C,H,F,G
A,E,I,B,D,C,H,G,F
A,E,I,B,D,F,C,G,H
A,E,I,B,D,F,C,H,G
A,E,I,B,D,F,G,C,H
A,E,I,B,D,F,G,H,C
A,E,I,B,D,F,H,C,G
A,E,I,B,D,F,H,G,C
A,E,I,B,D,G,C,F,H
A,E,I,B,D,G,C,H,F
A,E,I,B,D,G,F,C,H
A,E,I,B,D,G,F,H,C
A,E,I,B,D,G,H,C,F
A,E,I,B,D,G,H,F,C
A,E,I,B,D,H,C,F,G
A,E,I,B,D,H,C,G,F
A,E,I,B,D,H,F,C,G
A,E,I,B,D,H,F,G,C
A,E,I,B,D,H,G,C,F
A,E,I,B,D,H,G,F,C
A,E,I,B,F,C,D,G,H
A,E,I,B,F,C,D,H,G
A,E,I,B,F,C,G,D,H
A,E,I,B,F,C,G,H,D
A,E,I,B,F,C,H,D,G
A,E,I,B,F,C,H,G,D
A,E,I,B,F,D,C,G,H
A,E,I,B,F,D,C,H,G
A,E,I,B,F,D,G,C,H
A,E,I,B,F,D,G,H,C
A,E,I,B,F,D,H,C,G
A,E,I,B,F,D,H,G,C
A,E,I,B,F,G,C,D,H
A,E,I,B,F,G,C,H,D
A,E,I,B,F,G,D,C,H
A,E,I,B,F,G,D,H,C
A,E,I,B,F,G,H,C,D
A,E,I,B,F,G,H,D,C
A,E,I,B,F,H,C,D,G
A,E,I,B,F,H,C,G,D
A,E,I,B,F,H,D,C,G
A,E,I,B,F,H,D,G,C
A,E,I,B,F,H,G,C,D
A,E,I,B,F,H,G,D,C
A,E,I,B,G,C,D,F,H
A,E,I,B,G,C,D,H,F
A,E,I,B,G,C,F,D,H
A,E,I,B,G,C,F,H,D
A,E,I,B,G,C,H,D,F
A,E,I,B,G,C,H,F,D
A,E,I,B,G,D,C,F,H
A,E,I,B,G,D,C,H,F
A,E,I,B,G,D,F,C,H
A,E,I,B,G,D,F,H,C
A,E,I,B,G,D,H,C,F
A,E,I,B,G,D,H,F,C
A,E,I,B,G,F,C,D,H
A,E,I,B,G,F,C,H,D
A,E,I,B,G,F,D,C,H
A,E,I,B,G,F,D,H,C
A,E,I,B,G,F,H,C,D
A,E,I,B,G,F,H,D,C
A,E,I,B,G,H,C,D,F
A,E,I,B,G,H,C,F,D
A,E,I,B,G,H,D,C,F
A,E,I,B,G,H,D,F,C
A,E,I,B,G,H,F,C,D
A,E,I,B,G,H,F,D,C
A,E,I,B,H,C,D,F,G
A,E,I,B,H,C,D,G,F
A,E,I,B,H,C,F,D,G
A,E,I,B,H,C,F,G,D
A,E,I,B,H,C,G,D,F
A,E,I,B,H,C,G,F,D
A,E,I,B,H,D,C,F,G
A,E,I,B,H,D,C,G,F
A,E,I,B,H,D,F,C,G
A,E,I,B,H,D,F,G,C
A,E,I,B,H,D,G,C,F
A,E,I,B,H,D,G,F,C
A,E,I,B,H,F,C,D,G
A,E,I,B,H,F,C,G,D
A,E,I,B,H,F,D,C,G
A,E,I,B,H,F,D,G,C
A,E,I,B,H,F,G,C,D
A,E,I,B,H,F,G,D,C
A,E,I,B,H,G,C,D,F
A,E,I,B,H,G,C,F,D
A,E,I,B,H,G,D,C,F
A,E,I,B,H,G,D,F,C
A,E,I,B,H,G,F,C,D
A,E,I,B,H,G,F,D,C
A,E,I,C,B,D,F,G,H
A,E,I,C,B,D,F,H,G
A,E,I,C,B,D,G,F,H
A,E,I,C,B,D,G,H,F
A,E,I,C,B,D,H,F,G
A,E,I,C,B,D,H,G,F
A,E,I,C,B,F,D,G,H
A,E,I,C,B,F,D,H,G
A,E,I,C,B,F,G,D,H
A,E,I,C,B,F,G,H,D
A,E,I,C,B,F,H,D,G
A,E,I,C,B,F,H,G,D
A,E,I,C,B,G,D,F,H
A,E,I,C,B,G,D,H,F
A,E,I,C,B,G,F,D,H
A,E,I,C,B,G,F,H,D
A,E,I,C,B,G,H,D,F
A,E,I,C,B,G,H,F,D
A,E,I,C,B,H,D,F,G
A,E,I,C,B,H,D,G,F
A,E,I,C,B,H,F,D,G
A,E,I,C,B,H,F,G,D
A,E,I,C,B,H,G,D,F
A,E,I,C,B,H,G,F,D
A,E,I,C,D,B,F,G,H
A,E,I,C,D,B,F,H,G
A,E,I,C,D,B,G,F,H
A,E,I,C,D,B,G,H,F
A,E,I,C,D,B,H,F,G
A,E,I,C,D,B,H,G,F
A,E,I,C,D,F,B,G,H
A,E,I,C,D,F,B,H,G
A,E,I,C,D,F,G,B,H
A,E,I,C,D,F,G,H,B
A,E,I,C,D,F,H,B,G
A,E,I,C,D,F,H,G,B
A,E,I,C,D,G,B,F,H
A,E,I,C,D,G,B,H,F
A,E,I,C,D,G,F,B,H
A,E,I,C,D,G,F,H,B
A,E,I,C,D,G,H,B,F
A,E,I,C,D,G,H,F,B
A,E,I,C,D,H,B,F,G
A,E,I,C,D,H,B,G,F
A,E,I,C,D,H,F,B,G
A,E,I,C,D,H,F,G,B
A,E,I,C,D,H,G,B,F
A,E,I,C,D,H,G,F,B
A,E,I,C,F,B,D,G,H
A,E,I,C,F,B,D,H,G
A,E,I,C,F,B,G,D,H
A,E,I,C,F,B,G,H,D
A,E,I,C,F,B,H,D,G
A,E,I,C,F,B,H,G,D
A,E,I,C,F,D,B,G,H
A,E,I,C,F,D,B,H,G
A,E,I,C,F,D,G,B,H
A,E,I,C,F,D,G,H,B
A,E,I,C,F,D,H,B,G
A,E,I,C,F,D,H,G,B
A,E,I,C,F,G,B,D,H
A,E,I,C,F,G,B,H,D
A,E,I,C,F,G,D,B,H
A,E,I,C,F,G,D,H,B
A,E,I,C,F,G,H,B,D
A,E,I,C,F,G,H,D,B
A,E,I,C,F,H,B,D,G
A,E,I,C,F,H,B,G,D
A,E,I,C,F,H,D,B,G
A,E,I,C,F,H,D,G,B
A,E,I,C,F,H,G,B,D
A,E,I,C,F,H,G,D,B
A,E,I,C,G,B,D,F,H
A,E,I,C,G,B,D,H,F
A,E,I,C,G,B,F,D,H
A,E,I,C,G,B,F,H,D
A,E,I,C,G,B,H,D,F
A,E,I,C,G,B,H,F,D
A,E,I,C,G,D,B,F,H
A,E,I,C,G,D,B,H,F
A,E,I,C,G,D,F,B,H
A,E,I,C,G,D,F,H,B
A,E,I,C,G,D,H,B,F
A,E,I,C,G,D,H,F,B
A,E,I,C,G,F,B,D,H
A,E,I,C,G,F,B,H,D
A,E,I,C,G,F,D,B,H
A,E,I,C,G,F,D,H,B
A,E,I,C,G,F,H,B,D
A,E,I,C,G,F,H,D,B
A,E,I,C,G,H,B,D,F
A,E,I,C,G,H,B,F,D
A,E,I,C,G,H,D,B,F
A,E,I,C,G,H,D,F,B
A,E,I,C,G,H,F,B,D
A,E,I,C,G,H,F,D,B
A,E,I,C,H,B,D,F,G
A,E,I,C,H,B,D,G,F
A,E,I,C,H,B,F,D,G
A,E,I,C,H,B,F,G,D
A,E,I,C,H,B,G,D,F
A,E,I,C,H,B,G,F,D
A,E,I,C,H,D,B,F,G
A,E,I,C,H,D,B,G,F
A,E,I,C,H,D,F,B,G
A,E,I,C,H,D,F,G,B
A,E,I,C,H,D,G,B,F
A,E,I,C,H,D,G,F,B
A,E,I,C,H,F,B,D,G
A,E,I,C,H,F,B,G,D
A,E,I,C,H,F,D,B,G
A,E,I,C,H,F,D,G,B
A,E,I,C,H,F,G,B,D
A,E,I,C,H,F,G,D,B
A,E,I,C,H,G,B,D,F
A,E,I,C,H,G,B,F,D
A,E,I,C,H,G,D,B,F
A,E,I,C,H,G,D,F,B
A,E,I,C,H,G,F,B,D
A,E,I,C,H,G,F,D,B
A,E,I,D,B,C,F,G,H
A,E,I,D,B,C,F,H,G
A,E,I,D,B,C,G,F,H
A,E,I,D,B,C,G,H,F
A,E,I,D,B,C,H,F,G
A,E,I,D,B,C,H,G,F
A,E,I,D,B,F,C,G,H
A,E,I,D,B,F,C,H,G
A,E,I,D,B,F,G,C,H
A,E,I,D,B,F,G,H,C
A,E,I,D,B,F,H,C,G
A,E,I,D,B,F,H,G,C
A,E,I,D,B,G,C,F,H
A,E,I,D,B,G,C,H,F
A,E,I,D,B,G,F,C,H
A,E,I,D,B,G,F,H,C
A,E,I,D,B,G,H,C,F
A,E,I,D,B,G,H,F,C
A,E,I,D,B,H,C,F,G
A,E,I,D,B,H,C,G,F
A,E,I,D,B,H,F,C,G
A,E,I,D,B,H,F,G,C
A,E,I,D,B,H,G,C,F
A,E,I,D,B,H,G,F,C
A,E,I,D,C,B,F,G,H
A,E,I,D,C,B,F,H,G
A,E,I,D,C,B,G,F,H
A,E,I,D,C,B,G,H,F
A,E,I,D,C,B,H,F,G
A,E,I,D,C,B,H,G,F
A,E,I,D,C,F,B,G,H
A,E,I,D,C,F,B,H,G
A,E,I,D,C,F,G,B,H
A,E,I,D,C,F,G,H,B
A,E,I,D,C,F,H,B,G
A,E,I,D,C,F,H,G,B
A,E,I,D,C,G,B,F,H
A,E,I,D,C,G,B,H,F
A,E,I,D,C,G,F,B,H
A,E,I,D,C,G,F,H,B
A,E,I,D,C,G,H,B,F
A,E,I,D,C,G,H,F,B
A,E,I,D,C,H,B,F,G
A,E,I,D,C,H,B,G,F
A,E,I,D,C,H,F,B,G
A,E,I,D,C,H,F,G,B
A,E,I,D,C,H,G,B,F
A,E,I,D,C,H,G,F,B
A,E,I,D,F,B,C,G,H
A,E,I,D,F,B,C,H,G
A,E,I,D,F,B,G,C,H
A,E,I,D,F,B,G,H,C
A,E,I,D,F,B,H,C,G
A,E,I,D,F,B,H,G,C
A,E,I,D,F,C,B,G,H
A,E,I,D,F,C,B,H,G
A,E,I,D,F,C,G,B,H
A,E,I,D,F,C,G,H,B
A,E,I,D,F,C,H,B,G
A,E,I,D,F,C,H,G,B
A,E,I,D,F,G,B,C,H
A,E,I,D,F,G,B,H,C
A,E,I,D,F,G,C,B,H
A,E,I,D,F,G,C,H,B
A,E,I,D,F,G,H,B,C
A,E,I,D,F,G,H,C,B
A,E,I,D,F,H,B,C,G
A,E,I,D,F,H,B,G,C
A,E,I,D,F,H,C,B,G
A,E,I,D,F,H,C,G,B
A,E,I,D,F,H,G,B,C
A,E,I,D,F,H,G,C,B
A,E,I,D,G,B,C,F,H
A,E,I,D,G,B,C,H,F
A,E,I,D,G,B,F,C,H
A,E,I,D,G,B,F,H,C
A,E,I,D,G,B,H,C,F
A,E,I,D,G,B,H,F,C
A,E,I,D,G,C,B,F,H
A,E,I,D,G,C,B,H,F
A,E,I,D,G,C,F,B,H
A,E,I,D,G,C,F,H,B
A,E,I,D,G,C,H,B,F
A,E,I,D,G,C,H,F,B
A,E,I,D,G,F,B,C,H
A,E,I,D,G,F,B,H,C
A,E,I,D,G,F,C,B,H
A,E,I,D,G,F,C,H,B
A,E,I,D,G,F,H,B,C
A,E,I,D,G,F,H,C,B
A,E,I,D,G,H,B,C,F
A,E,I,D,G,H,B,F,C
A,E,I,D,G,H,C,B,F
A,E,I,D,G,H,C,F,B
A,E,I,D,G,H,F,B,C
A,E,I,D,G,H,F,C,B
A,E,I,D,H,B,C,F,G
A,E,I,D,H,B,C,G,F
A,E,I,D,H,B,F,C,G
A,E,I,D,H,B,F,G,C
A,E,I,D,H,B,G,C,F
A,E,I,D,H,B,G,F,C
A,E,I,D,H,C,B,F,G
A,E,I,D,H,C,B,G,F
A,E,I,D,H,C,F,B,G
A,E,I,D,H,C,F,G,B
A,E,I,D,H,C,G,B,F
A,E,I,D,H,C,G,F,B
A,E,I,D,H,F,B,C,G
A,E,I,D,H,F,B,G,C
A,E,I,D,H,F,C,B,G
A,E,I,D,H,F,C,G,B
A,E,I,D,H,F,G,B,C
A,E,I,D,H,F,G,C,B
A,E,I,D,H,G,B,C,F
A,E,I,D,H,G,B,F,C
A,E,I,D,H,G,C,B,F
A,E,I,D,H,G,C,F,B
A,E,I,D,H,G,F,B,C
A,E,I,D,H,G,F,C,B
A,E,I,F,B,C,D,G,H
A,E,I,F,B,C,D,H,G
A,E,I,F,B,C,G,D,H
A,E,I,F,B,C,G,H,D
A,E,I,F,B,C,H,D,G
A,E,I,F,B,C,H,G,D
A,E,I,F,B,D,C,G,H
A,E,I,F,B,D,C,H,G
A,E,I,F,B,D,G,C,H
A,E,I,F,B,D,G,H,C
A,E,I,F,B,D,H,C,G
A,E,I,F,B,D,H,G,C
A,E,I,F,B,G,C,D,H
A,E,I,F,B,G,C,H,D
A,E,I,F,B,G,D,C,H
A,E,I,F,B,G,D,H,C
A,E,I,F,B,G,H,C,D
A,E,I,F,B,G,H,D,C
A,E,I,F,B,H,C,D,G
A,E,I,F,B,H,C,G,D
A,E,I,F,B,H,D,C,G
A,E,I,F,B,H,D,G,C
A,E,I,F,B,H,G,C,D
A,E,I,F,B,H,G,D,C
A,E,I,F,C,B,D,G,H
A,E,I,F,C,B,D,H,G
A,E,I,F,C,B,G,D,H
A,E,I,F,C,B,G,H,D
A,E,I,F,C,B,H,D,G
A,E,I,F,C,B,H,G,D
A,E,I,F,C,D,B,G,H
A,E,I,F,C,D,B,H,G
A,E,I,F,C,D,G,B,H
A,E,I,F,C,D,G,H,B
A,E,I,F,C,D,H,B,G
A,E,I,F,C,D,H,G,B
A,E,I,F,C,G,B,D,H
A,E,I,F,C,G,B,H,D
A,E,I,F,C,G,D,B,H
A,E,I,F,C,G,D,H,B
A,E,I,F,C,G,H,B,D
A,E,I,F,C,G,H,D,B
A,E,I,F,C,H,B,D,G
A,E,I,F,C,H,B,G,D
A,E,I,F,C,H,D,B,G
A,E,I,F,C,H,D,G,B
A,E,I,F,C,H,G,B,D
A,E,I,F,C,H,G,D,B
A,E,I,F,D,B,C,G,H
A,E,I,F,D,B,C,H,G
A,E,I,F,D,B,G,C,H
A,E,I,F,D,B,G,H,C
A,E,I,F,D,B,H,C,G
A,E,I,F,D,B,H,G,C
A,E,I,F,D,C,B,G,H
A,E,I,F,D,C,B,H,G
A,E,I,F,D,C,G,B,H
A,E,I,F,D,C,G,H,B
A,E,I,F,D,C,H,B,G
A,E,I,F,D,C,H,G,B
A,E,I,F,D,G,B,C,H
A,E,I,F,D,G,B,H,C
A,E,I,F,D,G,C,B,H
A,E,I,F,D,G,C,H,B
A,E,I,F,D,G,H,B,C
A,E,I,F,D,G,H,C,B
A,E,I,F,D,H,B,C,G
A,E,I,F,D,H,B,G,C
A,E,I,F,D,H,C,B,G
A,E,I,F,D,H,C,G,B
A,E,I,F,D,H,G,B,C
A,E,I,F,D,H,G,C,B
A,E,I,F,G,B,C,D,H
A,E,I,F,G,B,C,H,D
A,E,I,F,G,B,D,C,H
A,E,I,F,G,B,D,H,C
A,E,I,F,G,B,H,C,D
A,E,I,F,G,B,H,D,C
A,E,I,F,G,C,B,D,H
A,E,I,F,G,C,B,H,D
A,E,I,F,G,C,D,B,H
A,E,I,F,G,C,D,H,B
A,E,I,F,G,C,H,B,D
A,E,I,F,G,C,H,D,B
A,E,I,F,G,D,B,C,H
A,E,I,F,G,D,B,H,C
A,E,I,F,G,D,C,B,H
A,E,I,F,G,D,C,H,B
A,E,I,F,G,D,H,B,C
A,E,I,F,G,D,H,C,B
A,E,I,F,G,H,B,C,D
A,E,I,F,G,H,B,D,C
A,E,I,F,G,H,C,B,D
A,E,I,F,G,H,C,D,B
A,E,I,F,G,H,D,B,C
A,E,I,F,G,H,D,C,B
A,E,I,F,H,B,C,D,G
A,E,I,F,H,B,C,G,D
A,E,I,F,H,B,D,C,G
A,E,I,F,H,B,D,G,C
A,E,I,F,H,B,G,C,D
A,E,I,F,H,B,G,D,C
A,E,I,F,H,C,B,D,G
A,E,I,F,H,C,B,G,D
A,E,I,F,H,C,D,B,G
A,E,I,F,H,C,D,G,B
A,E,I,F,H,C,G,B,D
A,E,I,F,H,C,G,D,B
A,E,I,F,H,D,B,C,G
A,E,I,F,H,D,B,G,C
A,E,I,F,H,D,C,B,G
A,E,I,F,H,D,C,G,B
A,E,I,F,H,D,G,B,C
A,E,I,F,H,D,G,C,B
A,E,I,F,H,G,B,C,D
A,E,I,F,H,G,B,D,C
A,E,I,F,H,G,C,B,D
A,E,I,F,H,G,C,D,B
A,E,I,F,H,G,D,B,C
A,E,I,F,H,G,D,C,B
A,E,I,G,B,C,D,F,H
A,E,I,G,B,C,D,H,F
A,E,I,G,B,C,F,D,H
A,E,I,G,B,C,F,H,D
A,E,I,G,B,C,H,D,F
A,E,I,G,B,C,H,F,D
A,E,I,G,B,D,C,F,H
A,E,I,G,B,D,C,H,F
A,E,I,G,B,D,F,C,H
A,E,I,G,B,D,F,H,C
A,E,I,G,B,D,H,C,F
A,E,I,G,B,D,H,F,C
A,E,I,G,B,F,C,D,H
A,E,I,G,B,F,C,H,D
A,E,I,G,B,F,D,C,H
A,E,I,G,B,F,D,H,C
A,E,I,G,B,F,H,C,D
A,E,I,G,B,F,H,D,C
A,E,I,G,B,H,C,D,F
A,E,I,G,B,H,C,F,D
A,E,I,G,B,H,D,C,F
A,E,I,G,B,H,D,F,C
A,E,I,G,B,H,F,C,D
A,E,I,G,B,H,F,D,C
A,E,I,G,C,B,D,F,H
A,E,I,G,C,B,D,H,F
A,E,I,G,C,B,F,D,H
A,E,I,G,C,B,F,H,D
A,E,I,G,C,B,H,D,F
A,E,I,G,C,B,H,F,D
A,E,I,G,C,D,B,F,H
A,E,I,G,C,D,B,H,F
A,E,I,G,C,D,F,B,H
A,E,I,G,C,D,F,H,B
A,E,I,G,C,D,H,B,F
A,E,I,G,C,D,H,F,B
A,E,I,G,C,F,B,D,H
A,E,I,G,C,F,B,H,D
A,E,I,G,C,F,D,B,H
A,E,I,G,C,F,D,H,B
A,E,I,G,C,F,H,B,D
A,E,I,G,C,F,H,D,B
A,E,I,G,C,H,B,D,F
A,E,I,G,C,H,B,F,D
A,E,I,G,C,H,D,B,F
A,E,I,G,C,H,D,F,B
A,E,I,G,C,H,F,B,D
A,E,I,G,C,H,F,D,B
A,E,I,G,D,B,C,F,H
A,E,I,G,D,B,C,H,F
A,E,I,G,D,B,F,C,H
A,E,I,G,D,B,F,H,C
A,E,I,G,D,B,H,C,F
A,E,I,G,D,B,H,F,C
A,E,I,G,D,C,B,F,H
A,E,I,G,D,C,B,H,F
A,E,I,G,D,C,F,B,H
A,E,I,G,D,C,F,H,B
A,E,I,G,D,C,H,B,F
A,E,I,G,D,C,H,F,B
A,E,I,G,D,F,B,C,H
A,E,I,G,D,F,B,H,C
A,E,I,G,D,F,C,B,H
A,E,I,G,D,F,C,H,B
A,E,I,G,D,F,H,B,C
A,E,I,G,D,F,H,C,B
A,E,I,G,D,H,B,C,F
A,E,I,G,D,H,B,F,C
A,E,I,G,D,H,C,B,F
A,E,I,G,D,H,C,F,B
A,E,I,G,D,H,F,B,C
A,E,I,G,D,H,F,C,B
A,E,I,G,F,B,C,D,H
A,E,I,G,F,B,C,H,D
A,E,I,G,F,B,D,C,H
A,E,I,G,F,B,D,H,C
A,E,I,G,F,B,H,C,D
A,E,I,G,F,B,H,D,C
A,E,I,G,F,C,B,D,H
A,E,I,G,F,C,B,H,D
A,E,I,G,F,C,D,B,H
A,E,I,G,F,C,D,H,B
A,E,I,G,F,C,H,B,D
A,E,I,G,F,C,H,D,B
A,E,I,G,F,D,B,C,H
A,E,I,G,F,D,B,H,C
A,E,I,G,F,D,C,B,H
A,E,I,G,F,D,C,H,B
A,E,I,G,F,D,H,B,C
A,E,I,G,F,D,H,C,B
A,E,I,G,F,H,B,C,D
A,E,I,G,F,H,B,D,C
A,E,I,G,F,H,C,B,D
A,E,I,G,F,H,C,D,B
A,E,I,G,F,H,D,B,C
A,E,I,G,F,H,D,C,B
A,E,I,G,H,B,C,D,F
A,E,I,G,H,B,C,F,D
A,E,I,G,H,B,D,C,F
A,E,I,G,H,B,D,F,C
A,E,I,G,H,B,F,C,D
A,E,I,G,H,B,F,D,C
A,E,I,G,H,C,B,D,F
A,E,I,G,H,C,B,F,D
A,E,I,G,H,C,D,B,F
A,E,I,G,H,C,D,F,B
A,E,I,G,H,C,F,B,D
A,E,I,G,H,C,F,D,B
A,E,I,G,H,D,B,C,F
A,E,I,G,H,D,B,F,C
A,E,I,G,H,D,C,B,F
A,E,I,G,H,D,C,F,B
A,E,I,G,H,D,F,B,C
A,E,I,G,H,D,F,C,B
A,E,I,G,H,F,B,C,D
A,E,I,G,H,F,B,D,C
A,E,I,G,H,F,C,B,D
A,E,I,G,H,F,C,D,B
A,E,I,G,H,F,D,B,C
A,E,I,G,H,F,D,C,B
A,E,I,H,B,C,D,F,G
A,E,I,H,B,C,D,G,F
A,E,I,H,B,C,F,D,G
A,E,I,H,B,C,F,G,D
A,E,I,H,B,C,G,D,F
A,E,I,H,B,C,G,F,D
A,E,I,H,B,D,C,F,G
A,E,I,H,B,D,C,G,F
A,E,I,H,B,D,F,C,G
A,E,I,H,B,D,F,G,C
A,E,I,H,B,D,G,C,F
A,E,I,H,B,D,G,F,C
A,E,I,H,B,F,C,D,G
A,E,I,H,B,F,C,G,D
A,E,I,H,B,F,D,C,G
A,E,I,H,B,F,D,G,C
A,E,I,H,B,F,G,C,D
A,E,I,H,B,F,G,D,C
A,E,I,H,B,G,C,D,F
A,E,I,H,B,G,C,F,D
A,E,I,H,B,G,D,C,F
A,E,I,H,B,G,D,F,C
A,E,I,H,B,G,F,C,D
A,E,I,H,B,G,F,D,C
A,E,I,H,C,B,D,F,G
A,E,I,H,C,B,D,G,F
A,E,I,H,C,B,F,D,G
A,E,I,H,C,B,F,G,D
A,E,I,H,C,B,G,D,F
A,E,I,H,C,B,G,F,D
A,E,I,H,C,D,B,F,G
A,E,I,H,C,D,B,G,F
A,E,I,H,C,D,F,B,G
A,E,I,H,C,D,F,G,B
A,E,I,H,C,D,G,B,F
A,E,I,H,C,D,G,F,B
A,E,I,H,C,F,B,D,G
A,E,I,H,C,F,B,G,D
A,E,I,H,C,F,D,B,G
A,E,I,H,C,F,D,G,B
A,E,I,H,C,F,G,B,D
A,E,I,H,C,F,G,D,B
A,E,I,H,C,G,B,D,F
A,E,I,H,C,G,B,F,D
A,E,I,H,C,G,D,B,F
A,E,I,H,C,G,D,F,B
A,E,I,H,C,G,F,B,D
A,E,I,H,C,G,F,D,B
A,E,I,H,D,B,C,F,G
A,E,I,H,D,B,C,G,F
A,E,I,H,D,B,F,C,G
A,E,I,H,D,B,F,G,C
A,E,I,H,D,B,G,C,F
A,E,I,H,D,B,G,F,C
A,E,I,H,D,C,B,F,G
A,E,I,H,D,C,B,G,F
A,E,I,H,D,C,F,B,G
A,E,I,H,D,C,F,G,B
A,E,I,H,D,C,G,B,F
A,E,I,H,D,C,G,F,B
A,E,I,H,D,F,B,C,G
A,E,I,H,D,F,B,G,C
A,E,I,H,D,F,C,B,G
A,E,I,H,D,F,C,G,B
A,E,I,H,D,F,G,B,C
A,E,I,H,D,F,G,C,B
A,E,I,H,D,G,B,C,F
A,E,I,H,D,G,B,F,C
A,E,I,H,D,G,C,B,F
A,E,I,H,D,G,C,F,B
A,E,I,H,D,G,F,B,C
A,E,I,H,D,G,F,C,B
A,E,I,H,F,B,C,D,G
A,E,I,H,F,B,C,G,D
A,E,I,H,F,B,D,C,G
A,E,I,H,F,B,D,G,C
A,E,I,H,F,B,G,C,D
A,E,I,H,F,B,G,D,C
A,E,I,H,F,C,B,D,G
A,E,I,H,F,C,B,G,D
A,E,I,H,F,C,D,B,G
A,E,I,H,F,C,D,G,B
A,E,I,H,F,C,G,B,D
A,E,I,H,F,C,G,D,B
A,E,I,H,F,D,B,C,G
A,E,I,H,F,D,B,G,C
A,E,I,H,F,D,C,B,G
A,E,I,H,F,D,C,G,B
A,E,I,H,F,D,G,B,C
A,E,I,H,F,D,G,C,B
A,E,I,H,F,G,B,C,D
A,E,I,H,F,G,B,D,C
A,E,I,H,F,G,C,B,D
A,E,I,H,F,G,C,D,B
A,E,I,H,F,G,D,B,C
A,E,I,H,F,G,D,C,B
A,E,I,H,G,B,C,D,F
A,E,I,H,G,B,C,F,D
A,E,I,H,G,B,D,C,F
A,E,I,H,G,B,D,F,C
A,E,I,H,G,B,F,C,D
A,E,I,H,G,B,F,D,C
A,E,I,H,G,C,B,D,F
A,E,I,H,G,C,B,F,D
A,E,I,H,G,C,D,B,F
A,E,I,H,G,C,D,F,B
A,E,I,H,G,C,F,B,D
A,E,I,H,G,C,F,D,B
A,E,I,H,G,D,B,C,F
A,E,I,H,G,D,B,F,C
A,E,I,H,G,D,C,B,F
A,E,I,H,G,D,C,F,B
A,E,I,H,G,D,F,B,C
A,E,I,H,G,D,F,C,B
A,E,I,H,G,F,B,C,D
A,E,I,H,G,F,B,D,C
A,E,I,H,G,F,C,B,D
A,E,I,H,G,F,C,D,B
A,E,I,H,G,F,D,B,C
A,E,I,H,G,F,D,C,B
A,F,B,C,D,E,G,H,I
A,F,B,C,D,E,G,I,H
A,F,B,C,D,E,H,G,I
A,F,B,C,D,E,H,I,G
A,F,B,C,D,E,I,G,H
A,F,B,C,D,E,I,H,G
A,F,B,C,D,G,E,H,I
A,F,B,C,D,G,E,I,H
A,F,B,C,D,G,H,E,I
A,F,B,C,D,G,H,I,E
A,F,B,C,D,G,I,E,H
A,F,B,C,D,G,I,H,E
A,F,B,C,D,H,E,G,I
A,F,B,C,D,H,E,I,G
A,F,B,C,D,H,G,E,I
A,F,B,C,D,H,G,I,E
A,F,B,C,D,H,I,E,G
A,F,B,C,D,H,I,G,E
A,F,B,C,D,I,E,G,H
A,F,B,C,D,I,E,H,G
A,F,B,C,D,I,G,E,H
A,F,B,C,D,I,G,H,E
A,F,B,C,D,I,H,E,G
A,F,B,C,D,I,H,G,E
A,F,B,C,E,D,G,H,I
A,F,B,C,E,D,G,I,H
A,F,B,C,E,D,H,G,I
A,F,B,C,E,D,H,I,G
A,F,B,C,E,D,I,G,H
A,F,B,C,E,D,I,H,G
A,F,B,C,E,G,D,H,I
A,F,B,C,E,G,D,I,H
A,F,B,C,E,G,H,D,I
A,F,B,C,E,G,H,I,D
A,F,B,C,E,G,I,D,H
A,F,B,C,E,G,I,H,D
A,F,B,C,E,H,D,G,I
A,F,B,C,E,H,D,I,G
A,F,B,C,E,H,G,D,I
A,F,B,C,E,H,G,I,D
A,F,B,C,E,H,I,D,G
A,F,B,C,E,H,I,G,D
A,F,B,C,E,I,D,G,H
A,F,B,C,E,I,D,H,G
A,F,B,C,E,I,G,D,H
A,F,B,C,E,I,G,H,D
A,F,B,C,E,I,H,D,G
A,F,B,C,E,I,H,G,D
A,F,B,C,G,D,E,H,I
A,F,B,C,G,D,E,I,H
A,F,B,C,G,D,H,E,I
A,F,B,C,G,D,H,I,E
A,F,B,C,G,D,I,E,H
A,F,B,C,G,D,I,H,E
A,F,B,C,G,E,D,H,I
A,F,B,C,G,E,D,I,H
A,F,B,C,G,E,H,D,I
A,F,B,C,G,E,H,I,D
A,F,B,C,G,E,I,D,H
A,F,B,C,G,E,I,H,D
A,F,B,C,G,H,D,E,I
A,F,B,C,G,H,D,I,E
A,F,B,C,G,H,E,D,I
A,F,B,C,G,H,E,I,D
A,F,B,C,G,H,I,D,E
A,F,B,C,G,H,I,E,D
A,F,B,C,G,I,D,E,H
A,F,B,C,G,I,D,H,E
A,F,B,C,G,I,E,D,H
A,F,B,C,G,I,E,H,D
A,F,B,C,G,I,H,D,E
A,F,B,C,G,I,H,E,D
A,F,B,C,H,D,E,G,I
A,F,B,C,H,D,E,I,G
A,F,B,C,H,D,G,E,I
A,F,B,C,H,D,G,I,E
A,F,B,C,H,D,I,E,G
A,F,B,C,H,D,I,G,E
A,F,B,C,H,E,D,G,I
A,F,B,C,H,E,D,I,G
A,F,B,C,H,E,G,D,I
A,F,B,C,H,E,G,I,D
A,F,B,C,H,E,I,D,G
A,F,B,C,H,E,I,G,D
A,F,B,C,H,G,D,E,I
A,F,B,C,H,G,D,I,E
A,F,B,C,H,G,E,D,I
A,F,B,C,H,G,E,I,D
A,F,B,C,H,G,I,D,E
A,F,B,C,H,G,I,E,D
A,F,B,C,H,I,D,E,G
A,F,B,C,H,I,D,G,E
A,F,B,C,H,I,E,D,G
A,F,B,C,H,I,E,G,D
A,F,B,C,H,I,G,D,E
A,F,B,C,H,I,G,E,D
A,F,B,C,I,D,E,G,H
A,F,B,C,I,D,E,H,G
A,F,B,C,I,D,G,E,H
A,F,B,C,I,D,G,H,E
A,F,B,C,I,D,H,E,G
A,F,B,C,I,D,H,G,E
A,F,B,C,I,E,D,G,H
A,F,B,C,I,E,D,H,G
A,F,B,C,I,E,G,D,H
A,F,B,C,I,E,G,H,D
A,F,B,C,I,E,H,D,G
A,F,B,C,I,E,H,G,D
A,F,B,C,I,G,D,E,H
A,F,B,C,I,G,D,H,E
A,F,B,C,I,G,E,D,H
A,F,B,C,I,G,E,H,D
A,F,B,C,I,G,H,D,E
A,F,B,C,I,G,H,E,D
A,F,B,C,I,H,D,E,G
A,F,B,C,I,H,D,G,E
A,F,B,C,I,H,E,D,G
A,F,B,C,I,H,E,G,D
A,F,B,C,I,H,G,D,E
A,F,B,C,I,H,G,E,D
A,F,B,D,C,E,G,H,I
A,F,B,D,C,E,G,I,H
A,F,B,D,C,E,H,G,I
A,F,B,D,C,E,H,I,G
A,F,B,D,C,E,I,G,H
A,F,B,D,C,E,I,H,G
A,F,B,D,C,G,E,H,I
A,F,B,D,C,G,E,I,H
A,F,B,D,C,G,H,E,I
A,F,B,D,C,G,H,I,E
A,F,B,D,C,G,I,E,H
A,F,B,D,C,G,I,H,E
A,F,B,D,C,H,E,G,I
A,F,B,D,C,H,E,I,G
A,F,B,D,C,H,G,E,I
A,F,B,D,C,H,G,I,E
A,F,B,D,C,H,I,E,G
A,F,B,D,C,H,I,G,E
A,F,B,D,C,I,E,G,H
A,F,B,D,C,I,E,H,G
A,F,B,D,C,I,G,E,H
A,F,B,D,C,I,G,H,E
A,F,B,D,C,I,H,E,G
A,F,B,D,C,I,H,G,E
A,F,B,D,E,C,G,H,I
A,F,B,D,E,C,G,I,H
A,F,B,D,E,C,H,G,I
A,F,B,D,E,C,H,I,G
A,F,B,D,E,C,I,G,H
A,F,B,D,E,C,I,H,G
A,F,B,D,E,G,C,H,I
A,F,B,D,E,G,C,I,H
A,F,B,D,E,G,H,C,I
A,F,B,D,E,G,H,I,C
A,F,B,D,E,G,I,C,H
A,F,B,D,E,G,I,H,C
A,F,B,D,E,H,C,G,I
A,F,B,D,E,H,C,I,G
A,F,B,D,E,H,G,C,I
A,F,B,D,E,H,G,I,C
A,F,B,D,E,H,I,C,G
A,F,B,D,E,H,I,G,C
A,F,B,D,E,I,C,G,H
A,F,B,D,E,I,C,H,G
A,F,B,D,E,I,G,C,H
A,F,B,D,E,I,G,H,C
A,F,B,D,E,I,H,C,G
A,F,B,D,E,I,H,G,C
A,F,B,D,G,C,E,H,I
A,F,B,D,G,C,E,I,H
A,F,B,D,G,C,H,E,I
A,F,B,D,G,C,H,I,E
A,F,B,D,G,C,I,E,H
A,F,B,D,G,C,I,H,E
A,F,B,D,G,E,C,H,I
A,F,B,D,G,E,C,I,H
A,F,B,D,G,E,H,C,I
A,F,B,D,G,E,H,I,C
A,F,B,D,G,E,I,C,H
A,F,B,D,G,E,I,H,C
A,F,B,D,G,H,C,E,I
A,F,B,D,G,H,C,I,E
A,F,B,D,G,H,E,C,I
A,F,B,D,G,H,E,I,C
A,F,B,D,G,H,I,C,E
A,F,B,D,G,H,I,E,C
A,F,B,D,G,I,C,E,H
A,F,B,D,G,I,C,H,E
A,F,B,D,G,I,E,C,H
A,F,B,D,G,I,E,H,C
A,F,B,D,G,I,H,C,E
A,F,B,D,G,I,H,E,C
A,F,B,D,H,C,E,G,I
A,F,B,D,H,C,E,I,G
A,F,B,D,H,C,G,E,I
A,F,B,D,H,C,G,I,E
A,F,B,D,H,C,I,E,G
A,F,B,D,H,C,I,G,E
A,F,B,D,H,E,C,G,I
A,F,B,D,H,E,C,I,G
A,F,B,D,H,E,G,C,I
A,F,B,D,H,E,G,I,C
A,F,B,D,H,E,I,C,G
A,F,B,D,H,E,I,G,C
A,F,B,D,H,G,C,E,I
A,F,B,D,H,G,C,I,E
A,F,B,D,H,G,E,C,I
A,F,B,D,H,G,E,I,C
A,F,B,D,H,G,I,C,E
A,F,B,D,H,G,I,E,C
A,F,B,D,H,I,C,E,G
A,F,B,D,H,I,C,G,E
A,F,B,D,H,I,E,C,G
A,F,B,D,H,I,E,G,C
A,F,B,D,H,I,G,C,E
A,F,B,D,H,I,G,E,C
A,F,B,D,I,C,E,G,H
A,F,B,D,I,C,E,H,G
A,F,B,D,I,C,G,E,H
A,F,B,D,I,C,G,H,E
A,F,B,D,I,C,H,E,G
A,F,B,D,I,C,H,G,E
A,F,B,D,I,E,C,G,H
A,F,B,D,I,E,C,H,G
A,F,B,D,I,E,G,C,H
A,F,B,D,I,E,G,H,C
A,F,B,D,I,E,H,C,G
A,F,B,D,I,E,H,G,C
A,F,B,D,I,G,C,E,H
A,F,B,D,I,G,C,H,E
A,F,B,D,I,G,E,C,H
A,F,B,D,I,G,E,H,C
A,F,B,D,I,G,H,C,E
A,F,B,D,I,G,H,E,C
A,F,B,D,I,H,C,E,G
A,F,B,D,I,H,C,G,E
A,F,B,D,I,H,E,C,G
A,F,B,D,I,H,E,G,C
A,F,B,D,I,H,G,C,E
A,F,B,D,I,H,G,E,C
A,F,B,E,C,D,G,H,I
A,F,B,E,C,D,G,I,H
A,F,B,E,C,D,H,G,I
A,F,B,E,C,D,H,I,G
A,F,B,E,C,D,I,G,H
A,F,B,E,C,D,I,H,G
A,F,B,E,C,G,D,H,I
A,F,B,E,C,G,D,I,H
A,F,B,E,C,G,H,D,I
A,F,B,E,C,G,H,I,D
A,F,B,E,C,G,I,D,H
A,F,B,E,C,G,I,H,D
A,F,B,E,C,H,D,G,I
A,F,B,E,C,H,D,I,G
A,F,B,E,C,H,G,D,I
A,F,B,E,C,H,G,I,D
A,F,B,E,C,H,I,D,G
A,F,B,E,C,H,I,G,D
A,F,B,E,C,I,D,G,H
A,F,B,E,C,I,D,H,G
A,F,B,E,C,I,G,D,H
A,F,B,E,C,I,G,H,D
A,F,B,E,C,I,H,D,G
A,F,B,E,C,I,H,G,D
A,F,B,E,D,C,G,H,I
A,F,B,E,D,C,G,I,H
A,F,B,E,D,C,H,G,I
A,F,B,E,D,C,H,I,G
A,F,B,E,D,C,I,G,H
A,F,B,E,D,C,I,H,G
A,F,B,E,D,G,C,H,I
A,F,B,E,D,G,C,I,H
A,F,B,E,D,G,H,C,I
A,F,B,E,D,G,H,I,C
A,F,B,E,D,G,I,C,H
A,F,B,E,D,G,I,H,C
A,F,B,E,D,H,C,G,I
A,F,B,E,D,H,C,I,G
A,F,B,E,D,H,G,C,I
A,F,B,E,D,H,G,I,C
A,F,B,E,D,H,I,C,G
A,F,B,E,D,H,I,G,C
A,F,B,E,D,I,C,G,H
A,F,B,E,D,I,C,H,G
A,F,B,E,D,I,G,C,H
A,F,B,E,D,I,G,H,C
A,F,B,E,D,I,H,C,G
A,F,B,E,D,I,H,G,C
A,F,B,E,G,C,D,H,I
A,F,B,E,G,C,D,I,H
A,F,B,E,G,C,H,D,I
A,F,B,E,G,C,H,I,D
A,F,B,E,G,C,I,D,H
A,F,B,E,G,C,I,H,D
A,F,B,E,G,D,C,H,I
A,F,B,E,G,D,C,I,H
A,F,B,E,G,D,H,C,I
A,F,B,E,G,D,H,I,C
A,F,B,E,G,D,I,C,H
A,F,B,E,G,D,I,H,C
A,F,B,E,G,H,C,D,I
A,F,B,E,G,H,C,I,D
A,F,B,E,G,H,D,C,I
A,F,B,E,G,H,D,I,C
A,F,B,E,G,H,I,C,D
A,F,B,E,G,H,I,D,C
A,F,B,E,G,I,C,D,H
A,F,B,E,G,I,C,H,D
A,F,B,E,G,I,D,C,H
A,F,B,E,G,I,D,H,C
A,F,B,E,G,I,H,C,D
A,F,B,E,G,I,H,D,C
A,F,B,E,H,C,D,G,I
A,F,B,E,H,C,D,I,G
A,F,B,E,H,C,G,D,I
A,F,B,E,H,C,G,I,D
A,F,B,E,H,C,I,D,G
A,F,B,E,H,C,I,G,D
A,F,B,E,H,D,C,G,I
A,F,B,E,H,D,C,I,G
A,F,B,E,H,D,G,C,I
A,F,B,E,H,D,G,I,C
A,F,B,E,H,D,I,C,G
A,F,B,E,H,D,I,G,C
A,F,B,E,H,G,C,D,I
A,F,B,E,H,G,C,I,D
A,F,B,E,H,G,D,C,I
A,F,B,E,H,G,D,I,C
A,F,B,E,H,G,I,C,D
A,F,B,E,H,G,I,D,C
A,F,B,E,H,I,C,D,G
A,F,B,E,H,I,C,G,D
A,F,B,E,H,I,D,C,G
A,F,B,E,H,I,D,G,C
A,F,B,E,H,I,G,C,D
A,F,B,E,H,I,G,D,C
A,F,B,E,I,C,D,G,H
A,F,B,E,I,C,D,H,G
A,F,B,E,I,C,G,D,H
A,F,B,E,I,C,G,H,D
A,F,B,E,I,C,H,D,G
A,F,B,E,I,C,H,G,D
A,F,B,E,I,D,C,G,H
A,F,B,E,I,D,C,H,G
A,F,B,E,I,D,G,C,H
A,F,B,E,I,D,G,H,C
A,F,B,E,I,D,H,C,G
A,F,B,E,I,D,H,G,C
A,F,B,E,I,G,C,D,H
A,F,B,E,I,G,C,H,D
A,F,B,E,I,G,D,C,H
A,F,B,E,I,G,D,H,C
A,F,B,E,I,G,H,C,D
A,F,B,E,I,G,H,D,C
A,F,B,E,I,H,C,D,G
A,F,B,E,I,H,C,G,D
A,F,B,E,I,H,D,C,G
A,F,B,E,I,H,D,G,C
A,F,B,E,I,H,G,C,D
A,F,B,E,I,H,G,D,C
A,F,B,G,C,D,E,H,I
A,F,B,G,C,D,E,I,H
A,F,B,G,C,D,H,E,I
A,F,B,G,C,D,H,I,E
A,F,B,G,C,D,I,E,H
A,F,B,G,C,D,I,H,E
A,F,B,G,C,E,D,H,I
A,F,B,G,C,E,D,I,H
A,F,B,G,C,E,H,D,I
A,F,B,G,C,E,H,I,D
A,F,B,G,C,E,I,D,H
A,F,B,G,C,E,I,H,D
A,F,B,G,C,H,D,E,I
A,F,B,G,C,H,D,I,E
A,F,B,G,C,H,E,D,I
A,F,B,G,C,H,E,I,D
A,F,B,G,C,H,I,D,E
A,F,B,G,C,H,I,E,D
A,F,B,G,C,I,D,E,H
A,F,B,G,C,I,D,H,E
A,F,B,G,C,I,E,D,H
A,F,B,G,C,I,E,H,D
A,F,B,G,C,I,H,D,E
A,F,B,G,C,I,H,E,D
A,F,B,G,D,C,E,H,I
A,F,B,G,D,C,E,I,H
A,F,B,G,D,C,H,E,I
A,F,B,G,D,C,H,I,E
A,F,B,G,D,C,I,E,H
A,F,B,G,D,C,I,H,E
A,F,B,G,D,E,C,H,I
A,F,B,G,D,E,C,I,H
A,F,B,G,D,E,H,C,I
A,F,B,G,D,E,H,I,C
A,F,B,G,D,E,I,C,H
A,F,B,G,D,E,I,H,C
A,F,B,G,D,H,C,E,I
A,F,B,G,D,H,C,I,E
A,F,B,G,D,H,E,C,I
A,F,B,G,D,H,E,I,C
A,F,B,G,D,H,I,C,E
A,F,B,G,D,H,I,E,C
A,F,B,G,D,I,C,E,H
A,F,B,G,D,I,C,H,E
A,F,B,G,D,I,E,C,H
A,F,B,G,D,I,E,H,C
A,F,B,G,D,I,H,C,E
A,F,B,G,D,I,H,E,C
A,F,B,G,E,C,D,H,I
A,F,B,G,E,C,D,I,H
A,F,B,G,E,C,H,D,I
A,F,B,G,E,C,H,I,D
A,F,B,G,E,C,I,D,H
A,F,B,G,E,C,I,H,D
A,F,B,G,E,D,C,H,I
A,F,B,G,E,D,C,I,H
A,F,B,G,E,D,H,C,I
A,F,B,G,E,D,H,I,C
A,F,B,G,E,D,I,C,H
A,F,B,G,E,D,I,H,C
A,F,B,G,E,H,C,D,I
A,F,B,G,E,H,C,I,D
A,F,B,G,E,H,D,C,I
A,F,B,G,E,H,D,I,C
A,F,B,G,E,H,I,C,D
A,F,B,G,E,H,I,D,C
A,F,B,G,E,I,C,D,H
A,F,B,G,E,I,C,H,D
A,F,B,G,E,I,D,C,H
A,F,B,G,E,I,D,H,C
A,F,B,G,E,I,H,C,D
A,F,B,G,E,I,H,D,C
A,F,B,G,H,C,D,E,I
A,F,B,G,H,C,D,I,E
A,F,B,G,H,C,E,D,I
A,F,B,G,H,C,E,I,D
A,F,B,G,H,C,I,D,E
A,F,B,G,H,C,I,E,D
A,F,B,G,H,D,C,E,I
A,F,B,G,H,D,C,I,E
A,F,B,G,H,D,E,C,I
A,F,B,G,H,D,E,I,C
A,F,B,G,H,D,I,C,E
A,F,B,G,H,D,I,E,C
A,F,B,G,H,E,C,D,I
A,F,B,G,H,E,C,I,D
A,F,B,G,H,E,D,C,I
A,F,B,G,H,E,D,I,C
A,F,B,G,H,E,I,C,D
A,F,B,G,H,E,I,D,C
A,F,B,G,H,I,C,D,E
A,F,B,G,H,I,C,E,D
A,F,B,G,H,I,D,C,E
A,F,B,G,H,I,D,E,C
A,F,B,G,H,I,E,C,D
A,F,B,G,H,I,E,D,C
A,F,B,G,I,C,D,E,H
A,F,B,G,I,C,D,H,E
A,F,B,G,I,C,E,D,H
A,F,B,G,I,C,E,H,D
A,F,B,G,I,C,H,D,E
A,F,B,G,I,C,H,E,D
A,F,B,G,I,D,C,E,H
A,F,B,G,I,D,C,H,E
A,F,B,G,I,D,E,C,H
A,F,B,G,I,D,E,H,C
A,F,B,G,I,D,H,C,E
A,F,B,G,I,D,H,E,C
A,F,B,G,I,E,C,D,H
A,F,B,G,I,E,C,H,D
A,F,B,G,I,E,D,C,H
A,F,B,G,I,E,D,H,C
A,F,B,G,I,E,H,C,D
A,F,B,G,I,E,H,D,C
A,F,B,G,I,H,C,D,E
A,F,B,G,I,H,C,E,D
A,F,B,G,I,H,D,C,E
A,F,B,G,I,H,D,E,C
A,F,B,G,I,H,E,C,D
A,F,B,G,I,H,E,D,C
A,F,B,H,C,D,E,G,I
A,F,B,H,C,D,E,I,G
A,F,B,H,C,D,G,E,I
A,F,B,H,C,D,G,I,E
A,F,B,H,C,D,I,E,G
A,F,B,H,C,D,I,G,E
A,F,B,H,C,E,D,G,I
A,F,B,H,C,E,D,I,G
A,F,B,H,C,E,G,D,I
A,F,B,H,C,E,G,I,D
A,F,B,H,C,E,I,D,G
A,F,B,H,C,E,I,G,D
A,F,B,H,C,G,D,E,I
A,F,B,H,C,G,D,I,E
A,F,B,H,C,G,E,D,I
A,F,B,H,C,G,E,I,D
A,F,B,H,C,G,I,D,E
A,F,B,H,C,G,I,E,D
A,F,B,H,C,I,D,E,G
A,F,B,H,C,I,D,G,E
A,F,B,H,C,I,E,D,G
A,F,B,H,C,I,E,G,D
A,F,B,H,C,I,G,D,E
A,F,B,H,C,I,G,E,D
A,F,B,H,D,C,E,G,I
A,F,B,H,D,C,E,I,G
A,F,B,H,D,C,G,E,I
A,F,B,H,D,C,G,I,E
A,F,B,H,D,C,I,E,G
A,F,B,H,D,C,I,G,E
A,F,B,H,D,E,C,G,I
A,F,B,H,D,E,C,I,G
A,F,B,H,D,E,G,C,I
A,F,B,H,D,E,G,I,C
A,F,B,H,D,E,I,C,G
A,F,B,H,D,E,I,G,C
A,F,B,H,D,G,C,E,I
A,F,B,H,D,G,C,I,E
A,F,B,H,D,G,E,C,I
A,F,B,H,D,G,E,I,C
A,F,B,H,D,G,I,C,E
A,F,B,H,D,G,I,E,C
A,F,B,H,D,I,C,E,G
A,F,B,H,D,I,C,G,E
A,F,B,H,D,I,E,C,G
A,F,B,H,D,I,E,G,C
A,F,B,H,D,I,G,C,E
A,F,B,H,D,I,G,E,C
A,F,B,H,E,C,D,G,I
A,F,B,H,E,C,D,I,G
A,F,B,H,E,C,G,D,I
A,F,B,H,E,C,G,I,D
A,F,B,H,E,C,I,D,G
A,F,B,H,E,C,I,G,D
A,F,B,H,E,D,C,G,I
A,F,B,H,E,D,C,I,G
A,F,B,H,E,D,G,C,I
A,F,B,H,E,D,G,I,C
A,F,B,H,E,D,I,C,G
A,F,B,H,E,D,I,G,C
A,F,B,H,E,G,C,D,I
A,F,B,H,E,G,C,I,D
A,F,B,H,E,G,D,C,I
A,F,B,H,E,G,D,I,C
A,F,B,H,E,G,I,C,D
A,F,B,H,E,G,I,D,C
A,F,B,H,E,I,C,D,G
A,F,B,H,E,I,C,G,D
A,F,B,H,E,I,D,C,G
A,F,B,H,E,I,D,G,C
A,F,B,H,E,I,G,C,D
A,F,B,H,E,I,G,D,C
A,F,B,H,G,C,D,E,I
A,F,B,H,G,C,D,I,E
A,F,B,H,G,C,E,D,I
A,F,B,H,G,C,E,I,D
A,F,B,H,G,C,I,D,E
A,F,B,H,G,C,I,E,D
A,F,B,H,G,D,C,E,I
A,F,B,H,G,D,C,I,E
A,F,B,H,G,D,E,C,I
A,F,B,H,G,D,E,I,C
A,F,B,H,G,D,I,C,E
A,F,B,H,G,D,I,E,C
A,F,B,H,G,E,C,D,I
A,F,B,H,G,E,C,I,D
A,F,B,H,G,E,D,C,I
A,F,B,H,G,E,D,I,C
A,F,B,H,G,E,I,C,D
A,F,B,H,G,E,I,D,C
A,F,B,H,G,I,C,D,E
A,F,B,H,G,I,C,E,D
A,F,B,H,G,I,D,C,E
A,F,B,H,G,I,D,E,C
A,F,B,H,G,I,E,C,D
A,F,B,H,G,I,E,D,C
A,F,B,H,I,C,D,E,G
A,F,B,H,I,C,D,G,E
A,F,B,H,I,C,E,D,G
A,F,B,H,I,C,E,G,D
A,F,B,H,I,C,G,D,E
A,F,B,H,I,C,G,E,D
A,F,B,H,I,D,C,E,G
A,F,B,H,I,D,C,G,E
A,F,B,H,I,D,E,C,G
A,F,B,H,I,D,E,G,C
A,F,B,H,I,D,G,C,E
A,F,B,H,I,D,G,E,C
A,F,B,H,I,E,C,D,G
A,F,B,H,I,E,C,G,D
A,F,B,H,I,E,D,C,G
A,F,B,H,I,E,D,G,C
A,F,B,H,I,E,G,C,D
A,F,B,H,I,E,G,D,C
A,F,B,H,I,G,C,D,E
A,F,B,H,I,G,C,E,D
A,F,B,H,I,G,D,C,E
A,F,B,H,I,G,D,E,C
A,F,B,H,I,G,E,C,D
A,F,B,H,I,G,E,D,C
A,F,B,I,C,D,E,G,H
A,F,B,I,C,D,E,H,G
A,F,B,I,C,D,G,E,H
A,F,B,I,C,D,G,H,E
A,F,B,I,C,D,H,E,G
A,F,B,I,C,D,H,G,E
A,F,B,I,C,E,D,G,H
A,F,B,I,C,E,D,H,G
A,F,B,I,C,E,G,D,H
A,F,B,I,C,E,G,H,D
A,F,B,I,C,E,H,D,G
A,F,B,I,C,E,H,G,D
A,F,B,I,C,G,D,E,H
A,F,B,I,C,G,D,H,E
A,F,B,I,C,G,E,D,H
A,F,B,I,C,G,E,H,D
A,F,B,I,C,G,H,D,E
A,F,B,I,C,G,H,E,D
A,F,B,I,C,H,D,E,G
A,F,B,I,C,H,D,G,E
A,F,B,I,C,H,E,D,G
A,F,B,I,C,H,E,G,D
A,F,B,I,C,H,G,D,E
A,F,B,I,C,H,G,E,D
A,F,B,I,D,C,E,G,H
A,F,B,I,D,C,E,H,G
A,F,B,I,D,C,G,E,H
A,F,B,I,D,C,G,H,E
A,F,B,I,D,C,H,E,G
A,F,B,I,D,C,H,G,E
A,F,B,I,D,E,C,G,H
A,F,B,I,D,E,C,H,G
A,F,B,I,D,E,G,C,H
A,F,B,I,D,E,G,H,C
A,F,B,I,D,E,H,C,G
A,F,B,I,D,E,H,G,C
A,F,B,I,D,G,C,E,H
A,F,B,I,D,G,C,H,E
A,F,B,I,D,G,E,C,H
A,F,B,I,D,G,E,H,C
A,F,B,I,D,G,H,C,E
A,F,B,I,D,G,H,E,C
A,F,B,I,D,H,C,E,G
A,F,B,I,D,H,C,G,E
A,F,B,I,D,H,E,C,G
A,F,B,I,D,H,E,G,C
A,F,B,I,D,H,G,C,E
A,F,B,I,D,H,G,E,C
A,F,B,I,E,C,D,G,H
A,F,B,I,E,C,D,H,G
A,F,B,I,E,C,G,D,H
A,F,B,I,E,C,G,H,D
A,F,B,I,E,C,H,D,G
A,F,B,I,E,C,H,G,D
A,F,B,I,E,D,C,G,H
A,F,B,I,E,D,C,H,G
A,F,B,I,E,D,G,C,H
A,F,B,I,E,D,G,H,C
A,F,B,I,E,D,H,C,G
A,F,B,I,E,D,H,G,C
A,F,B,I,E,G,C,D,H
A,F,B,I,E,G,C,H,D
A,F,B,I,E,G,D,C,H
A,F,B,I,E,G,D,H,C
A,F,B,I,E,G,H,C,D
A,F,B,I,E,G,H,D,C
A,F,B,I,E,H,C,D,G
A,F,B,I,E,H,C,G,D
A,F,B,I,E,H,D,C,G
A,F,B,I,E,H,D,G,C
A,F,B,I,E,H,G,C,D
A,F,B,I,E,H,G,D,C
A,F,B,I,G,C,D,E,H
A,F,B,I,G,C,D,H,E
A,F,B,I,G,C,E,D,H
A,F,B,I,G,C,E,H,D
A,F,B,I,G,C,H,D,E
A,F,B,I,G,C,H,E,D
A,F,B,I,G,D,C,E,H
A,F,B,I,G,D,C,H,E
A,F,B,I,G,D,E,C,H
A,F,B,I,G,D,E,H,C
A,F,B,I,G,D,H,C,E
A,F,B,I,G,D,H,E,C
A,F,B,I,G,E,C,D,H
A,F,B,I,G,E,C,H,D
A,F,B,I,G,E,D,C,H
A,F,B,I,G,E,D,H,C
A,F,B,I,G,E,H,C,D
A,F,B,I,G,E,H,D,C
A,F,B,I,G,H,C,D,E
A,F,B,I,G,H,C,E,D
A,F,B,I,G,H,D,C,E
A,F,B,I,G,H,D,E,C
A,F,B,I,G,H,E,C,D
A,F,B,I,G,H,E,D,C
A,F,B,I,H,C,D,E,G
A,F,B,I,H,C,D,G,E
A,F,B,I,H,C,E,D,G
A,F,B,I,H,C,E,G,D
A,F,B,I,H,C,G,D,E
A,F,B,I,H,C,G,E,D
A,F,B,I,H,D,C,E,G
A,F,B,I,H,D,C,G,E
A,F,B,I,H,D,E,C,G
A,F,B,I,H,D,E,G,C
A,F,B,I,H,D,G,C,E
A,F,B,I,H,D,G,E,C
A,F,B,I,H,E,C,D,G
A,F,B,I,H,E,C,G,D
A,F,B,I,H,E,D,C,G
A,F,B,I,H,E,D,G,C
A,F,B,I,H,E,G,C,D
A,F,B,I,H,E,G,D,C
A,F,B,I,H,G,C,D,E
A,F,B,I,H,G,C,E,D
A,F,B,I,H,G,D,C,E
A,F,B,I,H,G,D,E,C
A,F,B,I,H,G,E,C,D
A,F,B,I,H,G,E,D,C
A,F,C,B,D,E,G,H,I
A,F,C,B,D,E,G,I,H
A,F,C,B,D,E,H,G,I
A,F,C,B,D,E,H,I,G
A,F,C,B,D,E,I,G,H
A,F,C,B,D,E,I,H,G
A,F,C,B,D,G,E,H,I
A,F,C,B,D,G,E,I,H
A,F,C,B,D,G,H,E,I
A,F,C,B,D,G,H,I,E
A,F,C,B,D,G,I,E,H
A,F,C,B,D,G,I,H,E
A,F,C,B,D,H,E,G,I
A,F,C,B,D,H,E,I,G
A,F,C,B,D,H,G,E,I
A,F,C,B,D,H,G,I,E
A,F,C,B,D,H,I,E,G
A,F,C,B,D,H,I,G,E
A,F,C,B,D,I,E,G,H
A,F,C,B,D,I,E,H,G
A,F,C,B,D,I,G,E,H
A,F,C,B,D,I,G,H,E
A,F,C,B,D,I,H,E,G
A,F,C,B,D,I,H,G,E
A,F,C,B,E,D,G,H,I
A,F,C,B,E,D,G,I,H
A,F,C,B,E,D,H,G,I
A,F,C,B,E,D,H,I,G
A,F,C,B,E,D,I,G,H
A,F,C,B,E,D,I,H,G
A,F,C,B,E,G,D,H,I
A,F,C,B,E,G,D,I,H
A,F,C,B,E,G,H,D,I
A,F,C,B,E,G,H,I,D
A,F,C,B,E,G,I,D,H
A,F,C,B,E,G,I,H,D
A,F,C,B,E,H,D,G,I
A,F,C,B,E,H,D,I,G
A,F,C,B,E,H,G,D,I
A,F,C,B,E,H,G,I,D
A,F,C,B,E,H,I,D,G
A,F,C,B,E,H,I,G,D
A,F,C,B,E,I,D,G,H
A,F,C,B,E,I,D,H,G
A,F,C,B,E,I,G,D,H
A,F,C,B,E,I,G,H,D
A,F,C,B,E,I,H,D,G
A,F,C,B,E,I,H,G,D
A,F,C,B,G,D,E,H,I
A,F,C,B,G,D,E,I,H
A,F,C,B,G,D,H,E,I
A,F,C,B,G,D,H,I,E
A,F,C,B,G,D,I,E,H
A,F,C,B,G,D,I,H,E
A,F,C,B,G,E,D,H,I
A,F,C,B,G,E,D,I,H
A,F,C,B,G,E,H,D,I
A,F,C,B,G,E,H,I,D
A,F,C,B,G,E,I,D,H
A,F,C,B,G,E,I,H,D
A,F,C,B,G,H,D,E,I
A,F,C,B,G,H,D,I,E
A,F,C,B,G,H,E,D,I
A,F,C,B,G,H,E,I,D
A,F,C,B,G,H,I,D,E
A,F,C,B,G,H,I,E,D
A,F,C,B,G,I,D,E,H
A,F,C,B,G,I,D,H,E
A,F,C,B,G,I,E,D,H
A,F,C,B,G,I,E,H,D
A,F,C,B,G,I,H,D,E
A,F,C,B,G,I,H,E,D
A,F,C,B,H,D,E,G,I
A,F,C,B,H,D,E,I,G
A,F,C,B,H,D,G,E,I
A,F,C,B,H,D,G,I,E
A,F,C,B,H,D,I,E,G
A,F,C,B,H,D,I,G,E
A,F,C,B,H,E,D,G,I
A,F,C,B,H,E,D,I,G
A,F,C,B,H,E,G,D,I
A,F,C,B,H,E,G,I,D
A,F,C,B,H,E,I,D,G
A,F,C,B,H,E,I,G,D
A,F,C,B,H,G,D,E,I
A,F,C,B,H,G,D,I,E
A,F,C,B,H,G,E,D,I
A,F,C,B,H,G,E,I,D
A,F,C,B,H,G,I,D,E
A,F,C,B,H,G,I,E,D
A,F,C,B,H,I,D,E,G
A,F,C,B,H,I,D,G,E
A,F,C,B,H,I,E,D,G
A,F,C,B,H,I,E,G,D
A,F,C,B,H,I,G,D,E
A,F,C,B,H,I,G,E,D
A,F,C,B,I,D,E,G,H
A,F,C,B,I,D,E,H,G
A,F,C,B,I,D,G,E,H
A,F,C,B,I,D,G,H,E
A,F,C,B,I,D,H,E,G
A,F,C,B,I,D,H,G,E
A,F,C,B,I,E,D,G,H
A,F,C,B,I,E,D,H,G
A,F,C,B,I,E,G,D,H
A,F,C,B,I,E,G,H,D
A,F,C,B,I,E,H,D,G
A,F,C,B,I,E,H,G,D
A,F,C,B,I,G,D,E,H
A,F,C,B,I,G,D,H,E
A,F,C,B,I,G,E,D,H
A,F,C,B,I,G,E,H,D
A,F,C,B,I,G,H,D,E
A,F,C,B,I,G,H,E,D
A,F,C,B,I,H,D,E,G
A,F,C,B,I,H,D,G,E
A,F,C,B,I,H,E,D,G
A,F,C,B,I,H,E,G,D
A,F,C,B,I,H,G,D,E
A,F,C,B,I,H,G,E,D
A,F,C,D,B,E,G,H,I
A,F,C,D,B,E,G,I,H
A,F,C,D,B,E,H,G,I
A,F,C,D,B,E,H,I,G
A,F,C,D,B,E,I,G,H
A,F,C,D,B,E,I,H,G
A,F,C,D,B,G,E,H,I
A,F,C,D,B,G,E,I,H
A,F,C,D,B,G,H,E,I
A,F,C,D,B,G,H,I,E
A,F,C,D,B,G,I,E,H
A,F,C,D,B,G,I,H,E
A,F,C,D,B,H,E,G,I
A,F,C,D,B,H,E,I,G
A,F,C,D,B,H,G,E,I
A,F,C,D,B,H,G,I,E
A,F,C,D,B,H,I,E,G
A,F,C,D,B,H,I,G,E
A,F,C,D,B,I,E,G,H
A,F,C,D,B,I,E,H,G
A,F,C,D,B,I,G,E,H
A,F,C,D,B,I,G,H,E
A,F,C,D,B,I,H,E,G
A,F,C,D,B,I,H,G,E
A,F,C,D,E,B,G,H,I
A,F,C,D,E,B,G,I,H
A,F,C,D,E,B,H,G,I
A,F,C,D,E,B,H,I,G
A,F,C,D,E,B,I,G,H
A,F,C,D,E,B,I,H,G
A,F,C,D,E,G,B,H,I
A,F,C,D,E,G,B,I,H
A,F,C,D,E,G,H,B,I
A,F,C,D,E,G,H,I,B
A,F,C,D,E,G,I,B,H
A,F,C,D,E,G,I,H,B
A,F,C,D,E,H,B,G,I
A,F,C,D,E,H,B,I,G
A,F,C,D,E,H,G,B,I
A,F,C,D,E,H,G,I,B
A,F,C,D,E,H,I,B,G
A,F,C,D,E,H,I,G,B
A,F,C,D,E,I,B,G,H
A,F,C,D,E,I,B,H,G
A,F,C,D,E,I,G,B,H
A,F,C,D,E,I,G,H,B
A,F,C,D,E,I,H,B,G
A,F,C,D,E,I,H,G,B
A,F,C,D,G,B,E,H,I
A,F,C,D,G,B,E,I,H
A,F,C,D,G,B,H,E,I
A,F,C,D,G,B,H,I,E
A,F,C,D,G,B,I,E,H
A,F,C,D,G,B,I,H,E
A,F,C,D,G,E,B,H,I
A,F,C,D,G,E,B,I,H
A,F,C,D,G,E,H,B,I
A,F,C,D,G,E,H,I,B
A,F,C,D,G,E,I,B,H
A,F,C,D,G,E,I,H,B
A,F,C,D,G,H,B,E,I
A,F,C,D,G,H,B,I,E
A,F,C,D,G,H,E,B,I
A,F,C,D,G,H,E,I,B
A,F,C,D,G,H,I,B,E
A,F,C,D,G,H,I,E,B
A,F,C,D,G,I,B,E,H
A,F,C,D,G,I,B,H,E
A,F,C,D,G,I,E,B,H
A,F,C,D,G,I,E,H,B
A,F,C,D,G,I,H,B,E
A,F,C,D,G,I,H,E,B
A,F,C,D,H,B,E,G,I
A,F,C,D,H,B,E,I,G
A,F,C,D,H,B,G,E,I
A,F,C,D,H,B,G,I,E
A,F,C,D,H,B,I,E,G
A,F,C,D,H,B,I,G,E
A,F,C,D,H,E,B,G,I
A,F,C,D,H,E,B,I,G
A,F,C,D,H,E,G,B,I
A,F,C,D,H,E,G,I,B
A,F,C,D,H,E,I,B,G
A,F,C,D,H,E,I,G,B
A,F,C,D,H,G,B,E,I
A,F,C,D,H,G,B,I,E
A,F,C,D,H,G,E,B,I
A,F,C,D,H,G,E,I,B
A,F,C,D,H,G,I,B,E
A,F,C,D,H,G,I,E,B
A,F,C,D,H,I,B,E,G
A,F,C,D,H,I,B,G,E
A,F,C,D,H,I,E,B,G
A,F,C,D,H,I,E,G,B
A,F,C,D,H,I,G,B,E
A,F,C,D,H,I,G,E,B
A,F,C,D,I,B,E,G,H
A,F,C,D,I,B,E,H,G
A,F,C,D,I,B,G,E,H
A,F,C,D,I,B,G,H,E
A,F,C,D,I,B,H,E,G
A,F,C,D,I,B,H,G,E
A,F,C,D,I,E,B,G,H
A,F,C,D,I,E,B,H,G
A,F,C,D,I,E,G,B,H
A,F,C,D,I,E,G,H,B
A,F,C,D,I,E,H,B,G
A,F,C,D,I,E,H,G,B
A,F,C,D,I,G,B,E,H
A,F,C,D,I,G,B,H,E
A,F,C,D,I,G,E,B,H
A,F,C,D,I,G,E,H,B
A,F,C,D,I,G,H,B,E
A,F,C,D,I,G,H,E,B
A,F,C,D,I,H,B,E,G
A,F,C,D,I,H,B,G,E
A,F,C,D,I,H,E,B,G
A,F,C,D,I,H,E,G,B
A,F,C,D,I,H,G,B,E
A,F,C,D,I,H,G,E,B
A,F,C,E,B,D,G,H,I
A,F,C,E,B,D,G,I,H
A,F,C,E,B,D,H,G,I
A,F,C,E,B,D,H,I,G
A,F,C,E,B,D,I,G,H
A,F,C,E,B,D,I,H,G
A,F,C,E,B,G,D,H,I
A,F,C,E,B,G,D,I,H
A,F,C,E,B,G,H,D,I
A,F,C,E,B,G,H,I,D
A,F,C,E,B,G,I,D,H
A,F,C,E,B,G,I,H,D
A,F,C,E,B,H,D,G,I
A,F,C,E,B,H,D,I,G
A,F,C,E,B,H,G,D,I
A,F,C,E,B,H,G,I,D
A,F,C,E,B,H,I,D,G
A,F,C,E,B,H,I,G,D
A,F,C,E,B,I,D,G,H
A,F,C,E,B,I,D,H,G
A,F,C,E,B,I,G,D,H
A,F,C,E,B,I,G,H,D
A,F,C,E,B,I,H,D,G
A,F,C,E,B,I,H,G,D
A,F,C,E,D,B,G,H,I
A,F,C,E,D,B,G,I,H
A,F,C,E,D,B,H,G,I
A,F,C,E,D,B,H,I,G
A,F,C,E,D,B,I,G,H
A,F,C,E,D,B,I,H,G
A,F,C,E,D,G,B,H,I
A,F,C,E,D,G,B,I,H
A,F,C,E,D,G,H,B,I
A,F,C,E,D,G,H,I,B
A,F,C,E,D,G,I,B,H
A,F,C,E,D,G,I,H,B
A,F,C,E,D,H,B,G,I
A,F,C,E,D,H,B,I,G
A,F,C,E,D,H,G,B,I
A,F,C,E,D,H,G,I,B
A,F,C,E,D,H,I,B,G
A,F,C,E,D,H,I,G,B
A,F,C,E,D,I,B,G,H
A,F,C,E,D,I,B,H,G
A,F,C,E,D,I,G,B,H
A,F,C,E,D,I,G,H,B
A,F,C,E,D,I,H,B,G
A,F,C,E,D,I,H,G,B
A,F,C,E,G,B,D,H,I
A,F,C,E,G,B,D,I,H
A,F,C,E,G,B,H,D,I
A,F,C,E,G,B,H,I,D
A,F,C,E,G,B,I,D,H
A,F,C,E,G,B,I,H,D
A,F,C,E,G,D,B,H,I
A,F,C,E,G,D,B,I,H
A,F,C,E,G,D,H,B,I
A,F,C,E,G,D,H,I,B
A,F,C,E,G,D,I,B,H
A,F,C,E,G,D,I,H,B
A,F,C,E,G,H,B,D,I
A,F,C,E,G,H,B,I,D
A,F,C,E,G,H,D,B,I
A,F,C,E,G,H,D,I,B
A,F,C,E,G,H,I,B,D
A,F,C,E,G,H,I,D,B
A,F,C,E,G,I,B,D,H
A,F,C,E,G,I,B,H,D
A,F,C,E,G,I,D,B,H
A,F,C,E,G,I,D,H,B
A,F,C,E,G,I,H,B,D
A,F,C,E,G,I,H,D,B
A,F,C,E,H,B,D,G,I
A,F,C,E,H,B,D,I,G
A,F,C,E,H,B,G,D,I
A,F,C,E,H,B,G,I,D
A,F,C,E,H,B,I,D,G
A,F,C,E,H,B,I,G,D
A,F,C,E,H,D,B,G,I
A,F,C,E,H,D,B,I,G
A,F,C,E,H,D,G,B,I
A,F,C,E,H,D,G,I,B
A,F,C,E,H,D,I,B,G
A,F,C,E,H,D,I,G,B
A,F,C,E,H,G,B,D,I
A,F,C,E,H,G,B,I,D
A,F,C,E,H,G,D,B,I
A,F,C,E,H,G,D,I,B
A,F,C,E,H,G,I,B,D
A,F,C,E,H,G,I,D,B
A,F,C,E,H,I,B,D,G
A,F,C,E,H,I,B,G,D
A,F,C,E,H,I,D,B,G
A,F,C,E,H,I,D,G,B
A,F,C,E,H,I,G,B,D
A,F,C,E,H,I,G,D,B
A,F,C,E,I,B,D,G,H
A,F,C,E,I,B,D,H,G
A,F,C,E,I,B,G,D,H
A,F,C,E,I,B,G,H,D
A,F,C,E,I,B,H,D,G
A,F,C,E,I,B,H,G,D
A,F,C,E,I,D,B,G,H
A,F,C,E,I,D,B,H,G
A,F,C,E,I,D,G,B,H
A,F,C,E,I,D,G,H,B
A,F,C,E,I,D,H,B,G
A,F,C,E,I,D,H,G,B
A,F,C,E,I,G,B,D,H
A,F,C,E,I,G,B,H,D
A,F,C,E,I,G,D,B,H
A,F,C,E,I,G,D,H,B
A,F,C,E,I,G,H,B,D
A,F,C,E,I,G,H,D,B
A,F,C,E,I,H,B,D,G
A,F,C,E,I,H,B,G,D
A,F,C,E,I,H,D,B,G
A,F,C,E,I,H,D,G,B
A,F,C,E,I,H,G,B,D
A,F,C,E,I,H,G,D,B
A,F,C,G,B,D,E,H,I
A,F,C,G,B,D,E,I,H
A,F,C,G,B,D,H,E,I
A,F,C,G,B,D,H,I,E
A,F,C,G,B,D,I,E,H
A,F,C,G,B,D,I,H,E
A,F,C,G,B,E,D,H,I
A,F,C,G,B,E,D,I,H
A,F,C,G,B,E,H,D,I
A,F,C,G,B,E,H,I,D
A,F,C,G,B,E,I,D,H
A,F,C,G,B,E,I,H,D
A,F,C,G,B,H,D,E,I
A,F,C,G,B,H,D,I,E
A,F,C,G,B,H,E,D,I
A,F,C,G,B,H,E,I,D
A,F,C,G,B,H,I,D,E
A,F,C,G,B,H,I,E,D
A,F,C,G,B,I,D,E,H
A,F,C,G,B,I,D,H,E
A,F,C,G,B,I,E,D,H
A,F,C,G,B,I,E,H,D
A,F,C,G,B,I,H,D,E
A,F,C,G,B,I,H,E,D
A,F,C,G,D,B,E,H,I
A,F,C,G,D,B,E,I,H
A,F,C,G,D,B,H,E,I
A,F,C,G,D,B,H,I,E
A,F,C,G,D,B,I,E,H
A,F,C,G,D,B,I,H,E
A,F,C,G,D,E,B,H,I
A,F,C,G,D,E,B,I,H
A,F,C,G,D,E,H,B,I
A,F,C,G,D,E,H,I,B
A,F,C,G,D,E,I,B,H
A,F,C,G,D,E,I,H,B
A,F,C,G,D,H,B,E,I
A,F,C,G,D,H,B,I,E
A,F,C,G,D,H,E,B,I
A,F,C,G,D,H,E,I,B
A,F,C,G,D,H,I,B,E
A,F,C,G,D,H,I,E,B
A,F,C,G,D,I,B,E,H
A,F,C,G,D,I,B,H,E
A,F,C,G,D,I,E,B,H
A,F,C,G,D,I,E,H,B
A,F,C,G,D,I,H,B,E
A,F,C,G,D,I,H,E,B
A,F,C,G,E,B,D,H,I
A,F,C,G,E,B,D,I,H
A,F,C,G,E,B,H,D,I
A,F,C,G,E,B,H,I,D
A,F,C,G,E,B,I,D,H
A,F,C,G,E,B,I,H,D
A,F,C,G,E,D,B,H,I
A,F,C,G,E,D,B,I,H
A,F,C,G,E,D,H,B,I
A,F,C,G,E,D,H,I,B
A,F,C,G,E,D,I,B,H
A,F,C,G,E,D,I,H,B
A,F,C,G,E,H,B,D,I
A,F,C,G,E,H,B,I,D
A,F,C,G,E,H,D,B,I
A,F,C,G,E,H,D,I,B
A,F,C,G,E,H,I,B,D
A,F,C,G,E,H,I,D,B
A,F,C,G,E,I,B,D,H
A,F,C,G,E,I,B,H,D
A,F,C,G,E,I,D,B,H
A,F,C,G,E,I,D,H,B
A,F,C,G,E,I,H,B,D
A,F,C,G,E,I,H,D,B
A,F,C,G,H,B,D,E,I
A,F,C,G,H,B,D,I,E
A,F,C,G,H,B,E,D,I
A,F,C,G,H,B,E,I,D
A,F,C,G,H,B,I,D,E
A,F,C,G,H,B,I,E,D
A,F,C,G,H,D,B,E,I
A,F,C,G,H,D,B,I,E
A,F,C,G,H,D,E,B,I
A,F,C,G,H,D,E,I,B
A,F,C,G,H,D,I,B,E
A,F,C,G,H,D,I,E,B
A,F,C,G,H,E,B,D,I
A,F,C,G,H,E,B,I,D
A,F,C,G,H,E,D,B,I
A,F,C,G,H,E,D,I,B
A,F,C,G,H,E,I,B,D
A,F,C,G,H,E,I,D,B
A,F,C,G,H,I,B,D,E
A,F,C,G,H,I,B,E,D
A,F,C,G,H,I,D,B,E
A,F,C,G,H,I,D,E,B
A,F,C,G,H,I,E,B,D
A,F,C,G,H,I,E,D,B
A,F,C,G,I,B,D,E,H
A,F,C,G,I,B,D,H,E
A,F,C,G,I,B,E,D,H
A,F,C,G,I,B,E,H,D
A,F,C,G,I,B,H,D,E
A,F,C,G,I,B,H,E,D
A,F,C,G,I,D,B,E,H
A,F,C,G,I,D,B,H,E
A,F,C,G,I,D,E,B,H
A,F,C,G,I,D,E,H,B
A,F,C,G,I,D,H,B,E
A,F,C,G,I,D,H,E,B
A,F,C,G,I,E,B,D,H
A,F,C,G,I,E,B,H,D
A,F,C,G,I,E,D,B,H
A,F,C,G,I,E,D,H,B
A,F,C,G,I,E,H,B,D
A,F,C,G,I,E,H,D,B
A,F,C,G,I,H,B,D,E
A,F,C,G,I,H,B,E,D
A,F,C,G,I,H,D,B,E
A,F,C,G,I,H,D,E,B
A,F,C,G,I,H,E,B,D
A,F,C,G,I,H,E,D,B
A,F,C,H,B,D,E,G,I
A,F,C,H,B,D,E,I,G
A,F,C,H,B,D,G,E,I
A,F,C,H,B,D,G,I,E
A,F,C,H,B,D,I,E,G
A,F,C,H,B,D,I,G,E
A,F,C,H,B,E,D,G,I
A,F,C,H,B,E,D,I,G
A,F,C,H,B,E,G,D,I
A,F,C,H,B,E,G,I,D
A,F,C,H,B,E,I,D,G
A,F,C,H,B,E,I,G,D
A,F,C,H,B,G,D,E,I
A,F,C,H,B,G,D,I,E
A,F,C,H,B,G,E,D,I
A,F,C,H,B,G,E,I,D
A,F,C,H,B,G,I,D,E
A,F,C,H,B,G,I,E,D
A,F,C,H,B,I,D,E,G
A,F,C,H,B,I,D,G,E
A,F,C,H,B,I,E,D,G
A,F,C,H,B,I,E,G,D
A,F,C,H,B,I,G,D,E
A,F,C,H,B,I,G,E,D
A,F,C,H,D,B,E,G,I
A,F,C,H,D,B,E,I,G
A,F,C,H,D,B,G,E,I
A,F,C,H,D,B,G,I,E
A,F,C,H,D,B,I,E,G
A,F,C,H,D,B,I,G,E
A,F,C,H,D,E,B,G,I
A,F,C,H,D,E,B,I,G
A,F,C,H,D,E,G,B,I
A,F,C,H,D,E,G,I,B
A,F,C,H,D,E,I,B,G
A,F,C,H,D,E,I,G,B
A,F,C,H,D,G,B,E,I
A,F,C,H,D,G,B,I,E
A,F,C,H,D,G,E,B,I
A,F,C,H,D,G,E,I,B
A,F,C,H,D,G,I,B,E
A,F,C,H,D,G,I,E,B
A,F,C,H,D,I,B,E,G
A,F,C,H,D,I,B,G,E
A,F,C,H,D,I,E,B,G
A,F,C,H,D,I,E,G,B
A,F,C,H,D,I,G,B,E
A,F,C,H,D,I,G,E,B
A,F,C,H,E,B,D,G,I
A,F,C,H,E,B,D,I,G
A,F,C,H,E,B,G,D,I
A,F,C,H,E,B,G,I,D
A,F,C,H,E,B,I,D,G
A,F,C,H,E,B,I,G,D
A,F,C,H,E,D,B,G,I
A,F,C,H,E,D,B,I,G
A,F,C,H,E,D,G,B,I
A,F,C,H,E,D,G,I,B
A,F,C,H,E,D,I,B,G
A,F,C,H,E,D,I,G,B
A,F,C,H,E,G,B,D,I
A,F,C,H,E,G,B,I,D
A,F,C,H,E,G,D,B,I
A,F,C,H,E,G,D,I,B
A,F,C,H,E,G,I,B,D
A,F,C,H,E,G,I,D,B
A,F,C,H,E,I,B,D,G
A,F,C,H,E,I,B,G,D
A,F,C,H,E,I,D,B,G
A,F,C,H,E,I,D,G,B
A,F,C,H,E,I,G,B,D
A,F,C,H,E,I,G,D,B
A,F,C,H,G,B,D,E,I
A,F,C,H,G,B,D,I,E
A,F,C,H,G,B,E,D,I
A,F,C,H,G,B,E,I,D
A,F,C,H,G,B,I,D,E
A,F,C,H,G,B,I,E,D
A,F,C,H,G,D,B,E,I
A,F,C,H,G,D,B,I,E
A,F,C,H,G,D,E,B,I
A,F,C,H,G,D,E,I,B
A,F,C,H,G,D,I,B,E
A,F,C,H,G,D,I,E,B
A,F,C,H,G,E,B,D,I
A,F,C,H,G,E,B,I,D
A,F,C,H,G,E,D,B,I
A,F,C,H,G,E,D,I,B
A,F,C,H,G,E,I,B,D
A,F,C,H,G,E,I,D,B
A,F,C,H,G,I,B,D,E
A,F,C,H,G,I,B,E,D
A,F,C,H,G,I,D,B,E
A,F,C,H,G,I,D,E,B
A,F,C,H,G,I,E,B,D
A,F,C,H,G,I,E,D,B
A,F,C,H,I,B,D,E,G
A,F,C,H,I,B,D,G,E
A,F,C,H,I,B,E,D,G
A,F,C,H,I,B,E,G,D
A,F,C,H,I,B,G,D,E
A,F,C,H,I,B,G,E,D
A,F,C,H,I,D,B,E,G
A,F,C,H,I,D,B,G,E
A,F,C,H,I,D,E,B,G
A,F,C,H,I,D,E,G,B
A,F,C,H,I,D,G,B,E
A,F,C,H,I,D,G,E,B
A,F,C,H,I,E,B,D,G
A,F,C,H,I,E,B,G,D
A,F,C,H,I,E,D,B,G
A,F,C,H,I,E,D,G,B
A,F,C,H,I,E,G,B,D
A,F,C,H,I,E,G,D,B
A,F,C,H,I,G,B,D,E
A,F,C,H,I,G,B,E,D
A,F,C,H,I,G,D,B,E
A,F,C,H,I,G,D,E,B
A,F,C,H,I,G,E,B,D
A,F,C,H,I,G,E,D,B
A,F,C,I,B,D,E,G,H
A,F,C,I,B,D,E,H,G
A,F,C,I,B,D,G,E,H
A,F,C,I,B,D,G,H,E
A,F,C,I,B,D,H,E,G
A,F,C,I,B,D,H,G,E
A,F,C,I,B,E,D,G,H
A,F,C,I,B,E,D,H,G
A,F,C,I,B,E,G,D,H
A,F,C,I,B,E,G,H,D
A,F,C,I,B,E,H,D,G
A,F,C,I,B,E,H,G,D
A,F,C,I,B,G,D,E,H
A,F,C,I,B,G,D,H,E
A,F,C,I,B,G,E,D,H
A,F,C,I,B,G,E,H,D
A,F,C,I,B,G,H,D,E
A,F,C,I,B,G,H,E,D
A,F,C,I,B,H,D,E,G
A,F,C,I,B,H,D,G,E
A,F,C,I,B,H,E,D,G
A,F,C,I,B,H,E,G,D
A,F,C,I,B,H,G,D,E
A,F,C,I,B,H,G,E,D
A,F,C,I,D,B,E,G,H
A,F,C,I,D,B,E,H,G
A,F,C,I,D,B,G,E,H
A,F,C,I,D,B,G,H,E
A,F,C,I,D,B,H,E,G
A,F,C,I,D,B,H,G,E
A,F,C,I,D,E,B,G,H
A,F,C,I,D,E,B,H,G
A,F,C,I,D,E,G,B,H
A,F,C,I,D,E,G,H,B
A,F,C,I,D,E,H,B,G
A,F,C,I,D,E,H,G,B
A,F,C,I,D,G,B,E,H
A,F,C,I,D,G,B,H,E
A,F,C,I,D,G,E,B,H
A,F,C,I,D,G,E,H,B
A,F,C,I,D,G,H,B,E
A,F,C,I,D,G,H,E,B
A,F,C,I,D,H,B,E,G
A,F,C,I,D,H,B,G,E
A,F,C,I,D,H,E,B,G
A,F,C,I,D,H,E,G,B
A,F,C,I,D,H,G,B,E
A,F,C,I,D,H,G,E,B
A,F,C,I,E,B,D,G,H
A,F,C,I,E,B,D,H,G
A,F,C,I,E,B,G,D,H
A,F,C,I,E,B,G,H,D
A,F,C,I,E,B,H,D,G
A,F,C,I,E,B,H,G,D
A,F,C,I,E,D,B,G,H
A,F,C,I,E,D,B,H,G
A,F,C,I,E,D,G,B,H
A,F,C,I,E,D,G,H,B
A,F,C,I,E,D,H,B,G
A,F,C,I,E,D,H,G,B
A,F,C,I,E,G,B,D,H
A,F,C,I,E,G,B,H,D
A,F,C,I,E,G,D,B,H
A,F,C,I,E,G,D,H,B
A,F,C,I,E,G,H,B,D
A,F,C,I,E,G,H,D,B
A,F,C,I,E,H,B,D,G
A,F,C,I,E,H,B,G,D
A,F,C,I,E,H,D,B,G
A,F,C,I,E,H,D,G,B
A,F,C,I,E,H,G,B,D
A,F,C,I,E,H,G,D,B
A,F,C,I,G,B,D,E,H
A,F,C,I,G,B,D,H,E
A,F,C,I,G,B,E,D,H
A,F,C,I,G,B,E,H,D
A,F,C,I,G,B,H,D,E
A,F,C,I,G,B,H,E,D
A,F,C,I,G,D,B,E,H
A,F,C,I,G,D,B,H,E
A,F,C,I,G,D,E,B,H
A,F,C,I,G,D,E,H,B
A,F,C,I,G,D,H,B,E
A,F,C,I,G,D,H,E,B
A,F,C,I,G,E,B,D,H
A,F,C,I,G,E,B,H,D
A,F,C,I,G,E,D,B,H
A,F,C,I,G,E,D,H,B
A,F,C,I,G,E,H,B,D
A,F,C,I,G,E,H,D,B
A,F,C,I,G,H,B,D,E
A,F,C,I,G,H,B,E,D
A,F,C,I,G,H,D,B,E
A,F,C,I,G,H,D,E,B
A,F,C,I,G,H,E,B,D
A,F,C,I,G,H,E,D,B
A,F,C,I,H,B,D,E,G
A,F,C,I,H,B,D,G,E
A,F,C,I,H,B,E,D,G
A,F,C,I,H,B,E,G,D
A,F,C,I,H,B,G,D,E
A,F,C,I,H,B,G,E,D
A,F,C,I,H,D,B,E,G
A,F,C,I,H,D,B,G,E
A,F,C,I,H,D,E,B,G
A,F,C,I,H,D,E,G,B
A,F,C,I,H,D,G,B,E
A,F,C,I,H,D,G,E,B
A,F,C,I,H,E,B,D,G
A,F,C,I,H,E,B,G,D
A,F,C,I,H,E,D,B,G
A,F,C,I,H,E,D,G,B
A,F,C,I,H,E,G,B,D
A,F,C,I,H,E,G,D,B
A,F,C,I,H,G,B,D,E
A,F,C,I,H,G,B,E,D
A,F,C,I,H,G,D,B,E
A,F,C,I,H,G,D,E,B
A,F,C,I,H,G,E,B,D
A,F,C,I,H,G,E,D,B
A,F,D,B,C,E,G,H,I
A,F,D,B,C,E,G,I,H
A,F,D,B,C,E,H,G,I
A,F,D,B,C,E,H,I,G
A,F,D,B,C,E,I,G,H
A,F,D,B,C,E,I,H,G
A,F,D,B,C,G,E,H,I
A,F,D,B,C,G,E,I,H
A,F,D,B,C,G,H,E,I
A,F,D,B,C,G,H,I,E
A,F,D,B,C,G,I,E,H
A,F,D,B,C,G,I,H,E
A,F,D,B,C,H,E,G,I
A,F,D,B,C,H,E,I,G
A,F,D,B,C,H,G,E,I
A,F,D,B,C,H,G,I,E
A,F,D,B,C,H,I,E,G
A,F,D,B,C,H,I,G,E
A,F,D,B,C,I,E,G,H
A,F,D,B,C,I,E,H,G
A,F,D,B,C,I,G,E,H
A,F,D,B,C,I,G,H,E
A,F,D,B,C,I,H,E,G
A,F,D,B,C,I,H,G,E
A,F,D,B,E,C,G,H,I
A,F,D,B,E,C,G,I,H
A,F,D,B,E,C,H,G,I
A,F,D,B,E,C,H,I,G
A,F,D,B,E,C,I,G,H
A,F,D,B,E,C,I,H,G
A,F,D,B,E,G,C,H,I
A,F,D,B,E,G,C,I,H
A,F,D,B,E,G,H,C,I
A,F,D,B,E,G,H,I,C
A,F,D,B,E,G,I,C,H
A,F,D,B,E,G,I,H,C
A,F,D,B,E,H,C,G,I
A,F,D,B,E,H,C,I,G
A,F,D,B,E,H,G,C,I
A,F,D,B,E,H,G,I,C
A,F,D,B,E,H,I,C,G
A,F,D,B,E,H,I,G,C
A,F,D,B,E,I,C,G,H
A,F,D,B,E,I,C,H,G
A,F,D,B,E,I,G,C,H
A,F,D,B,E,I,G,H,C
A,F,D,B,E,I,H,C,G
A,F,D,B,E,I,H,G,C
A,F,D,B,G,C,E,H,I
A,F,D,B,G,C,E,I,H
A,F,D,B,G,C,H,E,I
A,F,D,B,G,C,H,I,E
A,F,D,B,G,C,I,E,H
A,F,D,B,G,C,I,H,E
A,F,D,B,G,E,C,H,I
A,F,D,B,G,E,C,I,H
A,F,D,B,G,E,H,C,I
A,F,D,B,G,E,H,I,C
A,F,D,B,G,E,I,C,H
A,F,D,B,G,E,I,H,C
A,F,D,B,G,H,C,E,I
A,F,D,B,G,H,C,I,E
A,F,D,B,G,H,E,C,I
A,F,D,B,G,H,E,I,C
A,F,D,B,G,H,I,C,E
A,F,D,B,G,H,I,E,C
A,F,D,B,G,I,C,E,H
A,F,D,B,G,I,C,H,E
A,F,D,B,G,I,E,C,H
A,F,D,B,G,I,E,H,C
A,F,D,B,G,I,H,C,E
A,F,D,B,G,I,H,E,C
A,F,D,B,H,C,E,G,I
A,F,D,B,H,C,E,I,G
A,F,D,B,H,C,G,E,I
A,F,D,B,H,C,G,I,E
A,F,D,B,H,C,I,E,G
A,F,D,B,H,C,I,G,E
A,F,D,B,H,E,C,G,I
A,F,D,B,H,E,C,I,G
A,F,D,B,H,E,G,C,I
A,F,D,B,H,E,G,I,C
A,F,D,B,H,E,I,C,G
A,F,D,B,H,E,I,G,C
A,F,D,B,H,G,C,E,I
A,F,D,B,H,G,C,I,E
A,F,D,B,H,G,E,C,I
A,F,D,B,H,G,E,I,C
A,F,D,B,H,G,I,C,E
A,F,D,B,H,G,I,E,C
A,F,D,B,H,I,C,E,G
A,F,D,B,H,I,C,G,E
A,F,D,B,H,I,E,C,G
A,F,D,B,H,I,E,G,C
A,F,D,B,H,I,G,C,E
A,F,D,B,H,I,G,E,C
A,F,D,B,I,C,E,G,H
A,F,D,B,I,C,E,H,G
A,F,D,B,I,C,G,E,H
A,F,D,B,I,C,G,H,E
A,F,D,B,I,C,H,E,G
A,F,D,B,I,C,H,G,E
A,F,D,B,I,E,C,G,H
A,F,D,B,I,E,C,H,G
A,F,D,B,I,E,G,C,H
A,F,D,B,I,E,G,H,C
A,F,D,B,I,E,H,C,G
A,F,D,B,I,E,H,G,C
A,F,D,B,I,G,C,E,H
A,F,D,B,I,G,C,H,E
A,F,D,B,I,G,E,C,H
A,F,D,B,I,G,E,H,C
A,F,D,B,I,G,H,C,E
A,F,D,B,I,G,H,E,C
A,F,D,B,I,H,C,E,G
A,F,D,B,I,H,C,G,E
A,F,D,B,I,H,E,C,G
A,F,D,B,I,H,E,G,C
A,F,D,B,I,H,G,C,E
A,F,D,B,I,H,G,E,C
A,F,D,C,B,E,G,H,I
A,F,D,C,B,E,G,I,H
A,F,D,C,B,E,H,G,I
A,F,D,C,B,E,H,I,G
A,F,D,C,B,E,I,G,H
A,F,D,C,B,E,I,H,G
A,F,D,C,B,G,E,H,I
A,F,D,C,B,G,E,I,H
A,F,D,C,B,G,H,E,I
A,F,D,C,B,G,H,I,E
A,F,D,C,B,G,I,E,H
A,F,D,C,B,G,I,H,E
A,F,D,C,B,H,E,G,I
A,F,D,C,B,H,E,I,G
A,F,D,C,B,H,G,E,I
A,F,D,C,B,H,G,I,E
A,F,D,C,B,H,I,E,G
A,F,D,C,B,H,I,G,E
A,F,D,C,B,I,E,G,H
A,F,D,C,B,I,E,H,G
A,F,D,C,B,I,G,E,H
A,F,D,C,B,I,G,H,E
A,F,D,C,B,I,H,E,G
A,F,D,C,B,I,H,G,E
A,F,D,C,E,B,G,H,I
A,F,D,C,E,B,G,I,H
A,F,D,C,E,B,H,G,I
A,F,D,C,E,B,H,I,G
A,F,D,C,E,B,I,G,H
A,F,D,C,E,B,I,H,G
A,F,D,C,E,G,B,H,I
A,F,D,C,E,G,B,I,H
A,F,D,C,E,G,H,B,I
A,F,D,C,E,G,H,I,B
A,F,D,C,E,G,I,B,H
A,F,D,C,E,G,I,H,B
A,F,D,C,E,H,B,G,I
A,F,D,C,E,H,B,I,G
A,F,D,C,E,H,G,B,I
A,F,D,C,E,H,G,I,B
A,F,D,C,E,H,I,B,G
A,F,D,C,E,H,I,G,B
A,F,D,C,E,I,B,G,H
A,F,D,C,E,I,B,H,G
A,F,D,C,E,I,G,B,H
A,F,D,C,E,I,G,H,B
A,F,D,C,E,I,H,B,G
A,F,D,C,E,I,H,G,B
A,F,D,C,G,B,E,H,I
A,F,D,C,G,B,E,I,H
A,F,D,C,G,B,H,E,I
A,F,D,C,G,B,H,I,E
A,F,D,C,G,B,I,E,H
A,F,D,C,G,B,I,H,E
A,F,D,C,G,E,B,H,I
A,F,D,C,G,E,B,I,H
A,F,D,C,G,E,H,B,I
A,F,D,C,G,E,H,I,B
A,F,D,C,G,E,I,B,H
A,F,D,C,G,E,I,H,B
A,F,D,C,G,H,B,E,I
A,F,D,C,G,H,B,I,E
A,F,D,C,G,H,E,B,I
A,F,D,C,G,H,E,I,B
A,F,D,C,G,H,I,B,E
A,F,D,C,G,H,I,E,B
A,F,D,C,G,I,B,E,H
A,F,D,C,G,I,B,H,E
A,F,D,C,G,I,E,B,H
A,F,D,C,G,I,E,H,B
A,F,D,C,G,I,H,B,E
A,F,D,C,G,I,H,E,B
A,F,D,C,H,B,E,G,I
A,F,D,C,H,B,E,I,G
A,F,D,C,H,B,G,E,I
A,F,D,C,H,B,G,I,E
A,F,D,C,H,B,I,E,G
A,F,D,C,H,B,I,G,E
A,F,D,C,H,E,B,G,I
A,F,D,C,H,E,B,I,G
A,F,D,C,H,E,G,B,I
A,F,D,C,H,E,G,I,B
A,F,D,C,H,E,I,B,G
A,F,D,C,H,E,I,G,B
A,F,D,C,H,G,B,E,I
A,F,D,C,H,G,B,I,E
A,F,D,C,H,G,E,B,I
A,F,D,C,H,G,E,I,B
A,F,D,C,H,G,I,B,E
A,F,D,C,H,G,I,E,B
A,F,D,C,H,I,B,E,G
A,F,D,C,H,I,B,G,E
A,F,D,C,H,I,E,B,G
A,F,D,C,H,I,E,G,B
A,F,D,C,H,I,G,B,E
A,F,D,C,H,I,G,E,B
A,F,D,C,I,B,E,G,H
A,F,D,C,I,B,E,H,G
A,F,D,C,I,B,G,E,H
A,F,D,C,I,B,G,H,E
A,F,D,C,I,B,H,E,G
A,F,D,C,I,B,H,G,E
A,F,D,C,I,E,B,G,H
A,F,D,C,I,E,B,H,G
A,F,D,C,I,E,G,B,H
A,F,D,C,I,E,G,H,B
A,F,D,C,I,E,H,B,G
A,F,D,C,I,E,H,G,B
A,F,D,C,I,G,B,E,H
A,F,D,C,I,G,B,H,E
A,F,D,C,I,G,E,B,H
A,F,D,C,I,G,E,H,B
A,F,D,C,I,G,H,B,E
A,F,D,C,I,G,H,E,B
A,F,D,C,I,H,B,E,G
A,F,D,C,I,H,B,G,E
A,F,D,C,I,H,E,B,G
A,F,D,C,I,H,E,G,B
A,F,D,C,I,H,G,B,E
A,F,D,C,I,H,G,E,B
A,F,D,E,B,C,G,H,I
A,F,D,E,B,C,G,I,H
A,F,D,E,B,C,H,G,I
A,F,D,E,B,C,H,I,G
A,F,D,E,B,C,I,G,H
A,F,D,E,B,C,I,H,G
A,F,D,E,B,G,C,H,I
A,F,D,E,B,G,C,I,H
A,F,D,E,B,G,H,C,I
A,F,D,E,B,G,H,I,C
A,F,D,E,B,G,I,C,H
A,F,D,E,B,G,I,H,C
A,F,D,E,B,H,C,G,I
A,F,D,E,B,H,C,I,G
A,F,D,E,B,H,G,C,I
A,F,D,E,B,H,G,I,C
A,F,D,E,B,H,I,C,G
A,F,D,E,B,H,I,G,C
A,F,D,E,B,I,C,G,H
A,F,D,E,B,I,C,H,G
A,F,D,E,B,I,G,C,H
A,F,D,E,B,I,G,H,C
A,F,D,E,B,I,H,C,G
A,F,D,E,B,I,H,G,C
A,F,D,E,C,B,G,H,I
A,F,D,E,C,B,G,I,H
A,F,D,E,C,B,H,G,I
A,F,D,E,C,B,H,I,G
A,F,D,E,C,B,I,G,H
A,F,D,E,C,B,I,H,G
A,F,D,E,C,G,B,H,I
A,F,D,E,C,G,B,I,H
A,F,D,E,C,G,H,B,I
A,F,D,E,C,G,H,I,B
A,F,D,E,C,G,I,B,H
A,F,D,E,C,G,I,H,B
A,F,D,E,C,H,B,G,I
A,F,D,E,C,H,B,I,G
A,F,D,E,C,H,G,B,I
A,F,D,E,C,H,G,I,B
A,F,D,E,C,H,I,B,G
A,F,D,E,C,H,I,G,B
A,F,D,E,C,I,B,G,H
A,F,D,E,C,I,B,H,G
A,F,D,E,C,I,G,B,H
A,F,D,E,C,I,G,H,B
A,F,D,E,C,I,H,B,G
A,F,D,E,C,I,H,G,B
A,F,D,E,G,B,C,H,I
A,F,D,E,G,B,C,I,H
A,F,D,E,G,B,H,C,I
A,F,D,E,G,B,H,I,C
A,F,D,E,G,B,I,C,H
A,F,D,E,G,B,I,H,C
A,F,D,E,G,C,B,H,I
A,F,D,E,G,C,B,I,H
A,F,D,E,G,C,H,B,I
A,F,D,E,G,C,H,I,B
A,F,D,E,G,C,I,B,H
A,F,D,E,G,C,I,H,B
A,F,D,E,G,H,B,C,I
A,F,D,E,G,H,B,I,C
A,F,D,E,G,H,C,B,I
A,F,D,E,G,H,C,I,B
A,F,D,E,G,H,I,B,C
A,F,D,E,G,H,I,C,B
A,F,D,E,G,I,B,C,H
A,F,D,E,G,I,B,H,C
A,F,D,E,G,I,C,B,H
A,F,D,E,G,I,C,H,B
A,F,D,E,G,I,H,B,C
A,F,D,E,G,I,H,C,B
A,F,D,E,H,B,C,G,I
A,F,D,E,H,B,C,I,G
A,F,D,E,H,B,G,C,I
A,F,D,E,H,B,G,I,C
A,F,D,E,H,B,I,C,G
A,F,D,E,H,B,I,G,C
A,F,D,E,H,C,B,G,I
A,F,D,E,H,C,B,I,G
A,F,D,E,H,C,G,B,I
A,F,D,E,H,C,G,I,B
A,F,D,E,H,C,I,B,G
A,F,D,E,H,C,I,G,B
A,F,D,E,H,G,B,C,I
A,F,D,E,H,G,B,I,C
A,F,D,E,H,G,C,B,I
A,F,D,E,H,G,C,I,B
A,F,D,E,H,G,I,B,C
A,F,D,E,H,G,I,C,B
A,F,D,E,H,I,B,C,G
A,F,D,E,H,I,B,G,C
A,F,D,E,H,I,C,B,G
A,F,D,E,H,I,C,G,B
A,F,D,E,H,I,G,B,C
A,F,D,E,H,I,G,C,B
A,F,D,E,I,B,C,G,H
A,F,D,E,I,B,C,H,G
A,F,D,E,I,B,G,C,H
A,F,D,E,I,B,G,H,C
A,F,D,E,I,B,H,C,G
A,F,D,E,I,B,H,G,C
A,F,D,E,I,C,B,G,H
A,F,D,E,I,C,B,H,G
A,F,D,E,I,C,G,B,H
A,F,D,E,I,C,G,H,B
A,F,D,E,I,C,H,B,G
A,F,D,E,I,C,H,G,B
A,F,D,E,I,G,B,C,H
A,F,D,E,I,G,B,H,C
A,F,D,E,I,G,C,B,H
A,F,D,E,I,G,C,H,B
A,F,D,E,I,G,H,B,C
A,F,D,E,I,G,H,C,B
A,F,D,E,I,H,B,C,G
A,F,D,E,I,H,B,G,C
A,F,D,E,I,H,C,B,G
A,F,D,E,I,H,C,G,B
A,F,D,E,I,H,G,B,C
A,F,D,E,I,H,G,C,B
A,F,D,G,B,C,E,H,I
A,F,D,G,B,C,E,I,H
A,F,D,G,B,C,H,E,I
A,F,D,G,B,C,H,I,E
A,F,D,G,B,C,I,E,H
A,F,D,G,B,C,I,H,E
A,F,D,G,B,E,C,H,I
A,F,D,G,B,E,C,I,H
A,F,D,G,B,E,H,C,I
A,F,D,G,B,E,H,I,C
A,F,D,G,B,E,I,C,H
A,F,D,G,B,E,I,H,C
A,F,D,G,B,H,C,E,I
A,F,D,G,B,H,C,I,E
A,F,D,G,B,H,E,C,I
A,F,D,G,B,H,E,I,C
A,F,D,G,B,H,I,C,E
A,F,D,G,B,H,I,E,C
A,F,D,G,B,I,C,E,H
A,F,D,G,B,I,C,H,E
A,F,D,G,B,I,E,C,H
A,F,D,G,B,I,E,H,C
A,F,D,G,B,I,H,C,E
A,F,D,G,B,I,H,E,C
A,F,D,G,C,B,E,H,I
A,F,D,G,C,B,E,I,H
A,F,D,G,C,B,H,E,I
A,F,D,G,C,B,H,I,E
A,F,D,G,C,B,I,E,H
A,F,D,G,C,B,I,H,E
A,F,D,G,C,E,B,H,I
A,F,D,G,C,E,B,I,H
A,F,D,G,C,E,H,B,I
A,F,D,G,C,E,H,I,B
A,F,D,G,C,E,I,B,H
A,F,D,G,C,E,I,H,B
A,F,D,G,C,H,B,E,I
A,F,D,G,C,H,B,I,E
A,F,D,G,C,H,E,B,I
A,F,D,G,C,H,E,I,B
A,F,D,G,C,H,I,B,E
A,F,D,G,C,H,I,E,B
A,F,D,G,C,I,B,E,H
A,F,D,G,C,I,B,H,E
A,F,D,G,C,I,E,B,H
A,F,D,G,C,I,E,H,B
A,F,D,G,C,I,H,B,E
A,F,D,G,C,I,H,E,B
A,F,D,G,E,B,C,H,I
A,F,D,G,E,B,C,I,H
A,F,D,G,E,B,H,C,I
A,F,D,G,E,B,H,I,C
A,F,D,G,E,B,I,C,H
A,F,D,G,E,B,I,H,C
A,F,D,G,E,C,B,H,I
A,F,D,G,E,C,B,I,H
A,F,D,G,E,C,H,B,I
A,F,D,G,E,C,H,I,B
A,F,D,G,E,C,I,B,H
A,F,D,G,E,C,I,H,B
A,F,D,G,E,H,B,C,I
A,F,D,G,E,H,B,I,C
A,F,D,G,E,H,C,B,I
A,F,D,G,E,H,C,I,B
A,F,D,G,E,H,I,B,C
A,F,D,G,E,H,I,C,B
A,F,D,G,E,I,B,C,H
A,F,D,G,E,I,B,H,C
A,F,D,G,E,I,C,B,H
A,F,D,G,E,I,C,H,B
A,F,D,G,E,I,H,B,C
A,F,D,G,E,I,H,C,B
A,F,D,G,H,B,C,E,I
A,F,D,G,H,B,C,I,E
A,F,D,G,H,B,E,C,I
A,F,D,G,H,B,E,I,C
A,F,D,G,H,B,I,C,E
A,F,D,G,H,B,I,E,C
A,F,D,G,H,C,B,E,I
A,F,D,G,H,C,B,I,E
A,F,D,G,H,C,E,B,I
A,F,D,G,H,C,E,I,B
A,F,D,G,H,C,I,B,E
A,F,D,G,H,C,I,E,B
A,F,D,G,H,E,B,C,I
A,F,D,G,H,E,B,I,C
A,F,D,G,H,E,C,B,I
A,F,D,G,H,E,C,I,B
A,F,D,G,H,E,I,B,C
A,F,D,G,H,E,I,C,B
A,F,D,G,H,I,B,C,E
A,F,D,G,H,I,B,E,C
A,F,D,G,H,I,C,B,E
A,F,D,G,H,I,C,E,B
A,F,D,G,H,I,E,B,C
A,F,D,G,H,I,E,C,B
A,F,D,G,I,B,C,E,H
A,F,D,G,I,B,C,H,E
A,F,D,G,I,B,E,C,H
A,F,D,G,I,B,E,H,C
A,F,D,G,I,B,H,C,E
A,F,D,G,I,B,H,E,C
A,F,D,G,I,C,B,E,H
A,F,D,G,I,C,B,H,E
A,F,D,G,I,C,E,B,H
A,F,D,G,I,C,E,H,B
A,F,D,G,I,C,H,B,E
A,F,D,G,I,C,H,E,B
A,F,D,G,I,E,B,C,H
A,F,D,G,I,E,B,H,C
A,F,D,G,I,E,C,B,H
A,F,D,G,I,E,C,H,B
A,F,D,G,I,E,H,B,C
A,F,D,G,I,E,H,C,B
A,F,D,G,I,H,B,C,E
A,F,D,G,I,H,B,E,C
A,F,D,G,I,H,C,B,E
A,F,D,G,I,H,C,E,B
A,F,D,G,I,H,E,B,C
A,F,D,G,I,H,E,C,B
A,F,D,H,B,C,E,G,I
A,F,D,H,B,C,E,I,G
A,F,D,H,B,C,G,E,I
A,F,D,H,B,C,G,I,E
A,F,D,H,B,C,I,E,G
A,F,D,H,B,C,I,G,E
A,F,D,H,B,E,C,G,I
A,F,D,H,B,E,C,I,G
A,F,D,H,B,E,G,C,I
A,F,D,H,B,E,G,I,C
A,F,D,H,B,E,I,C,G
A,F,D,H,B,E,I,G,C
A,F,D,H,B,G,C,E,I
A,F,D,H,B,G,C,I,E
A,F,D,H,B,G,E,C,I
A,F,D,H,B,G,E,I,C
A,F,D,H,B,G,I,C,E
A,F,D,H,B,G,I,E,C
A,F,D,H,B,I,C,E,G
A,F,D,H,B,I,C,G,E
A,F,D,H,B,I,E,C,G
A,F,D,H,B,I,E,G,C
A,F,D,H,B,I,G,C,E
A,F,D,H,B,I,G,E,C
A,F,D,H,C,B,E,G,I
A,F,D,H,C,B,E,I,G
A,F,D,H,C,B,G,E,I
A,F,D,H,C,B,G,I,E
A,F,D,H,C,B,I,E,G
A,F,D,H,C,B,I,G,E
A,F,D,H,C,E,B,G,I
A,F,D,H,C,E,B,I,G
A,F,D,H,C,E,G,B,I
A,F,D,H,C,E,G,I,B
A,F,D,H,C,E,I,B,G
A,F,D,H,C,E,I,G,B
A,F,D,H,C,G,B,E,I
A,F,D,H,C,G,B,I,E
A,F,D,H,C,G,E,B,I
A,F,D,H,C,G,E,I,B
A,F,D,H,C,G,I,B,E
A,F,D,H,C,G,I,E,B
A,F,D,H,C,I,B,E,G
A,F,D,H,C,I,B,G,E
A,F,D,H,C,I,E,B,G
A,F,D,H,C,I,E,G,B
A,F,D,H,C,I,G,B,E
A,F,D,H,C,I,G,E,B
A,F,D,H,E,B,C,G,I
A,F,D,H,E,B,C,I,G
A,F,D,H,E,B,G,C,I
A,F,D,H,E,B,G,I,C
A,F,D,H,E,B,I,C,G
A,F,D,H,E,B,I,G,C
A,F,D,H,E,C,B,G,I
A,F,D,H,E,C,B,I,G
A,F,D,H,E,C,G,B,I
A,F,D,H,E,C,G,I,B
A,F,D,H,E,C,I,B,G
A,F,D,H,E,C,I,G,B
A,F,D,H,E,G,B,C,I
A,F,D,H,E,G,B,I,C
A,F,D,H,E,G,C,B,I
A,F,D,H,E,G,C,I,B
A,F,D,H,E,G,I,B,C
A,F,D,H,E,G,I,C,B
A,F,D,H,E,I,B,C,G
A,F,D,H,E,I,B,G,C
A,F,D,H,E,I,C,B,G
A,F,D,H,E,I,C,G,B
A,F,D,H,E,I,G,B,C
A,F,D,H,E,I,G,C,B
A,F,D,H,G,B,C,E,I
A,F,D,H,G,B,C,I,E
A,F,D,H,G,B,E,C,I
A,F,D,H,G,B,E,I,C
A,F,D,H,G,B,I,C,E
A,F,D,H,G,B,I,E,C
A,F,D,H,G,C,B,E,I
A,F,D,H,G,C,B,I,E
A,F,D,H,G,C,E,B,I
A,F,D,H,G,C,E,I,B
A,F,D,H,G,C,I,B,E
A,F,D,H,G,C,I,E,B
A,F,D,H,G,E,B,C,I
A,F,D,H,G,E,B,I,C
A,F,D,H,G,E,C,B,I
A,F,D,H,G,E,C,I,B
A,F,D,H,G,E,I,B,C
A,F,D,H,G,E,I,C,B
A,F,D,H,G,I,B,C,E
A,F,D,H,G,I,B,E,C
A,F,D,H,G,I,C,B,E
A,F,D,H,G,I,C,E,B
A,F,D,H,G,I,E,B,C
A,F,D,H,G,I,E,C,B
A,F,D,H,I,B,C,E,G
A,F,D,H,I,B,C,G,E
A,F,D,H,I,B,E,C,G
A,F,D,H,I,B,E,G,C
A,F,D,H,I,B,G,C,E
A,F,D,H,I,B,G,E,C
A,F,D,H,I,C,B,E,G
A,F,D,H,I,C,B,G,E
A,F,D,H,I,C,E,B,G
A,F,D,H,I,C,E,G,B
A,F,D,H,I,C,G,B,E
A,F,D,H,I,C,G,E,B
A,F,D,H,I,E,B,C,G
A,F,D,H,I,E,B,G,C
A,F,D,H,I,E,C,B,G
A,F,D,H,I,E,C,G,B
A,F,D,H,I,E,G,B,C
A,F,D,H,I,E,G,C,B
A,F,D,H,I,G,B,C,E
A,F,D,H,I,G,B,E,C
A,F,D,H,I,G,C,B,E
A,F,D,H,I,G,C,E,B
A,F,D,H,I,G,E,B,C
A,F,D,H,I,G,E,C,B
A,F,D,I,B,C,E,G,H
A,F,D,I,B,C,E,H,G
A,F,D,I,B,C,G,E,H
A,F,D,I,B,C,G,H,E
A,F,D,I,B,C,H,E,G
A,F,D,I,B,C,H,G,E
A,F,D,I,B,E,C,G,H
A,F,D,I,B,E,C,H,G
A,F,D,I,B,E,G,C,H
A,F,D,I,B,E,G,H,C
A,F,D,I,B,E,H,C,G
A,F,D,I,B,E,H,G,C
A,F,D,I,B,G,C,E,H
A,F,D,I,B,G,C,H,E
A,F,D,I,B,G,E,C,H
A,F,D,I,B,G,E,H,C
A,F,D,I,B,G,H,C,E
A,F,D,I,B,G,H,E,C
A,F,D,I,B,H,C,E,G
A,F,D,I,B,H,C,G,E
A,F,D,I,B,H,E,C,G
A,F,D,I,B,H,E,G,C
A,F,D,I,B,H,G,C,E
A,F,D,I,B,H,G,E,C
A,F,D,I,C,B,E,G,H
A,F,D,I,C,B,E,H,G
A,F,D,I,C,B,G,E,H
A,F,D,I,C,B,G,H,E
A,F,D,I,C,B,H,E,G
A,F,D,I,C,B,H,G,E
A,F,D,I,C,E,B,G,H
A,F,D,I,C,E,B,H,G
A,F,D,I,C,E,G,B,H
A,F,D,I,C,E,G,H,B
A,F,D,I,C,E,H,B,G
A,F,D,I,C,E,H,G,B
A,F,D,I,C,G,B,E,H
A,F,D,I,C,G,B,H,E
A,F,D,I,C,G,E,B,H
A,F,D,I,C,G,E,H,B
A,F,D,I,C,G,H,B,E
A,F,D,I,C,G,H,E,B
A,F,D,I,C,H,B,E,G
A,F,D,I,C,H,B,G,E
A,F,D,I,C,H,E,B,G
A,F,D,I,C,H,E,G,B
A,F,D,I,C,H,G,B,E
A,F,D,I,C,H,G,E,B
A,F,D,I,E,B,C,G,H
A,F,D,I,E,B,C,H,G
A,F,D,I,E,B,G,C,H
A,F,D,I,E,B,G,H,C
A,F,D,I,E,B,H,C,G
A,F,D,I,E,B,H,G,C
A,F,D,I,E,C,B,G,H
A,F,D,I,E,C,B,H,G
A,F,D,I,E,C,G,B,H
A,F,D,I,E,C,G,H,B
A,F,D,I,E,C,H,B,G
A,F,D,I,E,C,H,G,B
A,F,D,I,E,G,B,C,H
A,F,D,I,E,G,B,H,C
A,F,D,I,E,G,C,B,H
A,F,D,I,E,G,C,H,B
A,F,D,I,E,G,H,B,C
A,F,D,I,E,G,H,C,B
A,F,D,I,E,H,B,C,G
A,F,D,I,E,H,B,G,C
A,F,D,I,E,H,C,B,G
A,F,D,I,E,H,C,G,B
A,F,D,I,E,H,G,B,C
A,F,D,I,E,H,G,C,B
A,F,D,I,G,B,C,E,H
A,F,D,I,G,B,C,H,E
A,F,D,I,G,B,E,C,H
A,F,D,I,G,B,E,H,C
A,F,D,I,G,B,H,C,E
A,F,D,I,G,B,H,E,C
A,F,D,I,G,C,B,E,H
A,F,D,I,G,C,B,H,E
A,F,D,I,G,C,E,B,H
A,F,D,I,G,C,E,H,B
A,F,D,I,G,C,H,B,E
A,F,D,I,G,C,H,E,B
A,F,D,I,G,E,B,C,H
A,F,D,I,G,E,B,H,C
A,F,D,I,G,E,C,B,H
A,F,D,I,G,E,C,H,B
A,F,D,I,G,E,H,B,C
A,F,D,I,G,E,H,C,B
A,F,D,I,G,H,B,C,E
A,F,D,I,G,H,B,E,C
A,F,D,I,G,H,C,B,E
A,F,D,I,G,H,C,E,B
A,F,D,I,G,H,E,B,C
A,F,D,I,G,H,E,C,B
A,F,D,I,H,B,C,E,G
A,F,D,I,H,B,C,G,E
A,F,D,I,H,B,E,C,G
A,F,D,I,H,B,E,G,C
A,F,D,I,H,B,G,C,E
A,F,D,I,H,B,G,E,C
A,F,D,I,H,C,B,E,G
A,F,D,I,H,C,B,G,E
A,F,D,I,H,C,E,B,G
A,F,D,I,H,C,E,G,B
A,F,D,I,H,C,G,B,E
A,F,D,I,H,C,G,E,B
A,F,D,I,H,E,B,C,G
A,F,D,I,H,E,B,G,C
A,F,D,I,H,E,C,B,G
A,F,D,I,H,E,C,G,B
A,F,D,I,H,E,G,B,C
A,F,D,I,H,E,G,C,B
A,F,D,I,H,G,B,C,E
A,F,D,I,H,G,B,E,C
A,F,D,I,H,G,C,B,E
A,F,D,I,H,G,C,E,B
A,F,D,I,H,G,E,B,C
A,F,D,I,H,G,E,C,B
A,F,E,B,C,D,G,H,I
A,F,E,B,C,D,G,I,H
A,F,E,B,C,D,H,G,I
A,F,E,B,C,D,H,I,G
A,F,E,B,C,D,I,G,H
A,F,E,B,C,D,I,H,G
A,F,E,B,C,G,D,H,I
A,F,E,B,C,G,D,I,H
A,F,E,B,C,G,H,D,I
A,F,E,B,C,G,H,I,D
A,F,E,B,C,G,I,D,H
A,F,E,B,C,G,I,H,D
A,F,E,B,C,H,D,G,I
A,F,E,B,C,H,D,I,G
A,F,E,B,C,H,G,D,I
A,F,E,B,C,H,G,I,D
A,F,E,B,C,H,I,D,G
A,F,E,B,C,H,I,G,D
A,F,E,B,C,I,D,G,H
A,F,E,B,C,I,D,H,G
A,F,E,B,C,I,G,D,H
A,F,E,B,C,I,G,H,D
A,F,E,B,C,I,H,D,G
A,F,E,B,C,I,H,G,D
A,F,E,B,D,C,G,H,I
A,F,E,B,D,C,G,I,H
A,F,E,B,D,C,H,G,I
A,F,E,B,D,C,H,I,G
A,F,E,B,D,C,I,G,H
A,F,E,B,D,C,I,H,G
A,F,E,B,D,G,C,H,I
A,F,E,B,D,G,C,I,H
A,F,E,B,D,G,H,C,I
A,F,E,B,D,G,H,I,C
A,F,E,B,D,G,I,C,H
A,F,E,B,D,G,I,H,C
A,F,E,B,D,H,C,G,I
A,F,E,B,D,H,C,I,G
A,F,E,B,D,H,G,C,I
A,F,E,B,D,H,G,I,C
A,F,E,B,D,H,I,C,G
A,F,E,B,D,H,I,G,C
A,F,E,B,D,I,C,G,H
A,F,E,B,D,I,C,H,G
A,F,E,B,D,I,G,C,H
A,F,E,B,D,I,G,H,C
A,F,E,B,D,I,H,C,G
A,F,E,B,D,I,H,G,C
A,F,E,B,G,C,D,H,I
A,F,E,B,G,C,D,I,H
A,F,E,B,G,C,H,D,I
A,F,E,B,G,C,H,I,D
A,F,E,B,G,C,I,D,H
A,F,E,B,G,C,I,H,D
A,F,E,B,G,D,C,H,I
A,F,E,B,G,D,C,I,H
A,F,E,B,G,D,H,C,I
A,F,E,B,G,D,H,I,C
A,F,E,B,G,D,I,C,H
A,F,E,B,G,D,I,H,C
A,F,E,B,G,H,C,D,I
A,F,E,B,G,H,C,I,D
A,F,E,B,G,H,D,C,I
A,F,E,B,G,H,D,I,C
A,F,E,B,G,H,I,C,D
A,F,E,B,G,H,I,D,C
A,F,E,B,G,I,C,D,H
A,F,E,B,G,I,C,H,D
A,F,E,B,G,I,D,C,H
A,F,E,B,G,I,D,H,C
A,F,E,B,G,I,H,C,D
A,F,E,B,G,I,H,D,C
A,F,E,B,H,C,D,G,I
A,F,E,B,H,C,D,I,G
A,F,E,B,H,C,G,D,I
A,F,E,B,H,C,G,I,D
A,F,E,B,H,C,I,D,G
A,F,E,B,H,C,I,G,D
A,F,E,B,H,D,C,G,I
A,F,E,B,H,D,C,I,G
A,F,E,B,H,D,G,C,I
A,F,E,B,H,D,G,I,C
A,F,E,B,H,D,I,C,G
A,F,E,B,H,D,I,G,C
A,F,E,B,H,G,C,D,I
A,F,E,B,H,G,C,I,D
A,F,E,B,H,G,D,C,I
A,F,E,B,H,G,D,I,C
A,F,E,B,H,G,I,C,D
A,F,E,B,H,G,I,D,C
A,F,E,B,H,I,C,D,G
A,F,E,B,H,I,C,G,D
A,F,E,B,H,I,D,C,G
A,F,E,B,H,I,D,G,C
A,F,E,B,H,I,G,C,D
A,F,E,B,H,I,G,D,C
A,F,E,B,I,C,D,G,H
A,F,E,B,I,C,D,H,G
A,F,E,B,I,C,G,D,H
A,F,E,B,I,C,G,H,D
A,F,E,B,I,C,H,D,G
A,F,E,B,I,C,H,G,D
A,F,E,B,I,D,C,G,H
A,F,E,B,I,D,C,H,G
A,F,E,B,I,D,G,C,H
A,F,E,B,I,D,G,H,C
A,F,E,B,I,D,H,C,G
A,F,E,B,I,D,H,G,C
A,F,E,B,I,G,C,D,H
A,F,E,B,I,G,C,H,D
A,F,E,B,I,G,D,C,H
A,F,E,B,I,G,D,H,C
A,F,E,B,I,G,H,C,D
A,F,E,B,I,G,H,D,C
A,F,E,B,I,H,C,D,G
A,F,E,B,I,H,C,G,D
A,F,E,B,I,H,D,C,G
A,F,E,B,I,H,D,G,C
A,F,E,B,I,H,G,C,D
A,F,E,B,I,H,G,D,C
A,F,E,C,B,D,G,H,I
A,F,E,C,B,D,G,I,H
A,F,E,C,B,D,H,G,I
A,F,E,C,B,D,H,I,G
A,F,E,C,B,D,I,G,H
A,F,E,C,B,D,I,H,G
A,F,E,C,B,G,D,H,I
A,F,E,C,B,G,D,I,H
A,F,E,C,B,G,H,D,I
A,F,E,C,B,G,H,I,D
A,F,E,C,B,G,I,D,H
A,F,E,C,B,G,I,H,D
A,F,E,C,B,H,D,G,I
A,F,E,C,B,H,D,I,G
A,F,E,C,B,H,G,D,I
A,F,E,C,B,H,G,I,D
A,F,E,C,B,H,I,D,G
A,F,E,C,B,H,I,G,D
A,F,E,C,B,I,D,G,H
A,F,E,C,B,I,D,H,G
A,F,E,C,B,I,G,D,H
A,F,E,C,B,I,G,H,D
A,F,E,C,B,I,H,D,G
A,F,E,C,B,I,H,G,D
A,F,E,C,D,B,G,H,I
A,F,E,C,D,B,G,I,H
A,F,E,C,D,B,H,G,I
A,F,E,C,D,B,H,I,G
A,F,E,C,D,B,I,G,H
A,F,E,C,D,B,I,H,G
A,F,E,C,D,G,B,H,I
A,F,E,C,D,G,B,I,H
A,F,E,C,D,G,H,B,I
A,F,E,C,D,G,H,I,B
A,F,E,C,D,G,I,B,H
A,F,E,C,D,G,I,H,B
A,F,E,C,D,H,B,G,I
A,F,E,C,D,H,B,I,G
A,F,E,C,D,H,G,B,I
A,F,E,C,D,H,G,I,B
A,F,E,C,D,H,I,B,G
A,F,E,C,D,H,I,G,B
A,F,E,C,D,I,B,G,H
A,F,E,C,D,I,B,H,G
A,F,E,C,D,I,G,B,H
A,F,E,C,D,I,G,H,B
A,F,E,C,D,I,H,B,G
A,F,E,C,D,I,H,G,B
A,F,E,C,G,B,D,H,I
A,F,E,C,G,B,D,I,H
A,F,E,C,G,B,H,D,I
A,F,E,C,G,B,H,I,D
A,F,E,C,G,B,I,D,H
A,F,E,C,G,B,I,H,D
A,F,E,C,G,D,B,H,I
A,F,E,C,G,D,B,I,H
A,F,E,C,G,D,H,B,I
A,F,E,C,G,D,H,I,B
A,F,E,C,G,D,I,B,H
A,F,E,C,G,D,I,H,B
A,F,E,C,G,H,B,D,I
A,F,E,C,G,H,B,I,D
A,F,E,C,G,H,D,B,I
A,F,E,C,G,H,D,I,B
A,F,E,C,G,H,I,B,D
A,F,E,C,G,H,I,D,B
A,F,E,C,G,I,B,D,H
A,F,E,C,G,I,B,H,D
A,F,E,C,G,I,D,B,H
A,F,E,C,G,I,D,H,B
A,F,E,C,G,I,H,B,D
A,F,E,C,G,I,H,D,B
A,F,E,C,H,B,D,G,I
A,F,E,C,H,B,D,I,G
A,F,E,C,H,B,G,D,I
A,F,E,C,H,B,G,I,D
A,F,E,C,H,B,I,D,G
A,F,E,C,H,B,I,G,D
A,F,E,C,H,D,B,G,I
A,F,E,C,H,D,B,I,G
A,F,E,C,H,D,G,B,I
A,F,E,C,H,D,G,I,B
A,F,E,C,H,D,I,B,G
A,F,E,C,H,D,I,G,B
A,F,E,C,H,G,B,D,I
A,F,E,C,H,G,B,I,D
A,F,E,C,H,G,D,B,I
A,F,E,C,H,G,D,I,B
A,F,E,C,H,G,I,B,D
A,F,E,C,H,G,I,D,B
A,F,E,C,H,I,B,D,G
A,F,E,C,H,I,B,G,D
A,F,E,C,H,I,D,B,G
A,F,E,C,H,I,D,G,B
A,F,E,C,H,I,G,B,D
A,F,E,C,H,I,G,D,B
A,F,E,C,I,B,D,G,H
A,F,E,C,I,B,D,H,G
A,F,E,C,I,B,G,D,H
A,F,E,C,I,B,G,H,D
A,F,E,C,I,B,H,D,G
A,F,E,C,I,B,H,G,D
A,F,E,C,I,D,B,G,H
A,F,E,C,I,D,B,H,G
A,F,E,C,I,D,G,B,H
A,F,E,C,I,D,G,H,B
A,F,E,C,I,D,H,B,G
A,F,E,C,I,D,H,G,B
A,F,E,C,I,G,B,D,H
A,F,E,C,I,G,B,H,D
A,F,E,C,I,G,D,B,H
A,F,E,C,I,G,D,H,B
A,F,E,C,I,G,H,B,D
A,F,E,C,I,G,H,D,B
A,F,E,C,I,H,B,D,G
A,F,E,C,I,H,B,G,D
A,F,E,C,I,H,D,B,G
A,F,E,C,I,H,D,G,B
A,F,E,C,I,H,G,B,D
A,F,E,C,I,H,G,D,B
A,F,E,D,B,C,G,H,I
A,F,E,D,B,C,G,I,H
A,F,E,D,B,C,H,G,I
A,F,E,D,B,C,H,I,G
A,F,E,D,B,C,I,G,H
A,F,E,D,B,C,I,H,G
A,F,E,D,B,G,C,H,I
A,F,E,D,B,G,C,I,H
A,F,E,D,B,G,H,C,I
A,F,E,D,B,G,H,I,C
A,F,E,D,B,G,I,C,H
A,F,E,D,B,G,I,H,C
A,F,E,D,B,H,C,G,I
A,F,E,D,B,H,C,I,G
A,F,E,D,B,H,G,C,I
A,F,E,D,B,H,G,I,C
A,F,E,D,B,H,I,C,G
A,F,E,D,B,H,I,G,C
A,F,E,D,B,I,C,G,H
A,F,E,D,B,I,C,H,G
A,F,E,D,B,I,G,C,H
A,F,E,D,B,I,G,H,C
A,F,E,D,B,I,H,C,G
A,F,E,D,B,I,H,G,C
A,F,E,D,C,B,G,H,I
A,F,E,D,C,B,G,I,H
A,F,E,D,C,B,H,G,I
A,F,E,D,C,B,H,I,G
A,F,E,D,C,B,I,G,H
A,F,E,D,C,B,I,H,G
A,F,E,D,C,G,B,H,I
A,F,E,D,C,G,B,I,H
A,F,E,D,C,G,H,B,I
A,F,E,D,C,G,H,I,B
A,F,E,D,C,G,I,B,H
A,F,E,D,C,G,I,H,B
A,F,E,D,C,H,B,G,I
A,F,E,D,C,H,B,I,G
A,F,E,D,C,H,G,B,I
A,F,E,D,C,H,G,I,B
A,F,E,D,C,H,I,B,G
A,F,E,D,C,H,I,G,B
A,F,E,D,C,I,B,G,H
A,F,E,D,C,I,B,H,G
A,F,E,D,C,I,G,B,H
A,F,E,D,C,I,G,H,B
A,F,E,D,C,I,H,B,G
A,F,E,D,C,I,H,G,B
A,F,E,D,G,B,C,H,I
A,F,E,D,G,B,C,I,H
A,F,E,D,G,B,H,C,I
A,F,E,D,G,B,H,I,C
A,F,E,D,G,B,I,C,H
A,F,E,D,G,B,I,H,C
A,F,E,D,G,C,B,H,I
A,F,E,D,G,C,B,I,H
A,F,E,D,G,C,H,B,I
A,F,E,D,G,C,H,I,B
A,F,E,D,G,C,I,B,H
A,F,E,D,G,C,I,H,B
A,F,E,D,G,H,B,C,I
A,F,E,D,G,H,B,I,C
A,F,E,D,G,H,C,B,I
A,F,E,D,G,H,C,I,B
A,F,E,D,G,H,I,B,C
A,F,E,D,G,H,I,C,B
A,F,E,D,G,I,B,C,H
A,F,E,D,G,I,B,H,C
A,F,E,D,G,I,C,B,H
A,F,E,D,G,I,C,H,B
A,F,E,D,G,I,H,B,C
A,F,E,D,G,I,H,C,B
A,F,E,D,H,B,C,G,I
A,F,E,D,H,B,C,I,G
A,F,E,D,H,B,G,C,I
A,F,E,D,H,B,G,I,C
A,F,E,D,H,B,I,C,G
A,F,E,D,H,B,I,G,C
A,F,E,D,H,C,B,G,I
A,F,E,D,H,C,B,I,G
A,F,E,D,H,C,G,B,I
A,F,E,D,H,C,G,I,B
A,F,E,D,H,C,I,B,G
A,F,E,D,H,C,I,G,B
A,F,E,D,H,G,B,C,I
A,F,E,D,H,G,B,I,C
A,F,E,D,H,G,C,B,I
A,F,E,D,H,G,C,I,B
A,F,E,D,H,G,I,B,C
A,F,E,D,H,G,I,C,B
A,F,E,D,H,I,B,C,G
A,F,E,D,H,I,B,G,C
A,F,E,D,H,I,C,B,G
A,F,E,D,H,I,C,G,B
A,F,E,D,H,I,G,B,C
A,F,E,D,H,I,G,C,B
A,F,E,D,I,B,C,G,H
A,F,E,D,I,B,C,H,G
A,F,E,D,I,B,G,C,H
A,F,E,D,I,B,G,H,C
A,F,E,D,I,B,H,C,G
A,F,E,D,I,B,H,G,C
A,F,E,D,I,C,B,G,H
A,F,E,D,I,C,B,H,G
A,F,E,D,I,C,G,B,H
A,F,E,D,I,C,G,H,B
A,F,E,D,I,C,H,B,G
A,F,E,D,I,C,H,G,B
A,F,E,D,I,G,B,C,H
A,F,E,D,I,G,B,H,C
A,F,E,D,I,G,C,B,H
A,F,E,D,I,G,C,H,B
A,F,E,D,I,G,H,B,C
A,F,E,D,I,G,H,C,B
A,F,E,D,I,H,B,C,G
A,F,E,D,I,H,B,G,C
A,F,E,D,I,H,C,B,G
A,F,E,D,I,H,C,G,B
A,F,E,D,I,H,G,B,C
A,F,E,D,I,H,G,C,B
A,F,E,G,B,C,D,H,I
A,F,E,G,B,C,D,I,H
A,F,E,G,B,C,H,D,I
A,F,E,G,B,C,H,I,D
A,F,E,G,B,C,I,D,H
A,F,E,G,B,C,I,H,D
A,F,E,G,B,D,C,H,I
A,F,E,G,B,D,C,I,H
A,F,E,G,B,D,H,C,I
A,F,E,G,B,D,H,I,C
A,F,E,G,B,D,I,C,H
A,F,E,G,B,D,I,H,C
A,F,E,G,B,H,C,D,I
A,F,E,G,B,H,C,I,D
A,F,E,G,B,H,D,C,I
A,F,E,G,B,H,D,I,C
A,F,E,G,B,H,I,C,D
A,F,E,G,B,H,I,D,C
A,F,E,G,B,I,C,D,H
A,F,E,G,B,I,C,H,D
A,F,E,G,B,I,D,C,H
A,F,E,G,B,I,D,H,C
A,F,E,G,B,I,H,C,D
A,F,E,G,B,I,H,D,C
A,F,E,G,C,B,D,H,I
A,F,E,G,C,B,D,I,H
A,F,E,G,C,B,H,D,I
A,F,E,G,C,B,H,I,D
A,F,E,G,C,B,I,D,H
A,F,E,G,C,B,I,H,D
A,F,E,G,C,D,B,H,I
A,F,E,G,C,D,B,I,H
A,F,E,G,C,D,H,B,I
A,F,E,G,C,D,H,I,B
A,F,E,G,C,D,I,B,H
A,F,E,G,C,D,I,H,B
A,F,E,G,C,H,B,D,I
A,F,E,G,C,H,B,I,D
A,F,E,G,C,H,D,B,I
A,F,E,G,C,H,D,I,B
A,F,E,G,C,H,I,B,D
A,F,E,G,C,H,I,D,B
A,F,E,G,C,I,B,D,H
A,F,E,G,C,I,B,H,D
A,F,E,G,C,I,D,B,H
A,F,E,G,C,I,D,H,B
A,F,E,G,C,I,H,B,D
A,F,E,G,C,I,H,D,B
A,F,E,G,D,B,C,H,I
A,F,E,G,D,B,C,I,H
A,F,E,G,D,B,H,C,I
A,F,E,G,D,B,H,I,C
A,F,E,G,D,B,I,C,H
A,F,E,G,D,B,I,H,C
A,F,E,G,D,C,B,H,I
A,F,E,G,D,C,B,I,H
A,F,E,G,D,C,H,B,I
A,F,E,G,D,C,H,I,B
A,F,E,G,D,C,I,B,H
A,F,E,G,D,C,I,H,B
A,F,E,G,D,H,B,C,I
A,F,E,G,D,H,B,I,C
A,F,E,G,D,H,C,B,I
A,F,E,G,D,H,C,I,B
A,F,E,G,D,H,I,B,C
A,F,E,G,D,H,I,C,B
A,F,E,G,D,I,B,C,H
A,F,E,G,D,I,B,H,C
A,F,E,G,D,I,C,B,H
A,F,E,G,D,I,C,H,B
A,F,E,G,D,I,H,B,C
A,F,E,G,D,I,H,C,B
A,F,E,G,H,B,C,D,I
A,F,E,G,H,B,C,I,D
A,F,E,G,H,B,D,C,I
A,F,E,G,H,B,D,I,C
A,F,E,G,H,B,I,C,D
A,F,E,G,H,B,I,D,C
A,F,E,G,H,C,B,D,I
A,F,E,G,H,C,B,I,D
A,F,E,G,H,C,D,B,I
A,F,E,G,H,C,D,I,B
A,F,E,G,H,C,I,B,D
A,F,E,G,H,C,I,D,B
A,F,E,G,H,D,B,C,I
A,F,E,G,H,D,B,I,C
A,F,E,G,H,D,C,B,I
A,F,E,G,H,D,C,I,B
A,F,E,G,H,D,I,B,C
A,F,E,G,H,D,I,C,B
A,F,E,G,H,I,B,C,D
A,F,E,G,H,I,B,D,C
A,F,E,G,H,I,C,B,D
A,F,E,G,H,I,C,D,B
A,F,E,G,H,I,D,B,C
A,F,E,G,H,I,D,C,B
A,F,E,G,I,B,C,D,H
A,F,E,G,I,B,C,H,D
A,F,E,G,I,B,D,C,H
A,F,E,G,I,B,D,H,C
A,F,E,G,I,B,H,C,D
A,F,E,G,I,B,H,D,C
A,F,E,G,I,C,B,D,H
A,F,E,G,I,C,B,H,D
A,F,E,G,I,C,D,B,H
A,F,E,G,I,C,D,H,B
A,F,E,G,I,C,H,B,D
A,F,E,G,I,C,H,D,B
A,F,E,G,I,D,B,C,H
A,F,E,G,I,D,B,H,C
A,F,E,G,I,D,C,B,H
A,F,E,G,I,D,C,H,B
A,F,E,G,I,D,H,B,C
A,F,E,G,I,D,H,C,B
A,F,E,G,I,H,B,C,D
A,F,E,G,I,H,B,D,C
A,F,E,G,I,H,C,B,D
A,F,E,G,I,H,C,D,B
A,F,E,G,I,H,D,B,C
A,F,E,G,I,H,D,C,B
A,F,E,H,B,C,D,G,I
A,F,E,H,B,C,D,I,G
A,F,E,H,B,C,G,D,I
A,F,E,H,B,C,G,I,D
A,F,E,H,B,C,I,D,G
A,F,E,H,B,C,I,G,D
A,F,E,H,B,D,C,G,I
A,F,E,H,B,D,C,I,G
A,F,E,H,B,D,G,C,I
A,F,E,H,B,D,G,I,C
A,F,E,H,B,D,I,C,G
A,F,E,H,B,D,I,G,C
A,F,E,H,B,G,C,D,I
A,F,E,H,B,G,C,I,D
A,F,E,H,B,G,D,C,I
A,F,E,H,B,G,D,I,C
A,F,E,H,B,G,I,C,D
A,F,E,H,B,G,I,D,C
A,F,E,H,B,I,C,D,G
A,F,E,H,B,I,C,G,D
A,F,E,H,B,I,D,C,G
A,F,E,H,B,I,D,G,C
A,F,E,H,B,I,G,C,D
A,F,E,H,B,I,G,D,C
A,F,E,H,C,B,D,G,I
A,F,E,H,C,B,D,I,G
A,F,E,H,C,B,G,D,I
A,F,E,H,C,B,G,I,D
A,F,E,H,C,B,I,D,G
A,F,E,H,C,B,I,G,D
A,F,E,H,C,D,B,G,I
A,F,E,H,C,D,B,I,G
A,F,E,H,C,D,G,B,I
A,F,E,H,C,D,G,I,B
A,F,E,H,C,D,I,B,G
A,F,E,H,C,D,I,G,B
A,F,E,H,C,G,B,D,I
A,F,E,H,C,G,B,I,D
A,F,E,H,C,G,D,B,I
A,F,E,H,C,G,D,I,B
A,F,E,H,C,G,I,B,D
A,F,E,H,C,G,I,D,B
A,F,E,H,C,I,B,D,G
A,F,E,H,C,I,B,G,D
A,F,E,H,C,I,D,B,G
A,F,E,H,C,I,D,G,B
A,F,E,H,C,I,G,B,D
A,F,E,H,C,I,G,D,B
A,F,E,H,D,B,C,G,I
A,F,E,H,D,B,C,I,G
A,F,E,H,D,B,G,C,I
A,F,E,H,D,B,G,I,C
A,F,E,H,D,B,I,C,G
A,F,E,H,D,B,I,G,C
A,F,E,H,D,C,B,G,I
A,F,E,H,D,C,B,I,G
A,F,E,H,D,C,G,B,I
A,F,E,H,D,C,G,I,B
A,F,E,H,D,C,I,B,G
A,F,E,H,D,C,I,G,B
A,F,E,H,D,G,B,C,I
A,F,E,H,D,G,B,I,C
A,F,E,H,D,G,C,B,I
A,F,E,H,D,G,C,I,B
A,F,E,H,D,G,I,B,C
A,F,E,H,D,G,I,C,B
A,F,E,H,D,I,B,C,G
A,F,E,H,D,I,B,G,C
A,F,E,H,D,I,C,B,G
A,F,E,H,D,I,C,G,B
A,F,E,H,D,I,G,B,C
A,F,E,H,D,I,G,C,B
A,F,E,H,G,B,C,D,I
A,F,E,H,G,B,C,I,D
A,F,E,H,G,B,D,C,I
A,F,E,H,G,B,D,I,C
A,F,E,H,G,B,I,C,D
A,F,E,H,G,B,I,D,C
A,F,E,H,G,C,B,D,I
A,F,E,H,G,C,B,I,D
A,F,E,H,G,C,D,B,I
A,F,E,H,G,C,D,I,B
A,F,E,H,G,C,I,B,D
A,F,E,H,G,C,I,D,B
A,F,E,H,G,D,B,C,I
A,F,E,H,G,D,B,I,C
A,F,E,H,G,D,C,B,I
A,F,E,H,G,D,C,I,B
A,F,E,H,G,D,I,B,C
A,F,E,H,G,D,I,C,B
A,F,E,H,G,I,B,C,D
A,F,E,H,G,I,B,D,C
A,F,E,H,G,I,C,B,D
A,F,E,H,G,I,C,D,B
A,F,E,H,G,I,D,B,C
A,F,E,H,G,I,D,C,B
A,F,E,H,I,B,C,D,G
A,F,E,H,I,B,C,G,D
A,F,E,H,I,B,D,C,G
A,F,E,H,I,B,D,G,C
A,F,E,H,I,B,G,C,D
A,F,E,H,I,B,G,D,C
A,F,E,H,I,C,B,D,G
A,F,E,H,I,C,B,G,D
A,F,E,H,I,C,D,B,G
A,F,E,H,I,C,D,G,B
A,F,E,H,I,C,G,B,D
A,F,E,H,I,C,G,D,B
A,F,E,H,I,D,B,C,G
A,F,E,H,I,D,B,G,C
A,F,E,H,I,D,C,B,G
A,F,E,H,I,D,C,G,B
A,F,E,H,I,D,G,B,C
A,F,E,H,I,D,G,C,B
A,F,E,H,I,G,B,C,D
A,F,E,H,I,G,B,D,C
A,F,E,H,I,G,C,B,D
A,F,E,H,I,G,C,D,B
A,F,E,H,I,G,D,B,C
A,F,E,H,I,G,D,C,B
A,F,E,I,B,C,D,G,H
A,F,E,I,B,C,D,H,G
A,F,E,I,B,C,G,D,H
A,F,E,I,B,C,G,H,D
A,F,E,I,B,C,H,D,G
A,F,E,I,B,C,H,G,D
A,F,E,I,B,D,C,G,H
A,F,E,I,B,D,C,H,G
A,F,E,I,B,D,G,C,H
A,F,E,I,B,D,G,H,C
A,F,E,I,B,D,H,C,G
A,F,E,I,B,D,H,G,C
A,F,E,I,B,G,C,D,H
A,F,E,I,B,G,C,H,D
A,F,E,I,B,G,D,C,H
A,F,E,I,B,G,D,H,C
A,F,E,I,B,G,H,C,D
A,F,E,I,B,G,H,D,C
A,F,E,I,B,H,C,D,G
A,F,E,I,B,H,C,G,D
A,F,E,I,B,H,D,C,G
A,F,E,I,B,H,D,G,C
A,F,E,I,B,H,G,C,D
A,F,E,I,B,H,G,D,C
A,F,E,I,C,B,D,G,H
A,F,E,I,C,B,D,H,G
A,F,E,I,C,B,G,D,H
A,F,E,I,C,B,G,H,D
A,F,E,I,C,B,H,D,G
A,F,E,I,C,B,H,G,D
A,F,E,I,C,D,B,G,H
A,F,E,I,C,D,B,H,G
A,F,E,I,C,D,G,B,H
A,F,E,I,C,D,G,H,B
A,F,E,I,C,D,H,B,G
A,F,E,I,C,D,H,G,B
A,F,E,I,C,G,B,D,H
A,F,E,I,C,G,B,H,D
A,F,E,I,C,G,D,B,H
A,F,E,I,C,G,D,H,B
A,F,E,I,C,G,H,B,D
A,F,E,I,C,G,H,D,B
A,F,E,I,C,H,B,D,G
A,F,E,I,C,H,B,G,D
A,F,E,I,C,H,D,B,G
A,F,E,I,C,H,D,G,B
A,F,E,I,C,H,G,B,D
A,F,E,I,C,H,G,D,B
A,F,E,I,D,B,C,G,H
A,F,E,I,D,B,C,H,G
A,F,E,I,D,B,G,C,H
A,F,E,I,D,B,G,H,C
A,F,E,I,D,B,H,C,G
A,F,E,I,D,B,H,G,C
A,F,E,I,D,C,B,G,H
A,F,E,I,D,C,B,H,G
A,F,E,I,D,C,G,B,H
A,F,E,I,D,C,G,H,B
A,F,E,I,D,C,H,B,G
A,F,E,I,D,C,H,G,B
A,F,E,I,D,G,B,C,H
A,F,E,I,D,G,B,H,C
A,F,E,I,D,G,C,B,H
A,F,E,I,D,G,C,H,B
A,F,E,I,D,G,H,B,C
A,F,E,I,D,G,H,C,B
A,F,E,I,D,H,B,C,G
A,F,E,I,D,H,B,G,C
A,F,E,I,D,H,C,B,G
A,F,E,I,D,H,C,G,B
A,F,E,I,D,H,G,B,C
A,F,E,I,D,H,G,C,B
A,F,E,I,G,B,C,D,H
A,F,E,I,G,B,C,H,D
A,F,E,I,G,B,D,C,H
A,F,E,I,G,B,D,H,C
A,F,E,I,G,B,H,C,D
A,F,E,I,G,B,H,D,C
A,F,E,I,G,C,B,D,H
A,F,E,I,G,C,B,H,D
A,F,E,I,G,C,D,B,H
A,F,E,I,G,C,D,H,B
A,F,E,I,G,C,H,B,D
A,F,E,I,G,C,H,D,B
A,F,E,I,G,D,B,C,H
A,F,E,I,G,D,B,H,C
A,F,E,I,G,D,C,B,H
A,F,E,I,G,D,C,H,B
A,F,E,I,G,D,H,B,C
A,F,E,I,G,D,H,C,B
A,F,E,I,G,H,B,C,D
A,F,E,I,G,H,B,D,C
A,F,E,I,G,H,C,B,D
A,F,E,I,G,H,C,D,B
A,F,E,I,G,H,D,B,C
A,F,E,I,G,H,D,C,B
A,F,E,I,H,B,C,D,G
A,F,E,I,H,B,C,G,D
A,F,E,I,H,B,D,C,G
A,F,E,I,H,B,D,G,C
A,F,E,I,H,B,G,C,D
A,F,E,I,H,B,G,D,C
A,F,E,I,H,C,B,D,G
A,F,E,I,H,C,B,G,D
A,F,E,I,H,C,D,B,G
A,F,E,I,H,C,D,G,B
A,F,E,I,H,C,G,B,D
A,F,E,I,H,C,G,D,B
A,F,E,I,H,D,B,C,G
A,F,E,I,H,D,B,G,C
A,F,E,I,H,D,C,B,G
A,F,E,I,H,D,C,G,B
A,F,E,I,H,D,G,B,C
A,F,E,I,H,D,G,C,B
A,F,E,I,H,G,B,C,D
A,F,E,I,H,G,B,D,C
A,F,E,I,H,G,C,B,D
A,F,E,I,H,G,C,D,B
A,F,E,I,H,G,D,B,C
A,F,E,I,H,G,D,C,B
A,F,G,B,C,D,E,H,I
A,F,G,B,C,D,E,I,H
A,F,G,B,C,D,H,E,I
A,F,G,B,C,D,H,I,E
A,F,G,B,C,D,I,E,H
A,F,G,B,C,D,I,H,E
A,F,G,B,C,E,D,H,I
A,F,G,B,C,E,D,I,H
A,F,G,B,C,E,H,D,I
A,F,G,B,C,E,H,I,D
A,F,G,B,C,E,I,D,H
A,F,G,B,C,E,I,H,D
A,F,G,B,C,H,D,E,I
A,F,G,B,C,H,D,I,E
A,F,G,B,C,H,E,D,I
A,F,G,B,C,H,E,I,D
A,F,G,B,C,H,I,D,E
A,F,G,B,C,H,I,E,D
A,F,G,B,C,I,D,E,H
A,F,G,B,C,I,D,H,E
A,F,G,B,C,I,E,D,H
A,F,G,B,C,I,E,H,D
A,F,G,B,C,I,H,D,E
A,F,G,B,C,I,H,E,D
A,F,G,B,D,C,E,H,I
A,F,G,B,D,C,E,I,H
A,F,G,B,D,C,H,E,I
A,F,G,B,D,C,H,I,E
A,F,G,B,D,C,I,E,H
A,F,G,B,D,C,I,H,E
A,F,G,B,D,E,C,H,I
A,F,G,B,D,E,C,I,H
A,F,G,B,D,E,H,C,I
A,F,G,B,D,E,H,I,C
A,F,G,B,D,E,I,C,H
A,F,G,B,D,E,I,H,C
A,F,G,B,D,H,C,E,I
A,F,G,B,D,H,C,I,E
A,F,G,B,D,H,E,C,I
A,F,G,B,D,H,E,I,C
A,F,G,B,D,H,I,C,E
A,F,G,B,D,H,I,E,C
A,F,G,B,D,I,C,E,H
A,F,G,B,D,I,C,H,E
A,F,G,B,D,I,E,C,H
A,F,G,B,D,I,E,H,C
A,F,G,B,D,I,H,C,E
A,F,G,B,D,I,H,E,C
A,F,G,B,E,C,D,H,I
A,F,G,B,E,C,D,I,H
A,F,G,B,E,C,H,D,I
A,F,G,B,E,C,H,I,D
A,F,G,B,E,C,I,D,H
A,F,G,B,E,C,I,H,D
A,F,G,B,E,D,C,H,I
A,F,G,B,E,D,C,I,H
A,F,G,B,E,D,H,C,I
A,F,G,B,E,D,H,I,C
A,F,G,B,E,D,I,C,H
A,F,G,B,E,D,I,H,C
A,F,G,B,E,H,C,D,I
A,F,G,B,E,H,C,I,D
A,F,G,B,E,H,D,C,I
A,F,G,B,E,H,D,I,C
A,F,G,B,E,H,I,C,D
A,F,G,B,E,H,I,D,C
A,F,G,B,E,I,C,D,H
A,F,G,B,E,I,C,H,D
A,F,G,B,E,I,D,C,H
A,F,G,B,E,I,D,H,C
A,F,G,B,E,I,H,C,D
A,F,G,B,E,I,H,D,C
A,F,G,B,H,C,D,E,I
A,F,G,B,H,C,D,I,E
A,F,G,B,H,C,E,D,I
A,F,G,B,H,C,E,I,D
A,F,G,B,H,C,I,D,E
A,F,G,B,H,C,I,E,D
A,F,G,B,H,D,C,E,I
A,F,G,B,H,D,C,I,E
A,F,G,B,H,D,E,C,I
A,F,G,B,H,D,E,I,C
A,F,G,B,H,D,I,C,E
A,F,G,B,H,D,I,E,C
A,F,G,B,H,E,C,D,I
A,F,G,B,H,E,C,I,D
A,F,G,B,H,E,D,C,I
A,F,G,B,H,E,D,I,C
A,F,G,B,H,E,I,C,D
A,F,G,B,H,E,I,D,C
A,F,G,B,H,I,C,D,E
A,F,G,B,H,I,C,E,D
A,F,G,B,H,I,D,C,E
A,F,G,B,H,I,D,E,C
A,F,G,B,H,I,E,C,D
A,F,G,B,H,I,E,D,C
A,F,G,B,I,C,D,E,H
A,F,G,B,I,C,D,H,E
A,F,G,B,I,C,E,D,H
A,F,G,B,I,C,E,H,D
A,F,G,B,I,C,H,D,E
A,F,G,B,I,C,H,E,D
A,F,G,B,I,D,C,E,H
A,F,G,B,I,D,C,H,E
A,F,G,B,I,D,E,C,H
A,F,G,B,I,D,E,H,C
A,F,G,B,I,D,H,C,E
A,F,G,B,I,D,H,E,C
A,F,G,B,I,E,C,D,H
A,F,G,B,I,E,C,H,D
A,F,G,B,I,E,D,C,H
A,F,G,B,I,E,D,H,C
A,F,G,B,I,E,H,C,D
A,F,G,B,I,E,H,D,C
A,F,G,B,I,H,C,D,E
A,F,G,B,I,H,C,E,D
A,F,G,B,I,H,D,C,E
A,F,G,B,I,H,D,E,C
A,F,G,B,I,H,E,C,D
A,F,G,B,I,H,E,D,C
A,F,G,C,B,D,E,H,I
A,F,G,C,B,D,E,I,H
A,F,G,C,B,D,H,E,I
A,F,G,C,B,D,H,I,E
A,F,G,C,B,D,I,E,H
A,F,G,C,B,D,I,H,E
A,F,G,C,B,E,D,H,I
A,F,G,C,B,E,D,I,H
A,F,G,C,B,E,H,D,I
A,F,G,C,B,E,H,I,D
A,F,G,C,B,E,I,D,H
A,F,G,C,B,E,I,H,D
A,F,G,C,B,H,D,E,I
A,F,G,C,B,H,D,I,E
A,F,G,C,B,H,E,D,I
A,F,G,C,B,H,E,I,D
A,F,G,C,B,H,I,D,E
A,F,G,C,B,H,I,E,D
A,F,G,C,B,I,D,E,H
A,F,G,C,B,I,D,H,E
A,F,G,C,B,I,E,D,H
A,F,G,C,B,I,E,H,D
A,F,G,C,B,I,H,D,E
A,F,G,C,B,I,H,E,D
A,F,G,C,D,B,E,H,I
A,F,G,C,D,B,E,I,H
A,F,G,C,D,B,H,E,I
A,F,G,C,D,B,H,I,E
A,F,G,C,D,B,I,E,H
A,F,G,C,D,B,I,H,E
A,F,G,C,D,E,B,H,I
A,F,G,C,D,E,B,I,H
A,F,G,C,D,E,H,B,I
A,F,G,C,D,E,H,I,B
A,F,G,C,D,E,I,B,H
A,F,G,C,D,E,I,H,B
A,F,G,C,D,H,B,E,I
A,F,G,C,D,H,B,I,E
A,F,G,C,D,H,E,B,I
A,F,G,C,D,H,E,I,B
A,F,G,C,D,H,I,B,E
A,F,G,C,D,H,I,E,B
A,F,G,C,D,I,B,E,H
A,F,G,C,D,I,B,H,E
A,F,G,C,D,I,E,B,H
A,F,G,C,D,I,E,H,B
A,F,G,C,D,I,H,B,E
A,F,G,C,D,I,H,E,B
A,F,G,C,E,B,D,H,I
A,F,G,C,E,B,D,I,H
A,F,G,C,E,B,H,D,I
A,F,G,C,E,B,H,I,D
A,F,G,C,E,B,I,D,H
A,F,G,C,E,B,I,H,D
A,F,G,C,E,D,B,H,I
A,F,G,C,E,D,B,I,H
A,F,G,C,E,D,H,B,I
A,F,G,C,E,D,H,I,B
A,F,G,C,E,D,I,B,H
A,F,G,C,E,D,I,H,B
A,F,G,C,E,H,B,D,I
A,F,G,C,E,H,B,I,D
A,F,G,C,E,H,D,B,I
A,F,G,C,E,H,D,I,B
A,F,G,C,E,H,I,B,D
A,F,G,C,E,H,I,D,B
A,F,G,C,E,I,B,D,H
A,F,G,C,E,I,B,H,D
A,F,G,C,E,I,D,B,H
A,F,G,C,E,I,D,H,B
A,F,G,C,E,I,H,B,D
A,F,G,C,E,I,H,D,B
A,F,G,C,H,B,D,E,I
A,F,G,C,H,B,D,I,E
A,F,G,C,H,B,E,D,I
A,F,G,C,H,B,E,I,D
A,F,G,C,H,B,I,D,E
A,F,G,C,H,B,I,E,D
A,F,G,C,H,D,B,E,I
A,F,G,C,H,D,B,I,E
A,F,G,C,H,D,E,B,I
A,F,G,C,H,D,E,I,B
A,F,G,C,H,D,I,B,E
A,F,G,C,H,D,I,E,B
A,F,G,C,H,E,B,D,I
A,F,G,C,H,E,B,I,D
A,F,G,C,H,E,D,B,I
A,F,G,C,H,E,D,I,B
A,F,G,C,H,E,I,B,D
A,F,G,C,H,E,I,D,B
A,F,G,C,H,I,B,D,E
A,F,G,C,H,I,B,E,D
A,F,G,C,H,I,D,B,E
A,F,G,C,H,I,D,E,B
A,F,G,C,H,I,E,B,D
A,F,G,C,H,I,E,D,B
A,F,G,C,I,B,D,E,H
A,F,G,C,I,B,D,H,E
A,F,G,C,I,B,E,D,H
A,F,G,C,I,B,E,H,D
A,F,G,C,I,B,H,D,E
A,F,G,C,I,B,H,E,D
A,F,G,C,I,D,B,E,H
A,F,G,C,I,D,B,H,E
A,F,G,C,I,D,E,B,H
A,F,G,C,I,D,E,H,B
A,F,G,C,I,D,H,B,E
A,F,G,C,I,D,H,E,B
A,F,G,C,I,E,B,D,H
A,F,G,C,I,E,B,H,D
A,F,G,C,I,E,D,B,H
A,F,G,C,I,E,D,H,B
A,F,G,C,I,E,H,B,D
A,F,G,C,I,E,H,D,B
A,F,G,C,I,H,B,D,E
A,F,G,C,I,H,B,E,D
A,F,G,C,I,H,D,B,E
A,F,G,C,I,H,D,E,B
A,F,G,C,I,H,E,B,D
A,F,G,C,I,H,E,D,B
A,F,G,D,B,C,E,H,I
A,F,G,D,B,C,E,I,H
A,F,G,D,B,C,H,E,I
A,F,G,D,B,C,H,I,E
A,F,G,D,B,C,I,E,H
A,F,G,D,B,C,I,H,E
A,F,G,D,B,E,C,H,I
A,F,G,D,B,E,C,I,H
A,F,G,D,B,E,H,C,I
A,F,G,D,B,E,H,I,C
A,F,G,D,B,E,I,C,H
A,F,G,D,B,E,I,H,C
A,F,G,D,B,H,C,E,I
A,F,G,D,B,H,C,I,E
A,F,G,D,B,H,E,C,I
A,F,G,D,B,H,E,I,C
A,F,G,D,B,H,I,C,E
A,F,G,D,B,H,I,E,C
A,F,G,D,B,I,C,E,H
A,F,G,D,B,I,C,H,E
A,F,G,D,B,I,E,C,H
A,F,G,D,B,I,E,H,C
A,F,G,D,B,I,H,C,E
A,F,G,D,B,I,H,E,C
A,F,G,D,C,B,E,H,I
A,F,G,D,C,B,E,I,H
A,F,G,D,C,B,H,E,I
A,F,G,D,C,B,H,I,E
A,F,G,D,C,B,I,E,H
A,F,G,D,C,B,I,H,E
A,F,G,D,C,E,B,H,I
A,F,G,D,C,E,B,I,H
A,F,G,D,C,E,H,B,I
A,F,G,D,C,E,H,I,B
A,F,G,D,C,E,I,B,H
A,F,G,D,C,E,I,H,B
A,F,G,D,C,H,B,E,I
A,F,G,D,C,H,B,I,E
A,F,G,D,C,H,E,B,I
A,F,G,D,C,H,E,I,B
A,F,G,D,C,H,I,B,E
A,F,G,D,C,H,I,E,B
A,F,G,D,C,I,B,E,H
A,F,G,D,C,I,B,H,E
A,F,G,D,C,I,E,B,H
A,F,G,D,C,I,E,H,B
A,F,G,D,C,I,H,B,E
A,F,G,D,C,I,H,E,B
A,F,G,D,E,B,C,H,I
A,F,G,D,E,B,C,I,H
A,F,G,D,E,B,H,C,I
A,F,G,D,E,B,H,I,C
A,F,G,D,E,B,I,C,H
A,F,G,D,E,B,I,H,C
A,F,G,D,E,C,B,H,I
A,F,G,D,E,C,B,I,H
A,F,G,D,E,C,H,B,I
A,F,G,D,E,C,H,I,B
A,F,G,D,E,C,I,B,H
A,F,G,D,E,C,I,H,B
A,F,G,D,E,H,B,C,I
A,F,G,D,E,H,B,I,C
A,F,G,D,E,H,C,B,I
A,F,G,D,E,H,C,I,B
A,F,G,D,E,H,I,B,C
A,F,G,D,E,H,I,C,B
A,F,G,D,E,I,B,C,H
A,F,G,D,E,I,B,H,C
A,F,G,D,E,I,C,B,H
A,F,G,D,E,I,C,H,B
A,F,G,D,E,I,H,B,C
A,F,G,D,E,I,H,C,B
A,F,G,D,H,B,C,E,I
A,F,G,D,H,B,C,I,E
A,F,G,D,H,B,E,C,I
A,F,G,D,H,B,E,I,C
A,F,G,D,H,B,I,C,E
A,F,G,D,H,B,I,E,C
A,F,G,D,H,C,B,E,I
A,F,G,D,H,C,B,I,E
A,F,G,D,H,C,E,B,I
A,F,G,D,H,C,E,I,B
A,F,G,D,H,C,I,B,E
A,F,G,D,H,C,I,E,B
A,F,G,D,H,E,B,C,I
A,F,G,D,H,E,B,I,C
A,F,G,D,H,E,C,B,I
A,F,G,D,H,E,C,I,B
A,F,G,D,H,E,I,B,C
A,F,G,D,H,E,I,C,B
A,F,G,D,H,I,B,C,E
A,F,G,D,H,I,B,E,C
A,F,G,D,H,I,C,B,E
A,F,G,D,H,I,C,E,B
A,F,G,D,H,I,E,B,C
A,F,G,D,H,I,E,C,B
A,F,G,D,I,B,C,E,H
A,F,G,D,I,B,C,H,E
A,F,G,D,I,B,E,C,H
A,F,G,D,I,B,E,H,C
A,F,G,D,I,B,H,C,E
A,F,G,D,I,B,H,E,C
A,F,G,D,I,C,B,E,H
A,F,G,D,I,C,B,H,E
A,F,G,D,I,C,E,B,H
A,F,G,D,I,C,E,H,B
A,F,G,D,I,C,H,B,E
A,F,G,D,I,C,H,E,B
A,F,G,D,I,E,B,C,H
A,F,G,D,I,E,B,H,C
A,F,G,D,I,E,C,B,H
A,F,G,D,I,E,C,H,B
A,F,G,D,I,E,H,B,C
A,F,G,D,I,E,H,C,B
A,F,G,D,I,H,B,C,E
A,F,G,D,I,H,B,E,C
A,F,G,D,I,H,C,B,E
A,F,G,D,I,H,C,E,B
A,F,G,D,I,H,E,B,C
A,F,G,D,I,H,E,C,B
A,F,G,E,B,C,D,H,I
A,F,G,E,B,C,D,I,H
A,F,G,E,B,C,H,D,I
A,F,G,E,B,C,H,I,D
A,F,G,E,B,C,I,D,H
A,F,G,E,B,C,I,H,D
A,F,G,E,B,D,C,H,I
A,F,G,E,B,D,C,I,H
A,F,G,E,B,D,H,C,I
A,F,G,E,B,D,H,I,C
A,F,G,E,B,D,I,C,H
A,F,G,E,B,D,I,H,C
A,F,G,E,B,H,C,D,I
A,F,G,E,B,H,C,I,D
A,F,G,E,B,H,D,C,I
A,F,G,E,B,H,D,I,C
A,F,G,E,B,H,I,C,D
A,F,G,E,B,H,I,D,C
A,F,G,E,B,I,C,D,H
A,F,G,E,B,I,C,H,D
A,F,G,E,B,I,D,C,H
A,F,G,E,B,I,D,H,C
A,F,G,E,B,I,H,C,D
A,F,G,E,B,I,H,D,C
A,F,G,E,C,B,D,H,I
A,F,G,E,C,B,D,I,H
A,F,G,E,C,B,H,D,I
A,F,G,E,C,B,H,I,D
A,F,G,E,C,B,I,D,H
A,F,G,E,C,B,I,H,D
A,F,G,E,C,D,B,H,I
A,F,G,E,C,D,B,I,H
A,F,G,E,C,D,H,B,I
A,F,G,E,C,D,H,I,B
A,F,G,E,C,D,I,B,H
A,F,G,E,C,D,I,H,B
A,F,G,E,C,H,B,D,I
A,F,G,E,C,H,B,I,D
A,F,G,E,C,H,D,B,I
A,F,G,E,C,H,D,I,B
A,F,G,E,C,H,I,B,D
A,F,G,E,C,H,I,D,B
A,F,G,E,C,I,B,D,H
A,F,G,E,C,I,B,H,D
A,F,G,E,C,I,D,B,H
A,F,G,E,C,I,D,H,B
A,F,G,E,C,I,H,B,D
A,F,G,E,C,I,H,D,B
A,F,G,E,D,B,C,H,I
A,F,G,E,D,B,C,I,H
A,F,G,E,D,B,H,C,I
A,F,G,E,D,B,H,I,C
A,F,G,E,D,B,I,C,H
A,F,G,E,D,B,I,H,C
A,F,G,E,D,C,B,H,I
A,F,G,E,D,C,B,I,H
A,F,G,E,D,C,H,B,I
A,F,G,E,D,C,H,I,B
A,F,G,E,D,C,I,B,H
A,F,G,E,D,C,I,H,B
A,F,G,E,D,H,B,C,I
A,F,G,E,D,H,B,I,C
A,F,G,E,D,H,C,B,I
A,F,G,E,D,H,C,I,B
A,F,G,E,D,H,I,B,C
A,F,G,E,D,H,I,C,B
A,F,G,E,D,I,B,C,H
A,F,G,E,D,I,B,H,C
A,F,G,E,D,I,C,B,H
A,F,G,E,D,I,C,H,B
A,F,G,E,D,I,H,B,C
A,F,G,E,D,I,H,C,B
A,F,G,E,H,B,C,D,I
A,F,G,E,H,B,C,I,D
A,F,G,E,H,B,D,C,I
A,F,G,E,H,B,D,I,C
A,F,G,E,H,B,I,C,D
A,F,G,E,H,B,I,D,C
A,F,G,E,H,C,B,D,I
A,F,G,E,H,C,B,I,D
A,F,G,E,H,C,D,B,I
A,F,G,E,H,C,D,I,B
A,F,G,E,H,C,I,B,D
A,F,G,E,H,C,I,D,B
A,F,G,E,H,D,B,C,I
A,F,G,E,H,D,B,I,C
A,F,G,E,H,D,C,B,I
A,F,G,E,H,D,C,I,B
A,F,G,E,H,D,I,B,C
A,F,G,E,H,D,I,C,B
A,F,G,E,H,I,B,C,D
A,F,G,E,H,I,B,D,C
A,F,G,E,H,I,C,B,D
A,F,G,E,H,I,C,D,B
A,F,G,E,H,I,D,B,C
A,F,G,E,H,I,D,C,B
A,F,G,E,I,B,C,D,H
A,F,G,E,I,B,C,H,D
A,F,G,E,I,B,D,C,H
A,F,G,E,I,B,D,H,C
A,F,G,E,I,B,H,C,D
A,F,G,E,I,B,H,D,C
A,F,G,E,I,C,B,D,H
A,F,G,E,I,C,B,H,D
A,F,G,E,I,C,D,B,H
A,F,G,E,I,C,D,H,B
A,F,G,E,I,C,H,B,D
A,F,G,E,I,C,H,D,B
A,F,G,E,I,D,B,C,H
A,F,G,E,I,D,B,H,C
A,F,G,E,I,D,C,B,H
A,F,G,E,I,D,C,H,B
A,F,G,E,I,D,H,B,C
A,F,G,E,I,D,H,C,B
A,F,G,E,I,H,B,C,D
A,F,G,E,I,H,B,D,C
A,F,G,E,I,H,C,B,D
A,F,G,E,I,H,C,D,B
A,F,G,E,I,H,D,B,C
A,F,G,E,I,H,D,C,B
A,F,G,H,B,C,D,E,I
A,F,G,H,B,C,D,I,E
A,F,G,H,B,C,E,D,I
A,F,G,H,B,C,E,I,D
A,F,G,H,B,C,I,D,E
A,F,G,H,B,C,I,E,D
A,F,G,H,B,D,C,E,I
A,F,G,H,B,D,C,I,E
A,F,G,H,B,D,E,C,I
A,F,G,H,B,D,E,I,C
A,F,G,H,B,D,I,C,E
A,F,G,H,B,D,I,E,C
A,F,G,H,B,E,C,D,I
A,F,G,H,B,E,C,I,D
A,F,G,H,B,E,D,C,I
A,F,G,H,B,E,D,I,C
A,F,G,H,B,E,I,C,D
A,F,G,H,B,E,I,D,C
A,F,G,H,B,I,C,D,E
A,F,G,H,B,I,C,E,D
A,F,G,H,B,I,D,C,E
A,F,G,H,B,I,D,E,C
A,F,G,H,B,I,E,C,D
A,F,G,H,B,I,E,D,C
A,F,G,H,C,B,D,E,I
A,F,G,H,C,B,D,I,E
A,F,G,H,C,B,E,D,I
A,F,G,H,C,B,E,I,D
A,F,G,H,C,B,I,D,E
A,F,G,H,C,B,I,E,D
A,F,G,H,C,D,B,E,I
A,F,G,H,C,D,B,I,E
A,F,G,H,C,D,E,B,I
A,F,G,H,C,D,E,I,B
A,F,G,H,C,D,I,B,E
A,F,G,H,C,D,I,E,B
A,F,G,H,C,E,B,D,I
A,F,G,H,C,E,B,I,D
A,F,G,H,C,E,D,B,I
A,F,G,H,C,E,D,I,B
A,F,G,H,C,E,I,B,D
A,F,G,H,C,E,I,D,B
A,F,G,H,C,I,B,D,E
A,F,G,H,C,I,B,E,D
A,F,G,H,C,I,D,B,E
A,F,G,H,C,I,D,E,B
A,F,G,H,C,I,E,B,D
A,F,G,H,C,I,E,D,B
A,F,G,H,D,B,C,E,I
A,F,G,H,D,B,C,I,E
A,F,G,H,D,B,E,C,I
A,F,G,H,D,B,E,I,C
A,F,G,H,D,B,I,C,E
A,F,G,H,D,B,I,E,C
A,F,G,H,D,C,B,E,I
A,F,G,H,D,C,B,I,E
A,F,G,H,D,C,E,B,I
A,F,G,H,D,C,E,I,B
A,F,G,H,D,C,I,B,E
A,F,G,H,D,C,I,E,B
A,F,G,H,D,E,B,C,I
A,F,G,H,D,E,B,I,C
A,F,G,H,D,E,C,B,I
A,F,G,H,D,E,C,I,B
A,F,G,H,D,E,I,B,C
A,F,G,H,D,E,I,C,B
A,F,G,H,D,I,B,C,E
A,F,G,H,D,I,B,E,C
A,F,G,H,D,I,C,B,E
A,F,G,H,D,I,C,E,B
A,F,G,H,D,I,E,B,C
A,F,G,H,D,I,E,C,B
A,F,G,H,E,B,C,D,I
A,F,G,H,E,B,C,I,D
A,F,G,H,E,B,D,C,I
A,F,G,H,E,B,D,I,C
A,F,G,H,E,B,I,C,D
A,F,G,H,E,B,I,D,C
A,F,G,H,E,C,B,D,I
A,F,G,H,E,C,B,I,D
A,F,G,H,E,C,D,B,I
A,F,G,H,E,C,D,I,B
A,F,G,H,E,C,I,B,D
A,F,G,H,E,C,I,D,B
A,F,G,H,E,D,B,C,I
A,F,G,H,E,D,B,I,C
A,F,G,H,E,D,C,B,I
A,F,G,H,E,D,C,I,B
A,F,G,H,E,D,I,B,C
A,F,G,H,E,D,I,C,B
A,F,G,H,E,I,B,C,D
A,F,G,H,E,I,B,D,C
A,F,G,H,E,I,C,B,D
A,F,G,H,E,I,C,D,B
A,F,G,H,E,I,D,B,C
A,F,G,H,E,I,D,C,B
A,F,G,H,I,B,C,D,E
A,F,G,H,I,B,C,E,D
A,F,G,H,I,B,D,C,E
A,F,G,H,I,B,D,E,C
A,F,G,H,I,B,E,C,D
A,F,G,H,I,B,E,D,C
A,F,G,H,I,C,B,D,E
A,F,G,H,I,C,B,E,D
A,F,G,H,I,C,D,B,E
A,F,G,H,I,C,D,E,B
A,F,G,H,I,C,E,B,D
A,F,G,H,I,C,E,D,B
A,F,G,H,I,D,B,C,E
A,F,G,H,I,D,B,E,C
A,F,G,H,I,D,C,B,E
A,F,G,H,I,D,C,E,B
A,F,G,H,I,D,E,B,C
A,F,G,H,I,D,E,C,B
A,F,G,H,I,E,B,C,D
A,F,G,H,I,E,B,D,C
A,F,G,H,I,E,C,B,D
A,F,G,H,I,E,C,D,B
A,F,G,H,I,E,D,B,C
A,F,G,H,I,E,D,C,B
A,F,G,I,B,C,D,E,H
A,F,G,I,B,C,D,H,E
A,F,G,I,B,C,E,D,H
A,F,G,I,B,C,E,H,D
A,F,G,I,B,C,H,D,E
A,F,G,I,B,C,H,E,D
A,F,G,I,B,D,C,E,H
A,F,G,I,B,D,C,H,E
A,F,G,I,B,D,E,C,H
A,F,G,I,B,D,E,H,C
A,F,G,I,B,D,H,C,E
A,F,G,I,B,D,H,E,C
A,F,G,I,B,E,C,D,H
A,F,G,I,B,E,C,H,D
A,F,G,I,B,E,D,C,H
A,F,G,I,B,E,D,H,C
A,F,G,I,B,E,H,C,D
A,F,G,I,B,E,H,D,C
A,F,G,I,B,H,C,D,E
A,F,G,I,B,H,C,E,D
A,F,G,I,B,H,D,C,E
A,F,G,I,B,H,D,E,C
A,F,G,I,B,H,E,C,D
A,F,G,I,B,H,E,D,C
A,F,G,I,C,B,D,E,H
A,F,G,I,C,B,D,H,E
A,F,G,I,C,B,E,D,H
A,F,G,I,C,B,E,H,D
A,F,G,I,C,B,H,D,E
A,F,G,I,C,B,H,E,D
A,F,G,I,C,D,B,E,H
A,F,G,I,C,D,B,H,E
A,F,G,I,C,D,E,B,H
A,F,G,I,C,D,E,H,B
A,F,G,I,C,D,H,B,E
A,F,G,I,C,D,H,E,B
A,F,G,I,C,E,B,D,H
A,F,G,I,C,E,B,H,D
A,F,G,I,C,E,D,B,H
A,F,G,I,C,E,D,H,B
A,F,G,I,C,E,H,B,D
A,F,G,I,C,E,H,D,B
A,F,G,I,C,H,B,D,E
A,F,G,I,C,H,B,E,D
A,F,G,I,C,H,D,B,E
A,F,G,I,C,H,D,E,B
A,F,G,I,C,H,E,B,D
A,F,G,I,C,H,E,D,B
A,F,G,I,D,B,C,E,H
A,F,G,I,D,B,C,H,E
A,F,G,I,D,B,E,C,H
A,F,G,I,D,B,E,H,C
A,F,G,I,D,B,H,C,E
A,F,G,I,D,B,H,E,C
A,F,G,I,D,C,B,E,H
A,F,G,I,D,C,B,H,E
A,F,G,I,D,C,E,B,H
A,F,G,I,D,C,E,H,B
A,F,G,I,D,C,H,B,E
A,F,G,I,D,C,H,E,B
A,F,G,I,D,E,B,C,H
A,F,G,I,D,E,B,H,C
A,F,G,I,D,E,C,B,H
A,F,G,I,D,E,C,H,B
A,F,G,I,D,E,H,B,C
A,F,G,I,D,E,H,C,B
A,F,G,I,D,H,B,C,E
A,F,G,I,D,H,B,E,C
A,F,G,I,D,H,C,B,E
A,F,G,I,D,H,C,E,B
A,F,G,I,D,H,E,B,C
A,F,G,I,D,H,E,C,B
A,F,G,I,E,B,C,D,H
A,F,G,I,E,B,C,H,D
A,F,G,I,E,B,D,C,H
A,F,G,I,E,B,D,H,C
A,F,G,I,E,B,H,C,D
A,F,G,I,E,B,H,D,C
A,F,G,I,E,C,B,D,H
A,F,G,I,E,C,B,H,D
A,F,G,I,E,C,D,B,H
A,F,G,I,E,C,D,H,B
A,F,G,I,E,C,H,B,D
A,F,G,I,E,C,H,D,B
A,F,G,I,E,D,B,C,H
A,F,G,I,E,D,B,H,C
A,F,G,I,E,D,C,B,H
A,F,G,I,E,D,C,H,B
A,F,G,I,E,D,H,B,C
A,F,G,I,E,D,H,C,B
A,F,G,I,E,H,B,C,D
A,F,G,I,E,H,B,D,C
A,F,G,I,E,H,C,B,D
A,F,G,I,E,H,C,D,B
A,F,G,I,E,H,D,B,C
A,F,G,I,E,H,D,C,B
A,F,G,I,H,B,C,D,E
A,F,G,I,H,B,C,E,D
A,F,G,I,H,B,D,C,E
A,F,G,I,H,B,D,E,C
A,F,G,I,H,B,E,C,D
A,F,G,I,H,B,E,D,C
A,F,G,I,H,C,B,D,E
A,F,G,I,H,C,B,E,D
A,F,G,I,H,C,D,B,E
A,F,G,I,H,C,D,E,B
A,F,G,I,H,C,E,B,D
A,F,G,I,H,C,E,D,B
A,F,G,I,H,D,B,C,E
A,F,G,I,H,D,B,E,C
A,F,G,I,H,D,C,B,E
A,F,G,I,H,D,C,E,B
A,F,G,I,H,D,E,B,C
A,F,G,I,H,D,E,C,B
A,F,G,I,H,E,B,C,D
A,F,G,I,H,E,B,D,C
A,F,G,I,H,E,C,B,D
A,F,G,I,H,E,C,D,B
A,F,G,I,H,E,D,B,C
A,F,G,I,H,E,D,C,B
A,F,H,B,C,D,E,G,I
A,F,H,B,C,D,E,I,G
A,F,H,B,C,D,G,E,I
A,F,H,B,C,D,G,I,E
A,F,H,B,C,D,I,E,G
A,F,H,B,C,D,I,G,E
A,F,H,B,C,E,D,G,I
A,F,H,B,C,E,D,I,G
A,F,H,B,C,E,G,D,I
A,F,H,B,C,E,G,I,D
A,F,H,B,C,E,I,D,G
A,F,H,B,C,E,I,G,D
A,F,H,B,C,G,D,E,I
A,F,H,B,C,G,D,I,E
A,F,H,B,C,G,E,D,I
A,F,H,B,C,G,E,I,D
A,F,H,B,C,G,I,D,E
A,F,H,B,C,G,I,E,D
A,F,H,B,C,I,D,E,G
A,F,H,B,C,I,D,G,E
A,F,H,B,C,I,E,D,G
A,F,H,B,C,I,E,G,D
A,F,H,B,C,I,G,D,E
A,F,H,B,C,I,G,E,D
A,F,H,B,D,C,E,G,I
A,F,H,B,D,C,E,I,G
A,F,H,B,D,C,G,E,I
A,F,H,B,D,C,G,I,E
A,F,H,B,D,C,I,E,G
A,F,H,B,D,C,I,G,E
A,F,H,B,D,E,C,G,I
A,F,H,B,D,E,C,I,G
A,F,H,B,D,E,G,C,I
A,F,H,B,D,E,G,I,C
A,F,H,B,D,E,I,C,G
A,F,H,B,D,E,I,G,C
A,F,H,B,D,G,C,E,I
A,F,H,B,D,G,C,I,E
A,F,H,B,D,G,E,C,I
A,F,H,B,D,G,E,I,C
A,F,H,B,D,G,I,C,E
A,F,H,B,D,G,I,E,C
A,F,H,B,D,I,C,E,G
A,F,H,B,D,I,C,G,E
A,F,H,B,D,I,E,C,G
A,F,H,B,D,I,E,G,C
A,F,H,B,D,I,G,C,E
A,F,H,B,D,I,G,E,C
A,F,H,B,E,C,D,G,I
A,F,H,B,E,C,D,I,G
A,F,H,B,E,C,G,D,I
A,F,H,B,E,C,G,I,D
A,F,H,B,E,C,I,D,G
A,F,H,B,E,C,I,G,D
A,F,H,B,E,D,C,G,I
A,F,H,B,E,D,C,I,G
A,F,H,B,E,D,G,C,I
A,F,H,B,E,D,G,I,C
A,F,H,B,E,D,I,C,G
A,F,H,B,E,D,I,G,C
A,F,H,B,E,G,C,D,I
A,F,H,B,E,G,C,I,D
A,F,H,B,E,G,D,C,I
A,F,H,B,E,G,D,I,C
A,F,H,B,E,G,I,C,D
A,F,H,B,E,G,I,D,C
A,F,H,B,E,I,C,D,G
A,F,H,B,E,I,C,G,D
A,F,H,B,E,I,D,C,G
A,F,H,B,E,I,D,G,C
A,F,H,B,E,I,G,C,D
A,F,H,B,E,I,G,D,C
A,F,H,B,G,C,D,E,I
A,F,H,B,G,C,D,I,E
A,F,H,B,G,C,E,D,I
A,F,H,B,G,C,E,I,D
A,F,H,B,G,C,I,D,E
A,F,H,B,G,C,I,E,D
A,F,H,B,G,D,C,E,I
A,F,H,B,G,D,C,I,E
A,F,H,B,G,D,E,C,I
A,F,H,B,G,D,E,I,C
A,F,H,B,G,D,I,C,E
A,F,H,B,G,D,I,E,C
A,F,H,B,G,E,C,D,I
A,F,H,B,G,E,C,I,D
A,F,H,B,G,E,D,C,I
A,F,H,B,G,E,D,I,C
A,F,H,B,G,E,I,C,D
A,F,H,B,G,E,I,D,C
A,F,H,B,G,I,C,D,E
A,F,H,B,G,I,C,E,D
A,F,H,B,G,I,D,C,E
A,F,H,B,G,I,D,E,C
A,F,H,B,G,I,E,C,D
A,F,H,B,G,I,E,D,C
A,F,H,B,I,C,D,E,G
A,F,H,B,I,C,D,G,E
A,F,H,B,I,C,E,D,G
A,F,H,B,I,C,E,G,D
A,F,H,B,I,C,G,D,E
A,F,H,B,I,C,G,E,D
A,F,H,B,I,D,C,E,G
A,F,H,B,I,D,C,G,E
A,F,H,B,I,D,E,C,G
A,F,H,B,I,D,E,G,C
A,F,H,B,I,D,G,C,E
A,F,H,B,I,D,G,E,C
A,F,H,B,I,E,C,D,G
A,F,H,B,I,E,C,G,D
A,F,H,B,I,E,D,C,G
A,F,H,B,I,E,D,G,C
A,F,H,B,I,E,G,C,D
A,F,H,B,I,E,G,D,C
A,F,H,B,I,G,C,D,E
A,F,H,B,I,G,C,E,D
A,F,H,B,I,G,D,C,E
A,F,H,B,I,G,D,E,C
A,F,H,B,I,G,E,C,D
A,F,H,B,I,G,E,D,C
A,F,H,C,B,D,E,G,I
A,F,H,C,B,D,E,I,G
A,F,H,C,B,D,G,E,I
A,F,H,C,B,D,G,I,E
A,F,H,C,B,D,I,E,G
A,F,H,C,B,D,I,G,E
A,F,H,C,B,E,D,G,I
A,F,H,C,B,E,D,I,G
A,F,H,C,B,E,G,D,I
A,F,H,C,B,E,G,I,D
A,F,H,C,B,E,I,D,G
A,F,H,C,B,E,I,G,D
A,F,H,C,B,G,D,E,I
A,F,H,C,B,G,D,I,E
A,F,H,C,B,G,E,D,I
A,F,H,C,B,G,E,I,D
A,F,H,C,B,G,I,D,E
A,F,H,C,B,G,I,E,D
A,F,H,C,B,I,D,E,G
A,F,H,C,B,I,D,G,E
A,F,H,C,B,I,E,D,G
A,F,H,C,B,I,E,G,D
A,F,H,C,B,I,G,D,E
A,F,H,C,B,I,G,E,D
A,F,H,C,D,B,E,G,I
A,F,H,C,D,B,E,I,G
A,F,H,C,D,B,G,E,I
A,F,H,C,D,B,G,I,E
A,F,H,C,D,B,I,E,G
A,F,H,C,D,B,I,G,E
A,F,H,C,D,E,B,G,I
A,F,H,C,D,E,B,I,G
A,F,H,C,D,E,G,B,I
A,F,H,C,D,E,G,I,B
A,F,H,C,D,E,I,B,G
A,F,H,C,D,E,I,G,B
A,F,H,C,D,G,B,E,I
A,F,H,C,D,G,B,I,E
A,F,H,C,D,G,E,B,I
A,F,H,C,D,G,E,I,B
A,F,H,C,D,G,I,B,E
A,F,H,C,D,G,I,E,B
A,F,H,C,D,I,B,E,G
A,F,H,C,D,I,B,G,E
A,F,H,C,D,I,E,B,G
A,F,H,C,D,I,E,G,B
A,F,H,C,D,I,G,B,E
A,F,H,C,D,I,G,E,B
A,F,H,C,E,B,D,G,I
A,F,H,C,E,B,D,I,G
A,F,H,C,E,B,G,D,I
A,F,H,C,E,B,G,I,D
A,F,H,C,E,B,I,D,G
A,F,H,C,E,B,I,G,D
A,F,H,C,E,D,B,G,I
A,F,H,C,E,D,B,I,G
A,F,H,C,E,D,G,B,I
A,F,H,C,E,D,G,I,B
A,F,H,C,E,D,I,B,G
A,F,H,C,E,D,I,G,B
A,F,H,C,E,G,B,D,I
A,F,H,C,E,G,B,I,D
A,F,H,C,E,G,D,B,I
A,F,H,C,E,G,D,I,B
A,F,H,C,E,G,I,B,D
A,F,H,C,E,G,I,D,B
A,F,H,C,E,I,B,D,G
A,F,H,C,E,I,B,G,D
A,F,H,C,E,I,D,B,G
A,F,H,C,E,I,D,G,B
A,F,H,C,E,I,G,B,D
A,F,H,C,E,I,G,D,B
A,F,H,C,G,B,D,E,I
A,F,H,C,G,B,D,I,E
A,F,H,C,G,B,E,D,I
A,F,H,C,G,B,E,I,D
A,F,H,C,G,B,I,D,E
A,F,H,C,G,B,I,E,D
A,F,H,C,G,D,B,E,I
A,F,H,C,G,D,B,I,E
A,F,H,C,G,D,E,B,I
A,F,H,C,G,D,E,I,B
A,F,H,C,G,D,I,B,E
A,F,H,C,G,D,I,E,B
A,F,H,C,G,E,B,D,I
A,F,H,C,G,E,B,I,D
A,F,H,C,G,E,D,B,I
A,F,H,C,G,E,D,I,B
A,F,H,C,G,E,I,B,D
A,F,H,C,G,E,I,D,B
A,F,H,C,G,I,B,D,E
A,F,H,C,G,I,B,E,D
A,F,H,C,G,I,D,B,E
A,F,H,C,G,I,D,E,B
A,F,H,C,G,I,E,B,D
A,F,H,C,G,I,E,D,B
A,F,H,C,I,B,D,E,G
A,F,H,C,I,B,D,G,E
A,F,H,C,I,B,E,D,G
A,F,H,C,I,B,E,G,D
A,F,H,C,I,B,G,D,E
A,F,H,C,I,B,G,E,D
A,F,H,C,I,D,B,E,G
A,F,H,C,I,D,B,G,E
A,F,H,C,I,D,E,B,G
A,F,H,C,I,D,E,G,B
A,F,H,C,I,D,G,B,E
A,F,H,C,I,D,G,E,B
A,F,H,C,I,E,B,D,G
A,F,H,C,I,E,B,G,D
A,F,H,C,I,E,D,B,G
A,F,H,C,I,E,D,G,B
A,F,H,C,I,E,G,B,D
A,F,H,C,I,E,G,D,B
A,F,H,C,I,G,B,D,E
A,F,H,C,I,G,B,E,D
A,F,H,C,I,G,D,B,E
A,F,H,C,I,G,D,E,B
A,F,H,C,I,G,E,B,D
A,F,H,C,I,G,E,D,B
A,F,H,D,B,C,E,G,I
A,F,H,D,B,C,E,I,G
A,F,H,D,B,C,G,E,I
A,F,H,D,B,C,G,I,E
A,F,H,D,B,C,I,E,G
A,F,H,D,B,C,I,G,E
A,F,H,D,B,E,C,G,I
A,F,H,D,B,E,C,I,G
A,F,H,D,B,E,G,C,I
A,F,H,D,B,E,G,I,C
A,F,H,D,B,E,I,C,G
A,F,H,D,B,E,I,G,C
A,F,H,D,B,G,C,E,I
A,F,H,D,B,G,C,I,E
A,F,H,D,B,G,E,C,I
A,F,H,D,B,G,E,I,C
A,F,H,D,B,G,I,C,E
A,F,H,D,B,G,I,E,C
A,F,H,D,B,I,C,E,G
A,F,H,D,B,I,C,G,E
A,F,H,D,B,I,E,C,G
A,F,H,D,B,I,E,G,C
A,F,H,D,B,I,G,C,E
A,F,H,D,B,I,G,E,C
A,F,H,D,C,B,E,G,I
A,F,H,D,C,B,E,I,G
A,F,H,D,C,B,G,E,I
A,F,H,D,C,B,G,I,E
A,F,H,D,C,B,I,E,G
A,F,H,D,C,B,I,G,E
A,F,H,D,C,E,B,G,I
A,F,H,D,C,E,B,I,G
A,F,H,D,C,E,G,B,I
A,F,H,D,C,E,G,I,B
A,F,H,D,C,E,I,B,G
A,F,H,D,C,E,I,G,B
A,F,H,D,C,G,B,E,I
A,F,H,D,C,G,B,I,E
A,F,H,D,C,G,E,B,I
A,F,H,D,C,G,E,I,B
A,F,H,D,C,G,I,B,E
A,F,H,D,C,G,I,E,B
A,F,H,D,C,I,B,E,G
A,F,H,D,C,I,B,G,E
A,F,H,D,C,I,E,B,G
A,F,H,D,C,I,E,G,B
A,F,H,D,C,I,G,B,E
A,F,H,D,C,I,G,E,B
A,F,H,D,E,B,C,G,I
A,F,H,D,E,B,C,I,G
A,F,H,D,E,B,G,C,I
A,F,H,D,E,B,G,I,C
A,F,H,D,E,B,I,C,G
A,F,H,D,E,B,I,G,C
A,F,H,D,E,C,B,G,I
A,F,H,D,E,C,B,I,G
A,F,H,D,E,C,G,B,I
A,F,H,D,E,C,G,I,B
A,F,H,D,E,C,I,B,G
A,F,H,D,E,C,I,G,B
A,F,H,D,E,G,B,C,I
A,F,H,D,E,G,B,I,C
A,F,H,D,E,G,C,B,I
A,F,H,D,E,G,C,I,B
A,F,H,D,E,G,I,B,C
A,F,H,D,E,G,I,C,B
A,F,H,D,E,I,B,C,G
A,F,H,D,E,I,B,G,C
A,F,H,D,E,I,C,B,G
A,F,H,D,E,I,C,G,B
A,F,H,D,E,I,G,B,C
A,F,H,D,E,I,G,C,B
A,F,H,D,G,B,C,E,I
A,F,H,D,G,B,C,I,E
A,F,H,D,G,B,E,C,I
A,F,H,D,G,B,E,I,C
A,F,H,D,G,B,I,C,E
A,F,H,D,G,B,I,E,C
A,F,H,D,G,C,B,E,I
A,F,H,D,G,C,B,I,E
A,F,H,D,G,C,E,B,I
A,F,H,D,G,C,E,I,B
A,F,H,D,G,C,I,B,E
A,F,H,D,G,C,I,E,B
A,F,H,D,G,E,B,C,I
A,F,H,D,G,E,B,I,C
A,F,H,D,G,E,C,B,I
A,F,H,D,G,E,C,I,B
A,F,H,D,G,E,I,B,C
A,F,H,D,G,E,I,C,B
A,F,H,D,G,I,B,C,E
A,F,H,D,G,I,B,E,C
A,F,H,D,G,I,C,B,E
A,F,H,D,G,I,C,E,B
A,F,H,D,G,I,E,B,C
A,F,H,D,G,I,E,C,B
A,F,H,D,I,B,C,E,G
A,F,H,D,I,B,C,G,E
A,F,H,D,I,B,E,C,G
A,F,H,D,I,B,E,G,C
A,F,H,D,I,B,G,C,E
A,F,H,D,I,B,G,E,C
A,F,H,D,I,C,B,E,G
A,F,H,D,I,C,B,G,E
A,F,H,D,I,C,E,B,G
A,F,H,D,I,C,E,G,B
A,F,H,D,I,C,G,B,E
A,F,H,D,I,C,G,E,B
A,F,H,D,I,E,B,C,G
A,F,H,D,I,E,B,G,C
A,F,H,D,I,E,C,B,G
A,F,H,D,I,E,C,G,B
A,F,H,D,I,E,G,B,C
A,F,H,D,I,E,G,C,B
A,F,H,D,I,G,B,C,E
A,F,H,D,I,G,B,E,C
A,F,H,D,I,G,C,B,E
A,F,H,D,I,G,C,E,B
A,F,H,D,I,G,E,B,C
A,F,H,D,I,G,E,C,B
A,F,H,E,B,C,D,G,I
A,F,H,E,B,C,D,I,G
A,F,H,E,B,C,G,D,I
A,F,H,E,B,C,G,I,D
A,F,H,E,B,C,I,D,G
A,F,H,E,B,C,I,G,D
A,F,H,E,B,D,C,G,I
A,F,H,E,B,D,C,I,G
A,F,H,E,B,D,G,C,I
A,F,H,E,B,D,G,I,C
A,F,H,E,B,D,I,C,G
A,F,H,E,B,D,I,G,C
A,F,H,E,B,G,C,D,I
A,F,H,E,B,G,C,I,D
A,F,H,E,B,G,D,C,I
A,F,H,E,B,G,D,I,C
A,F,H,E,B,G,I,C,D
A,F,H,E,B,G,I,D,C
A,F,H,E,B,I,C,D,G
A,F,H,E,B,I,C,G,D
A,F,H,E,B,I,D,C,G
A,F,H,E,B,I,D,G,C
A,F,H,E,B,I,G,C,D
A,F,H,E,B,I,G,D,C
A,F,H,E,C,B,D,G,I
A,F,H,E,C,B,D,I,G
A,F,H,E,C,B,G,D,I
A,F,H,E,C,B,G,I,D
A,F,H,E,C,B,I,D,G
A,F,H,E,C,B,I,G,D
A,F,H,E,C,D,B,G,I
A,F,H,E,C,D,B,I,G
A,F,H,E,C,D,G,B,I
A,F,H,E,C,D,G,I,B
A,F,H,E,C,D,I,B,G
A,F,H,E,C,D,I,G,B
A,F,H,E,C,G,B,D,I
A,F,H,E,C,G,B,I,D
A,F,H,E,C,G,D,B,I
A,F,H,E,C,G,D,I,B
A,F,H,E,C,G,I,B,D
A,F,H,E,C,G,I,D,B
A,F,H,E,C,I,B,D,G
A,F,H,E,C,I,B,G,D
A,F,H,E,C,I,D,B,G
A,F,H,E,C,I,D,G,B
A,F,H,E,C,I,G,B,D
A,F,H,E,C,I,G,D,B
A,F,H,E,D,B,C,G,I
A,F,H,E,D,B,C,I,G
A,F,H,E,D,B,G,C,I
A,F,H,E,D,B,G,I,C
A,F,H,E,D,B,I,C,G
A,F,H,E,D,B,I,G,C
A,F,H,E,D,C,B,G,I
A,F,H,E,D,C,B,I,G
A,F,H,E,D,C,G,B,I
A,F,H,E,D,C,G,I,B
A,F,H,E,D,C,I,B,G
A,F,H,E,D,C,I,G,B
A,F,H,E,D,G,B,C,I
A,F,H,E,D,G,B,I,C
A,F,H,E,D,G,C,B,I
A,F,H,E,D,G,C,I,B
A,F,H,E,D,G,I,B,C
A,F,H,E,D,G,I,C,B
A,F,H,E,D,I,B,C,G
A,F,H,E,D,I,B,G,C
A,F,H,E,D,I,C,B,G
A,F,H,E,D,I,C,G,B
A,F,H,E,D,I,G,B,C
A,F,H,E,D,I,G,C,B
A,F,H,E,G,B,C,D,I
A,F,H,E,G,B,C,I,D
A,F,H,E,G,B,D,C,I
A,F,H,E,G,B,D,I,C
A,F,H,E,G,B,I,C,D
A,F,H,E,G,B,I,D,C
A,F,H,E,G,C,B,D,I
A,F,H,E,G,C,B,I,D
A,F,H,E,G,C,D,B,I
A,F,H,E,G,C,D,I,B
A,F,H,E,G,C,I,B,D
A,F,H,E,G,C,I,D,B
A,F,H,E,G,D,B,C,I
A,F,H,E,G,D,B,I,C
A,F,H,E,G,D,C,B,I
A,F,H,E,G,D,C,I,B
A,F,H,E,G,D,I,B,C
A,F,H,E,G,D,I,C,B
A,F,H,E,G,I,B,C,D
A,F,H,E,G,I,B,D,C
A,F,H,E,G,I,C,B,D
A,F,H,E,G,I,C,D,B
A,F,H,E,G,I,D,B,C
A,F,H,E,G,I,D,C,B
A,F,H,E,I,B,C,D,G
A,F,H,E,I,B,C,G,D
A,F,H,E,I,B,D,C,G
A,F,H,E,I,B,D,G,C
A,F,H,E,I,B,G,C,D
A,F,H,E,I,B,G,D,C
A,F,H,E,I,C,B,D,G
A,F,H,E,I,C,B,G,D
A,F,H,E,I,C,D,B,G
A,F,H,E,I,C,D,G,B
A,F,H,E,I,C,G,B,D
A,F,H,E,I,C,G,D,B
A,F,H,E,I,D,B,C,G
A,F,H,E,I,D,B,G,C
A,F,H,E,I,D,C,B,G
A,F,H,E,I,D,C,G,B
A,F,H,E,I,D,G,B,C
A,F,H,E,I,D,G,C,B
A,F,H,E,I,G,B,C,D
A,F,H,E,I,G,B,D,C
A,F,H,E,I,G,C,B,D
A,F,H,E,I,G,C,D,B
A,F,H,E,I,G,D,B,C
A,F,H,E,I,G,D,C,B
A,F,H,G,B,C,D,E,I
A,F,H,G,B,C,D,I,E
A,F,H,G,B,C,E,D,I
A,F,H,G,B,C,E,I,D
A,F,H,G,B,C,I,D,E
A,F,H,G,B,C,I,E,D
A,F,H,G,B,D,C,E,I
A,F,H,G,B,D,C,I,E
A,F,H,G,B,D,E,C,I
A,F,H,G,B,D,E,I,C
A,F,H,G,B,D,I,C,E
A,F,H,G,B,D,I,E,C
A,F,H,G,B,E,C,D,I
A,F,H,G,B,E,C,I,D
A,F,H,G,B,E,D,C,I
A,F,H,G,B,E,D,I,C
A,F,H,G,B,E,I,C,D
A,F,H,G,B,E,I,D,C
A,F,H,G,B,I,C,D,E
A,F,H,G,B,I,C,E,D
A,F,H,G,B,I,D,C,E
A,F,H,G,B,I,D,E,C
A,F,H,G,B,I,E,C,D
A,F,H,G,B,I,E,D,C
A,F,H,G,C,B,D,E,I
A,F,H,G,C,B,D,I,E
A,F,H,G,C,B,E,D,I
A,F,H,G,C,B,E,I,D
A,F,H,G,C,B,I,D,E
A,F,H,G,C,B,I,E,D
A,F,H,G,C,D,B,E,I
A,F,H,G,C,D,B,I,E
A,F,H,G,C,D,E,B,I
A,F,H,G,C,D,E,I,B
A,F,H,G,C,D,I,B,E
A,F,H,G,C,D,I,E,B
A,F,H,G,C,E,B,D,I
A,F,H,G,C,E,B,I,D
A,F,H,G,C,E,D,B,I
A,F,H,G,C,E,D,I,B
A,F,H,G,C,E,I,B,D
A,F,H,G,C,E,I,D,B
A,F,H,G,C,I,B,D,E
A,F,H,G,C,I,B,E,D
A,F,H,G,C,I,D,B,E
A,F,H,G,C,I,D,E,B
A,F,H,G,C,I,E,B,D
A,F,H,G,C,I,E,D,B
A,F,H,G,D,B,C,E,I
A,F,H,G,D,B,C,I,E
A,F,H,G,D,B,E,C,I
A,F,H,G,D,B,E,I,C
A,F,H,G,D,B,I,C,E
A,F,H,G,D,B,I,E,C
A,F,H,G,D,C,B,E,I
A,F,H,G,D,C,B,I,E
A,F,H,G,D,C,E,B,I
A,F,H,G,D,C,E,I,B
A,F,H,G,D,C,I,B,E
A,F,H,G,D,C,I,E,B
A,F,H,G,D,E,B,C,I
A,F,H,G,D,E,B,I,C
A,F,H,G,D,E,C,B,I
A,F,H,G,D,E,C,I,B
A,F,H,G,D,E,I,B,C
A,F,H,G,D,E,I,C,B
A,F,H,G,D,I,B,C,E
A,F,H,G,D,I,B,E,C
A,F,H,G,D,I,C,B,E
A,F,H,G,D,I,C,E,B
A,F,H,G,D,I,E,B,C
A,F,H,G,D,I,E,C,B
A,F,H,G,E,B,C,D,I
A,F,H,G,E,B,C,I,D
A,F,H,G,E,B,D,C,I
A,F,H,G,E,B,D,I,C
A,F,H,G,E,B,I,C,D
A,F,H,G,E,B,I,D,C
A,F,H,G,E,C,B,D,I
A,F,H,G,E,C,B,I,D
A,F,H,G,E,C,D,B,I
A,F,H,G,E,C,D,I,B
A,F,H,G,E,C,I,B,D
A,F,H,G,E,C,I,D,B
A,F,H,G,E,D,B,C,I
A,F,H,G,E,D,B,I,C
A,F,H,G,E,D,C,B,I
A,F,H,G,E,D,C,I,B
A,F,H,G,E,D,I,B,C
A,F,H,G,E,D,I,C,B
A,F,H,G,E,I,B,C,D
A,F,H,G,E,I,B,D,C
A,F,H,G,E,I,C,B,D
A,F,H,G,E,I,C,D,B
A,F,H,G,E,I,D,B,C
A,F,H,G,E,I,D,C,B
A,F,H,G,I,B,C,D,E
A,F,H,G,I,B,C,E,D
A,F,H,G,I,B,D,C,E
A,F,H,G,I,B,D,E,C
A,F,H,G,I,B,E,C,D
A,F,H,G,I,B,E,D,C
A,F,H,G,I,C,B,D,E
A,F,H,G,I,C,B,E,D
A,F,H,G,I,C,D,B,E
A,F,H,G,I,C,D,E,B
A,F,H,G,I,C,E,B,D
A,F,H,G,I,C,E,D,B
A,F,H,G,I,D,B,C,E
A,F,H,G,I,D,B,E,C
A,F,H,G,I,D,C,B,E
A,F,H,G,I,D,C,E,B
A,F,H,G,I,D,E,B,C
A,F,H,G,I,D,E,C,B
A,F,H,G,I,E,B,C,D
A,F,H,G,I,E,B,D,C
A,F,H,G,I,E,C,B,D
A,F,H,G,I,E,C,D,B
A,F,H,G,I,E,D,B,C
A,F,H,G,I,E,D,C,B
A,F,H,I,B,C,D,E,G
A,F,H,I,B,C,D,G,E
A,F,H,I,B,C,E,D,G
A,F,H,I,B,C,E,G,D
A,F,H,I,B,C,G,D,E
A,F,H,I,B,C,G,E,D
A,F,H,I,B,D,C,E,G
A,F,H,I,B,D,C,G,E
A,F,H,I,B,D,E,C,G
A,F,H,I,B,D,E,G,C
A,F,H,I,B,D,G,C,E
A,F,H,I,B,D,G,E,C
A,F,H,I,B,E,C,D,G
A,F,H,I,B,E,C,G,D
A,F,H,I,B,E,D,C,G
A,F,H,I,B,E,D,G,C
A,F,H,I,B,E,G,C,D
A,F,H,I,B,E,G,D,C
A,F,H,I,B,G,C,D,E
A,F,H,I,B,G,C,E,D
A,F,H,I,B,G,D,C,E
A,F,H,I,B,G,D,E,C
A,F,H,I,B,G,E,C,D
A,F,H,I,B,G,E,D,C
A,F,H,I,C,B,D,E,G
A,F,H,I,C,B,D,G,E
A,F,H,I,C,B,E,D,G
A,F,H,I,C,B,E,G,D
A,F,H,I,C,B,G,D,E
A,F,H,I,C,B,G,E,D
A,F,H,I,C,D,B,E,G
A,F,H,I,C,D,B,G,E
A,F,H,I,C,D,E,B,G
A,F,H,I,C,D,E,G,B
A,F,H,I,C,D,G,B,E
A,F,H,I,C,D,G,E,B
A,F,H,I,C,E,B,D,G
A,F,H,I,C,E,B,G,D
A,F,H,I,C,E,D,B,G
A,F,H,I,C,E,D,G,B
A,F,H,I,C,E,G,B,D
A,F,H,I,C,E,G,D,B
A,F,H,I,C,G,B,D,E
A,F,H,I,C,G,B,E,D
A,F,H,I,C,G,D,B,E
A,F,H,I,C,G,D,E,B
A,F,H,I,C,G,E,B,D
A,F,H,I,C,G,E,D,B
A,F,H,I,D,B,C,E,G
A,F,H,I,D,B,C,G,E
A,F,H,I,D,B,E,C,G
A,F,H,I,D,B,E,G,C
A,F,H,I,D,B,G,C,E
A,F,H,I,D,B,G,E,C
A,F,H,I,D,C,B,E,G
A,F,H,I,D,C,B,G,E
A,F,H,I,D,C,E,B,G
A,F,H,I,D,C,E,G,B
A,F,H,I,D,C,G,B,E
A,F,H,I,D,C,G,E,B
A,F,H,I,D,E,B,C,G
A,F,H,I,D,E,B,G,C
A,F,H,I,D,E,C,B,G
A,F,H,I,D,E,C,G,B
A,F,H,I,D,E,G,B,C
A,F,H,I,D,E,G,C,B
A,F,H,I,D,G,B,C,E
A,F,H,I,D,G,B,E,C
A,F,H,I,D,G,C,B,E
A,F,H,I,D,G,C,E,B
A,F,H,I,D,G,E,B,C
A,F,H,I,D,G,E,C,B
A,F,H,I,E,B,C,D,G
A,F,H,I,E,B,C,G,D
A,F,H,I,E,B,D,C,G
A,F,H,I,E,B,D,G,C
A,F,H,I,E,B,G,C,D
A,F,H,I,E,B,G,D,C
A,F,H,I,E,C,B,D,G
A,F,H,I,E,C,B,G,D
A,F,H,I,E,C,D,B,G
A,F,H,I,E,C,D,G,B
A,F,H,I,E,C,G,B,D
A,F,H,I,E,C,G,D,B
A,F,H,I,E,D,B,C,G
A,F,H,I,E,D,B,G,C
A,F,H,I,E,D,C,B,G
A,F,H,I,E,D,C,G,B
A,F,H,I,E,D,G,B,C
A,F,H,I,E,D,G,C,B
A,F,H,I,E,G,B,C,D
A,F,H,I,E,G,B,D,C
A,F,H,I,E,G,C,B,D
A,F,H,I,E,G,C,D,B
A,F,H,I,E,G,D,B,C
A,F,H,I,E,G,D,C,B
A,F,H,I,G,B,C,D,E
A,F,H,I,G,B,C,E,D
A,F,H,I,G,B,D,C,E
A,F,H,I,G,B,D,E,C
A,F,H,I,G,B,E,C,D
A,F,H,I,G,B,E,D,C
A,F,H,I,G,C,B,D,E
A,F,H,I,G,C,B,E,D
A,F,H,I,G,C,D,B,E
A,F,H,I,G,C,D,E,B
A,F,H,I,G,C,E,B,D
A,F,H,I,G,C,E,D,B
A,F,H,I,G,D,B,C,E
A,F,H,I,G,D,B,E,C
A,F,H,I,G,D,C,B,E
A,F,H,I,G,D,C,E,B
A,F,H,I,G,D,E,B,C
A,F,H,I,G,D,E,C,B
A,F,H,I,G,E,B,C,D
A,F,H,I,G,E,B,D,C
A,F,H,I,G,E,C,B,D
A,F,H,I,G,E,C,D,B
A,F,H,I,G,E,D,B,C
A,F,H,I,G,E,D,C,B
A,F,I,B,C,D,E,G,H
A,F,I,B,C,D,E,H,G
A,F,I,B,C,D,G,E,H
A,F,I,B,C,D,G,H,E
A,F,I,B,C,D,H,E,G
A,F,I,B,C,D,H,G,E
A,F,I,B,C,E,D,G,H
A,F,I,B,C,E,D,H,G
A,F,I,B,C,E,G,D,H
A,F,I,B,C,E,G,H,D
A,F,I,B,C,E,H,D,G
A,F,I,B,C,E,H,G,D
A,F,I,B,C,G,D,E,H
A,F,I,B,C,G,D,H,E
A,F,I,B,C,G,E,D,H
A,F,I,B,C,G,E,H,D
A,F,I,B,C,G,H,D,E
A,F,I,B,C,G,H,E,D
A,F,I,B,C,H,D,E,G
A,F,I,B,C,H,D,G,E
A,F,I,B,C,H,E,D,G
A,F,I,B,C,H,E,G,D
A,F,I,B,C,H,G,D,E
A,F,I,B,C,H,G,E,D
A,F,I,B,D,C,E,G,H
A,F,I,B,D,C,E,H,G
A,F,I,B,D,C,G,E,H
A,F,I,B,D,C,G,H,E
A,F,I,B,D,C,H,E,G
A,F,I,B,D,C,H,G,E
A,F,I,B,D,E,C,G,H
A,F,I,B,D,E,C,H,G
A,F,I,B,D,E,G,C,H
A,F,I,B,D,E,G,H,C
A,F,I,B,D,E,H,C,G
A,F,I,B,D,E,H,G,C
A,F,I,B,D,G,C,E,H
A,F,I,B,D,G,C,H,E
A,F,I,B,D,G,E,C,H
A,F,I,B,D,G,E,H,C
A,F,I,B,D,G,H,C,E
A,F,I,B,D,G,H,E,C
A,F,I,B,D,H,C,E,G
A,F,I,B,D,H,C,G,E
A,F,I,B,D,H,E,C,G
A,F,I,B,D,H,E,G,C
A,F,I,B,D,H,G,C,E
A,F,I,B,D,H,G,E,C
A,F,I,B,E,C,D,G,H
A,F,I,B,E,C,D,H,G
A,F,I,B,E,C,G,D,H
A,F,I,B,E,C,G,H,D
A,F,I,B,E,C,H,D,G
A,F,I,B,E,C,H,G,D
A,F,I,B,E,D,C,G,H
A,F,I,B,E,D,C,H,G
A,F,I,B,E,D,G,C,H
A,F,I,B,E,D,G,H,C
A,F,I,B,E,D,H,C,G
A,F,I,B,E,D,H,G,C
A,F,I,B,E,G,C,D,H
A,F,I,B,E,G,C,H,D
A,F,I,B,E,G,D,C,H
A,F,I,B,E,G,D,H,C
A,F,I,B,E,G,H,C,D
A,F,I,B,E,G,H,D,C
A,F,I,B,E,H,C,D,G
A,F,I,B,E,H,C,G,D
A,F,I,B,E,H,D,C,G
A,F,I,B,E,H,D,G,C
A,F,I,B,E,H,G,C,D
A,F,I,B,E,H,G,D,C
A,F,I,B,G,C,D,E,H
A,F,I,B,G,C,D,H,E
A,F,I,B,G,C,E,D,H
A,F,I,B,G,C,E,H,D
A,F,I,B,G,C,H,D,E
A,F,I,B,G,C,H,E,D
A,F,I,B,G,D,C,E,H
A,F,I,B,G,D,C,H,E
A,F,I,B,G,D,E,C,H
A,F,I,B,G,D,E,H,C
A,F,I,B,G,D,H,C,E
A,F,I,B,G,D,H,E,C
A,F,I,B,G,E,C,D,H
A,F,I,B,G,E,C,H,D
A,F,I,B,G,E,D,C,H
A,F,I,B,G,E,D,H,C
A,F,I,B,G,E,H,C,D
A,F,I,B,G,E,H,D,C
A,F,I,B,G,H,C,D,E
A,F,I,B,G,H,C,E,D
A,F,I,B,G,H,D,C,E
A,F,I,B,G,H,D,E,C
A,F,I,B,G,H,E,C,D
A,F,I,B,G,H,E,D,C
A,F,I,B,H,C,D,E,G
A,F,I,B,H,C,D,G,E
A,F,I,B,H,C,E,D,G
A,F,I,B,H,C,E,G,D
A,F,I,B,H,C,G,D,E
A,F,I,B,H,C,G,E,D
A,F,I,B,H,D,C,E,G
A,F,I,B,H,D,C,G,E
A,F,I,B,H,D,E,C,G
A,F,I,B,H,D,E,G,C
A,F,I,B,H,D,G,C,E
A,F,I,B,H,D,G,E,C
A,F,I,B,H,E,C,D,G
A,F,I,B,H,E,C,G,D
A,F,I,B,H,E,D,C,G
A,F,I,B,H,E,D,G,C
A,F,I,B,H,E,G,C,D
A,F,I,B,H,E,G,D,C
A,F,I,B,H,G,C,D,E
A,F,I,B,H,G,C,E,D
A,F,I,B,H,G,D,C,E
A,F,I,B,H,G,D,E,C
A,F,I,B,H,G,E,C,D
A,F,I,B,H,G,E,D,C
A,F,I,C,B,D,E,G,H
A,F,I,C,B,D,E,H,G
A,F,I,C,B,D,G,E,H
A,F,I,C,B,D,G,H,E
A,F,I,C,B,D,H,E,G
A,F,I,C,B,D,H,G,E
A,F,I,C,B,E,D,G,H
A,F,I,C,B,E,D,H,G
A,F,I,C,B,E,G,D,H
A,F,I,C,B,E,G,H,D
A,F,I,C,B,E,H,D,G
A,F,I,C,B,E,H,G,D
A,F,I,C,B,G,D,E,H
A,F,I,C,B,G,D,H,E
A,F,I,C,B,G,E,D,H
A,F,I,C,B,G,E,H,D
A,F,I,C,B,G,H,D,E
A,F,I,C,B,G,H,E,D
A,F,I,C,B,H,D,E,G
A,F,I,C,B,H,D,G,E
A,F,I,C,B,H,E,D,G
A,F,I,C,B,H,E,G,D
A,F,I,C,B,H,G,D,E
A,F,I,C,B,H,G,E,D
A,F,I,C,D,B,E,G,H
A,F,I,C,D,B,E,H,G
A,F,I,C,D,B,G,E,H
A,F,I,C,D,B,G,H,E
A,F,I,C,D,B,H,E,G
A,F,I,C,D,B,H,G,E
A,F,I,C,D,E,B,G,H
A,F,I,C,D,E,B,H,G
A,F,I,C,D,E,G,B,H
A,F,I,C,D,E,G,H,B
A,F,I,C,D,E,H,B,G
A,F,I,C,D,E,H,G,B
A,F,I,C,D,G,B,E,H
A,F,I,C,D,G,B,H,E
A,F,I,C,D,G,E,B,H
A,F,I,C,D,G,E,H,B
A,F,I,C,D,G,H,B,E
A,F,I,C,D,G,H,E,B
A,F,I,C,D,H,B,E,G
A,F,I,C,D,H,B,G,E
A,F,I,C,D,H,E,B,G
A,F,I,C,D,H,E,G,B
A,F,I,C,D,H,G,B,E
A,F,I,C,D,H,G,E,B
A,F,I,C,E,B,D,G,H
A,F,I,C,E,B,D,H,G
A,F,I,C,E,B,G,D,H
A,F,I,C,E,B,G,H,D
A,F,I,C,E,B,H,D,G
A,F,I,C,E,B,H,G,D
A,F,I,C,E,D,B,G,H
A,F,I,C,E,D,B,H,G
A,F,I,C,E,D,G,B,H
A,F,I,C,E,D,G,H,B
A,F,I,C,E,D,H,B,G
A,F,I,C,E,D,H,G,B
A,F,I,C,E,G,B,D,H
A,F,I,C,E,G,B,H,D
A,F,I,C,E,G,D,B,H
A,F,I,C,E,G,D,H,B
A,F,I,C,E,G,H,B,D
A,F,I,C,E,G,H,D,B
A,F,I,C,E,H,B,D,G
A,F,I,C,E,H,B,G,D
A,F,I,C,E,H,D,B,G
A,F,I,C,E,H,D,G,B
A,F,I,C,E,H,G,B,D
A,F,I,C,E,H,G,D,B
A,F,I,C,G,B,D,E,H
A,F,I,C,G,B,D,H,E
A,F,I,C,G,B,E,D,H
A,F,I,C,G,B,E,H,D
A,F,I,C,G,B,H,D,E
A,F,I,C,G,B,H,E,D
A,F,I,C,G,D,B,E,H
A,F,I,C,G,D,B,H,E
A,F,I,C,G,D,E,B,H
A,F,I,C,G,D,E,H,B
A,F,I,C,G,D,H,B,E
A,F,I,C,G,D,H,E,B
A,F,I,C,G,E,B,D,H
A,F,I,C,G,E,B,H,D
A,F,I,C,G,E,D,B,H
A,F,I,C,G,E,D,H,B
A,F,I,C,G,E,H,B,D
A,F,I,C,G,E,H,D,B
A,F,I,C,G,H,B,D,E
A,F,I,C,G,H,B,E,D
A,F,I,C,G,H,D,B,E
A,F,I,C,G,H,D,E,B
A,F,I,C,G,H,E,B,D
A,F,I,C,G,H,E,D,B
A,F,I,C,H,B,D,E,G
A,F,I,C,H,B,D,G,E
A,F,I,C,H,B,E,D,G
A,F,I,C,H,B,E,G,D
A,F,I,C,H,B,G,D,E
A,F,I,C,H,B,G,E,D
A,F,I,C,H,D,B,E,G
A,F,I,C,H,D,B,G,E
A,F,I,C,H,D,E,B,G
A,F,I,C,H,D,E,G,B
A,F,I,C,H,D,G,B,E
A,F,I,C,H,D,G,E,B
A,F,I,C,H,E,B,D,G
A,F,I,C,H,E,B,G,D
A,F,I,C,H,E,D,B,G
A,F,I,C,H,E,D,G,B
A,F,I,C,H,E,G,B,D
A,F,I,C,H,E,G,D,B
A,F,I,C,H,G,B,D,E
A,F,I,C,H,G,B,E,D
A,F,I,C,H,G,D,B,E
A,F,I,C,H,G,D,E,B
A,F,I,C,H,G,E,B,D
A,F,I,C,H,G,E,D,B
A,F,I,D,B,C,E,G,H
A,F,I,D,B,C,E,H,G
A,F,I,D,B,C,G,E,H
A,F,I,D,B,C,G,H,E
A,F,I,D,B,C,H,E,G
A,F,I,D,B,C,H,G,E
A,F,I,D,B,E,C,G,H
A,F,I,D,B,E,C,H,G
A,F,I,D,B,E,G,C,H
A,F,I,D,B,E,G,H,C
A,F,I,D,B,E,H,C,G
A,F,I,D,B,E,H,G,C
A,F,I,D,B,G,C,E,H
A,F,I,D,B,G,C,H,E
A,F,I,D,B,G,E,C,H
A,F,I,D,B,G,E,H,C
A,F,I,D,B,G,H,C,E
A,F,I,D,B,G,H,E,C
A,F,I,D,B,H,C,E,G
A,F,I,D,B,H,C,G,E
A,F,I,D,B,H,E,C,G
A,F,I,D,B,H,E,G,C
A,F,I,D,B,H,G,C,E
A,F,I,D,B,H,G,E,C
A,F,I,D,C,B,E,G,H
A,F,I,D,C,B,E,H,G
A,F,I,D,C,B,G,E,H
A,F,I,D,C,B,G,H,E
A,F,I,D,C,B,H,E,G
A,F,I,D,C,B,H,G,E
A,F,I,D,C,E,B,G,H
A,F,I,D,C,E,B,H,G
A,F,I,D,C,E,G,B,H
A,F,I,D,C,E,G,H,B
A,F,I,D,C,E,H,B,G
A,F,I,D,C,E,H,G,B
A,F,I,D,C,G,B,E,H
A,F,I,D,C,G,B,H,E
A,F,I,D,C,G,E,B,H
A,F,I,D,C,G,E,H,B
A,F,I,D,C,G,H,B,E
A,F,I,D,C,G,H,E,B
A,F,I,D,C,H,B,E,G
A,F,I,D,C,H,B,G,E
A,F,I,D,C,H,E,B,G
A,F,I,D,C,H,E,G,B
A,F,I,D,C,H,G,B,E
A,F,I,D,C,H,G,E,B
A,F,I,D,E,B,C,G,H
A,F,I,D,E,B,C,H,G
A,F,I,D,E,B,G,C,H
A,F,I,D,E,B,G,H,C
A,F,I,D,E,B,H,C,G
A,F,I,D,E,B,H,G,C
A,F,I,D,E,C,B,G,H
A,F,I,D,E,C,B,H,G
A,F,I,D,E,C,G,B,H
A,F,I,D,E,C,G,H,B
A,F,I,D,E,C,H,B,G
A,F,I,D,E,C,H,G,B
A,F,I,D,E,G,B,C,H
A,F,I,D,E,G,B,H,C
A,F,I,D,E,G,C,B,H
A,F,I,D,E,G,C,H,B
A,F,I,D,E,G,H,B,C
A,F,I,D,E,G,H,C,B
A,F,I,D,E,H,B,C,G
A,F,I,D,E,H,B,G,C
A,F,I,D,E,H,C,B,G
A,F,I,D,E,H,C,G,B
A,F,I,D,E,H,G,B,C
A,F,I,D,E,H,G,C,B
A,F,I,D,G,B,C,E,H
A,F,I,D,G,B,C,H,E
A,F,I,D,G,B,E,C,H
A,F,I,D,G,B,E,H,C
A,F,I,D,G,B,H,C,E
A,F,I,D,G,B,H,E,C
A,F,I,D,G,C,B,E,H
A,F,I,D,G,C,B,H,E
A,F,I,D,G,C,E,B,H
A,F,I,D,G,C,E,H,B
A,F,I,D,G,C,H,B,E
A,F,I,D,G,C,H,E,B
A,F,I,D,G,E,B,C,H
A,F,I,D,G,E,B,H,C
A,F,I,D,G,E,C,B,H
A,F,I,D,G,E,C,H,B
A,F,I,D,G,E,H,B,C
A,F,I,D,G,E,H,C,B
A,F,I,D,G,H,B,C,E
A,F,I,D,G,H,B,E,C
A,F,I,D,G,H,C,B,E
A,F,I,D,G,H,C,E,B
A,F,I,D,G,H,E,B,C
A,F,I,D,G,H,E,C,B
A,F,I,D,H,B,C,E,G
A,F,I,D,H,B,C,G,E
A,F,I,D,H,B,E,C,G
A,F,I,D,H,B,E,G,C
A,F,I,D,H,B,G,C,E
A,F,I,D,H,B,G,E,C
A,F,I,D,H,C,B,E,G
A,F,I,D,H,C,B,G,E
A,F,I,D,H,C,E,B,G
A,F,I,D,H,C,E,G,B
A,F,I,D,H,C,G,B,E
A,F,I,D,H,C,G,E,B
A,F,I,D,H,E,B,C,G
A,F,I,D,H,E,B,G,C
A,F,I,D,H,E,C,B,G
A,F,I,D,H,E,C,G,B
A,F,I,D,H,E,G,B,C
A,F,I,D,H,E,G,C,B
A,F,I,D,H,G,B,C,E
A,F,I,D,H,G,B,E,C
A,F,I,D,H,G,C,B,E
A,F,I,D,H,G,C,E,B
A,F,I,D,H,G,E,B,C
A,F,I,D,H,G,E,C,B
A,F,I,E,B,C,D,G,H
A,F,I,E,B,C,D,H,G
A,F,I,E,B,C,G,D,H
A,F,I,E,B,C,G,H,D
A,F,I,E,B,C,H,D,G
A,F,I,E,B,C,H,G,D
A,F,I,E,B,D,C,G,H
A,F,I,E,B,D,C,H,G
A,F,I,E,B,D,G,C,H
A,F,I,E,B,D,G,H,C
A,F,I,E,B,D,H,C,G
A,F,I,E,B,D,H,G,C
A,F,I,E,B,G,C,D,H
A,F,I,E,B,G,C,H,D
A,F,I,E,B,G,D,C,H
A,F,I,E,B,G,D,H,C
A,F,I,E,B,G,H,C,D
A,F,I,E,B,G,H,D,C
A,F,I,E,B,H,C,D,G
A,F,I,E,B,H,C,G,D
A,F,I,E,B,H,D,C,G
A,F,I,E,B,H,D,G,C
A,F,I,E,B,H,G,C,D
A,F,I,E,B,H,G,D,C
A,F,I,E,C,B,D,G,H
A,F,I,E,C,B,D,H,G
A,F,I,E,C,B,G,D,H
A,F,I,E,C,B,G,H,D
A,F,I,E,C,B,H,D,G
A,F,I,E,C,B,H,G,D
A,F,I,E,C,D,B,G,H
A,F,I,E,C,D,B,H,G
A,F,I,E,C,D,G,B,H
A,F,I,E,C,D,G,H,B
A,F,I,E,C,D,H,B,G
A,F,I,E,C,D,H,G,B
A,F,I,E,C,G,B,D,H
A,F,I,E,C,G,B,H,D
A,F,I,E,C,G,D,B,H
A,F,I,E,C,G,D,H,B
A,F,I,E,C,G,H,B,D
A,F,I,E,C,G,H,D,B
A,F,I,E,C,H,B,D,G
A,F,I,E,C,H,B,G,D
A,F,I,E,C,H,D,B,G
A,F,I,E,C,H,D,G,B
A,F,I,E,C,H,G,B,D
A,F,I,E,C,H,G,D,B
A,F,I,E,D,B,C,G,H
A,F,I,E,D,B,C,H,G
A,F,I,E,D,B,G,C,H
A,F,I,E,D,B,G,H,C
A,F,I,E,D,B,H,C,G
A,F,I,E,D,B,H,G,C
A,F,I,E,D,C,B,G,H
A,F,I,E,D,C,B,H,G
A,F,I,E,D,C,G,B,H
A,F,I,E,D,C,G,H,B
A,F,I,E,D,C,H,B,G
A,F,I,E,D,C,H,G,B
A,F,I,E,D,G,B,C,H
A,F,I,E,D,G,B,H,C
A,F,I,E,D,G,C,B,H
A,F,I,E,D,G,C,H,B
A,F,I,E,D,G,H,B,C
A,F,I,E,D,G,H,C,B
A,F,I,E,D,H,B,C,G
A,F,I,E,D,H,B,G,C
A,F,I,E,D,H,C,B,G
A,F,I,E,D,H,C,G,B
A,F,I,E,D,H,G,B,C
A,F,I,E,D,H,G,C,B
A,F,I,E,G,B,C,D,H
A,F,I,E,G,B,C,H,D
A,F,I,E,G,B,D,C,H
A,F,I,E,G,B,D,H,C
A,F,I,E,G,B,H,C,D
A,F,I,E,G,B,H,D,C
A,F,I,E,G,C,B,D,H
A,F,I,E,G,C,B,H,D
A,F,I,E,G,C,D,B,H
A,F,I,E,G,C,D,H,B
A,F,I,E,G,C,H,B,D
A,F,I,E,G,C,H,D,B
A,F,I,E,G,D,B,C,H
A,F,I,E,G,D,B,H,C
A,F,I,E,G,D,C,B,H
A,F,I,E,G,D,C,H,B
A,F,I,E,G,D,H,B,C
A,F,I,E,G,D,H,C,B
A,F,I,E,G,H,B,C,D
A,F,I,E,G,H,B,D,C
A,F,I,E,G,H,C,B,D
A,F,I,E,G,H,C,D,B
A,F,I,E,G,H,D,B,C
A,F,I,E,G,H,D,C,B
A,F,I,E,H,B,C,D,G
A,F,I,E,H,B,C,G,D
A,F,I,E,H,B,D,C,G
A,F,I,E,H,B,D,G,C
A,F,I,E,H,B,G,C,D
A,F,I,E,H,B,G,D,C
A,F,I,E,H,C,B,D,G
A,F,I,E,H,C,B,G,D
A,F,I,E,H,C,D,B,G
A,F,I,E,H,C,D,G,B
A,F,I,E,H,C,G,B,D
A,F,I,E,H,C,G,D,B
A,F,I,E,H,D,B,C,G
A,F,I,E,H,D,B,G,C
A,F,I,E,H,D,C,B,G
A,F,I,E,H,D,C,G,B
A,F,I,E,H,D,G,B,C
A,F,I,E,H,D,G,C,B
A,F,I,E,H,G,B,C,D
A,F,I,E,H,G,B,D,C
A,F,I,E,H,G,C,B,D
A,F,I,E,H,G,C,D,B
A,F,I,E,H,G,D,B,C
A,F,I,E,H,G,D,C,B
A,F,I,G,B,C,D,E,H
A,F,I,G,B,C,D,H,E
A,F,I,G,B,C,E,D,H
A,F,I,G,B,C,E,H,D
A,F,I,G,B,C,H,D,E
A,F,I,G,B,C,H,E,D
A,F,I,G,B,D,C,E,H
A,F,I,G,B,D,C,H,E
A,F,I,G,B,D,E,C,H
A,F,I,G,B,D,E,H,C
A,F,I,G,B,D,H,C,E
A,F,I,G,B,D,H,E,C
A,F,I,G,B,E,C,D,H
A,F,I,G,B,E,C,H,D
A,F,I,G,B,E,D,C,H
A,F,I,G,B,E,D,H,C
A,F,I,G,B,E,H,C,D
A,F,I,G,B,E,H,D,C
A,F,I,G,B,H,C,D,E
A,F,I,G,B,H,C,E,D
A,F,I,G,B,H,D,C,E
A,F,I,G,B,H,D,E,C
A,F,I,G,B,H,E,C,D
A,F,I,G,B,H,E,D,C
A,F,I,G,C,B,D,E,H
A,F,I,G,C,B,D,H,E
A,F,I,G,C,B,E,D,H
A,F,I,G,C,B,E,H,D
A,F,I,G,C,B,H,D,E
A,F,I,G,C,B,H,E,D
A,F,I,G,C,D,B,E,H
A,F,I,G,C,D,B,H,E
A,F,I,G,C,D,E,B,H
A,F,I,G,C,D,E,H,B
A,F,I,G,C,D,H,B,E
A,F,I,G,C,D,H,E,B
A,F,I,G,C,E,B,D,H
A,F,I,G,C,E,B,H,D
A,F,I,G,C,E,D,B,H
A,F,I,G,C,E,D,H,B
A,F,I,G,C,E,H,B,D
A,F,I,G,C,E,H,D,B
A,F,I,G,C,H,B,D,E
A,F,I,G,C,H,B,E,D
A,F,I,G,C,H,D,B,E
A,F,I,G,C,H,D,E,B
A,F,I,G,C,H,E,B,D
A,F,I,G,C,H,E,D,B
A,F,I,G,D,B,C,E,H
A,F,I,G,D,B,C,H,E
A,F,I,G,D,B,E,C,H
A,F,I,G,D,B,E,H,C
A,F,I,G,D,B,H,C,E
A,F,I,G,D,B,H,E,C
A,F,I,G,D,C,B,E,H
A,F,I,G,D,C,B,H,E
A,F,I,G,D,C,E,B,H
A,F,I,G,D,C,E,H,B
A,F,I,G,D,C,H,B,E
A,F,I,G,D,C,H,E,B
A,F,I,G,D,E,B,C,H
A,F,I,G,D,E,B,H,C
A,F,I,G,D,E,C,B,H
A,F,I,G,D,E,C,H,B
A,F,I,G,D,E,H,B,C
A,F,I,G,D,E,H,C,B
A,F,I,G,D,H,B,C,E
A,F,I,G,D,H,B,E,C
A,F,I,G,D,H,C,B,E
A,F,I,G,D,H,C,E,B
A,F,I,G,D,H,E,B,C
A,F,I,G,D,H,E,C,B
A,F,I,G,E,B,C,D,H
A,F,I,G,E,B,C,H,D
A,F,I,G,E,B,D,C,H
A,F,I,G,E,B,D,H,C
A,F,I,G,E,B,H,C,D
A,F,I,G,E,B,H,D,C
A,F,I,G,E,C,B,D,H
A,F,I,G,E,C,B,H,D
A,F,I,G,E,C,D,B,H
A,F,I,G,E,C,D,H,B
A,F,I,G,E,C,H,B,D
A,F,I,G,E,C,H,D,B
A,F,I,G,E,D,B,C,H
A,F,I,G,E,D,B,H,C
A,F,I,G,E,D,C,B,H
A,F,I,G,E,D,C,H,B
A,F,I,G,E,D,H,B,C
A,F,I,G,E,D,H,C,B
A,F,I,G,E,H,B,C,D
A,F,I,G,E,H,B,D,C
A,F,I,G,E,H,C,B,D
A,F,I,G,E,H,C,D,B
A,F,I,G,E,H,D,B,C
A,F,I,G,E,H,D,C,B
A,F,I,G,H,B,C,D,E
A,F,I,G,H,B,C,E,D
A,F,I,G,H,B,D,C,E
A,F,I,G,H,B,D,E,C
A,F,I,G,H,B,E,C,D
A,F,I,G,H,B,E,D,C
A,F,I,G,H,C,B,D,E
A,F,I,G,H,C,B,E,D
A,F,I,G,H,C,D,B,E
A,F,I,G,H,C,D,E,B
A,F,I,G,H,C,E,B,D
A,F,I,G,H,C,E,D,B
A,F,I,G,H,D,B,C,E
A,F,I,G,H,D,B,E,C
A,F,I,G,H,D,C,B,E
A,F,I,G,H,D,C,E,B
A,F,I,G,H,D,E,B,C
A,F,I,G,H,D,E,C,B
A,F,I,G,H,E,B,C,D
A,F,I,G,H,E,B,D,C
A,F,I,G,H,E,C,B,D
A,F,I,G,H,E,C,D,B
A,F,I,G,H,E,D,B,C
A,F,I,G,H,E,D,C,B
A,F,I,H,B,C,D,E,G
A,F,I,H,B,C,D,G,E
A,F,I,H,B,C,E,D,G
A,F,I,H,B,C,E,G,D
A,F,I,H,B,C,G,D,E
A,F,I,H,B,C,G,E,D
A,F,I,H,B,D,C,E,G
A,F,I,H,B,D,C,G,E
A,F,I,H,B,D,E,C,G
A,F,I,H,B,D,E,G,C
A,F,I,H,B,D,G,C,E
A,F,I,H,B,D,G,E,C
A,F,I,H,B,E,C,D,G
A,F,I,H,B,E,C,G,D
A,F,I,H,B,E,D,C,G
A,F,I,H,B,E,D,G,C
A,F,I,H,B,E,G,C,D
A,F,I,H,B,E,G,D,C
A,F,I,H,B,G,C,D,E
A,F,I,H,B,G,C,E,D
A,F,I,H,B,G,D,C,E
A,F,I,H,B,G,D,E,C
A,F,I,H,B,G,E,C,D
A,F,I,H,B,G,E,D,C
A,F,I,H,C,B,D,E,G
A,F,I,H,C,B,D,G,E
A,F,I,H,C,B,E,D,G
A,F,I,H,C,B,E,G,D
A,F,I,H,C,B,G,D,E
A,F,I,H,C,B,G,E,D
A,F,I,H,C,D,B,E,G
A,F,I,H,C,D,B,G,E
A,F,I,H,C,D,E,B,G
A,F,I,H,C,D,E,G,B
A,F,I,H,C,D,G,B,E
A,F,I,H,C,D,G,E,B
A,F,I,H,C,E,B,D,G
A,F,I,H,C,E,B,G,D
A,F,I,H,C,E,D,B,G
A,F,I,H,C,E,D,G,B
A,F,I,H,C,E,G,B,D
A,F,I,H,C,E,G,D,B
A,F,I,H,C,G,B,D,E
A,F,I,H,C,G,B,E,D
A,F,I,H,C,G,D,B,E
A,F,I,H,C,G,D,E,B
A,F,I,H,C,G,E,B,D
A,F,I,H,C,G,E,D,B
A,F,I,H,D,B,C,E,G
A,F,I,H,D,B,C,G,E
A,F,I,H,D,B,E,C,G
A,F,I,H,D,B,E,G,C
A,F,I,H,D,B,G,C,E
A,F,I,H,D,B,G,E,C
A,F,I,H,D,C,B,E,G
A,F,I,H,D,C,B,G,E
A,F,I,H,D,C,E,B,G
A,F,I,H,D,C,E,G,B
A,F,I,H,D,C,G,B,E
A,F,I,H,D,C,G,E,B
A,F,I,H,D,E,B,C,G
A,F,I,H,D,E,B,G,C
A,F,I,H,D,E,C,B,G
A,F,I,H,D,E,C,G,B
A,F,I,H,D,E,G,B,C
A,F,I,H,D,E,G,C,B
A,F,I,H,D,G,B,C,E
A,F,I,H,D,G,B,E,C
A,F,I,H,D,G,C,B,E
A,F,I,H,D,G,C,E,B
A,F,I,H,D,G,E,B,C
A,F,I,H,D,G,E,C,B
A,F,I,H,E,B,C,D,G
A,F,I,H,E,B,C,G,D
A,F,I,H,E,B,D,C,G
A,F,I,H,E,B,D,G,C
A,F,I,H,E,B,G,C,D
A,F,I,H,E,B,G,D,C
A,F,I,H,E,C,B,D,G
A,F,I,H,E,C,B,G,D
A,F,I,H,E,C,D,B,G
A,F,I,H,E,C,D,G,B
A,F,I,H,E,C,G,B,D
A,F,I,H,E,C,G,D,B
A,F,I,H,E,D,B,C,G
A,F,I,H,E,D,B,G,C
A,F,I,H,E,D,C,B,G
A,F,I,H,E,D,C,G,B
A,F,I,H,E,D,G,B,C
A,F,I,H,E,D,G,C,B
A,F,I,H,E,G,B,C,D
A,F,I,H,E,G,B,D,C
A,F,I,H,E,G,C,B,D
A,F,I,H,E,G,C,D,B
A,F,I,H,E,G,D,B,C
A,F,I,H,E,G,D,C,B
A,F,I,H,G,B,C,D,E
A,F,I,H,G,B,C,E,D
A,F,I,H,G,B,D,C,E
A,F,I,H,G,B,D,E,C
A,F,I,H,G,B,E,C,D
A,F,I,H,G,B,E,D,C
A,F,I,H,G,C,B,D,E
A,F,I,H,G,C,B,E,D
A,F,I,H,G,C,D,B,E
A,F,I,H,G,C,D,E,B
A,F,I,H,G,C,E,B,D
A,F,I,H,G,C,E,D,B
A,F,I,H,G,D,B,C,E
A,F,I,H,G,D,B,E,C
A,F,I,H,G,D,C,B,E
A,F,I,H,G,D,C,E,B
A,F,I,H,G,D,E,B,C
A,F,I,H,G,D,E,C,B
A,F,I,H,G,E,B,C,D
A,F,I,H,G,E,B,D,C
A,F,I,H,G,E,C,B,D
A,F,I,H,G,E,C,D,B
A,F,I,H,G,E,D,B,C
A,F,I,H,G,E,D,C,B
A,G,B,C,D,E,F,H,I
A,G,B,C,D,E,F,I,H
A,G,B,C,D,E,H,F,I
A,G,B,C,D,E,H,I,F
A,G,B,C,D,E,I,F,H
A,G,B,C,D,E,I,H,F
A,G,B,C,D,F,E,H,I
A,G,B,C,D,F,E,I,H
A,G,B,C,D,F,H,E,I
A,G,B,C,D,F,H,I,E
A,G,B,C,D,F,I,E,H
A,G,B,C,D,F,I,H,E
A,G,B,C,D,H,E,F,I
A,G,B,C,D,H,E,I,F
A,G,B,C,D,H,F,E,I
A,G,B,C,D,H,F,I,E
A,G,B,C,D,H,I,E,F
A,G,B,C,D,H,I,F,E
A,G,B,C,D,I,E,F,H
A,G,B,C,D,I,E,H,F
A,G,B,C,D,I,F,E,H
A,G,B,C,D,I,F,H,E
A,G,B,C,D,I,H,E,F
A,G,B,C,D,I,H,F,E
A,G,B,C,E,D,F,H,I
A,G,B,C,E,D,F,I,H
A,G,B,C,E,D,H,F,I
A,G,B,C,E,D,H,I,F
A,G,B,C,E,D,I,F,H
A,G,B,C,E,D,I,H,F
A,G,B,C,E,F,D,H,I
A,G,B,C,E,F,D,I,H
A,G,B,C,E,F,H,D,I
A,G,B,C,E,F,H,I,D
A,G,B,C,E,F,I,D,H
A,G,B,C,E,F,I,H,D
A,G,B,C,E,H,D,F,I
A,G,B,C,E,H,D,I,F
A,G,B,C,E,H,F,D,I
A,G,B,C,E,H,F,I,D
A,G,B,C,E,H,I,D,F
A,G,B,C,E,H,I,F,D
A,G,B,C,E,I,D,F,H
A,G,B,C,E,I,D,H,F
A,G,B,C,E,I,F,D,H
A,G,B,C,E,I,F,H,D
A,G,B,C,E,I,H,D,F
A,G,B,C,E,I,H,F,D
A,G,B,C,F,D,E,H,I
A,G,B,C,F,D,E,I,H
A,G,B,C,F,D,H,E,I
A,G,B,C,F,D,H,I,E
A,G,B,C,F,D,I,E,H
A,G,B,C,F,D,I,H,E
A,G,B,C,F,E,D,H,I
A,G,B,C,F,E,D,I,H
A,G,B,C,F,E,H,D,I
A,G,B,C,F,E,H,I,D
A,G,B,C,F,E,I,D,H
A,G,B,C,F,E,I,H,D
A,G,B,C,F,H,D,E,I
A,G,B,C,F,H,D,I,E
A,G,B,C,F,H,E,D,I
A,G,B,C,F,H,E,I,D
A,G,B,C,F,H,I,D,E
A,G,B,C,F,H,I,E,D
A,G,B,C,F,I,D,E,H
A,G,B,C,F,I,D,H,E
A,G,B,C,F,I,E,D,H
A,G,B,C,F,I,E,H,D
A,G,B,C,F,I,H,D,E
A,G,B,C,F,I,H,E,D
A,G,B,C,H,D,E,F,I
A,G,B,C,H,D,E,I,F
A,G,B,C,H,D,F,E,I
A,G,B,C,H,D,F,I,E
A,G,B,C,H,D,I,E,F
A,G,B,C,H,D,I,F,E
A,G,B,C,H,E,D,F,I
A,G,B,C,H,E,D,I,F
A,G,B,C,H,E,F,D,I
A,G,B,C,H,E,F,I,D
A,G,B,C,H,E,I,D,F
A,G,B,C,H,E,I,F,D
A,G,B,C,H,F,D,E,I
A,G,B,C,H,F,D,I,E
A,G,B,C,H,F,E,D,I
A,G,B,C,H,F,E,I,D
A,G,B,C,H,F,I,D,E
A,G,B,C,H,F,I,E,D
A,G,B,C,H,I,D,E,F
A,G,B,C,H,I,D,F,E
A,G,B,C,H,I,E,D,F
A,G,B,C,H,I,E,F,D
A,G,B,C,H,I,F,D,E
A,G,B,C,H,I,F,E,D
A,G,B,C,I,D,E,F,H
A,G,B,C,I,D,E,H,F
A,G,B,C,I,D,F,E,H
A,G,B,C,I,D,F,H,E
A,G,B,C,I,D,H,E,F
A,G,B,C,I,D,H,F,E
A,G,B,C,I,E,D,F,H
A,G,B,C,I,E,D,H,F
A,G,B,C,I,E,F,D,H
A,G,B,C,I,E,F,H,D
A,G,B,C,I,E,H,D,F
A,G,B,C,I,E,H,F,D
A,G,B,C,I,F,D,E,H
A,G,B,C,I,F,D,H,E
A,G,B,C,I,F,E,D,H
A,G,B,C,I,F,E,H,D
A,G,B,C,I,F,H,D,E
A,G,B,C,I,F,H,E,D
A,G,B,C,I,H,D,E,F
A,G,B,C,I,H,D,F,E
A,G,B,C,I,H,E,D,F
A,G,B,C,I,H,E,F,D
A,G,B,C,I,H,F,D,E
A,G,B,C,I,H,F,E,D
A,G,B,D,C,E,F,H,I
A,G,B,D,C,E,F,I,H
A,G,B,D,C,E,H,F,I
A,G,B,D,C,E,H,I,F
A,G,B,D,C,E,I,F,H
A,G,B,D,C,E,I,H,F
A,G,B,D,C,F,E,H,I
A,G,B,D,C,F,E,I,H
A,G,B,D,C,F,H,E,I
A,G,B,D,C,F,H,I,E
A,G,B,D,C,F,I,E,H
A,G,B,D,C,F,I,H,E
A,G,B,D,C,H,E,F,I
A,G,B,D,C,H,E,I,F
A,G,B,D,C,H,F,E,I
A,G,B,D,C,H,F,I,E
A,G,B,D,C,H,I,E,F
A,G,B,D,C,H,I,F,E
A,G,B,D,C,I,E,F,H
A,G,B,D,C,I,E,H,F
A,G,B,D,C,I,F,E,H
A,G,B,D,C,I,F,H,E
A,G,B,D,C,I,H,E,F
A,G,B,D,C,I,H,F,E
A,G,B,D,E,C,F,H,I
A,G,B,D,E,C,F,I,H
A,G,B,D,E,C,H,F,I
A,G,B,D,E,C,H,I,F
A,G,B,D,E,C,I,F,H
A,G,B,D,E,C,I,H,F
A,G,B,D,E,F,C,H,I
A,G,B,D,E,F,C,I,H
A,G,B,D,E,F,H,C,I
A,G,B,D,E,F,H,I,C
A,G,B,D,E,F,I,C,H
A,G,B,D,E,F,I,H,C
A,G,B,D,E,H,C,F,I
A,G,B,D,E,H,C,I,F
A,G,B,D,E,H,F,C,I
A,G,B,D,E,H,F,I,C
A,G,B,D,E,H,I,C,F
A,G,B,D,E,H,I,F,C
A,G,B,D,E,I,C,F,H
A,G,B,D,E,I,C,H,F
A,G,B,D,E,I,F,C,H
A,G,B,D,E,I,F,H,C
A,G,B,D,E,I,H,C,F
A,G,B,D,E,I,H,F,C
A,G,B,D,F,C,E,H,I
A,G,B,D,F,C,E,I,H
A,G,B,D,F,C,H,E,I
A,G,B,D,F,C,H,I,E
A,G,B,D,F,C,I,E,H
A,G,B,D,F,C,I,H,E
A,G,B,D,F,E,C,H,I
A,G,B,D,F,E,C,I,H
A,G,B,D,F,E,H,C,I
A,G,B,D,F,E,H,I,C
A,G,B,D,F,E,I,C,H
A,G,B,D,F,E,I,H,C
A,G,B,D,F,H,C,E,I
A,G,B,D,F,H,C,I,E
A,G,B,D,F,H,E,C,I
A,G,B,D,F,H,E,I,C
A,G,B,D,F,H,I,C,E
A,G,B,D,F,H,I,E,C
A,G,B,D,F,I,C,E,H
A,G,B,D,F,I,C,H,E
A,G,B,D,F,I,E,C,H
A,G,B,D,F,I,E,H,C
A,G,B,D,F,I,H,C,E
A,G,B,D,F,I,H,E,C
A,G,B,D,H,C,E,F,I
A,G,B,D,H,C,E,I,F
A,G,B,D,H,C,F,E,I
A,G,B,D,H,C,F,I,E
A,G,B,D,H,C,I,E,F
A,G,B,D,H,C,I,F,E
A,G,B,D,H,E,C,F,I
A,G,B,D,H,E,C,I,F
A,G,B,D,H,E,F,C,I
A,G,B,D,H,E,F,I,C
A,G,B,D,H,E,I,C,F
A,G,B,D,H,E,I,F,C
A,G,B,D,H,F,C,E,I
A,G,B,D,H,F,C,I,E
A,G,B,D,H,F,E,C,I
A,G,B,D,H,F,E,I,C
A,G,B,D,H,F,I,C,E
A,G,B,D,H,F,I,E,C
A,G,B,D,H,I,C,E,F
A,G,B,D,H,I,C,F,E
A,G,B,D,H,I,E,C,F
A,G,B,D,H,I,E,F,C
A,G,B,D,H,I,F,C,E
A,G,B,D,H,I,F,E,C
A,G,B,D,I,C,E,F,H
A,G,B,D,I,C,E,H,F
A,G,B,D,I,C,F,E,H
A,G,B,D,I,C,F,H,E
A,G,B,D,I,C,H,E,F
A,G,B,D,I,C,H,F,E
A,G,B,D,I,E,C,F,H
A,G,B,D,I,E,C,H,F
A,G,B,D,I,E,F,C,H
A,G,B,D,I,E,F,H,C
A,G,B,D,I,E,H,C,F
A,G,B,D,I,E,H,F,C
A,G,B,D,I,F,C,E,H
A,G,B,D,I,F,C,H,E
A,G,B,D,I,F,E,C,H
A,G,B,D,I,F,E,H,C
A,G,B,D,I,F,H,C,E
A,G,B,D,I,F,H,E,C
A,G,B,D,I,H,C,E,F
A,G,B,D,I,H,C,F,E
A,G,B,D,I,H,E,C,F
A,G,B,D,I,H,E,F,C
A,G,B,D,I,H,F,C,E
A,G,B,D,I,H,F,E,C
A,G,B,E,C,D,F,H,I
A,G,B,E,C,D,F,I,H
A,G,B,E,C,D,H,F,I
A,G,B,E,C,D,H,I,F
A,G,B,E,C,D,I,F,H
A,G,B,E,C,D,I,H,F
A,G,B,E,C,F,D,H,I
A,G,B,E,C,F,D,I,H
A,G,B,E,C,F,H,D,I
A,G,B,E,C,F,H,I,D
A,G,B,E,C,F,I,D,H
A,G,B,E,C,F,I,H,D
A,G,B,E,C,H,D,F,I
A,G,B,E,C,H,D,I,F
A,G,B,E,C,H,F,D,I
A,G,B,E,C,H,F,I,D
A,G,B,E,C,H,I,D,F
A,G,B,E,C,H,I,F,D
A,G,B,E,C,I,D,F,H
A,G,B,E,C,I,D,H,F
A,G,B,E,C,I,F,D,H
A,G,B,E,C,I,F,H,D
A,G,B,E,C,I,H,D,F
A,G,B,E,C,I,H,F,D
A,G,B,E,D,C,F,H,I
A,G,B,E,D,C,F,I,H
A,G,B,E,D,C,H,F,I
A,G,B,E,D,C,H,I,F
A,G,B,E,D,C,I,F,H
A,G,B,E,D,C,I,H,F
A,G,B,E,D,F,C,H,I
A,G,B,E,D,F,C,I,H
A,G,B,E,D,F,H,C,I
A,G,B,E,D,F,H,I,C
A,G,B,E,D,F,I,C,H
A,G,B,E,D,F,I,H,C
A,G,B,E,D,H,C,F,I
A,G,B,E,D,H,C,I,F
A,G,B,E,D,H,F,C,I
A,G,B,E,D,H,F,I,C
A,G,B,E,D,H,I,C,F
A,G,B,E,D,H,I,F,C
A,G,B,E,D,I,C,F,H
A,G,B,E,D,I,C,H,F
A,G,B,E,D,I,F,C,H
A,G,B,E,D,I,F,H,C
A,G,B,E,D,I,H,C,F
A,G,B,E,D,I,H,F,C
A,G,B,E,F,C,D,H,I
A,G,B,E,F,C,D,I,H
A,G,B,E,F,C,H,D,I
A,G,B,E,F,C,H,I,D
A,G,B,E,F,C,I,D,H
A,G,B,E,F,C,I,H,D
A,G,B,E,F,D,C,H,I
A,G,B,E,F,D,C,I,H
A,G,B,E,F,D,H,C,I
A,G,B,E,F,D,H,I,C
A,G,B,E,F,D,I,C,H
A,G,B,E,F,D,I,H,C
A,G,B,E,F,H,C,D,I
A,G,B,E,F,H,C,I,D
A,G,B,E,F,H,D,C,I
A,G,B,E,F,H,D,I,C
A,G,B,E,F,H,I,C,D
A,G,B,E,F,H,I,D,C
A,G,B,E,F,I,C,D,H
A,G,B,E,F,I,C,H,D
A,G,B,E,F,I,D,C,H
A,G,B,E,F,I,D,H,C
A,G,B,E,F,I,H,C,D
A,G,B,E,F,I,H,D,C
A,G,B,E,H,C,D,F,I
A,G,B,E,H,C,D,I,F
A,G,B,E,H,C,F,D,I
A,G,B,E,H,C,F,I,D
A,G,B,E,H,C,I,D,F
A,G,B,E,H,C,I,F,D
A,G,B,E,H,D,C,F,I
A,G,B,E,H,D,C,I,F
A,G,B,E,H,D,F,C,I
A,G,B,E,H,D,F,I,C
A,G,B,E,H,D,I,C,F
A,G,B,E,H,D,I,F,C
A,G,B,E,H,F,C,D,I
A,G,B,E,H,F,C,I,D
A,G,B,E,H,F,D,C,I
A,G,B,E,H,F,D,I,C
A,G,B,E,H,F,I,C,D
A,G,B,E,H,F,I,D,C
A,G,B,E,H,I,C,D,F
A,G,B,E,H,I,C,F,D
A,G,B,E,H,I,D,C,F
A,G,B,E,H,I,D,F,C
A,G,B,E,H,I,F,C,D
A,G,B,E,H,I,F,D,C
A,G,B,E,I,C,D,F,H
A,G,B,E,I,C,D,H,F
A,G,B,E,I,C,F,D,H
A,G,B,E,I,C,F,H,D
A,G,B,E,I,C,H,D,F
A,G,B,E,I,C,H,F,D
A,G,B,E,I,D,C,F,H
A,G,B,E,I,D,C,H,F
A,G,B,E,I,D,F,C,H
A,G,B,E,I,D,F,H,C
A,G,B,E,I,D,H,C,F
A,G,B,E,I,D,H,F,C
A,G,B,E,I,F,C,D,H
A,G,B,E,I,F,C,H,D
A,G,B,E,I,F,D,C,H
A,G,B,E,I,F,D,H,C
A,G,B,E,I,F,H,C,D
A,G,B,E,I,F,H,D,C
A,G,B,E,I,H,C,D,F
A,G,B,E,I,H,C,F,D
A,G,B,E,I,H,D,C,F
A,G,B,E,I,H,D,F,C
A,G,B,E,I,H,F,C,D
A,G,B,E,I,H,F,D,C
A,G,B,F,C,D,E,H,I
A,G,B,F,C,D,E,I,H
A,G,B,F,C,D,H,E,I
A,G,B,F,C,D,H,I,E
A,G,B,F,C,D,I,E,H
A,G,B,F,C,D,I,H,E
A,G,B,F,C,E,D,H,I
A,G,B,F,C,E,D,I,H
A,G,B,F,C,E,H,D,I
A,G,B,F,C,E,H,I,D
A,G,B,F,C,E,I,D,H
A,G,B,F,C,E,I,H,D
A,G,B,F,C,H,D,E,I
A,G,B,F,C,H,D,I,E
A,G,B,F,C,H,E,D,I
A,G,B,F,C,H,E,I,D
A,G,B,F,C,H,I,D,E
A,G,B,F,C,H,I,E,D
A,G,B,F,C,I,D,E,H
A,G,B,F,C,I,D,H,E
A,G,B,F,C,I,E,D,H
A,G,B,F,C,I,E,H,D
A,G,B,F,C,I,H,D,E
A,G,B,F,C,I,H,E,D
A,G,B,F,D,C,E,H,I
A,G,B,F,D,C,E,I,H
A,G,B,F,D,C,H,E,I
A,G,B,F,D,C,H,I,E
A,G,B,F,D,C,I,E,H
A,G,B,F,D,C,I,H,E
A,G,B,F,D,E,C,H,I
A,G,B,F,D,E,C,I,H
A,G,B,F,D,E,H,C,I
A,G,B,F,D,E,H,I,C
A,G,B,F,D,E,I,C,H
A,G,B,F,D,E,I,H,C
A,G,B,F,D,H,C,E,I
A,G,B,F,D,H,C,I,E
A,G,B,F,D,H,E,C,I
A,G,B,F,D,H,E,I,C
A,G,B,F,D,H,I,C,E
A,G,B,F,D,H,I,E,C
A,G,B,F,D,I,C,E,H
A,G,B,F,D,I,C,H,E
A,G,B,F,D,I,E,C,H
A,G,B,F,D,I,E,H,C
A,G,B,F,D,I,H,C,E
A,G,B,F,D,I,H,E,C
A,G,B,F,E,C,D,H,I
A,G,B,F,E,C,D,I,H
A,G,B,F,E,C,H,D,I
A,G,B,F,E,C,H,I,D
A,G,B,F,E,C,I,D,H
A,G,B,F,E,C,I,H,D
A,G,B,F,E,D,C,H,I
A,G,B,F,E,D,C,I,H
A,G,B,F,E,D,H,C,I
A,G,B,F,E,D,H,I,C
A,G,B,F,E,D,I,C,H
A,G,B,F,E,D,I,H,C
A,G,B,F,E,H,C,D,I
A,G,B,F,E,H,C,I,D
A,G,B,F,E,H,D,C,I
A,G,B,F,E,H,D,I,C
A,G,B,F,E,H,I,C,D
A,G,B,F,E,H,I,D,C
A,G,B,F,E,I,C,D,H
A,G,B,F,E,I,C,H,D
A,G,B,F,E,I,D,C,H
A,G,B,F,E,I,D,H,C
A,G,B,F,E,I,H,C,D
A,G,B,F,E,I,H,D,C
A,G,B,F,H,C,D,E,I
A,G,B,F,H,C,D,I,E
A,G,B,F,H,C,E,D,I
A,G,B,F,H,C,E,I,D
A,G,B,F,H,C,I,D,E
A,G,B,F,H,C,I,E,D
A,G,B,F,H,D,C,E,I
A,G,B,F,H,D,C,I,E
A,G,B,F,H,D,E,C,I
A,G,B,F,H,D,E,I,C
A,G,B,F,H,D,I,C,E
A,G,B,F,H,D,I,E,C
A,G,B,F,H,E,C,D,I
A,G,B,F,H,E,C,I,D
A,G,B,F,H,E,D,C,I
A,G,B,F,H,E,D,I,C
A,G,B,F,H,E,I,C,D
A,G,B,F,H,E,I,D,C
A,G,B,F,H,I,C,D,E
A,G,B,F,H,I,C,E,D
A,G,B,F,H,I,D,C,E
A,G,B,F,H,I,D,E,C
A,G,B,F,H,I,E,C,D
A,G,B,F,H,I,E,D,C
A,G,B,F,I,C,D,E,H
A,G,B,F,I,C,D,H,E
A,G,B,F,I,C,E,D,H
A,G,B,F,I,C,E,H,D
A,G,B,F,I,C,H,D,E
A,G,B,F,I,C,H,E,D
A,G,B,F,I,D,C,E,H
A,G,B,F,I,D,C,H,E
A,G,B,F,I,D,E,C,H
A,G,B,F,I,D,E,H,C
A,G,B,F,I,D,H,C,E
A,G,B,F,I,D,H,E,C
A,G,B,F,I,E,C,D,H
A,G,B,F,I,E,C,H,D
A,G,B,F,I,E,D,C,H
A,G,B,F,I,E,D,H,C
A,G,B,F,I,E,H,C,D
A,G,B,F,I,E,H,D,C
A,G,B,F,I,H,C,D,E
A,G,B,F,I,H,C,E,D
A,G,B,F,I,H,D,C,E
A,G,B,F,I,H,D,E,C
A,G,B,F,I,H,E,C,D
A,G,B,F,I,H,E,D,C
A,G,B,H,C,D,E,F,I
A,G,B,H,C,D,E,I,F
A,G,B,H,C,D,F,E,I
A,G,B,H,C,D,F,I,E
A,G,B,H,C,D,I,E,F
A,G,B,H,C,D,I,F,E
A,G,B,H,C,E,D,F,I
A,G,B,H,C,E,D,I,F
A,G,B,H,C,E,F,D,I
A,G,B,H,C,E,F,I,D
A,G,B,H,C,E,I,D,F
A,G,B,H,C,E,I,F,D
A,G,B,H,C,F,D,E,I
A,G,B,H,C,F,D,I,E
A,G,B,H,C,F,E,D,I
A,G,B,H,C,F,E,I,D
A,G,B,H,C,F,I,D,E
A,G,B,H,C,F,I,E,D
A,G,B,H,C,I,D,E,F
A,G,B,H,C,I,D,F,E
A,G,B,H,C,I,E,D,F
A,G,B,H,C,I,E,F,D
A,G,B,H,C,I,F,D,E
A,G,B,H,C,I,F,E,D
A,G,B,H,D,C,E,F,I
A,G,B,H,D,C,E,I,F
A,G,B,H,D,C,F,E,I
A,G,B,H,D,C,F,I,E
A,G,B,H,D,C,I,E,F
A,G,B,H,D,C,I,F,E
A,G,B,H,D,E,C,F,I
A,G,B,H,D,E,C,I,F
A,G,B,H,D,E,F,C,I
A,G,B,H,D,E,F,I,C
A,G,B,H,D,E,I,C,F
A,G,B,H,D,E,I,F,C
A,G,B,H,D,F,C,E,I
A,G,B,H,D,F,C,I,E
A,G,B,H,D,F,E,C,I
A,G,B,H,D,F,E,I,C
A,G,B,H,D,F,I,C,E
A,G,B,H,D,F,I,E,C
A,G,B,H,D,I,C,E,F
A,G,B,H,D,I,C,F,E
A,G,B,H,D,I,E,C,F
A,G,B,H,D,I,E,F,C
A,G,B,H,D,I,F,C,E
A,G,B,H,D,I,F,E,C
A,G,B,H,E,C,D,F,I
A,G,B,H,E,C,D,I,F
A,G,B,H,E,C,F,D,I
A,G,B,H,E,C,F,I,D
A,G,B,H,E,C,I,D,F
A,G,B,H,E,C,I,F,D
A,G,B,H,E,D,C,F,I
A,G,B,H,E,D,C,I,F
A,G,B,H,E,D,F,C,I
A,G,B,H,E,D,F,I,C
A,G,B,H,E,D,I,C,F
A,G,B,H,E,D,I,F,C
A,G,B,H,E,F,C,D,I
A,G,B,H,E,F,C,I,D
A,G,B,H,E,F,D,C,I
A,G,B,H,E,F,D,I,C
A,G,B,H,E,F,I,C,D
A,G,B,H,E,F,I,D,C
A,G,B,H,E,I,C,D,F
A,G,B,H,E,I,C,F,D
A,G,B,H,E,I,D,C,F
A,G,B,H,E,I,D,F,C
A,G,B,H,E,I,F,C,D
A,G,B,H,E,I,F,D,C
A,G,B,H,F,C,D,E,I
A,G,B,H,F,C,D,I,E
A,G,B,H,F,C,E,D,I
A,G,B,H,F,C,E,I,D
A,G,B,H,F,C,I,D,E
A,G,B,H,F,C,I,E,D
A,G,B,H,F,D,C,E,I
A,G,B,H,F,D,C,I,E
A,G,B,H,F,D,E,C,I
A,G,B,H,F,D,E,I,C
A,G,B,H,F,D,I,C,E
A,G,B,H,F,D,I,E,C
A,G,B,H,F,E,C,D,I
A,G,B,H,F,E,C,I,D
A,G,B,H,F,E,D,C,I
A,G,B,H,F,E,D,I,C
A,G,B,H,F,E,I,C,D
A,G,B,H,F,E,I,D,C
A,G,B,H,F,I,C,D,E
A,G,B,H,F,I,C,E,D
A,G,B,H,F,I,D,C,E
A,G,B,H,F,I,D,E,C
A,G,B,H,F,I,E,C,D
A,G,B,H,F,I,E,D,C
A,G,B,H,I,C,D,E,F
A,G,B,H,I,C,D,F,E
A,G,B,H,I,C,E,D,F
A,G,B,H,I,C,E,F,D
A,G,B,H,I,C,F,D,E
A,G,B,H,I,C,F,E,D
A,G,B,H,I,D,C,E,F
A,G,B,H,I,D,C,F,E
A,G,B,H,I,D,E,C,F
A,G,B,H,I,D,E,F,C
A,G,B,H,I,D,F,C,E
A,G,B,H,I,D,F,E,C
A,G,B,H,I,E,C,D,F
A,G,B,H,I,E,C,F,D
A,G,B,H,I,E,D,C,F
A,G,B,H,I,E,D,F,C
A,G,B,H,I,E,F,C,D
A,G,B,H,I,E,F,D,C
A,G,B,H,I,F,C,D,E
A,G,B,H,I,F,C,E,D
A,G,B,H,I,F,D,C,E
A,G,B,H,I,F,D,E,C
A,G,B,H,I,F,E,C,D
A,G,B,H,I,F,E,D,C
A,G,B,I,C,D,E,F,H
A,G,B,I,C,D,E,H,F
A,G,B,I,C,D,F,E,H
A,G,B,I,C,D,F,H,E
A,G,B,I,C,D,H,E,F
A,G,B,I,C,D,H,F,E
A,G,B,I,C,E,D,F,H
A,G,B,I,C,E,D,H,F
A,G,B,I,C,E,F,D,H
A,G,B,I,C,E,F,H,D
A,G,B,I,C,E,H,D,F
A,G,B,I,C,E,H,F,D
A,G,B,I,C,F,D,E,H
A,G,B,I,C,F,D,H,E
A,G,B,I,C,F,E,D,H
A,G,B,I,C,F,E,H,D
A,G,B,I,C,F,H,D,E
A,G,B,I,C,F,H,E,D
A,G,B,I,C,H,D,E,F
A,G,B,I,C,H,D,F,E
A,G,B,I,C,H,E,D,F
A,G,B,I,C,H,E,F,D
A,G,B,I,C,H,F,D,E
A,G,B,I,C,H,F,E,D
A,G,B,I,D,C,E,F,H
A,G,B,I,D,C,E,H,F
A,G,B,I,D,C,F,E,H
A,G,B,I,D,C,F,H,E
A,G,B,I,D,C,H,E,F
A,G,B,I,D,C,H,F,E
A,G,B,I,D,E,C,F,H
A,G,B,I,D,E,C,H,F
A,G,B,I,D,E,F,C,H
A,G,B,I,D,E,F,H,C
A,G,B,I,D,E,H,C,F
A,G,B,I,D,E,H,F,C
A,G,B,I,D,F,C,E,H
A,G,B,I,D,F,C,H,E
A,G,B,I,D,F,E,C,H
A,G,B,I,D,F,E,H,C
A,G,B,I,D,F,H,C,E
A,G,B,I,D,F,H,E,C
A,G,B,I,D,H,C,E,F
A,G,B,I,D,H,C,F,E
A,G,B,I,D,H,E,C,F
A,G,B,I,D,H,E,F,C
A,G,B,I,D,H,F,C,E
A,G,B,I,D,H,F,E,C
A,G,B,I,E,C,D,F,H
A,G,B,I,E,C,D,H,F
A,G,B,I,E,C,F,D,H
A,G,B,I,E,C,F,H,D
A,G,B,I,E,C,H,D,F
A,G,B,I,E,C,H,F,D
A,G,B,I,E,D,C,F,H
A,G,B,I,E,D,C,H,F
A,G,B,I,E,D,F,C,H
A,G,B,I,E,D,F,H,C
A,G,B,I,E,D,H,C,F
A,G,B,I,E,D,H,F,C
A,G,B,I,E,F,C,D,H
A,G,B,I,E,F,C,H,D
A,G,B,I,E,F,D,C,H
A,G,B,I,E,F,D,H,C
A,G,B,I,E,F,H,C,D
A,G,B,I,E,F,H,D,C
A,G,B,I,E,H,C,D,F
A,G,B,I,E,H,C,F,D
A,G,B,I,E,H,D,C,F
A,G,B,I,E,H,D,F,C
A,G,B,I,E,H,F,C,D
A,G,B,I,E,H,F,D,C
A,G,B,I,F,C,D,E,H
A,G,B,I,F,C,D,H,E
A,G,B,I,F,C,E,D,H
A,G,B,I,F,C,E,H,D
A,G,B,I,F,C,H,D,E
A,G,B,I,F,C,H,E,D
A,G,B,I,F,D,C,E,H
A,G,B,I,F,D,C,H,E
A,G,B,I,F,D,E,C,H
A,G,B,I,F,D,E,H,C
A,G,B,I,F,D,H,C,E
A,G,B,I,F,D,H,E,C
A,G,B,I,F,E,C,D,H
A,G,B,I,F,E,C,H,D
A,G,B,I,F,E,D,C,H
A,G,B,I,F,E,D,H,C
A,G,B,I,F,E,H,C,D
A,G,B,I,F,E,H,D,C
A,G,B,I,F,H,C,D,E
A,G,B,I,F,H,C,E,D
A,G,B,I,F,H,D,C,E
A,G,B,I,F,H,D,E,C
A,G,B,I,F,H,E,C,D
A,G,B,I,F,H,E,D,C
A,G,B,I,H,C,D,E,F
A,G,B,I,H,C,D,F,E
A,G,B,I,H,C,E,D,F
A,G,B,I,H,C,E,F,D
A,G,B,I,H,C,F,D,E
A,G,B,I,H,C,F,E,D
A,G,B,I,H,D,C,E,F
A,G,B,I,H,D,C,F,E
A,G,B,I,H,D,E,C,F
A,G,B,I,H,D,E,F,C
A,G,B,I,H,D,F,C,E
A,G,B,I,H,D,F,E,C
A,G,B,I,H,E,C,D,F
A,G,B,I,H,E,C,F,D
A,G,B,I,H,E,D,C,F
A,G,B,I,H,E,D,F,C
A,G,B,I,H,E,F,C,D
A,G,B,I,H,E,F,D,C
A,G,B,I,H,F,C,D,E
A,G,B,I,H,F,C,E,D
A,G,B,I,H,F,D,C,E
A,G,B,I,H,F,D,E,C
A,G,B,I,H,F,E,C,D
A,G,B,I,H,F,E,D,C
A,G,C,B,D,E,F,H,I
A,G,C,B,D,E,F,I,H
A,G,C,B,D,E,H,F,I
A,G,C,B,D,E,H,I,F
A,G,C,B,D,E,I,F,H
A,G,C,B,D,E,I,H,F
A,G,C,B,D,F,E,H,I
A,G,C,B,D,F,E,I,H
A,G,C,B,D,F,H,E,I
A,G,C,B,D,F,H,I,E
A,G,C,B,D,F,I,E,H
A,G,C,B,D,F,I,H,E
A,G,C,B,D,H,E,F,I
A,G,C,B,D,H,E,I,F
A,G,C,B,D,H,F,E,I
A,G,C,B,D,H,F,I,E
A,G,C,B,D,H,I,E,F
A,G,C,B,D,H,I,F,E
A,G,C,B,D,I,E,F,H
A,G,C,B,D,I,E,H,F
A,G,C,B,D,I,F,E,H
A,G,C,B,D,I,F,H,E
A,G,C,B,D,I,H,E,F
A,G,C,B,D,I,H,F,E
A,G,C,B,E,D,F,H,I
A,G,C,B,E,D,F,I,H
A,G,C,B,E,D,H,F,I
A,G,C,B,E,D,H,I,F
A,G,C,B,E,D,I,F,H
A,G,C,B,E,D,I,H,F
A,G,C,B,E,F,D,H,I
A,G,C,B,E,F,D,I,H
A,G,C,B,E,F,H,D,I
A,G,C,B,E,F,H,I,D
A,G,C,B,E,F,I,D,H
A,G,C,B,E,F,I,H,D
A,G,C,B,E,H,D,F,I
A,G,C,B,E,H,D,I,F
A,G,C,B,E,H,F,D,I
A,G,C,B,E,H,F,I,D
A,G,C,B,E,H,I,D,F
A,G,C,B,E,H,I,F,D
A,G,C,B,E,I,D,F,H
A,G,C,B,E,I,D,H,F
A,G,C,B,E,I,F,D,H
A,G,C,B,E,I,F,H,D
A,G,C,B,E,I,H,D,F
A,G,C,B,E,I,H,F,D
A,G,C,B,F,D,E,H,I
A,G,C,B,F,D,E,I,H
A,G,C,B,F,D,H,E,I
A,G,C,B,F,D,H,I,E
A,G,C,B,F,D,I,E,H
A,G,C,B,F,D,I,H,E
A,G,C,B,F,E,D,H,I
A,G,C,B,F,E,D,I,H
A,G,C,B,F,E,H,D,I
A,G,C,B,F,E,H,I,D
A,G,C,B,F,E,I,D,H
A,G,C,B,F,E,I,H,D
A,G,C,B,F,H,D,E,I
A,G,C,B,F,H,D,I,E
A,G,C,B,F,H,E,D,I
A,G,C,B,F,H,E,I,D
A,G,C,B,F,H,I,D,E
A,G,C,B,F,H,I,E,D
A,G,C,B,F,I,D,E,H
A,G,C,B,F,I,D,H,E
A,G,C,B,F,I,E,D,H
A,G,C,B,F,I,E,H,D
A,G,C,B,F,I,H,D,E
A,G,C,B,F,I,H,E,D
A,G,C,B,H,D,E,F,I
A,G,C,B,H,D,E,I,F
A,G,C,B,H,D,F,E,I
A,G,C,B,H,D,F,I,E
A,G,C,B,H,D,I,E,F
A,G,C,B,H,D,I,F,E
A,G,C,B,H,E,D,F,I
A,G,C,B,H,E,D,I,F
A,G,C,B,H,E,F,D,I
A,G,C,B,H,E,F,I,D
A,G,C,B,H,E,I,D,F
A,G,C,B,H,E,I,F,D
A,G,C,B,H,F,D,E,I
A,G,C,B,H,F,D,I,E
A,G,C,B,H,F,E,D,I
A,G,C,B,H,F,E,I,D
A,G,C,B,H,F,I,D,E
A,G,C,B,H,F,I,E,D
A,G,C,B,H,I,D,E,F
A,G,C,B,H,I,D,F,E
A,G,C,B,H,I,E,D,F
A,G,C,B,H,I,E,F,D
A,G,C,B,H,I,F,D,E
A,G,C,B,H,I,F,E,D
A,G,C,B,I,D,E,F,H
A,G,C,B,I,D,E,H,F
A,G,C,B,I,D,F,E,H
A,G,C,B,I,D,F,H,E
A,G,C,B,I,D,H,E,F
A,G,C,B,I,D,H,F,E
A,G,C,B,I,E,D,F,H
A,G,C,B,I,E,D,H,F
A,G,C,B,I,E,F,D,H
A,G,C,B,I,E,F,H,D
A,G,C,B,I,E,H,D,F
A,G,C,B,I,E,H,F,D
A,G,C,B,I,F,D,E,H
A,G,C,B,I,F,D,H,E
A,G,C,B,I,F,E,D,H
A,G,C,B,I,F,E,H,D
A,G,C,B,I,F,H,D,E
A,G,C,B,I,F,H,E,D
A,G,C,B,I,H,D,E,F
A,G,C,B,I,H,D,F,E
A,G,C,B,I,H,E,D,F
A,G,C,B,I,H,E,F,D
A,G,C,B,I,H,F,D,E
A,G,C,B,I,H,F,E,D
A,G,C,D,B,E,F,H,I
A,G,C,D,B,E,F,I,H
A,G,C,D,B,E,H,F,I
A,G,C,D,B,E,H,I,F
A,G,C,D,B,E,I,F,H
A,G,C,D,B,E,I,H,F
A,G,C,D,B,F,E,H,I
A,G,C,D,B,F,E,I,H
A,G,C,D,B,F,H,E,I
A,G,C,D,B,F,H,I,E
A,G,C,D,B,F,I,E,H
A,G,C,D,B,F,I,H,E
A,G,C,D,B,H,E,F,I
A,G,C,D,B,H,E,I,F
A,G,C,D,B,H,F,E,I
A,G,C,D,B,H,F,I,E
A,G,C,D,B,H,I,E,F
A,G,C,D,B,H,I,F,E
A,G,C,D,B,I,E,F,H
A,G,C,D,B,I,E,H,F
A,G,C,D,B,I,F,E,H
A,G,C,D,B,I,F,H,E
A,G,C,D,B,I,H,E,F
A,G,C,D,B,I,H,F,E
A,G,C,D,E,B,F,H,I
A,G,C,D,E,B,F,I,H
A,G,C,D,E,B,H,F,I
A,G,C,D,E,B,H,I,F
A,G,C,D,E,B,I,F,H
A,G,C,D,E,B,I,H,F
A,G,C,D,E,F,B,H,I
A,G,C,D,E,F,B,I,H
A,G,C,D,E,F,H,B,I
A,G,C,D,E,F,H,I,B
A,G,C,D,E,F,I,B,H
A,G,C,D,E,F,I,H,B
A,G,C,D,E,H,B,F,I
A,G,C,D,E,H,B,I,F
A,G,C,D,E,H,F,B,I
A,G,C,D,E,H,F,I,B
A,G,C,D,E,H,I,B,F
A,G,C,D,E,H,I,F,B
A,G,C,D,E,I,B,F,H
A,G,C,D,E,I,B,H,F
A,G,C,D,E,I,F,B,H
A,G,C,D,E,I,F,H,B
A,G,C,D,E,I,H,B,F
A,G,C,D,E,I,H,F,B
A,G,C,D,F,B,E,H,I
A,G,C,D,F,B,E,I,H
A,G,C,D,F,B,H,E,I
A,G,C,D,F,B,H,I,E
A,G,C,D,F,B,I,E,H
A,G,C,D,F,B,I,H,E
A,G,C,D,F,E,B,H,I
A,G,C,D,F,E,B,I,H
A,G,C,D,F,E,H,B,I
A,G,C,D,F,E,H,I,B
A,G,C,D,F,E,I,B,H
A,G,C,D,F,E,I,H,B
A,G,C,D,F,H,B,E,I
A,G,C,D,F,H,B,I,E
A,G,C,D,F,H,E,B,I
A,G,C,D,F,H,E,I,B
A,G,C,D,F,H,I,B,E
A,G,C,D,F,H,I,E,B
A,G,C,D,F,I,B,E,H
A,G,C,D,F,I,B,H,E
A,G,C,D,F,I,E,B,H
A,G,C,D,F,I,E,H,B
A,G,C,D,F,I,H,B,E
A,G,C,D,F,I,H,E,B
A,G,C,D,H,B,E,F,I
A,G,C,D,H,B,E,I,F
A,G,C,D,H,B,F,E,I
A,G,C,D,H,B,F,I,E
A,G,C,D,H,B,I,E,F
A,G,C,D,H,B,I,F,E
A,G,C,D,H,E,B,F,I
A,G,C,D,H,E,B,I,F
A,G,C,D,H,E,F,B,I
A,G,C,D,H,E,F,I,B
A,G,C,D,H,E,I,B,F
A,G,C,D,H,E,I,F,B
A,G,C,D,H,F,B,E,I
A,G,C,D,H,F,B,I,E
A,G,C,D,H,F,E,B,I
A,G,C,D,H,F,E,I,B
A,G,C,D,H,F,I,B,E
A,G,C,D,H,F,I,E,B
A,G,C,D,H,I,B,E,F
A,G,C,D,H,I,B,F,E
A,G,C,D,H,I,E,B,F
A,G,C,D,H,I,E,F,B
A,G,C,D,H,I,F,B,E
A,G,C,D,H,I,F,E,B
A,G,C,D,I,B,E,F,H
A,G,C,D,I,B,E,H,F
A,G,C,D,I,B,F,E,H
A,G,C,D,I,B,F,H,E
A,G,C,D,I,B,H,E,F
A,G,C,D,I,B,H,F,E
A,G,C,D,I,E,B,F,H
A,G,C,D,I,E,B,H,F
A,G,C,D,I,E,F,B,H
A,G,C,D,I,E,F,H,B
A,G,C,D,I,E,H,B,F
A,G,C,D,I,E,H,F,B
A,G,C,D,I,F,B,E,H
A,G,C,D,I,F,B,H,E
A,G,C,D,I,F,E,B,H
A,G,C,D,I,F,E,H,B
A,G,C,D,I,F,H,B,E
A,G,C,D,I,F,H,E,B
A,G,C,D,I,H,B,E,F
A,G,C,D,I,H,B,F,E
A,G,C,D,I,H,E,B,F
A,G,C,D,I,H,E,F,B
A,G,C,D,I,H,F,B,E
A,G,C,D,I,H,F,E,B
A,G,C,E,B,D,F,H,I
A,G,C,E,B,D,F,I,H
A,G,C,E,B,D,H,F,I
A,G,C,E,B,D,H,I,F
A,G,C,E,B,D,I,F,H
A,G,C,E,B,D,I,H,F
A,G,C,E,B,F,D,H,I
A,G,C,E,B,F,D,I,H
A,G,C,E,B,F,H,D,I
A,G,C,E,B,F,H,I,D
A,G,C,E,B,F,I,D,H
A,G,C,E,B,F,I,H,D
A,G,C,E,B,H,D,F,I
A,G,C,E,B,H,D,I,F
A,G,C,E,B,H,F,D,I
A,G,C,E,B,H,F,I,D
A,G,C,E,B,H,I,D,F
A,G,C,E,B,H,I,F,D
A,G,C,E,B,I,D,F,H
A,G,C,E,B,I,D,H,F
A,G,C,E,B,I,F,D,H
A,G,C,E,B,I,F,H,D
A,G,C,E,B,I,H,D,F
A,G,C,E,B,I,H,F,D
A,G,C,E,D,B,F,H,I
A,G,C,E,D,B,F,I,H
A,G,C,E,D,B,H,F,I
A,G,C,E,D,B,H,I,F
A,G,C,E,D,B,I,F,H
A,G,C,E,D,B,I,H,F
A,G,C,E,D,F,B,H,I
A,G,C,E,D,F,B,I,H
A,G,C,E,D,F,H,B,I
A,G,C,E,D,F,H,I,B
A,G,C,E,D,F,I,B,H
A,G,C,E,D,F,I,H,B
A,G,C,E,D,H,B,F,I
A,G,C,E,D,H,B,I,F
A,G,C,E,D,H,F,B,I
A,G,C,E,D,H,F,I,B
A,G,C,E,D,H,I,B,F
A,G,C,E,D,H,I,F,B
A,G,C,E,D,I,B,F,H
A,G,C,E,D,I,B,H,F
A,G,C,E,D,I,F,B,H
A,G,C,E,D,I,F,H,B
A,G,C,E,D,I,H,B,F
A,G,C,E,D,I,H,F,B
A,G,C,E,F,B,D,H,I
A,G,C,E,F,B,D,I,H
A,G,C,E,F,B,H,D,I
A,G,C,E,F,B,H,I,D
A,G,C,E,F,B,I,D,H
A,G,C,E,F,B,I,H,D
A,G,C,E,F,D,B,H,I
A,G,C,E,F,D,B,I,H
A,G,C,E,F,D,H,B,I
A,G,C,E,F,D,H,I,B
A,G,C,E,F,D,I,B,H
A,G,C,E,F,D,I,H,B
A,G,C,E,F,H,B,D,I
A,G,C,E,F,H,B,I,D
A,G,C,E,F,H,D,B,I
A,G,C,E,F,H,D,I,B
A,G,C,E,F,H,I,B,D
A,G,C,E,F,H,I,D,B
A,G,C,E,F,I,B,D,H
A,G,C,E,F,I,B,H,D
A,G,C,E,F,I,D,B,H
A,G,C,E,F,I,D,H,B
A,G,C,E,F,I,H,B,D
A,G,C,E,F,I,H,D,B
A,G,C,E,H,B,D,F,I
A,G,C,E,H,B,D,I,F
A,G,C,E,H,B,F,D,I
A,G,C,E,H,B,F,I,D
A,G,C,E,H,B,I,D,F
A,G,C,E,H,B,I,F,D
A,G,C,E,H,D,B,F,I
A,G,C,E,H,D,B,I,F
A,G,C,E,H,D,F,B,I
A,G,C,E,H,D,F,I,B
A,G,C,E,H,D,I,B,F
A,G,C,E,H,D,I,F,B
A,G,C,E,H,F,B,D,I
A,G,C,E,H,F,B,I,D
A,G,C,E,H,F,D,B,I
A,G,C,E,H,F,D,I,B
A,G,C,E,H,F,I,B,D
A,G,C,E,H,F,I,D,B
A,G,C,E,H,I,B,D,F
A,G,C,E,H,I,B,F,D
A,G,C,E,H,I,D,B,F
A,G,C,E,H,I,D,F,B
A,G,C,E,H,I,F,B,D
A,G,C,E,H,I,F,D,B
A,G,C,E,I,B,D,F,H
A,G,C,E,I,B,D,H,F
A,G,C,E,I,B,F,D,H
A,G,C,E,I,B,F,H,D
A,G,C,E,I,B,H,D,F
A,G,C,E,I,B,H,F,D
A,G,C,E,I,D,B,F,H
A,G,C,E,I,D,B,H,F
A,G,C,E,I,D,F,B,H
A,G,C,E,I,D,F,H,B
A,G,C,E,I,D,H,B,F
A,G,C,E,I,D,H,F,B
A,G,C,E,I,F,B,D,H
A,G,C,E,I,F,B,H,D
A,G,C,E,I,F,D,B,H
A,G,C,E,I,F,D,H,B
A,G,C,E,I,F,H,B,D
A,G,C,E,I,F,H,D,B
A,G,C,E,I,H,B,D,F
A,G,C,E,I,H,B,F,D
A,G,C,E,I,H,D,B,F
A,G,C,E,I,H,D,F,B
A,G,C,E,I,H,F,B,D
A,G,C,E,I,H,F,D,B
A,G,C,F,B,D,E,H,I
A,G,C,F,B,D,E,I,H
A,G,C,F,B,D,H,E,I
A,G,C,F,B,D,H,I,E
A,G,C,F,B,D,I,E,H
A,G,C,F,B,D,I,H,E
A,G,C,F,B,E,D,H,I
A,G,C,F,B,E,D,I,H
A,G,C,F,B,E,H,D,I
A,G,C,F,B,E,H,I,D
A,G,C,F,B,E,I,D,H
A,G,C,F,B,E,I,H,D
A,G,C,F,B,H,D,E,I
A,G,C,F,B,H,D,I,E
A,G,C,F,B,H,E,D,I
A,G,C,F,B,H,E,I,D
A,G,C,F,B,H,I,D,E
A,G,C,F,B,H,I,E,D
A,G,C,F,B,I,D,E,H
A,G,C,F,B,I,D,H,E
A,G,C,F,B,I,E,D,H
A,G,C,F,B,I,E,H,D
A,G,C,F,B,I,H,D,E
A,G,C,F,B,I,H,E,D
A,G,C,F,D,B,E,H,I
A,G,C,F,D,B,E,I,H
A,G,C,F,D,B,H,E,I
A,G,C,F,D,B,H,I,E
A,G,C,F,D,B,I,E,H
A,G,C,F,D,B,I,H,E
A,G,C,F,D,E,B,H,I
A,G,C,F,D,E,B,I,H
A,G,C,F,D,E,H,B,I
A,G,C,F,D,E,H,I,B
A,G,C,F,D,E,I,B,H
A,G,C,F,D,E,I,H,B
A,G,C,F,D,H,B,E,I
A,G,C,F,D,H,B,I,E
A,G,C,F,D,H,E,B,I
A,G,C,F,D,H,E,I,B
A,G,C,F,D,H,I,B,E
A,G,C,F,D,H,I,E,B
A,G,C,F,D,I,B,E,H
A,G,C,F,D,I,B,H,E
A,G,C,F,D,I,E,B,H
A,G,C,F,D,I,E,H,B
A,G,C,F,D,I,H,B,E
A,G,C,F,D,I,H,E,B
A,G,C,F,E,B,D,H,I
A,G,C,F,E,B,D,I,H
A,G,C,F,E,B,H,D,I
A,G,C,F,E,B,H,I,D
A,G,C,F,E,B,I,D,H
A,G,C,F,E,B,I,H,D
A,G,C,F,E,D,B,H,I
A,G,C,F,E,D,B,I,H
A,G,C,F,E,D,H,B,I
A,G,C,F,E,D,H,I,B
A,G,C,F,E,D,I,B,H
A,G,C,F,E,D,I,H,B
A,G,C,F,E,H,B,D,I
A,G,C,F,E,H,B,I,D
A,G,C,F,E,H,D,B,I
A,G,C,F,E,H,D,I,B
A,G,C,F,E,H,I,B,D
A,G,C,F,E,H,I,D,B
A,G,C,F,E,I,B,D,H
A,G,C,F,E,I,B,H,D
A,G,C,F,E,I,D,B,H
A,G,C,F,E,I,D,H,B
A,G,C,F,E,I,H,B,D
A,G,C,F,E,I,H,D,B
A,G,C,F,H,B,D,E,I
A,G,C,F,H,B,D,I,E
A,G,C,F,H,B,E,D,I
A,G,C,F,H,B,E,I,D
A,G,C,F,H,B,I,D,E
A,G,C,F,H,B,I,E,D
A,G,C,F,H,D,B,E,I
A,G,C,F,H,D,B,I,E
A,G,C,F,H,D,E,B,I
A,G,C,F,H,D,E,I,B
A,G,C,F,H,D,I,B,E
A,G,C,F,H,D,I,E,B
A,G,C,F,H,E,B,D,I
A,G,C,F,H,E,B,I,D
A,G,C,F,H,E,D,B,I
A,G,C,F,H,E,D,I,B
A,G,C,F,H,E,I,B,D
A,G,C,F,H,E,I,D,B
A,G,C,F,H,I,B,D,E
A,G,C,F,H,I,B,E,D
A,G,C,F,H,I,D,B,E
A,G,C,F,H,I,D,E,B
A,G,C,F,H,I,E,B,D
A,G,C,F,H,I,E,D,B
A,G,C,F,I,B,D,E,H
A,G,C,F,I,B,D,H,E
A,G,C,F,I,B,E,D,H
A,G,C,F,I,B,E,H,D
A,G,C,F,I,B,H,D,E
A,G,C,F,I,B,H,E,D
A,G,C,F,I,D,B,E,H
A,G,C,F,I,D,B,H,E
A,G,C,F,I,D,E,B,H
A,G,C,F,I,D,E,H,B
A,G,C,F,I,D,H,B,E
A,G,C,F,I,D,H,E,B
A,G,C,F,I,E,B,D,H
A,G,C,F,I,E,B,H,D
A,G,C,F,I,E,D,B,H
A,G,C,F,I,E,D,H,B
A,G,C,F,I,E,H,B,D
A,G,C,F,I,E,H,D,B
A,G,C,F,I,H,B,D,E
A,G,C,F,I,H,B,E,D
A,G,C,F,I,H,D,B,E
A,G,C,F,I,H,D,E,B
A,G,C,F,I,H,E,B,D
A,G,C,F,I,H,E,D,B
A,G,C,H,B,D,E,F,I
A,G,C,H,B,D,E,I,F
A,G,C,H,B,D,F,E,I
A,G,C,H,B,D,F,I,E
A,G,C,H,B,D,I,E,F
A,G,C,H,B,D,I,F,E
A,G,C,H,B,E,D,F,I
A,G,C,H,B,E,D,I,F
A,G,C,H,B,E,F,D,I
A,G,C,H,B,E,F,I,D
A,G,C,H,B,E,I,D,F
A,G,C,H,B,E,I,F,D
A,G,C,H,B,F,D,E,I
A,G,C,H,B,F,D,I,E
A,G,C,H,B,F,E,D,I
A,G,C,H,B,F,E,I,D
A,G,C,H,B,F,I,D,E
A,G,C,H,B,F,I,E,D
A,G,C,H,B,I,D,E,F
A,G,C,H,B,I,D,F,E
A,G,C,H,B,I,E,D,F
A,G,C,H,B,I,E,F,D
A,G,C,H,B,I,F,D,E
A,G,C,H,B,I,F,E,D
A,G,C,H,D,B,E,F,I
A,G,C,H,D,B,E,I,F
A,G,C,H,D,B,F,E,I
A,G,C,H,D,B,F,I,E
A,G,C,H,D,B,I,E,F
A,G,C,H,D,B,I,F,E
A,G,C,H,D,E,B,F,I
A,G,C,H,D,E,B,I,F
A,G,C,H,D,E,F,B,I
A,G,C,H,D,E,F,I,B
A,G,C,H,D,E,I,B,F
A,G,C,H,D,E,I,F,B
A,G,C,H,D,F,B,E,I
A,G,C,H,D,F,B,I,E
A,G,C,H,D,F,E,B,I
A,G,C,H,D,F,E,I,B
A,G,C,H,D,F,I,B,E
A,G,C,H,D,F,I,E,B
A,G,C,H,D,I,B,E,F
A,G,C,H,D,I,B,F,E
A,G,C,H,D,I,E,B,F
A,G,C,H,D,I,E,F,B
A,G,C,H,D,I,F,B,E
A,G,C,H,D,I,F,E,B
A,G,C,H,E,B,D,F,I
A,G,C,H,E,B,D,I,F
A,G,C,H,E,B,F,D,I
A,G,C,H,E,B,F,I,D
A,G,C,H,E,B,I,D,F
A,G,C,H,E,B,I,F,D
A,G,C,H,E,D,B,F,I
A,G,C,H,E,D,B,I,F
A,G,C,H,E,D,F,B,I
A,G,C,H,E,D,F,I,B
A,G,C,H,E,D,I,B,F
A,G,C,H,E,D,I,F,B
A,G,C,H,E,F,B,D,I
A,G,C,H,E,F,B,I,D
A,G,C,H,E,F,D,B,I
A,G,C,H,E,F,D,I,B
A,G,C,H,E,F,I,B,D
A,G,C,H,E,F,I,D,B
A,G,C,H,E,I,B,D,F
A,G,C,H,E,I,B,F,D
A,G,C,H,E,I,D,B,F
A,G,C,H,E,I,D,F,B
A,G,C,H,E,I,F,B,D
A,G,C,H,E,I,F,D,B
A,G,C,H,F,B,D,E,I
A,G,C,H,F,B,D,I,E
A,G,C,H,F,B,E,D,I
A,G,C,H,F,B,E,I,D
A,G,C,H,F,B,I,D,E
A,G,C,H,F,B,I,E,D
A,G,C,H,F,D,B,E,I
A,G,C,H,F,D,B,I,E
A,G,C,H,F,D,E,B,I
A,G,C,H,F,D,E,I,B
A,G,C,H,F,D,I,B,E
A,G,C,H,F,D,I,E,B
A,G,C,H,F,E,B,D,I
A,G,C,H,F,E,B,I,D
A,G,C,H,F,E,D,B,I
A,G,C,H,F,E,D,I,B
A,G,C,H,F,E,I,B,D
A,G,C,H,F,E,I,D,B
A,G,C,H,F,I,B,D,E
A,G,C,H,F,I,B,E,D
A,G,C,H,F,I,D,B,E
A,G,C,H,F,I,D,E,B
A,G,C,H,F,I,E,B,D
A,G,C,H,F,I,E,D,B
A,G,C,H,I,B,D,E,F
A,G,C,H,I,B,D,F,E
A,G,C,H,I,B,E,D,F
A,G,C,H,I,B,E,F,D
A,G,C,H,I,B,F,D,E
A,G,C,H,I,B,F,E,D
A,G,C,H,I,D,B,E,F
A,G,C,H,I,D,B,F,E
A,G,C,H,I,D,E,B,F
A,G,C,H,I,D,E,F,B
A,G,C,H,I,D,F,B,E
A,G,C,H,I,D,F,E,B
A,G,C,H,I,E,B,D,F
A,G,C,H,I,E,B,F,D
A,G,C,H,I,E,D,B,F
A,G,C,H,I,E,D,F,B
A,G,C,H,I,E,F,B,D
A,G,C,H,I,E,F,D,B
A,G,C,H,I,F,B,D,E
A,G,C,H,I,F,B,E,D
A,G,C,H,I,F,D,B,E
A,G,C,H,I,F,D,E,B
A,G,C,H,I,F,E,B,D
A,G,C,H,I,F,E,D,B
A,G,C,I,B,D,E,F,H
A,G,C,I,B,D,E,H,F
A,G,C,I,B,D,F,E,H
A,G,C,I,B,D,F,H,E
A,G,C,I,B,D,H,E,F
A,G,C,I,B,D,H,F,E
A,G,C,I,B,E,D,F,H
A,G,C,I,B,E,D,H,F
A,G,C,I,B,E,F,D,H
A,G,C,I,B,E,F,H,D
A,G,C,I,B,E,H,D,F
A,G,C,I,B,E,H,F,D
A,G,C,I,B,F,D,E,H
A,G,C,I,B,F,D,H,E
A,G,C,I,B,F,E,D,H
A,G,C,I,B,F,E,H,D
A,G,C,I,B,F,H,D,E
A,G,C,I,B,F,H,E,D
A,G,C,I,B,H,D,E,F
A,G,C,I,B,H,D,F,E
A,G,C,I,B,H,E,D,F
A,G,C,I,B,H,E,F,D
A,G,C,I,B,H,F,D,E
A,G,C,I,B,H,F,E,D
A,G,C,I,D,B,E,F,H
A,G,C,I,D,B,E,H,F
A,G,C,I,D,B,F,E,H
A,G,C,I,D,B,F,H,E
A,G,C,I,D,B,H,E,F
A,G,C,I,D,B,H,F,E
A,G,C,I,D,E,B,F,H
A,G,C,I,D,E,B,H,F
A,G,C,I,D,E,F,B,H
A,G,C,I,D,E,F,H,B
A,G,C,I,D,E,H,B,F
A,G,C,I,D,E,H,F,B
A,G,C,I,D,F,B,E,H
A,G,C,I,D,F,B,H,E
A,G,C,I,D,F,E,B,H
A,G,C,I,D,F,E,H,B
A,G,C,I,D,F,H,B,E
A,G,C,I,D,F,H,E,B
A,G,C,I,D,H,B,E,F
A,G,C,I,D,H,B,F,E
A,G,C,I,D,H,E,B,F
A,G,C,I,D,H,E,F,B
A,G,C,I,D,H,F,B,E
A,G,C,I,D,H,F,E,B
A,G,C,I,E,B,D,F,H
A,G,C,I,E,B,D,H,F
A,G,C,I,E,B,F,D,H
A,G,C,I,E,B,F,H,D
A,G,C,I,E,B,H,D,F
A,G,C,I,E,B,H,F,D
A,G,C,I,E,D,B,F,H
A,G,C,I,E,D,B,H,F
A,G,C,I,E,D,F,B,H
A,G,C,I,E,D,F,H,B
A,G,C,I,E,D,H,B,F
A,G,C,I,E,D,H,F,B
A,G,C,I,E,F,B,D,H
A,G,C,I,E,F,B,H,D
A,G,C,I,E,F,D,B,H
A,G,C,I,E,F,D,H,B
A,G,C,I,E,F,H,B,D
A,G,C,I,E,F,H,D,B
A,G,C,I,E,H,B,D,F
A,G,C,I,E,H,B,F,D
A,G,C,I,E,H,D,B,F
A,G,C,I,E,H,D,F,B
A,G,C,I,E,H,F,B,D
A,G,C,I,E,H,F,D,B
A,G,C,I,F,B,D,E,H
A,G,C,I,F,B,D,H,E
A,G,C,I,F,B,E,D,H
A,G,C,I,F,B,E,H,D
A,G,C,I,F,B,H,D,E
A,G,C,I,F,B,H,E,D
A,G,C,I,F,D,B,E,H
A,G,C,I,F,D,B,H,E
A,G,C,I,F,D,E,B,H
A,G,C,I,F,D,E,H,B
A,G,C,I,F,D,H,B,E
A,G,C,I,F,D,H,E,B
A,G,C,I,F,E,B,D,H
A,G,C,I,F,E,B,H,D
A,G,C,I,F,E,D,B,H
A,G,C,I,F,E,D,H,B
A,G,C,I,F,E,H,B,D
A,G,C,I,F,E,H,D,B
A,G,C,I,F,H,B,D,E
A,G,C,I,F,H,B,E,D
A,G,C,I,F,H,D,B,E
A,G,C,I,F,H,D,E,B
A,G,C,I,F,H,E,B,D
A,G,C,I,F,H,E,D,B
A,G,C,I,H,B,D,E,F
A,G,C,I,H,B,D,F,E
A,G,C,I,H,B,E,D,F
A,G,C,I,H,B,E,F,D
A,G,C,I,H,B,F,D,E
A,G,C,I,H,B,F,E,D
A,G,C,I,H,D,B,E,F
A,G,C,I,H,D,B,F,E
A,G,C,I,H,D,E,B,F
A,G,C,I,H,D,E,F,B
A,G,C,I,H,D,F,B,E
A,G,C,I,H,D,F,E,B
A,G,C,I,H,E,B,D,F
A,G,C,I,H,E,B,F,D
A,G,C,I,H,E,D,B,F
A,G,C,I,H,E,D,F,B
A,G,C,I,H,E,F,B,D
A,G,C,I,H,E,F,D,B
A,G,C,I,H,F,B,D,E
A,G,C,I,H,F,B,E,D
A,G,C,I,H,F,D,B,E
A,G,C,I,H,F,D,E,B
A,G,C,I,H,F,E,B,D
A,G,C,I,H,F,E,D,B
A,G,D,B,C,E,F,H,I
A,G,D,B,C,E,F,I,H
A,G,D,B,C,E,H,F,I
A,G,D,B,C,E,H,I,F
A,G,D,B,C,E,I,F,H
A,G,D,B,C,E,I,H,F
A,G,D,B,C,F,E,H,I
A,G,D,B,C,F,E,I,H
A,G,D,B,C,F,H,E,I
A,G,D,B,C,F,H,I,E
A,G,D,B,C,F,I,E,H
A,G,D,B,C,F,I,H,E
A,G,D,B,C,H,E,F,I
A,G,D,B,C,H,E,I,F
A,G,D,B,C,H,F,E,I
A,G,D,B,C,H,F,I,E
A,G,D,B,C,H,I,E,F
A,G,D,B,C,H,I,F,E
A,G,D,B,C,I,E,F,H
A,G,D,B,C,I,E,H,F
A,G,D,B,C,I,F,E,H
A,G,D,B,C,I,F,H,E
A,G,D,B,C,I,H,E,F
A,G,D,B,C,I,H,F,E
A,G,D,B,E,C,F,H,I
A,G,D,B,E,C,F,I,H
A,G,D,B,E,C,H,F,I
A,G,D,B,E,C,H,I,F
A,G,D,B,E,C,I,F,H
A,G,D,B,E,C,I,H,F
A,G,D,B,E,F,C,H,I
A,G,D,B,E,F,C,I,H
A,G,D,B,E,F,H,C,I
A,G,D,B,E,F,H,I,C
A,G,D,B,E,F,I,C,H
A,G,D,B,E,F,I,H,C
A,G,D,B,E,H,C,F,I
A,G,D,B,E,H,C,I,F
A,G,D,B,E,H,F,C,I
A,G,D,B,E,H,F,I,C
A,G,D,B,E,H,I,C,F
A,G,D,B,E,H,I,F,C
A,G,D,B,E,I,C,F,H
A,G,D,B,E,I,C,H,F
A,G,D,B,E,I,F,C,H
A,G,D,B,E,I,F,H,C
A,G,D,B,E,I,H,C,F
A,G,D,B,E,I,H,F,C
A,G,D,B,F,C,E,H,I
A,G,D,B,F,C,E,I,H
A,G,D,B,F,C,H,E,I
A,G,D,B,F,C,H,I,E
A,G,D,B,F,C,I,E,H
A,G,D,B,F,C,I,H,E
A,G,D,B,F,E,C,H,I
A,G,D,B,F,E,C,I,H
A,G,D,B,F,E,H,C,I
A,G,D,B,F,E,H,I,C
A,G,D,B,F,E,I,C,H
A,G,D,B,F,E,I,H,C
A,G,D,B,F,H,C,E,I
A,G,D,B,F,H,C,I,E
A,G,D,B,F,H,E,C,I
A,G,D,B,F,H,E,I,C
A,G,D,B,F,H,I,C,E
A,G,D,B,F,H,I,E,C
A,G,D,B,F,I,C,E,H
A,G,D,B,F,I,C,H,E
A,G,D,B,F,I,E,C,H
A,G,D,B,F,I,E,H,C
A,G,D,B,F,I,H,C,E
A,G,D,B,F,I,H,E,C
A,G,D,B,H,C,E,F,I
A,G,D,B,H,C,E,I,F
A,G,D,B,H,C,F,E,I
A,G,D,B,H,C,F,I,E
A,G,D,B,H,C,I,E,F
A,G,D,B,H,C,I,F,E
A,G,D,B,H,E,C,F,I
A,G,D,B,H,E,C,I,F
A,G,D,B,H,E,F,C,I
A,G,D,B,H,E,F,I,C
A,G,D,B,H,E,I,C,F
A,G,D,B,H,E,I,F,C
A,G,D,B,H,F,C,E,I
A,G,D,B,H,F,C,I,E
A,G,D,B,H,F,E,C,I
A,G,D,B,H,F,E,I,C
A,G,D,B,H,F,I,C,E
A,G,D,B,H,F,I,E,C
A,G,D,B,H,I,C,E,F
A,G,D,B,H,I,C,F,E
A,G,D,B,H,I,E,C,F
A,G,D,B,H,I,E,F,C
A,G,D,B,H,I,F,C,E
A,G,D,B,H,I,F,E,C
A,G,D,B,I,C,E,F,H
A,G,D,B,I,C,E,H,F
A,G,D,B,I,C,F,E,H
A,G,D,B,I,C,F,H,E
A,G,D,B,I,C,H,E,F
A,G,D,B,I,C,H,F,E
A,G,D,B,I,E,C,F,H
A,G,D,B,I,E,C,H,F
A,G,D,B,I,E,F,C,H
A,G,D,B,I,E,F,H,C
A,G,D,B,I,E,H,C,F
A,G,D,B,I,E,H,F,C
A,G,D,B,I,F,C,E,H
A,G,D,B,I,F,C,H,E
A,G,D,B,I,F,E,C,H
A,G,D,B,I,F,E,H,C
A,G,D,B,I,F,H,C,E
A,G,D,B,I,F,H,E,C
A,G,D,B,I,H,C,E,F
A,G,D,B,I,H,C,F,E
A,G,D,B,I,H,E,C,F
A,G,D,B,I,H,E,F,C
A,G,D,B,I,H,F,C,E
A,G,D,B,I,H,F,E,C
A,G,D,C,B,E,F,H,I
A,G,D,C,B,E,F,I,H
A,G,D,C,B,E,H,F,I
A,G,D,C,B,E,H,I,F
A,G,D,C,B,E,I,F,H
A,G,D,C,B,E,I,H,F
A,G,D,C,B,F,E,H,I
A,G,D,C,B,F,E,I,H
A,G,D,C,B,F,H,E,I
A,G,D,C,B,F,H,I,E
A,G,D,C,B,F,I,E,H
A,G,D,C,B,F,I,H,E
A,G,D,C,B,H,E,F,I
A,G,D,C,B,H,E,I,F
A,G,D,C,B,H,F,E,I
A,G,D,C,B,H,F,I,E
A,G,D,C,B,H,I,E,F
A,G,D,C,B,H,I,F,E
A,G,D,C,B,I,E,F,H
A,G,D,C,B,I,E,H,F
A,G,D,C,B,I,F,E,H
A,G,D,C,B,I,F,H,E
A,G,D,C,B,I,H,E,F
A,G,D,C,B,I,H,F,E
A,G,D,C,E,B,F,H,I
A,G,D,C,E,B,F,I,H
A,G,D,C,E,B,H,F,I
A,G,D,C,E,B,H,I,F
A,G,D,C,E,B,I,F,H
A,G,D,C,E,B,I,H,F
A,G,D,C,E,F,B,H,I
A,G,D,C,E,F,B,I,H
A,G,D,C,E,F,H,B,I
A,G,D,C,E,F,H,I,B
A,G,D,C,E,F,I,B,H
A,G,D,C,E,F,I,H,B
A,G,D,C,E,H,B,F,I
A,G,D,C,E,H,B,I,F
A,G,D,C,E,H,F,B,I
A,G,D,C,E,H,F,I,B
A,G,D,C,E,H,I,B,F
A,G,D,C,E,H,I,F,B
A,G,D,C,E,I,B,F,H
A,G,D,C,E,I,B,H,F
A,G,D,C,E,I,F,B,H
A,G,D,C,E,I,F,H,B
A,G,D,C,E,I,H,B,F
A,G,D,C,E,I,H,F,B
A,G,D,C,F,B,E,H,I
A,G,D,C,F,B,E,I,H
A,G,D,C,F,B,H,E,I
A,G,D,C,F,B,H,I,E
A,G,D,C,F,B,I,E,H
A,G,D,C,F,B,I,H,E
A,G,D,C,F,E,B,H,I
A,G,D,C,F,E,B,I,H
A,G,D,C,F,E,H,B,I
A,G,D,C,F,E,H,I,B
A,G,D,C,F,E,I,B,H
A,G,D,C,F,E,I,H,B
A,G,D,C,F,H,B,E,I
A,G,D,C,F,H,B,I,E
A,G,D,C,F,H,E,B,I
A,G,D,C,F,H,E,I,B
A,G,D,C,F,H,I,B,E
A,G,D,C,F,H,I,E,B
A,G,D,C,F,I,B,E,H
A,G,D,C,F,I,B,H,E
A,G,D,C,F,I,E,B,H
A,G,D,C,F,I,E,H,B
A,G,D,C,F,I,H,B,E
A,G,D,C,F,I,H,E,B
A,G,D,C,H,B,E,F,I
A,G,D,C,H,B,E,I,F
A,G,D,C,H,B,F,E,I
A,G,D,C,H,B,F,I,E
A,G,D,C,H,B,I,E,F
A,G,D,C,H,B,I,F,E
A,G,D,C,H,E,B,F,I
A,G,D,C,H,E,B,I,F
A,G,D,C,H,E,F,B,I
A,G,D,C,H,E,F,I,B
A,G,D,C,H,E,I,B,F
A,G,D,C,H,E,I,F,B
A,G,D,C,H,F,B,E,I
A,G,D,C,H,F,B,I,E
A,G,D,C,H,F,E,B,I
A,G,D,C,H,F,E,I,B
A,G,D,C,H,F,I,B,E
A,G,D,C,H,F,I,E,B
A,G,D,C,H,I,B,E,F
A,G,D,C,H,I,B,F,E
A,G,D,C,H,I,E,B,F
A,G,D,C,H,I,E,F,B
A,G,D,C,H,I,F,B,E
A,G,D,C,H,I,F,E,B
A,G,D,C,I,B,E,F,H
A,G,D,C,I,B,E,H,F
A,G,D,C,I,B,F,E,H
A,G,D,C,I,B,F,H,E
A,G,D,C,I,B,H,E,F
A,G,D,C,I,B,H,F,E
A,G,D,C,I,E,B,F,H
A,G,D,C,I,E,B,H,F
A,G,D,C,I,E,F,B,H
A,G,D,C,I,E,F,H,B
A,G,D,C,I,E,H,B,F
A,G,D,C,I,E,H,F,B
A,G,D,C,I,F,B,E,H
A,G,D,C,I,F,B,H,E
A,G,D,C,I,F,E,B,H
A,G,D,C,I,F,E,H,B
A,G,D,C,I,F,H,B,E
A,G,D,C,I,F,H,E,B
A,G,D,C,I,H,B,E,F
A,G,D,C,I,H,B,F,E
A,G,D,C,I,H,E,B,F
A,G,D,C,I,H,E,F,B
A,G,D,C,I,H,F,B,E
A,G,D,C,I,H,F,E,B
A,G,D,E,B,C,F,H,I
A,G,D,E,B,C,F,I,H
A,G,D,E,B,C,H,F,I
A,G,D,E,B,C,H,I,F
A,G,D,E,B,C,I,F,H
A,G,D,E,B,C,I,H,F
A,G,D,E,B,F,C,H,I
A,G,D,E,B,F,C,I,H
A,G,D,E,B,F,H,C,I
A,G,D,E,B,F,H,I,C
A,G,D,E,B,F,I,C,H
A,G,D,E,B,F,I,H,C
A,G,D,E,B,H,C,F,I
A,G,D,E,B,H,C,I,F
A,G,D,E,B,H,F,C,I
A,G,D,E,B,H,F,I,C
A,G,D,E,B,H,I,C,F
A,G,D,E,B,H,I,F,C
A,G,D,E,B,I,C,F,H
A,G,D,E,B,I,C,H,F
A,G,D,E,B,I,F,C,H
A,G,D,E,B,I,F,H,C
A,G,D,E,B,I,H,C,F
A,G,D,E,B,I,H,F,C
A,G,D,E,C,B,F,H,I
A,G,D,E,C,B,F,I,H
A,G,D,E,C,B,H,F,I
A,G,D,E,C,B,H,I,F
A,G,D,E,C,B,I,F,H
A,G,D,E,C,B,I,H,F
A,G,D,E,C,F,B,H,I
A,G,D,E,C,F,B,I,H
A,G,D,E,C,F,H,B,I
A,G,D,E,C,F,H,I,B
A,G,D,E,C,F,I,B,H
A,G,D,E,C,F,I,H,B
A,G,D,E,C,H,B,F,I
A,G,D,E,C,H,B,I,F
A,G,D,E,C,H,F,B,I
A,G,D,E,C,H,F,I,B
A,G,D,E,C,H,I,B,F
A,G,D,E,C,H,I,F,B
A,G,D,E,C,I,B,F,H
A,G,D,E,C,I,B,H,F
A,G,D,E,C,I,F,B,H
A,G,D,E,C,I,F,H,B
A,G,D,E,C,I,H,B,F
A,G,D,E,C,I,H,F,B
A,G,D,E,F,B,C,H,I
A,G,D,E,F,B,C,I,H
A,G,D,E,F,B,H,C,I
A,G,D,E,F,B,H,I,C
A,G,D,E,F,B,I,C,H
A,G,D,E,F,B,I,H,C
A,G,D,E,F,C,B,H,I
A,G,D,E,F,C,B,I,H
A,G,D,E,F,C,H,B,I
A,G,D,E,F,C,H,I,B
A,G,D,E,F,C,I,B,H
A,G,D,E,F,C,I,H,B
A,G,D,E,F,H,B,C,I
A,G,D,E,F,H,B,I,C
A,G,D,E,F,H,C,B,I
A,G,D,E,F,H,C,I,B
A,G,D,E,F,H,I,B,C
A,G,D,E,F,H,I,C,B
A,G,D,E,F,I,B,C,H
A,G,D,E,F,I,B,H,C
A,G,D,E,F,I,C,B,H
A,G,D,E,F,I,C,H,B
A,G,D,E,F,I,H,B,C
A,G,D,E,F,I,H,C,B
A,G,D,E,H,B,C,F,I
A,G,D,E,H,B,C,I,F
A,G,D,E,H,B,F,C,I
A,G,D,E,H,B,F,I,C
A,G,D,E,H,B,I,C,F
A,G,D,E,H,B,I,F,C
A,G,D,E,H,C,B,F,I
A,G,D,E,H,C,B,I,F
A,G,D,E,H,C,F,B,I
A,G,D,E,H,C,F,I,B
A,G,D,E,H,C,I,B,F
A,G,D,E,H,C,I,F,B
A,G,D,E,H,F,B,C,I
A,G,D,E,H,F,B,I,C
A,G,D,E,H,F,C,B,I
A,G,D,E,H,F,C,I,B
A,G,D,E,H,F,I,B,C
A,G,D,E,H,F,I,C,B
A,G,D,E,H,I,B,C,F
A,G,D,E,H,I,B,F,C
A,G,D,E,H,I,C,B,F
A,G,D,E,H,I,C,F,B
A,G,D,E,H,I,F,B,C
A,G,D,E,H,I,F,C,B
A,G,D,E,I,B,C,F,H
A,G,D,E,I,B,C,H,F
A,G,D,E,I,B,F,C,H
A,G,D,E,I,B,F,H,C
A,G,D,E,I,B,H,C,F
A,G,D,E,I,B,H,F,C
A,G,D,E,I,C,B,F,H
A,G,D,E,I,C,B,H,F
A,G,D,E,I,C,F,B,H
A,G,D,E,I,C,F,H,B
A,G,D,E,I,C,H,B,F
A,G,D,E,I,C,H,F,B
A,G,D,E,I,F,B,C,H
A,G,D,E,I,F,B,H,C
A,G,D,E,I,F,C,B,H
A,G,D,E,I,F,C,H,B
A,G,D,E,I,F,H,B,C
A,G,D,E,I,F,H,C,B
A,G,D,E,I,H,B,C,F
A,G,D,E,I,H,B,F,C
A,G,D,E,I,H,C,B,F
A,G,D,E,I,H,C,F,B
A,G,D,E,I,H,F,B,C
A,G,D,E,I,H,F,C,B
A,G,D,F,B,C,E,H,I
A,G,D,F,B,C,E,I,H
A,G,D,F,B,C,H,E,I
A,G,D,F,B,C,H,I,E
A,G,D,F,B,C,I,E,H
A,G,D,F,B,C,I,H,E
A,G,D,F,B,E,C,H,I
A,G,D,F,B,E,C,I,H
A,G,D,F,B,E,H,C,I
A,G,D,F,B,E,H,I,C
A,G,D,F,B,E,I,C,H
A,G,D,F,B,E,I,H,C
A,G,D,F,B,H,C,E,I
A,G,D,F,B,H,C,I,E
A,G,D,F,B,H,E,C,I
A,G,D,F,B,H,E,I,C
A,G,D,F,B,H,I,C,E
A,G,D,F,B,H,I,E,C
A,G,D,F,B,I,C,E,H
A,G,D,F,B,I,C,H,E
A,G,D,F,B,I,E,C,H
A,G,D,F,B,I,E,H,C
A,G,D,F,B,I,H,C,E
A,G,D,F,B,I,H,E,C
A,G,D,F,C,B,E,H,I
A,G,D,F,C,B,E,I,H
A,G,D,F,C,B,H,E,I
A,G,D,F,C,B,H,I,E
A,G,D,F,C,B,I,E,H
A,G,D,F,C,B,I,H,E
A,G,D,F,C,E,B,H,I
A,G,D,F,C,E,B,I,H
A,G,D,F,C,E,H,B,I
A,G,D,F,C,E,H,I,B
A,G,D,F,C,E,I,B,H
A,G,D,F,C,E,I,H,B
A,G,D,F,C,H,B,E,I
A,G,D,F,C,H,B,I,E
A,G,D,F,C,H,E,B,I
A,G,D,F,C,H,E,I,B
A,G,D,F,C,H,I,B,E
A,G,D,F,C,H,I,E,B
A,G,D,F,C,I,B,E,H
A,G,D,F,C,I,B,H,E
A,G,D,F,C,I,E,B,H
A,G,D,F,C,I,E,H,B
A,G,D,F,C,I,H,B,E
A,G,D,F,C,I,H,E,B
A,G,D,F,E,B,C,H,I
A,G,D,F,E,B,C,I,H
A,G,D,F,E,B,H,C,I
A,G,D,F,E,B,H,I,C
A,G,D,F,E,B,I,C,H
A,G,D,F,E,B,I,H,C
A,G,D,F,E,C,B,H,I
A,G,D,F,E,C,B,I,H
A,G,D,F,E,C,H,B,I
A,G,D,F,E,C,H,I,B
A,G,D,F,E,C,I,B,H
A,G,D,F,E,C,I,H,B
A,G,D,F,E,H,B,C,I
A,G,D,F,E,H,B,I,C
A,G,D,F,E,H,C,B,I
A,G,D,F,E,H,C,I,B
A,G,D,F,E,H,I,B,C
A,G,D,F,E,H,I,C,B
A,G,D,F,E,I,B,C,H
A,G,D,F,E,I,B,H,C
A,G,D,F,E,I,C,B,H
A,G,D,F,E,I,C,H,B
A,G,D,F,E,I,H,B,C
A,G,D,F,E,I,H,C,B
A,G,D,F,H,B,C,E,I
A,G,D,F,H,B,C,I,E
A,G,D,F,H,B,E,C,I
A,G,D,F,H,B,E,I,C
A,G,D,F,H,B,I,C,E
A,G,D,F,H,B,I,E,C
A,G,D,F,H,C,B,E,I
A,G,D,F,H,C,B,I,E
A,G,D,F,H,C,E,B,I
A,G,D,F,H,C,E,I,B
A,G,D,F,H,C,I,B,E
A,G,D,F,H,C,I,E,B
A,G,D,F,H,E,B,C,I
A,G,D,F,H,E,B,I,C
A,G,D,F,H,E,C,B,I
A,G,D,F,H,E,C,I,B
A,G,D,F,H,E,I,B,C
A,G,D,F,H,E,I,C,B
A,G,D,F,H,I,B,C,E
A,G,D,F,H,I,B,E,C
A,G,D,F,H,I,C,B,E
A,G,D,F,H,I,C,E,B
A,G,D,F,H,I,E,B,C
A,G,D,F,H,I,E,C,B
A,G,D,F,I,B,C,E,H
A,G,D,F,I,B,C,H,E
A,G,D,F,I,B,E,C,H
A,G,D,F,I,B,E,H,C
A,G,D,F,I,B,H,C,E
A,G,D,F,I,B,H,E,C
A,G,D,F,I,C,B,E,H
A,G,D,F,I,C,B,H,E
A,G,D,F,I,C,E,B,H
A,G,D,F,I,C,E,H,B
A,G,D,F,I,C,H,B,E
A,G,D,F,I,C,H,E,B
A,G,D,F,I,E,B,C,H
A,G,D,F,I,E,B,H,C
A,G,D,F,I,E,C,B,H
A,G,D,F,I,E,C,H,B
A,G,D,F,I,E,H,B,C
A,G,D,F,I,E,H,C,B
A,G,D,F,I,H,B,C,E
A,G,D,F,I,H,B,E,C
A,G,D,F,I,H,C,B,E
A,G,D,F,I,H,C,E,B
A,G,D,F,I,H,E,B,C
A,G,D,F,I,H,E,C,B
A,G,D,H,B,C,E,F,I
A,G,D,H,B,C,E,I,F
A,G,D,H,B,C,F,E,I
A,G,D,H,B,C,F,I,E
A,G,D,H,B,C,I,E,F
A,G,D,H,B,C,I,F,E
A,G,D,H,B,E,C,F,I
A,G,D,H,B,E,C,I,F
A,G,D,H,B,E,F,C,I
A,G,D,H,B,E,F,I,C
A,G,D,H,B,E,I,C,F
A,G,D,H,B,E,I,F,C
A,G,D,H,B,F,C,E,I
A,G,D,H,B,F,C,I,E
A,G,D,H,B,F,E,C,I
A,G,D,H,B,F,E,I,C
A,G,D,H,B,F,I,C,E
A,G,D,H,B,F,I,E,C
A,G,D,H,B,I,C,E,F
A,G,D,H,B,I,C,F,E
A,G,D,H,B,I,E,C,F
A,G,D,H,B,I,E,F,C
A,G,D,H,B,I,F,C,E
A,G,D,H,B,I,F,E,C
A,G,D,H,C,B,E,F,I
A,G,D,H,C,B,E,I,F
A,G,D,H,C,B,F,E,I
A,G,D,H,C,B,F,I,E
A,G,D,H,C,B,I,E,F
A,G,D,H,C,B,I,F,E
A,G,D,H,C,E,B,F,I
A,G,D,H,C,E,B,I,F
A,G,D,H,C,E,F,B,I
A,G,D,H,C,E,F,I,B
A,G,D,H,C,E,I,B,F
A,G,D,H,C,E,I,F,B
A,G,D,H,C,F,B,E,I
A,G,D,H,C,F,B,I,E
A,G,D,H,C,F,E,B,I
A,G,D,H,C,F,E,I,B
A,G,D,H,C,F,I,B,E
A,G,D,H,C,F,I,E,B
A,G,D,H,C,I,B,E,F
A,G,D,H,C,I,B,F,E
A,G,D,H,C,I,E,B,F
A,G,D,H,C,I,E,F,B
A,G,D,H,C,I,F,B,E
A,G,D,H,C,I,F,E,B
A,G,D,H,E,B,C,F,I
A,G,D,H,E,B,C,I,F
A,G,D,H,E,B,F,C,I
A,G,D,H,E,B,F,I,C
A,G,D,H,E,B,I,C,F
A,G,D,H,E,B,I,F,C
A,G,D,H,E,C,B,F,I
A,G,D,H,E,C,B,I,F
A,G,D,H,E,C,F,B,I
A,G,D,H,E,C,F,I,B
A,G,D,H,E,C,I,B,F
A,G,D,H,E,C,I,F,B
A,G,D,H,E,F,B,C,I
A,G,D,H,E,F,B,I,C
A,G,D,H,E,F,C,B,I
A,G,D,H,E,F,C,I,B
A,G,D,H,E,F,I,B,C
A,G,D,H,E,F,I,C,B
A,G,D,H,E,I,B,C,F
A,G,D,H,E,I,B,F,C
A,G,D,H,E,I,C,B,F
A,G,D,H,E,I,C,F,B
A,G,D,H,E,I,F,B,C
A,G,D,H,E,I,F,C,B
A,G,D,H,F,B,C,E,I
A,G,D,H,F,B,C,I,E
A,G,D,H,F,B,E,C,I
A,G,D,H,F,B,E,I,C
A,G,D,H,F,B,I,C,E
A,G,D,H,F,B,I,E,C
A,G,D,H,F,C,B,E,I
A,G,D,H,F,C,B,I,E
A,G,D,H,F,C,E,B,I
A,G,D,H,F,C,E,I,B
A,G,D,H,F,C,I,B,E
A,G,D,H,F,C,I,E,B
A,G,D,H,F,E,B,C,I
A,G,D,H,F,E,B,I,C
A,G,D,H,F,E,C,B,I
A,G,D,H,F,E,C,I,B
A,G,D,H,F,E,I,B,C
A,G,D,H,F,E,I,C,B
A,G,D,H,F,I,B,C,E
A,G,D,H,F,I,B,E,C
A,G,D,H,F,I,C,B,E
A,G,D,H,F,I,C,E,B
A,G,D,H,F,I,E,B,C
A,G,D,H,F,I,E,C,B
A,G,D,H,I,B,C,E,F
A,G,D,H,I,B,C,F,E
A,G,D,H,I,B,E,C,F
A,G,D,H,I,B,E,F,C
A,G,D,H,I,B,F,C,E
A,G,D,H,I,B,F,E,C
A,G,D,H,I,C,B,E,F
A,G,D,H,I,C,B,F,E
A,G,D,H,I,C,E,B,F
A,G,D,H,I,C,E,F,B
A,G,D,H,I,C,F,B,E
A,G,D,H,I,C,F,E,B
A,G,D,H,I,E,B,C,F
A,G,D,H,I,E,B,F,C
A,G,D,H,I,E,C,B,F
A,G,D,H,I,E,C,F,B
A,G,D,H,I,E,F,B,C
A,G,D,H,I,E,F,C,B
A,G,D,H,I,F,B,C,E
A,G,D,H,I,F,B,E,C
A,G,D,H,I,F,C,B,E
A,G,D,H,I,F,C,E,B
A,G,D,H,I,F,E,B,C
A,G,D,H,I,F,E,C,B
A,G,D,I,B,C,E,F,H
A,G,D,I,B,C,E,H,F
A,G,D,I,B,C,F,E,H
A,G,D,I,B,C,F,H,E
A,G,D,I,B,C,H,E,F
A,G,D,I,B,C,H,F,E
A,G,D,I,B,E,C,F,H
A,G,D,I,B,E,C,H,F
A,G,D,I,B,E,F,C,H
A,G,D,I,B,E,F,H,C
A,G,D,I,B,E,H,C,F
A,G,D,I,B,E,H,F,C
A,G,D,I,B,F,C,E,H
A,G,D,I,B,F,C,H,E
A,G,D,I,B,F,E,C,H
A,G,D,I,B,F,E,H,C
A,G,D,I,B,F,H,C,E
A,G,D,I,B,F,H,E,C
A,G,D,I,B,H,C,E,F
A,G,D,I,B,H,C,F,E
A,G,D,I,B,H,E,C,F
A,G,D,I,B,H,E,F,C
A,G,D,I,B,H,F,C,E
A,G,D,I,B,H,F,E,C
A,G,D,I,C,B,E,F,H
A,G,D,I,C,B,E,H,F
A,G,D,I,C,B,F,E,H
A,G,D,I,C,B,F,H,E
A,G,D,I,C,B,H,E,F
A,G,D,I,C,B,H,F,E
A,G,D,I,C,E,B,F,H
A,G,D,I,C,E,B,H,F
A,G,D,I,C,E,F,B,H
A,G,D,I,C,E,F,H,B
A,G,D,I,C,E,H,B,F
A,G,D,I,C,E,H,F,B
A,G,D,I,C,F,B,E,H
A,G,D,I,C,F,B,H,E
A,G,D,I,C,F,E,B,H
A,G,D,I,C,F,E,H,B
A,G,D,I,C,F,H,B,E
A,G,D,I,C,F,H,E,B
A,G,D,I,C,H,B,E,F
A,G,D,I,C,H,B,F,E
A,G,D,I,C,H,E,B,F
A,G,D,I,C,H,E,F,B
A,G,D,I,C,H,F,B,E
A,G,D,I,C,H,F,E,B
A,G,D,I,E,B,C,F,H
A,G,D,I,E,B,C,H,F
A,G,D,I,E,B,F,C,H
A,G,D,I,E,B,F,H,C
A,G,D,I,E,B,H,C,F
A,G,D,I,E,B,H,F,C
A,G,D,I,E,C,B,F,H
A,G,D,I,E,C,B,H,F
A,G,D,I,E,C,F,B,H
A,G,D,I,E,C,F,H,B
A,G,D,I,E,C,H,B,F
A,G,D,I,E,C,H,F,B
A,G,D,I,E,F,B,C,H
A,G,D,I,E,F,B,H,C
A,G,D,I,E,F,C,B,H
A,G,D,I,E,F,C,H,B
A,G,D,I,E,F,H,B,C
A,G,D,I,E,F,H,C,B
A,G,D,I,E,H,B,C,F
A,G,D,I,E,H,B,F,C
A,G,D,I,E,H,C,B,F
A,G,D,I,E,H,C,F,B
A,G,D,I,E,H,F,B,C
A,G,D,I,E,H,F,C,B
A,G,D,I,F,B,C,E,H
A,G,D,I,F,B,C,H,E
A,G,D,I,F,B,E,C,H
A,G,D,I,F,B,E,H,C
A,G,D,I,F,B,H,C,E
A,G,D,I,F,B,H,E,C
A,G,D,I,F,C,B,E,H
A,G,D,I,F,C,B,H,E
A,G,D,I,F,C,E,B,H
A,G,D,I,F,C,E,H,B
A,G,D,I,F,C,H,B,E
A,G,D,I,F,C,H,E,B
A,G,D,I,F,E,B,C,H
A,G,D,I,F,E,B,H,C
A,G,D,I,F,E,C,B,H
A,G,D,I,F,E,C,H,B
A,G,D,I,F,E,H,B,C
A,G,D,I,F,E,H,C,B
A,G,D,I,F,H,B,C,E
A,G,D,I,F,H,B,E,C
A,G,D,I,F,H,C,B,E
A,G,D,I,F,H,C,E,B
A,G,D,I,F,H,E,B,C
A,G,D,I,F,H,E,C,B
A,G,D,I,H,B,C,E,F
A,G,D,I,H,B,C,F,E
A,G,D,I,H,B,E,C,F
A,G,D,I,H,B,E,F,C
A,G,D,I,H,B,F,C,E
A,G,D,I,H,B,F,E,C
A,G,D,I,H,C,B,E,F
A,G,D,I,H,C,B,F,E
A,G,D,I,H,C,E,B,F
A,G,D,I,H,C,E,F,B
A,G,D,I,H,C,F,B,E
A,G,D,I,H,C,F,E,B
A,G,D,I,H,E,B,C,F
A,G,D,I,H,E,B,F,C
A,G,D,I,H,E,C,B,F
A,G,D,I,H,E,C,F,B
A,G,D,I,H,E,F,B,C
A,G,D,I,H,E,F,C,B
A,G,D,I,H,F,B,C,E
A,G,D,I,H,F,B,E,C
A,G,D,I,H,F,C,B,E
A,G,D,I,H,F,C,E,B
A,G,D,I,H,F,E,B,C
A,G,D,I,H,F,E,C,B
A,G,E,B,C,D,F,H,I
A,G,E,B,C,D,F,I,H
A,G,E,B,C,D,H,F,I
A,G,E,B,C,D,H,I,F
A,G,E,B,C,D,I,F,H
A,G,E,B,C,D,I,H,F
A,G,E,B,C,F,D,H,I
A,G,E,B,C,F,D,I,H
A,G,E,B,C,F,H,D,I
A,G,E,B,C,F,H,I,D
A,G,E,B,C,F,I,D,H
A,G,E,B,C,F,I,H,D
A,G,E,B,C,H,D,F,I
A,G,E,B,C,H,D,I,F
A,G,E,B,C,H,F,D,I
A,G,E,B,C,H,F,I,D
A,G,E,B,C,H,I,D,F
A,G,E,B,C,H,I,F,D
A,G,E,B,C,I,D,F,H
A,G,E,B,C,I,D,H,F
A,G,E,B,C,I,F,D,H
A,G,E,B,C,I,F,H,D
A,G,E,B,C,I,H,D,F
A,G,E,B,C,I,H,F,D
A,G,E,B,D,C,F,H,I
A,G,E,B,D,C,F,I,H
A,G,E,B,D,C,H,F,I
A,G,E,B,D,C,H,I,F
A,G,E,B,D,C,I,F,H
A,G,E,B,D,C,I,H,F
A,G,E,B,D,F,C,H,I
A,G,E,B,D,F,C,I,H
A,G,E,B,D,F,H,C,I
A,G,E,B,D,F,H,I,C
A,G,E,B,D,F,I,C,H
A,G,E,B,D,F,I,H,C
A,G,E,B,D,H,C,F,I
A,G,E,B,D,H,C,I,F
A,G,E,B,D,H,F,C,I
A,G,E,B,D,H,F,I,C
A,G,E,B,D,H,I,C,F
A,G,E,B,D,H,I,F,C
A,G,E,B,D,I,C,F,H
A,G,E,B,D,I,C,H,F
A,G,E,B,D,I,F,C,H
A,G,E,B,D,I,F,H,C
A,G,E,B,D,I,H,C,F
A,G,E,B,D,I,H,F,C
A,G,E,B,F,C,D,H,I
A,G,E,B,F,C,D,I,H
A,G,E,B,F,C,H,D,I
A,G,E,B,F,C,H,I,D
A,G,E,B,F,C,I,D,H
A,G,E,B,F,C,I,H,D
A,G,E,B,F,D,C,H,I
A,G,E,B,F,D,C,I,H
A,G,E,B,F,D,H,C,I
A,G,E,B,F,D,H,I,C
A,G,E,B,F,D,I,C,H
A,G,E,B,F,D,I,H,C
A,G,E,B,F,H,C,D,I
A,G,E,B,F,H,C,I,D
A,G,E,B,F,H,D,C,I
A,G,E,B,F,H,D,I,C
A,G,E,B,F,H,I,C,D
A,G,E,B,F,H,I,D,C
A,G,E,B,F,I,C,D,H
A,G,E,B,F,I,C,H,D
A,G,E,B,F,I,D,C,H
A,G,E,B,F,I,D,H,C
A,G,E,B,F,I,H,C,D
A,G,E,B,F,I,H,D,C
A,G,E,B,H,C,D,F,I
A,G,E,B,H,C,D,I,F
A,G,E,B,H,C,F,D,I
A,G,E,B,H,C,F,I,D
A,G,E,B,H,C,I,D,F
A,G,E,B,H,C,I,F,D
A,G,E,B,H,D,C,F,I
A,G,E,B,H,D,C,I,F
A,G,E,B,H,D,F,C,I
A,G,E,B,H,D,F,I,C
A,G,E,B,H,D,I,C,F
A,G,E,B,H,D,I,F,C
A,G,E,B,H,F,C,D,I
A,G,E,B,H,F,C,I,D
A,G,E,B,H,F,D,C,I
A,G,E,B,H,F,D,I,C
A,G,E,B,H,F,I,C,D
A,G,E,B,H,F,I,D,C
A,G,E,B,H,I,C,D,F
A,G,E,B,H,I,C,F,D
A,G,E,B,H,I,D,C,F
A,G,E,B,H,I,D,F,C
A,G,E,B,H,I,F,C,D
A,G,E,B,H,I,F,D,C
A,G,E,B,I,C,D,F,H
A,G,E,B,I,C,D,H,F
A,G,E,B,I,C,F,D,H
A,G,E,B,I,C,F,H,D
A,G,E,B,I,C,H,D,F
A,G,E,B,I,C,H,F,D
A,G,E,B,I,D,C,F,H
A,G,E,B,I,D,C,H,F
A,G,E,B,I,D,F,C,H
A,G,E,B,I,D,F,H,C
A,G,E,B,I,D,H,C,F
A,G,E,B,I,D,H,F,C
A,G,E,B,I,F,C,D,H
A,G,E,B,I,F,C,H,D
A,G,E,B,I,F,D,C,H
A,G,E,B,I,F,D,H,C
A,G,E,B,I,F,H,C,D
A,G,E,B,I,F,H,D,C
A,G,E,B,I,H,C,D,F
A,G,E,B,I,H,C,F,D
A,G,E,B,I,H,D,C,F
A,G,E,B,I,H,D,F,C
A,G,E,B,I,H,F,C,D
A,G,E,B,I,H,F,D,C
A,G,E,C,B,D,F,H,I
A,G,E,C,B,D,F,I,H
A,G,E,C,B,D,H,F,I
A,G,E,C,B,D,H,I,F
A,G,E,C,B,D,I,F,H
A,G,E,C,B,D,I,H,F
A,G,E,C,B,F,D,H,I
A,G,E,C,B,F,D,I,H
A,G,E,C,B,F,H,D,I
A,G,E,C,B,F,H,I,D
A,G,E,C,B,F,I,D,H
A,G,E,C,B,F,I,H,D
A,G,E,C,B,H,D,F,I
A,G,E,C,B,H,D,I,F
A,G,E,C,B,H,F,D,I
A,G,E,C,B,H,F,I,D
A,G,E,C,B,H,I,D,F
A,G,E,C,B,H,I,F,D
A,G,E,C,B,I,D,F,H
A,G,E,C,B,I,D,H,F
A,G,E,C,B,I,F,D,H
A,G,E,C,B,I,F,H,D
A,G,E,C,B,I,H,D,F
A,G,E,C,B,I,H,F,D
A,G,E,C,D,B,F,H,I
A,G,E,C,D,B,F,I,H
A,G,E,C,D,B,H,F,I
A,G,E,C,D,B,H,I,F
A,G,E,C,D,B,I,F,H
A,G,E,C,D,B,I,H,F
A,G,E,C,D,F,B,H,I
A,G,E,C,D,F,B,I,H
A,G,E,C,D,F,H,B,I
A,G,E,C,D,F,H,I,B
A,G,E,C,D,F,I,B,H
A,G,E,C,D,F,I,H,B
A,G,E,C,D,H,B,F,I
A,G,E,C,D,H,B,I,F
A,G,E,C,D,H,F,B,I
A,G,E,C,D,H,F,I,B
A,G,E,C,D,H,I,B,F
A,G,E,C,D,H,I,F,B
A,G,E,C,D,I,B,F,H
A,G,E,C,D,I,B,H,F
A,G,E,C,D,I,F,B,H
A,G,E,C,D,I,F,H,B
A,G,E,C,D,I,H,B,F
A,G,E,C,D,I,H,F,B
A,G,E,C,F,B,D,H,I
A,G,E,C,F,B,D,I,H
A,G,E,C,F,B,H,D,I
A,G,E,C,F,B,H,I,D
A,G,E,C,F,B,I,D,H
A,G,E,C,F,B,I,H,D
A,G,E,C,F,D,B,H,I
A,G,E,C,F,D,B,I,H
A,G,E,C,F,D,H,B,I
A,G,E,C,F,D,H,I,B
A,G,E,C,F,D,I,B,H
A,G,E,C,F,D,I,H,B
A,G,E,C,F,H,B,D,I
A,G,E,C,F,H,B,I,D
A,G,E,C,F,H,D,B,I
A,G,E,C,F,H,D,I,B
A,G,E,C,F,H,I,B,D
A,G,E,C,F,H,I,D,B
A,G,E,C,F,I,B,D,H
A,G,E,C,F,I,B,H,D
A,G,E,C,F,I,D,B,H
A,G,E,C,F,I,D,H,B
A,G,E,C,F,I,H,B,D
A,G,E,C,F,I,H,D,B
A,G,E,C,H,B,D,F,I
A,G,E,C,H,B,D,I,F
A,G,E,C,H,B,F,D,I
A,G,E,C,H,B,F,I,D
A,G,E,C,H,B,I,D,F
A,G,E,C,H,B,I,F,D
A,G,E,C,H,D,B,F,I
A,G,E,C,H,D,B,I,F
A,G,E,C,H,D,F,B,I
A,G,E,C,H,D,F,I,B
A,G,E,C,H,D,I,B,F
A,G,E,C,H,D,I,F,B
A,G,E,C,H,F,B,D,I
A,G,E,C,H,F,B,I,D
A,G,E,C,H,F,D,B,I
A,G,E,C,H,F,D,I,B
A,G,E,C,H,F,I,B,D
A,G,E,C,H,F,I,D,B
A,G,E,C,H,I,B,D,F
A,G,E,C,H,I,B,F,D
A,G,E,C,H,I,D,B,F
A,G,E,C,H,I,D,F,B
A,G,E,C,H,I,F,B,D
A,G,E,C,H,I,F,D,B
A,G,E,C,I,B,D,F,H
A,G,E,C,I,B,D,H,F
A,G,E,C,I,B,F,D,H
A,G,E,C,I,B,F,H,D
A,G,E,C,I,B,H,D,F
A,G,E,C,I,B,H,F,D
A,G,E,C,I,D,B,F,H
A,G,E,C,I,D,B,H,F
A,G,E,C,I,D,F,B,H
A,G,E,C,I,D,F,H,B
A,G,E,C,I,D,H,B,F
A,G,E,C,I,D,H,F,B
A,G,E,C,I,F,B,D,H
A,G,E,C,I,F,B,H,D
A,G,E,C,I,F,D,B,H
A,G,E,C,I,F,D,H,B
A,G,E,C,I,F,H,B,D
A,G,E,C,I,F,H,D,B
A,G,E,C,I,H,B,D,F
A,G,E,C,I,H,B,F,D
A,G,E,C,I,H,D,B,F
A,G,E,C,I,H,D,F,B
A,G,E,C,I,H,F,B,D
A,G,E,C,I,H,F,D,B
A,G,E,D,B,C,F,H,I
A,G,E,D,B,C,F,I,H
A,G,E,D,B,C,H,F,I
A,G,E,D,B,C,H,I,F
A,G,E,D,B,C,I,F,H
A,G,E,D,B,C,I,H,F
A,G,E,D,B,F,C,H,I
A,G,E,D,B,F,C,I,H
A,G,E,D,B,F,H,C,I
A,G,E,D,B,F,H,I,C
A,G,E,D,B,F,I,C,H
A,G,E,D,B,F,I,H,C
A,G,E,D,B,H,C,F,I
A,G,E,D,B,H,C,I,F
A,G,E,D,B,H,F,C,I
A,G,E,D,B,H,F,I,C
A,G,E,D,B,H,I,C,F
A,G,E,D,B,H,I,F,C
A,G,E,D,B,I,C,F,H
A,G,E,D,B,I,C,H,F
A,G,E,D,B,I,F,C,H
A,G,E,D,B,I,F,H,C
A,G,E,D,B,I,H,C,F
A,G,E,D,B,I,H,F,C
A,G,E,D,C,B,F,H,I
A,G,E,D,C,B,F,I,H
A,G,E,D,C,B,H,F,I
A,G,E,D,C,B,H,I,F
A,G,E,D,C,B,I,F,H
A,G,E,D,C,B,I,H,F
A,G,E,D,C,F,B,H,I
A,G,E,D,C,F,B,I,H
A,G,E,D,C,F,H,B,I
A,G,E,D,C,F,H,I,B
A,G,E,D,C,F,I,B,H
A,G,E,D,C,F,I,H,B
A,G,E,D,C,H,B,F,I
A,G,E,D,C,H,B,I,F
A,G,E,D,C,H,F,B,I
A,G,E,D,C,H,F,I,B
A,G,E,D,C,H,I,B,F
A,G,E,D,C,H,I,F,B
A,G,E,D,C,I,B,F,H
A,G,E,D,C,I,B,H,F
A,G,E,D,C,I,F,B,H
A,G,E,D,C,I,F,H,B
A,G,E,D,C,I,H,B,F
A,G,E,D,C,I,H,F,B
A,G,E,D,F,B,C,H,I
A,G,E,D,F,B,C,I,H
A,G,E,D,F,B,H,C,I
A,G,E,D,F,B,H,I,C
A,G,E,D,F,B,I,C,H
A,G,E,D,F,B,I,H,C
A,G,E,D,F,C,B,H,I
A,G,E,D,F,C,B,I,H
A,G,E,D,F,C,H,B,I
A,G,E,D,F,C,H,I,B
A,G,E,D,F,C,I,B,H
A,G,E,D,F,C,I,H,B
A,G,E,D,F,H,B,C,I
A,G,E,D,F,H,B,I,C
A,G,E,D,F,H,C,B,I
A,G,E,D,F,H,C,I,B
A,G,E,D,F,H,I,B,C
A,G,E,D,F,H,I,C,B
A,G,E,D,F,I,B,C,H
A,G,E,D,F,I,B,H,C
A,G,E,D,F,I,C,B,H
A,G,E,D,F,I,C,H,B
A,G,E,D,F,I,H,B,C
A,G,E,D,F,I,H,C,B
A,G,E,D,H,B,C,F,I
A,G,E,D,H,B,C,I,F
A,G,E,D,H,B,F,C,I
A,G,E,D,H,B,F,I,C
A,G,E,D,H,B,I,C,F
A,G,E,D,H,B,I,F,C
A,G,E,D,H,C,B,F,I
A,G,E,D,H,C,B,I,F
A,G,E,D,H,C,F,B,I
A,G,E,D,H,C,F,I,B
A,G,E,D,H,C,I,B,F
A,G,E,D,H,C,I,F,B
A,G,E,D,H,F,B,C,I
A,G,E,D,H,F,B,I,C
A,G,E,D,H,F,C,B,I
A,G,E,D,H,F,C,I,B
A,G,E,D,H,F,I,B,C
A,G,E,D,H,F,I,C,B
A,G,E,D,H,I,B,C,F
A,G,E,D,H,I,B,F,C
A,G,E,D,H,I,C,B,F
A,G,E,D,H,I,C,F,B
A,G,E,D,H,I,F,B,C
A,G,E,D,H,I,F,C,B
A,G,E,D,I,B,C,F,H
A,G,E,D,I,B,C,H,F
A,G,E,D,I,B,F,C,H
A,G,E,D,I,B,F,H,C
A,G,E,D,I,B,H,C,F
A,G,E,D,I,B,H,F,C
A,G,E,D,I,C,B,F,H
A,G,E,D,I,C,B,H,F
A,G,E,D,I,C,F,B,H
A,G,E,D,I,C,F,H,B
A,G,E,D,I,C,H,B,F
A,G,E,D,I,C,H,F,B
A,G,E,D,I,F,B,C,H
A,G,E,D,I,F,B,H,C
A,G,E,D,I,F,C,B,H
A,G,E,D,I,F,C,H,B
A,G,E,D,I,F,H,B,C
A,G,E,D,I,F,H,C,B
A,G,E,D,I,H,B,C,F
A,G,E,D,I,H,B,F,C
A,G,E,D,I,H,C,B,F
A,G,E,D,I,H,C,F,B
A,G,E,D,I,H,F,B,C
A,G,E,D,I,H,F,C,B
A,G,E,F,B,C,D,H,I
A,G,E,F,B,C,D,I,H
A,G,E,F,B,C,H,D,I
A,G,E,F,B,C,H,I,D
A,G,E,F,B,C,I,D,H
A,G,E,F,B,C,I,H,D
A,G,E,F,B,D,C,H,I
A,G,E,F,B,D,C,I,H
A,G,E,F,B,D,H,C,I
A,G,E,F,B,D,H,I,C
A,G,E,F,B,D,I,C,H
A,G,E,F,B,D,I,H,C
A,G,E,F,B,H,C,D,I
A,G,E,F,B,H,C,I,D
A,G,E,F,B,H,D,C,I
A,G,E,F,B,H,D,I,C
A,G,E,F,B,H,I,C,D
A,G,E,F,B,H,I,D,C
A,G,E,F,B,I,C,D,H
A,G,E,F,B,I,C,H,D
A,G,E,F,B,I,D,C,H
A,G,E,F,B,I,D,H,C
A,G,E,F,B,I,H,C,D
A,G,E,F,B,I,H,D,C
A,G,E,F,C,B,D,H,I
A,G,E,F,C,B,D,I,H
A,G,E,F,C,B,H,D,I
A,G,E,F,C,B,H,I,D
A,G,E,F,C,B,I,D,H
A,G,E,F,C,B,I,H,D
A,G,E,F,C,D,B,H,I
A,G,E,F,C,D,B,I,H
A,G,E,F,C,D,H,B,I
A,G,E,F,C,D,H,I,B
A,G,E,F,C,D,I,B,H
A,G,E,F,C,D,I,H,B
A,G,E,F,C,H,B,D,I
A,G,E,F,C,H,B,I,D
A,G,E,F,C,H,D,B,I
A,G,E,F,C,H,D,I,B
A,G,E,F,C,H,I,B,D
A,G,E,F,C,H,I,D,B
A,G,E,F,C,I,B,D,H
A,G,E,F,C,I,B,H,D
A,G,E,F,C,I,D,B,H
A,G,E,F,C,I,D,H,B
A,G,E,F,C,I,H,B,D
A,G,E,F,C,I,H,D,B
A,G,E,F,D,B,C,H,I
A,G,E,F,D,B,C,I,H
A,G,E,F,D,B,H,C,I
A,G,E,F,D,B,H,I,C
A,G,E,F,D,B,I,C,H
A,G,E,F,D,B,I,H,C
A,G,E,F,D,C,B,H,I
A,G,E,F,D,C,B,I,H
A,G,E,F,D,C,H,B,I
A,G,E,F,D,C,H,I,B
A,G,E,F,D,C,I,B,H
A,G,E,F,D,C,I,H,B
A,G,E,F,D,H,B,C,I
A,G,E,F,D,H,B,I,C
A,G,E,F,D,H,C,B,I
A,G,E,F,D,H,C,I,B
A,G,E,F,D,H,I,B,C
A,G,E,F,D,H,I,C,B
A,G,E,F,D,I,B,C,H
A,G,E,F,D,I,B,H,C
A,G,E,F,D,I,C,B,H
A,G,E,F,D,I,C,H,B
A,G,E,F,D,I,H,B,C
A,G,E,F,D,I,H,C,B
A,G,E,F,H,B,C,D,I
A,G,E,F,H,B,C,I,D
A,G,E,F,H,B,D,C,I
A,G,E,F,H,B,D,I,C
A,G,E,F,H,B,I,C,D
A,G,E,F,H,B,I,D,C
A,G,E,F,H,C,B,D,I
A,G,E,F,H,C,B,I,D
A,G,E,F,H,C,D,B,I
A,G,E,F,H,C,D,I,B
A,G,E,F,H,C,I,B,D
A,G,E,F,H,C,I,D,B
A,G,E,F,H,D,B,C,I
A,G,E,F,H,D,B,I,C
A,G,E,F,H,D,C,B,I
A,G,E,F,H,D,C,I,B
A,G,E,F,H,D,I,B,C
A,G,E,F,H,D,I,C,B
A,G,E,F,H,I,B,C,D
A,G,E,F,H,I,B,D,C
A,G,E,F,H,I,C,B,D
A,G,E,F,H,I,C,D,B
A,G,E,F,H,I,D,B,C
A,G,E,F,H,I,D,C,B
A,G,E,F,I,B,C,D,H
A,G,E,F,I,B,C,H,D
A,G,E,F,I,B,D,C,H
A,G,E,F,I,B,D,H,C
A,G,E,F,I,B,H,C,D
A,G,E,F,I,B,H,D,C
A,G,E,F,I,C,B,D,H
A,G,E,F,I,C,B,H,D
A,G,E,F,I,C,D,B,H
A,G,E,F,I,C,D,H,B
A,G,E,F,I,C,H,B,D
A,G,E,F,I,C,H,D,B
A,G,E,F,I,D,B,C,H
A,G,E,F,I,D,B,H,C
A,G,E,F,I,D,C,B,H
A,G,E,F,I,D,C,H,B
A,G,E,F,I,D,H,B,C
A,G,E,F,I,D,H,C,B
A,G,E,F,I,H,B,C,D
A,G,E,F,I,H,B,D,C
A,G,E,F,I,H,C,B,D
A,G,E,F,I,H,C,D,B
A,G,E,F,I,H,D,B,C
A,G,E,F,I,H,D,C,B
A,G,E,H,B,C,D,F,I
A,G,E,H,B,C,D,I,F
A,G,E,H,B,C,F,D,I
A,G,E,H,B,C,F,I,D
A,G,E,H,B,C,I,D,F
A,G,E,H,B,C,I,F,D
A,G,E,H,B,D,C,F,I
A,G,E,H,B,D,C,I,F
A,G,E,H,B,D,F,C,I
A,G,E,H,B,D,F,I,C
A,G,E,H,B,D,I,C,F
A,G,E,H,B,D,I,F,C
A,G,E,H,B,F,C,D,I
A,G,E,H,B,F,C,I,D
A,G,E,H,B,F,D,C,I
A,G,E,H,B,F,D,I,C
A,G,E,H,B,F,I,C,D
A,G,E,H,B,F,I,D,C
A,G,E,H,B,I,C,D,F
A,G,E,H,B,I,C,F,D
A,G,E,H,B,I,D,C,F
A,G,E,H,B,I,D,F,C
A,G,E,H,B,I,F,C,D
A,G,E,H,B,I,F,D,C
A,G,E,H,C,B,D,F,I
A,G,E,H,C,B,D,I,F
A,G,E,H,C,B,F,D,I
A,G,E,H,C,B,F,I,D
A,G,E,H,C,B,I,D,F
A,G,E,H,C,B,I,F,D
A,G,E,H,C,D,B,F,I
A,G,E,H,C,D,B,I,F
A,G,E,H,C,D,F,B,I
A,G,E,H,C,D,F,I,B
A,G,E,H,C,D,I,B,F
A,G,E,H,C,D,I,F,B
A,G,E,H,C,F,B,D,I
A,G,E,H,C,F,B,I,D
A,G,E,H,C,F,D,B,I
A,G,E,H,C,F,D,I,B
A,G,E,H,C,F,I,B,D
A,G,E,H,C,F,I,D,B
A,G,E,H,C,I,B,D,F
A,G,E,H,C,I,B,F,D
A,G,E,H,C,I,D,B,F
A,G,E,H,C,I,D,F,B
A,G,E,H,C,I,F,B,D
A,G,E,H,C,I,F,D,B
A,G,E,H,D,B,C,F,I
A,G,E,H,D,B,C,I,F
A,G,E,H,D,B,F,C,I
A,G,E,H,D,B,F,I,C
A,G,E,H,D,B,I,C,F
A,G,E,H,D,B,I,F,C
A,G,E,H,D,C,B,F,I
A,G,E,H,D,C,B,I,F
A,G,E,H,D,C,F,B,I
A,G,E,H,D,C,F,I,B
A,G,E,H,D,C,I,B,F
A,G,E,H,D,C,I,F,B
A,G,E,H,D,F,B,C,I
A,G,E,H,D,F,B,I,C
A,G,E,H,D,F,C,B,I
A,G,E,H,D,F,C,I,B
A,G,E,H,D,F,I,B,C
A,G,E,H,D,F,I,C,B
A,G,E,H,D,I,B,C,F
A,G,E,H,D,I,B,F,C
A,G,E,H,D,I,C,B,F
A,G,E,H,D,I,C,F,B
A,G,E,H,D,I,F,B,C
A,G,E,H,D,I,F,C,B
A,G,E,H,F,B,C,D,I
A,G,E,H,F,B,C,I,D
A,G,E,H,F,B,D,C,I
A,G,E,H,F,B,D,I,C
A,G,E,H,F,B,I,C,D
A,G,E,H,F,B,I,D,C
A,G,E,H,F,C,B,D,I
A,G,E,H,F,C,B,I,D
A,G,E,H,F,C,D,B,I
A,G,E,H,F,C,D,I,B
A,G,E,H,F,C,I,B,D
A,G,E,H,F,C,I,D,B
A,G,E,H,F,D,B,C,I
A,G,E,H,F,D,B,I,C
A,G,E,H,F,D,C,B,I
A,G,E,H,F,D,C,I,B
A,G,E,H,F,D,I,B,C
A,G,E,H,F,D,I,C,B
A,G,E,H,F,I,B,C,D
A,G,E,H,F,I,B,D,C
A,G,E,H,F,I,C,B,D
A,G,E,H,F,I,C,D,B
A,G,E,H,F,I,D,B,C
A,G,E,H,F,I,D,C,B
A,G,E,H,I,B,C,D,F
A,G,E,H,I,B,C,F,D
A,G,E,H,I,B,D,C,F
A,G,E,H,I,B,D,F,C
A,G,E,H,I,B,F,C,D
A,G,E,H,I,B,F,D,C
A,G,E,H,I,C,B,D,F
A,G,E,H,I,C,B,F,D
A,G,E,H,I,C,D,B,F
A,G,E,H,I,C,D,F,B
A,G,E,H,I,C,F,B,D
A,G,E,H,I,C,F,D,B
A,G,E,H,I,D,B,C,F
A,G,E,H,I,D,B,F,C
A,G,E,H,I,D,C,B,F
A,G,E,H,I,D,C,F,B
A,G,E,H,I,D,F,B,C
A,G,E,H,I,D,F,C,B
A,G,E,H,I,F,B,C,D
A,G,E,H,I,F,B,D,C
A,G,E,H,I,F,C,B,D
A,G,E,H,I,F,C,D,B
A,G,E,H,I,F,D,B,C
A,G,E,H,I,F,D,C,B
A,G,E,I,B,C,D,F,H
A,G,E,I,B,C,D,H,F
A,G,E,I,B,C,F,D,H
A,G,E,I,B,C,F,H,D
A,G,E,I,B,C,H,D,F
A,G,E,I,B,C,H,F,D
A,G,E,I,B,D,C,F,H
A,G,E,I,B,D,C,H,F
A,G,E,I,B,D,F,C,H
A,G,E,I,B,D,F,H,C
A,G,E,I,B,D,H,C,F
A,G,E,I,B,D,H,F,C
A,G,E,I,B,F,C,D,H
A,G,E,I,B,F,C,H,D
A,G,E,I,B,F,D,C,H
A,G,E,I,B,F,D,H,C
A,G,E,I,B,F,H,C,D
A,G,E,I,B,F,H,D,C
A,G,E,I,B,H,C,D,F
A,G,E,I,B,H,C,F,D
A,G,E,I,B,H,D,C,F
A,G,E,I,B,H,D,F,C
A,G,E,I,B,H,F,C,D
A,G,E,I,B,H,F,D,C
A,G,E,I,C,B,D,F,H
A,G,E,I,C,B,D,H,F
A,G,E,I,C,B,F,D,H
A,G,E,I,C,B,F,H,D
A,G,E,I,C,B,H,D,F
A,G,E,I,C,B,H,F,D
A,G,E,I,C,D,B,F,H
A,G,E,I,C,D,B,H,F
A,G,E,I,C,D,F,B,H
A,G,E,I,C,D,F,H,B
A,G,E,I,C,D,H,B,F
A,G,E,I,C,D,H,F,B
A,G,E,I,C,F,B,D,H
A,G,E,I,C,F,B,H,D
A,G,E,I,C,F,D,B,H
A,G,E,I,C,F,D,H,B
A,G,E,I,C,F,H,B,D
A,G,E,I,C,F,H,D,B
A,G,E,I,C,H,B,D,F
A,G,E,I,C,H,B,F,D
A,G,E,I,C,H,D,B,F
A,G,E,I,C,H,D,F,B
A,G,E,I,C,H,F,B,D
A,G,E,I,C,H,F,D,B
A,G,E,I,D,B,C,F,H
A,G,E,I,D,B,C,H,F
A,G,E,I,D,B,F,C,H
A,G,E,I,D,B,F,H,C
A,G,E,I,D,B,H,C,F
A,G,E,I,D,B,H,F,C
A,G,E,I,D,C,B,F,H
A,G,E,I,D,C,B,H,F
A,G,E,I,D,C,F,B,H
A,G,E,I,D,C,F,H,B
A,G,E,I,D,C,H,B,F
A,G,E,I,D,C,H,F,B
A,G,E,I,D,F,B,C,H
A,G,E,I,D,F,B,H,C
A,G,E,I,D,F,C,B,H
A,G,E,I,D,F,C,H,B
A,G,E,I,D,F,H,B,C
A,G,E,I,D,F,H,C,B
A,G,E,I,D,H,B,C,F
A,G,E,I,D,H,B,F,C
A,G,E,I,D,H,C,B,F
A,G,E,I,D,H,C,F,B
A,G,E,I,D,H,F,B,C
A,G,E,I,D,H,F,C,B
A,G,E,I,F,B,C,D,H
A,G,E,I,F,B,C,H,D
A,G,E,I,F,B,D,C,H
A,G,E,I,F,B,D,H,C
A,G,E,I,F,B,H,C,D
A,G,E,I,F,B,H,D,C
A,G,E,I,F,C,B,D,H
A,G,E,I,F,C,B,H,D
A,G,E,I,F,C,D,B,H
A,G,E,I,F,C,D,H,B
A,G,E,I,F,C,H,B,D
A,G,E,I,F,C,H,D,B
A,G,E,I,F,D,B,C,H
A,G,E,I,F,D,B,H,C
A,G,E,I,F,D,C,B,H
A,G,E,I,F,D,C,H,B
A,G,E,I,F,D,H,B,C
A,G,E,I,F,D,H,C,B
A,G,E,I,F,H,B,C,D
A,G,E,I,F,H,B,D,C
A,G,E,I,F,H,C,B,D
A,G,E,I,F,H,C,D,B
A,G,E,I,F,H,D,B,C
A,G,E,I,F,H,D,C,B
A,G,E,I,H,B,C,D,F
A,G,E,I,H,B,C,F,D
A,G,E,I,H,B,D,C,F
A,G,E,I,H,B,D,F,C
A,G,E,I,H,B,F,C,D
A,G,E,I,H,B,F,D,C
A,G,E,I,H,C,B,D,F
A,G,E,I,H,C,B,F,D
A,G,E,I,H,C,D,B,F
A,G,E,I,H,C,D,F,B
A,G,E,I,H,C,F,B,D
A,G,E,I,H,C,F,D,B
A,G,E,I,H,D,B,C,F
A,G,E,I,H,D,B,F,C
A,G,E,I,H,D,C,B,F
A,G,E,I,H,D,C,F,B
A,G,E,I,H,D,F,B,C
A,G,E,I,H,D,F,C,B
A,G,E,I,H,F,B,C,D
A,G,E,I,H,F,B,D,C
A,G,E,I,H,F,C,B,D
A,G,E,I,H,F,C,D,B
A,G,E,I,H,F,D,B,C
A,G,E,I,H,F,D,C,B
A,G,F,B,C,D,E,H,I
A,G,F,B,C,D,E,I,H
A,G,F,B,C,D,H,E,I
A,G,F,B,C,D,H,I,E
A,G,F,B,C,D,I,E,H
A,G,F,B,C,D,I,H,E
A,G,F,B,C,E,D,H,I
A,G,F,B,C,E,D,I,H
A,G,F,B,C,E,H,D,I
A,G,F,B,C,E,H,I,D
A,G,F,B,C,E,I,D,H
A,G,F,B,C,E,I,H,D
A,G,F,B,C,H,D,E,I
A,G,F,B,C,H,D,I,E
A,G,F,B,C,H,E,D,I
A,G,F,B,C,H,E,I,D
A,G,F,B,C,H,I,D,E
A,G,F,B,C,H,I,E,D
A,G,F,B,C,I,D,E,H
A,G,F,B,C,I,D,H,E
A,G,F,B,C,I,E,D,H
A,G,F,B,C,I,E,H,D
A,G,F,B,C,I,H,D,E
A,G,F,B,C,I,H,E,D
A,G,F,B,D,C,E,H,I
A,G,F,B,D,C,E,I,H
A,G,F,B,D,C,H,E,I
A,G,F,B,D,C,H,I,E
A,G,F,B,D,C,I,E,H
A,G,F,B,D,C,I,H,E
A,G,F,B,D,E,C,H,I
A,G,F,B,D,E,C,I,H
A,G,F,B,D,E,H,C,I
A,G,F,B,D,E,H,I,C
A,G,F,B,D,E,I,C,H
A,G,F,B,D,E,I,H,C
A,G,F,B,D,H,C,E,I
A,G,F,B,D,H,C,I,E
A,G,F,B,D,H,E,C,I
A,G,F,B,D,H,E,I,C
A,G,F,B,D,H,I,C,E
A,G,F,B,D,H,I,E,C
A,G,F,B,D,I,C,E,H
A,G,F,B,D,I,C,H,E
A,G,F,B,D,I,E,C,H
A,G,F,B,D,I,E,H,C
A,G,F,B,D,I,H,C,E
A,G,F,B,D,I,H,E,C
A,G,F,B,E,C,D,H,I
A,G,F,B,E,C,D,I,H
A,G,F,B,E,C,H,D,I
A,G,F,B,E,C,H,I,D
A,G,F,B,E,C,I,D,H
A,G,F,B,E,C,I,H,D
A,G,F,B,E,D,C,H,I
A,G,F,B,E,D,C,I,H
A,G,F,B,E,D,H,C,I
A,G,F,B,E,D,H,I,C
A,G,F,B,E,D,I,C,H
A,G,F,B,E,D,I,H,C
A,G,F,B,E,H,C,D,I
A,G,F,B,E,H,C,I,D
A,G,F,B,E,H,D,C,I
A,G,F,B,E,H,D,I,C
A,G,F,B,E,H,I,C,D
A,G,F,B,E,H,I,D,C
A,G,F,B,E,I,C,D,H
A,G,F,B,E,I,C,H,D
A,G,F,B,E,I,D,C,H
A,G,F,B,E,I,D,H,C
A,G,F,B,E,I,H,C,D
A,G,F,B,E,I,H,D,C
A,G,F,B,H,C,D,E,I
A,G,F,B,H,C,D,I,E
A,G,F,B,H,C,E,D,I
A,G,F,B,H,C,E,I,D
A,G,F,B,H,C,I,D,E
A,G,F,B,H,C,I,E,D
A,G,F,B,H,D,C,E,I
A,G,F,B,H,D,C,I,E
A,G,F,B,H,D,E,C,I
A,G,F,B,H,D,E,I,C
A,G,F,B,H,D,I,C,E
A,G,F,B,H,D,I,E,C
A,G,F,B,H,E,C,D,I
A,G,F,B,H,E,C,I,D
A,G,F,B,H,E,D,C,I
A,G,F,B,H,E,D,I,C
A,G,F,B,H,E,I,C,D
A,G,F,B,H,E,I,D,C
A,G,F,B,H,I,C,D,E
A,G,F,B,H,I,C,E,D
A,G,F,B,H,I,D,C,E
A,G,F,B,H,I,D,E,C
A,G,F,B,H,I,E,C,D
A,G,F,B,H,I,E,D,C
A,G,F,B,I,C,D,E,H
A,G,F,B,I,C,D,H,E
A,G,F,B,I,C,E,D,H
A,G,F,B,I,C,E,H,D
A,G,F,B,I,C,H,D,E
A,G,F,B,I,C,H,E,D
A,G,F,B,I,D,C,E,H
A,G,F,B,I,D,C,H,E
A,G,F,B,I,D,E,C,H
A,G,F,B,I,D,E,H,C
A,G,F,B,I,D,H,C,E
A,G,F,B,I,D,H,E,C
A,G,F,B,I,E,C,D,H
A,G,F,B,I,E,C,H,D
A,G,F,B,I,E,D,C,H
A,G,F,B,I,E,D,H,C
A,G,F,B,I,E,H,C,D
A,G,F,B,I,E,H,D,C
A,G,F,B,I,H,C,D,E
A,G,F,B,I,H,C,E,D
A,G,F,B,I,H,D,C,E
A,G,F,B,I,H,D,E,C
A,G,F,B,I,H,E,C,D
A,G,F,B,I,H,E,D,C
A,G,F,C,B,D,E,H,I
A,G,F,C,B,D,E,I,H
A,G,F,C,B,D,H,E,I
A,G,F,C,B,D,H,I,E
A,G,F,C,B,D,I,E,H
A,G,F,C,B,D,I,H,E
A,G,F,C,B,E,D,H,I
A,G,F,C,B,E,D,I,H
A,G,F,C,B,E,H,D,I
A,G,F,C,B,E,H,I,D
A,G,F,C,B,E,I,D,H
A,G,F,C,B,E,I,H,D
A,G,F,C,B,H,D,E,I
A,G,F,C,B,H,D,I,E
A,G,F,C,B,H,E,D,I
A,G,F,C,B,H,E,I,D
A,G,F,C,B,H,I,D,E
A,G,F,C,B,H,I,E,D
A,G,F,C,B,I,D,E,H
A,G,F,C,B,I,D,H,E
A,G,F,C,B,I,E,D,H
A,G,F,C,B,I,E,H,D
A,G,F,C,B,I,H,D,E
A,G,F,C,B,I,H,E,D
A,G,F,C,D,B,E,H,I
A,G,F,C,D,B,E,I,H
A,G,F,C,D,B,H,E,I
A,G,F,C,D,B,H,I,E
A,G,F,C,D,B,I,E,H
A,G,F,C,D,B,I,H,E
A,G,F,C,D,E,B,H,I
A,G,F,C,D,E,B,I,H
A,G,F,C,D,E,H,B,I
A,G,F,C,D,E,H,I,B
A,G,F,C,D,E,I,B,H
A,G,F,C,D,E,I,H,B
A,G,F,C,D,H,B,E,I
A,G,F,C,D,H,B,I,E
A,G,F,C,D,H,E,B,I
A,G,F,C,D,H,E,I,B
A,G,F,C,D,H,I,B,E
A,G,F,C,D,H,I,E,B
A,G,F,C,D,I,B,E,H
A,G,F,C,D,I,B,H,E
A,G,F,C,D,I,E,B,H
A,G,F,C,D,I,E,H,B
A,G,F,C,D,I,H,B,E
A,G,F,C,D,I,H,E,B
A,G,F,C,E,B,D,H,I
A,G,F,C,E,B,D,I,H
A,G,F,C,E,B,H,D,I
A,G,F,C,E,B,H,I,D
A,G,F,C,E,B,I,D,H
A,G,F,C,E,B,I,H,D
A,G,F,C,E,D,B,H,I
A,G,F,C,E,D,B,I,H
A,G,F,C,E,D,H,B,I
A,G,F,C,E,D,H,I,B
A,G,F,C,E,D,I,B,H
A,G,F,C,E,D,I,H,B
A,G,F,C,E,H,B,D,I
A,G,F,C,E,H,B,I,D
A,G,F,C,E,H,D,B,I
A,G,F,C,E,H,D,I,B
A,G,F,C,E,H,I,B,D
A,G,F,C,E,H,I,D,B
A,G,F,C,E,I,B,D,H
A,G,F,C,E,I,B,H,D
A,G,F,C,E,I,D,B,H
A,G,F,C,E,I,D,H,B
A,G,F,C,E,I,H,B,D
A,G,F,C,E,I,H,D,B
A,G,F,C,H,B,D,E,I
A,G,F,C,H,B,D,I,E
A,G,F,C,H,B,E,D,I
A,G,F,C,H,B,E,I,D
A,G,F,C,H,B,I,D,E
A,G,F,C,H,B,I,E,D
A,G,F,C,H,D,B,E,I
A,G,F,C,H,D,B,I,E
A,G,F,C,H,D,E,B,I
A,G,F,C,H,D,E,I,B
A,G,F,C,H,D,I,B,E
A,G,F,C,H,D,I,E,B
A,G,F,C,H,E,B,D,I
A,G,F,C,H,E,B,I,D
A,G,F,C,H,E,D,B,I
A,G,F,C,H,E,D,I,B
A,G,F,C,H,E,I,B,D
A,G,F,C,H,E,I,D,B
A,G,F,C,H,I,B,D,E
A,G,F,C,H,I,B,E,D
A,G,F,C,H,I,D,B,E
A,G,F,C,H,I,D,E,B
A,G,F,C,H,I,E,B,D
A,G,F,C,H,I,E,D,B
A,G,F,C,I,B,D,E,H
A,G,F,C,I,B,D,H,E
A,G,F,C,I,B,E,D,H
A,G,F,C,I,B,E,H,D
A,G,F,C,I,B,H,D,E
A,G,F,C,I,B,H,E,D
A,G,F,C,I,D,B,E,H
A,G,F,C,I,D,B,H,E
A,G,F,C,I,D,E,B,H
A,G,F,C,I,D,E,H,B
A,G,F,C,I,D,H,B,E
A,G,F,C,I,D,H,E,B
A,G,F,C,I,E,B,D,H
A,G,F,C,I,E,B,H,D
A,G,F,C,I,E,D,B,H
A,G,F,C,I,E,D,H,B
A,G,F,C,I,E,H,B,D
A,G,F,C,I,E,H,D,B
A,G,F,C,I,H,B,D,E
A,G,F,C,I,H,B,E,D
A,G,F,C,I,H,D,B,E
A,G,F,C,I,H,D,E,B
A,G,F,C,I,H,E,B,D
A,G,F,C,I,H,E,D,B
A,G,F,D,B,C,E,H,I
A,G,F,D,B,C,E,I,H
A,G,F,D,B,C,H,E,I
A,G,F,D,B,C,H,I,E
A,G,F,D,B,C,I,E,H
A,G,F,D,B,C,I,H,E
A,G,F,D,B,E,C,H,I
A,G,F,D,B,E,C,I,H
A,G,F,D,B,E,H,C,I
A,G,F,D,B,E,H,I,C
A,G,F,D,B,E,I,C,H
A,G,F,D,B,E,I,H,C
A,G,F,D,B,H,C,E,I
A,G,F,D,B,H,C,I,E
A,G,F,D,B,H,E,C,I
A,G,F,D,B,H,E,I,C
A,G,F,D,B,H,I,C,E
A,G,F,D,B,H,I,E,C
A,G,F,D,B,I,C,E,H
A,G,F,D,B,I,C,H,E
A,G,F,D,B,I,E,C,H
A,G,F,D,B,I,E,H,C
A,G,F,D,B,I,H,C,E
A,G,F,D,B,I,H,E,C
A,G,F,D,C,B,E,H,I
A,G,F,D,C,B,E,I,H
A,G,F,D,C,B,H,E,I
A,G,F,D,C,B,H,I,E
A,G,F,D,C,B,I,E,H
A,G,F,D,C,B,I,H,E
A,G,F,D,C,E,B,H,I
A,G,F,D,C,E,B,I,H
A,G,F,D,C,E,H,B,I
A,G,F,D,C,E,H,I,B
A,G,F,D,C,E,I,B,H
A,G,F,D,C,E,I,H,B
A,G,F,D,C,H,B,E,I
A,G,F,D,C,H,B,I,E
A,G,F,D,C,H,E,B,I
A,G,F,D,C,H,E,I,B
A,G,F,D,C,H,I,B,E
A,G,F,D,C,H,I,E,B
A,G,F,D,C,I,B,E,H
A,G,F,D,C,I,B,H,E
A,G,F,D,C,I,E,B,H
A,G,F,D,C,I,E,H,B
A,G,F,D,C,I,H,B,E
A,G,F,D,C,I,H,E,B
A,G,F,D,E,B,C,H,I
A,G,F,D,E,B,C,I,H
A,G,F,D,E,B,H,C,I
A,G,F,D,E,B,H,I,C
A,G,F,D,E,B,I,C,H
A,G,F,D,E,B,I,H,C
A,G,F,D,E,C,B,H,I
A,G,F,D,E,C,B,I,H
A,G,F,D,E,C,H,B,I
A,G,F,D,E,C,H,I,B
A,G,F,D,E,C,I,B,H
A,G,F,D,E,C,I,H,B
A,G,F,D,E,H,B,C,I
A,G,F,D,E,H,B,I,C
A,G,F,D,E,H,C,B,I
A,G,F,D,E,H,C,I,B
A,G,F,D,E,H,I,B,C
A,G,F,D,E,H,I,C,B
A,G,F,D,E,I,B,C,H
A,G,F,D,E,I,B,H,C
A,G,F,D,E,I,C,B,H
A,G,F,D,E,I,C,H,B
A,G,F,D,E,I,H,B,C
A,G,F,D,E,I,H,C,B
A,G,F,D,H,B,C,E,I
A,G,F,D,H,B,C,I,E
A,G,F,D,H,B,E,C,I
A,G,F,D,H,B,E,I,C
A,G,F,D,H,B,I,C,E
A,G,F,D,H,B,I,E,C
A,G,F,D,H,C,B,E,I
A,G,F,D,H,C,B,I,E
A,G,F,D,H,C,E,B,I
A,G,F,D,H,C,E,I,B
A,G,F,D,H,C,I,B,E
A,G,F,D,H,C,I,E,B
A,G,F,D,H,E,B,C,I
A,G,F,D,H,E,B,I,C
A,G,F,D,H,E,C,B,I
A,G,F,D,H,E,C,I,B
A,G,F,D,H,E,I,B,C
A,G,F,D,H,E,I,C,B
A,G,F,D,H,I,B,C,E
A,G,F,D,H,I,B,E,C
A,G,F,D,H,I,C,B,E
A,G,F,D,H,I,C,E,B
A,G,F,D,H,I,E,B,C
A,G,F,D,H,I,E,C,B
A,G,F,D,I,B,C,E,H
A,G,F,D,I,B,C,H,E
A,G,F,D,I,B,E,C,H
A,G,F,D,I,B,E,H,C
A,G,F,D,I,B,H,C,E
A,G,F,D,I,B,H,E,C
A,G,F,D,I,C,B,E,H
A,G,F,D,I,C,B,H,E
A,G,F,D,I,C,E,B,H
A,G,F,D,I,C,E,H,B
A,G,F,D,I,C,H,B,E
A,G,F,D,I,C,H,E,B
A,G,F,D,I,E,B,C,H
A,G,F,D,I,E,B,H,C
A,G,F,D,I,E,C,B,H
A,G,F,D,I,E,C,H,B
A,G,F,D,I,E,H,B,C
A,G,F,D,I,E,H,C,B
A,G,F,D,I,H,B,C,E
A,G,F,D,I,H,B,E,C
A,G,F,D,I,H,C,B,E
A,G,F,D,I,H,C,E,B
A,G,F,D,I,H,E,B,C
A,G,F,D,I,H,E,C,B
A,G,F,E,B,C,D,H,I
A,G,F,E,B,C,D,I,H
A,G,F,E,B,C,H,D,I
A,G,F,E,B,C,H,I,D
A,G,F,E,B,C,I,D,H
A,G,F,E,B,C,I,H,D
A,G,F,E,B,D,C,H,I
A,G,F,E,B,D,C,I,H
A,G,F,E,B,D,H,C,I
A,G,F,E,B,D,H,I,C
A,G,F,E,B,D,I,C,H
A,G,F,E,B,D,I,H,C
A,G,F,E,B,H,C,D,I
A,G,F,E,B,H,C,I,D
A,G,F,E,B,H,D,C,I
A,G,F,E,B,H,D,I,C
A,G,F,E,B,H,I,C,D
A,G,F,E,B,H,I,D,C
A,G,F,E,B,I,C,D,H
A,G,F,E,B,I,C,H,D
A,G,F,E,B,I,D,C,H
A,G,F,E,B,I,D,H,C
A,G,F,E,B,I,H,C,D
A,G,F,E,B,I,H,D,C
A,G,F,E,C,B,D,H,I
A,G,F,E,C,B,D,I,H
A,G,F,E,C,B,H,D,I
A,G,F,E,C,B,H,I,D
A,G,F,E,C,B,I,D,H
A,G,F,E,C,B,I,H,D
A,G,F,E,C,D,B,H,I
A,G,F,E,C,D,B,I,H
A,G,F,E,C,D,H,B,I
A,G,F,E,C,D,H,I,B
A,G,F,E,C,D,I,B,H
A,G,F,E,C,D,I,H,B
A,G,F,E,C,H,B,D,I
A,G,F,E,C,H,B,I,D
A,G,F,E,C,H,D,B,I
A,G,F,E,C,H,D,I,B
A,G,F,E,C,H,I,B,D
A,G,F,E,C,H,I,D,B
A,G,F,E,C,I,B,D,H
A,G,F,E,C,I,B,H,D
A,G,F,E,C,I,D,B,H
A,G,F,E,C,I,D,H,B
A,G,F,E,C,I,H,B,D
A,G,F,E,C,I,H,D,B
A,G,F,E,D,B,C,H,I
A,G,F,E,D,B,C,I,H
A,G,F,E,D,B,H,C,I
A,G,F,E,D,B,H,I,C
A,G,F,E,D,B,I,C,H
A,G,F,E,D,B,I,H,C
A,G,F,E,D,C,B,H,I
A,G,F,E,D,C,B,I,H
A,G,F,E,D,C,H,B,I
A,G,F,E,D,C,H,I,B
A,G,F,E,D,C,I,B,H
A,G,F,E,D,C,I,H,B
A,G,F,E,D,H,B,C,I
A,G,F,E,D,H,B,I,C
A,G,F,E,D,H,C,B,I
A,G,F,E,D,H,C,I,B
A,G,F,E,D,H,I,B,C
A,G,F,E,D,H,I,C,B
A,G,F,E,D,I,B,C,H
A,G,F,E,D,I,B,H,C
A,G,F,E,D,I,C,B,H
A,G,F,E,D,I,C,H,B
A,G,F,E,D,I,H,B,C
A,G,F,E,D,I,H,C,B
A,G,F,E,H,B,C,D,I
A,G,F,E,H,B,C,I,D
A,G,F,E,H,B,D,C,I
A,G,F,E,H,B,D,I,C
A,G,F,E,H,B,I,C,D
A,G,F,E,H,B,I,D,C
A,G,F,E,H,C,B,D,I
A,G,F,E,H,C,B,I,D
A,G,F,E,H,C,D,B,I
A,G,F,E,H,C,D,I,B
A,G,F,E,H,C,I,B,D
A,G,F,E,H,C,I,D,B
A,G,F,E,H,D,B,C,I
A,G,F,E,H,D,B,I,C
A,G,F,E,H,D,C,B,I
A,G,F,E,H,D,C,I,B
A,G,F,E,H,D,I,B,C
A,G,F,E,H,D,I,C,B
A,G,F,E,H,I,B,C,D
A,G,F,E,H,I,B,D,C
A,G,F,E,H,I,C,B,D
A,G,F,E,H,I,C,D,B
A,G,F,E,H,I,D,B,C
A,G,F,E,H,I,D,C,B
A,G,F,E,I,B,C,D,H
A,G,F,E,I,B,C,H,D
A,G,F,E,I,B,D,C,H
A,G,F,E,I,B,D,H,C
A,G,F,E,I,B,H,C,D
A,G,F,E,I,B,H,D,C
A,G,F,E,I,C,B,D,H
A,G,F,E,I,C,B,H,D
A,G,F,E,I,C,D,B,H
A,G,F,E,I,C,D,H,B
A,G,F,E,I,C,H,B,D
A,G,F,E,I,C,H,D,B
A,G,F,E,I,D,B,C,H
A,G,F,E,I,D,B,H,C
A,G,F,E,I,D,C,B,H
A,G,F,E,I,D,C,H,B
A,G,F,E,I,D,H,B,C
A,G,F,E,I,D,H,C,B
A,G,F,E,I,H,B,C,D
A,G,F,E,I,H,B,D,C
A,G,F,E,I,H,C,B,D
A,G,F,E,I,H,C,D,B
A,G,F,E,I,H,D,B,C
A,G,F,E,I,H,D,C,B
A,G,F,H,B,C,D,E,I
A,G,F,H,B,C,D,I,E
A,G,F,H,B,C,E,D,I
A,G,F,H,B,C,E,I,D
A,G,F,H,B,C,I,D,E
A,G,F,H,B,C,I,E,D
A,G,F,H,B,D,C,E,I
A,G,F,H,B,D,C,I,E
A,G,F,H,B,D,E,C,I
A,G,F,H,B,D,E,I,C
A,G,F,H,B,D,I,C,E
A,G,F,H,B,D,I,E,C
A,G,F,H,B,E,C,D,I
A,G,F,H,B,E,C,I,D
A,G,F,H,B,E,D,C,I
A,G,F,H,B,E,D,I,C
A,G,F,H,B,E,I,C,D
A,G,F,H,B,E,I,D,C
A,G,F,H,B,I,C,D,E
A,G,F,H,B,I,C,E,D
A,G,F,H,B,I,D,C,E
A,G,F,H,B,I,D,E,C
A,G,F,H,B,I,E,C,D
A,G,F,H,B,I,E,D,C
A,G,F,H,C,B,D,E,I
A,G,F,H,C,B,D,I,E
A,G,F,H,C,B,E,D,I
A,G,F,H,C,B,E,I,D
A,G,F,H,C,B,I,D,E
A,G,F,H,C,B,I,E,D
A,G,F,H,C,D,B,E,I
A,G,F,H,C,D,B,I,E
A,G,F,H,C,D,E,B,I
A,G,F,H,C,D,E,I,B
A,G,F,H,C,D,I,B,E
A,G,F,H,C,D,I,E,B
A,G,F,H,C,E,B,D,I
A,G,F,H,C,E,B,I,D
A,G,F,H,C,E,D,B,I
A,G,F,H,C,E,D,I,B
A,G,F,H,C,E,I,B,D
A,G,F,H,C,E,I,D,B
A,G,F,H,C,I,B,D,E
A,G,F,H,C,I,B,E,D
A,G,F,H,C,I,D,B,E
A,G,F,H,C,I,D,E,B
A,G,F,H,C,I,E,B,D
A,G,F,H,C,I,E,D,B
A,G,F,H,D,B,C,E,I
A,G,F,H,D,B,C,I,E
A,G,F,H,D,B,E,C,I
A,G,F,H,D,B,E,I,C
A,G,F,H,D,B,I,C,E
A,G,F,H,D,B,I,E,C
A,G,F,H,D,C,B,E,I
A,G,F,H,D,C,B,I,E
A,G,F,H,D,C,E,B,I
A,G,F,H,D,C,E,I,B
A,G,F,H,D,C,I,B,E
A,G,F,H,D,C,I,E,B
A,G,F,H,D,E,B,C,I
A,G,F,H,D,E,B,I,C
A,G,F,H,D,E,C,B,I
A,G,F,H,D,E,C,I,B
A,G,F,H,D,E,I,B,C
A,G,F,H,D,E,I,C,B
A,G,F,H,D,I,B,C,E
A,G,F,H,D,I,B,E,C
A,G,F,H,D,I,C,B,E
A,G,F,H,D,I,C,E,B
A,G,F,H,D,I,E,B,C
A,G,F,H,D,I,E,C,B
A,G,F,H,E,B,C,D,I
A,G,F,H,E,B,C,I,D
A,G,F,H,E,B,D,C,I
A,G,F,H,E,B,D,I,C
A,G,F,H,E,B,I,C,D
A,G,F,H,E,B,I,D,C
A,G,F,H,E,C,B,D,I
A,G,F,H,E,C,B,I,D
A,G,F,H,E,C,D,B,I
A,G,F,H,E,C,D,I,B
A,G,F,H,E,C,I,B,D
A,G,F,H,E,C,I,D,B
A,G,F,H,E,D,B,C,I
A,G,F,H,E,D,B,I,C
A,G,F,H,E,D,C,B,I
A,G,F,H,E,D,C,I,B
A,G,F,H,E,D,I,B,C
A,G,F,H,E,D,I,C,B
A,G,F,H,E,I,B,C,D
A,G,F,H,E,I,B,D,C
A,G,F,H,E,I,C,B,D
A,G,F,H,E,I,C,D,B
A,G,F,H,E,I,D,B,C
A,G,F,H,E,I,D,C,B
A,G,F,H,I,B,C,D,E
A,G,F,H,I,B,C,E,D
A,G,F,H,I,B,D,C,E
A,G,F,H,I,B,D,E,C
A,G,F,H,I,B,E,C,D
A,G,F,H,I,B,E,D,C
A,G,F,H,I,C,B,D,E
A,G,F,H,I,C,B,E,D
A,G,F,H,I,C,D,B,E
A,G,F,H,I,C,D,E,B
A,G,F,H,I,C,E,B,D
A,G,F,H,I,C,E,D,B
A,G,F,H,I,D,B,C,E
A,G,F,H,I,D,B,E,C
A,G,F,H,I,D,C,B,E
A,G,F,H,I,D,C,E,B
A,G,F,H,I,D,E,B,C
A,G,F,H,I,D,E,C,B
A,G,F,H,I,E,B,C,D
A,G,F,H,I,E,B,D,C
A,G,F,H,I,E,C,B,D
A,G,F,H,I,E,C,D,B
A,G,F,H,I,E,D,B,C
A,G,F,H,I,E,D,C,B
A,G,F,I,B,C,D,E,H
A,G,F,I,B,C,D,H,E
A,G,F,I,B,C,E,D,H
A,G,F,I,B,C,E,H,D
A,G,F,I,B,C,H,D,E
A,G,F,I,B,C,H,E,D
A,G,F,I,B,D,C,E,H
A,G,F,I,B,D,C,H,E
A,G,F,I,B,D,E,C,H
A,G,F,I,B,D,E,H,C
A,G,F,I,B,D,H,C,E
A,G,F,I,B,D,H,E,C
A,G,F,I,B,E,C,D,H
A,G,F,I,B,E,C,H,D
A,G,F,I,B,E,D,C,H
A,G,F,I,B,E,D,H,C
A,G,F,I,B,E,H,C,D
A,G,F,I,B,E,H,D,C
A,G,F,I,B,H,C,D,E
A,G,F,I,B,H,C,E,D
A,G,F,I,B,H,D,C,E
A,G,F,I,B,H,D,E,C
A,G,F,I,B,H,E,C,D
A,G,F,I,B,H,E,D,C
A,G,F,I,C,B,D,E,H
A,G,F,I,C,B,D,H,E
A,G,F,I,C,B,E,D,H
A,G,F,I,C,B,E,H,D
A,G,F,I,C,B,H,D,E
A,G,F,I,C,B,H,E,D
A,G,F,I,C,D,B,E,H
A,G,F,I,C,D,B,H,E
A,G,F,I,C,D,E,B,H
A,G,F,I,C,D,E,H,B
A,G,F,I,C,D,H,B,E
A,G,F,I,C,D,H,E,B
A,G,F,I,C,E,B,D,H
A,G,F,I,C,E,B,H,D
A,G,F,I,C,E,D,B,H
A,G,F,I,C,E,D,H,B
A,G,F,I,C,E,H,B,D
A,G,F,I,C,E,H,D,B
A,G,F,I,C,H,B,D,E
A,G,F,I,C,H,B,E,D
A,G,F,I,C,H,D,B,E
A,G,F,I,C,H,D,E,B
A,G,F,I,C,H,E,B,D
A,G,F,I,C,H,E,D,B
A,G,F,I,D,B,C,E,H
A,G,F,I,D,B,C,H,E
A,G,F,I,D,B,E,C,H
A,G,F,I,D,B,E,H,C
A,G,F,I,D,B,H,C,E
A,G,F,I,D,B,H,E,C
A,G,F,I,D,C,B,E,H
A,G,F,I,D,C,B,H,E
A,G,F,I,D,C,E,B,H
A,G,F,I,D,C,E,H,B
A,G,F,I,D,C,H,B,E
A,G,F,I,D,C,H,E,B
A,G,F,I,D,E,B,C,H
A,G,F,I,D,E,B,H,C
A,G,F,I,D,E,C,B,H
A,G,F,I,D,E,C,H,B
A,G,F,I,D,E,H,B,C
A,G,F,I,D,E,H,C,B
A,G,F,I,D,H,B,C,E
A,G,F,I,D,H,B,E,C
A,G,F,I,D,H,C,B,E
A,G,F,I,D,H,C,E,B
A,G,F,I,D,H,E,B,C
A,G,F,I,D,H,E,C,B
A,G,F,I,E,B,C,D,H
A,G,F,I,E,B,C,H,D
A,G,F,I,E,B,D,C,H
A,G,F,I,E,B,D,H,C
A,G,F,I,E,B,H,C,D
A,G,F,I,E,B,H,D,C
A,G,F,I,E,C,B,D,H
A,G,F,I,E,C,B,H,D
A,G,F,I,E,C,D,B,H
A,G,F,I,E,C,D,H,B
A,G,F,I,E,C,H,B,D
A,G,F,I,E,C,H,D,B
A,G,F,I,E,D,B,C,H
A,G,F,I,E,D,B,H,C
A,G,F,I,E,D,C,B,H
A,G,F,I,E,D,C,H,B
A,G,F,I,E,D,H,B,C
A,G,F,I,E,D,H,C,B
A,G,F,I,E,H,B,C,D
A,G,F,I,E,H,B,D,C
A,G,F,I,E,H,C,B,D
A,G,F,I,E,H,C,D,B
A,G,F,I,E,H,D,B,C
A,G,F,I,E,H,D,C,B
A,G,F,I,H,B,C,D,E
A,G,F,I,H,B,C,E,D
A,G,F,I,H,B,D,C,E
A,G,F,I,H,B,D,E,C
A,G,F,I,H,B,E,C,D
A,G,F,I,H,B,E,D,C
A,G,F,I,H,C,B,D,E
A,G,F,I,H,C,B,E,D
A,G,F,I,H,C,D,B,E
A,G,F,I,H,C,D,E,B
A,G,F,I,H,C,E,B,D
A,G,F,I,H,C,E,D,B
A,G,F,I,H,D,B,C,E
A,G,F,I,H,D,B,E,C
A,G,F,I,H,D,C,B,E
A,G,F,I,H,D,C,E,B
A,G,F,I,H,D,E,B,C
A,G,F,I,H,D,E,C,B
A,G,F,I,H,E,B,C,D
A,G,F,I,H,E,B,D,C
A,G,F,I,H,E,C,B,D
A,G,F,I,H,E,C,D,B
A,G,F,I,H,E,D,B,C
A,G,F,I,H,E,D,C,B
A,G,H,B,C,D,E,F,I
A,G,H,B,C,D,E,I,F
A,G,H,B,C,D,F,E,I
A,G,H,B,C,D,F,I,E
A,G,H,B,C,D,I,E,F
A,G,H,B,C,D,I,F,E
A,G,H,B,C,E,D,F,I
A,G,H,B,C,E,D,I,F
A,G,H,B,C,E,F,D,I
A,G,H,B,C,E,F,I,D
A,G,H,B,C,E,I,D,F
A,G,H,B,C,E,I,F,D
A,G,H,B,C,F,D,E,I
A,G,H,B,C,F,D,I,E
A,G,H,B,C,F,E,D,I
A,G,H,B,C,F,E,I,D
A,G,H,B,C,F,I,D,E
A,G,H,B,C,F,I,E,D
A,G,H,B,C,I,D,E,F
A,G,H,B,C,I,D,F,E
A,G,H,B,C,I,E,D,F
A,G,H,B,C,I,E,F,D
A,G,H,B,C,I,F,D,E
A,G,H,B,C,I,F,E,D
A,G,H,B,D,C,E,F,I
A,G,H,B,D,C,E,I,F
A,G,H,B,D,C,F,E,I
A,G,H,B,D,C,F,I,E
A,G,H,B,D,C,I,E,F
A,G,H,B,D,C,I,F,E
A,G,H,B,D,E,C,F,I
A,G,H,B,D,E,C,I,F
A,G,H,B,D,E,F,C,I
A,G,H,B,D,E,F,I,C
A,G,H,B,D,E,I,C,F
A,G,H,B,D,E,I,F,C
A,G,H,B,D,F,C,E,I
A,G,H,B,D,F,C,I,E
A,G,H,B,D,F,E,C,I
A,G,H,B,D,F,E,I,C
A,G,H,B,D,F,I,C,E
A,G,H,B,D,F,I,E,C
A,G,H,B,D,I,C,E,F
A,G,H,B,D,I,C,F,E
A,G,H,B,D,I,E,C,F
A,G,H,B,D,I,E,F,C
A,G,H,B,D,I,F,C,E
A,G,H,B,D,I,F,E,C
A,G,H,B,E,C,D,F,I
A,G,H,B,E,C,D,I,F
A,G,H,B,E,C,F,D,I
A,G,H,B,E,C,F,I,D
A,G,H,B,E,C,I,D,F
A,G,H,B,E,C,I,F,D
A,G,H,B,E,D,C,F,I
A,G,H,B,E,D,C,I,F
A,G,H,B,E,D,F,C,I
A,G,H,B,E,D,F,I,C
A,G,H,B,E,D,I,C,F
A,G,H,B,E,D,I,F,C
A,G,H,B,E,F,C,D,I
A,G,H,B,E,F,C,I,D
A,G,H,B,E,F,D,C,I
A,G,H,B,E,F,D,I,C
A,G,H,B,E,F,I,C,D
A,G,H,B,E,F,I,D,C
A,G,H,B,E,I,C,D,F
A,G,H,B,E,I,C,F,D
A,G,H,B,E,I,D,C,F
A,G,H,B,E,I,D,F,C
A,G,H,B,E,I,F,C,D
A,G,H,B,E,I,F,D,C
A,G,H,B,F,C,D,E,I
A,G,H,B,F,C,D,I,E
A,G,H,B,F,C,E,D,I
A,G,H,B,F,C,E,I,D
A,G,H,B,F,C,I,D,E
A,G,H,B,F,C,I,E,D
A,G,H,B,F,D,C,E,I
A,G,H,B,F,D,C,I,E
A,G,H,B,F,D,E,C,I
A,G,H,B,F,D,E,I,C
A,G,H,B,F,D,I,C,E
A,G,H,B,F,D,I,E,C
A,G,H,B,F,E,C,D,I
A,G,H,B,F,E,C,I,D
A,G,H,B,F,E,D,C,I
A,G,H,B,F,E,D,I,C
A,G,H,B,F,E,I,C,D
A,G,H,B,F,E,I,D,C
A,G,H,B,F,I,C,D,E
A,G,H,B,F,I,C,E,D
A,G,H,B,F,I,D,C,E
A,G,H,B,F,I,D,E,C
A,G,H,B,F,I,E,C,D
A,G,H,B,F,I,E,D,C
A,G,H,B,I,C,D,E,F
A,G,H,B,I,C,D,F,E
A,G,H,B,I,C,E,D,F
A,G,H,B,I,C,E,F,D
A,G,H,B,I,C,F,D,E
A,G,H,B,I,C,F,E,D
A,G,H,B,I,D,C,E,F
A,G,H,B,I,D,C,F,E
A,G,H,B,I,D,E,C,F
A,G,H,B,I,D,E,F,C
A,G,H,B,I,D,F,C,E
A,G,H,B,I,D,F,E,C
A,G,H,B,I,E,C,D,F
A,G,H,B,I,E,C,F,D
A,G,H,B,I,E,D,C,F
A,G,H,B,I,E,D,F,C
A,G,H,B,I,E,F,C,D
A,G,H,B,I,E,F,D,C
A,G,H,B,I,F,C,D,E
A,G,H,B,I,F,C,E,D
A,G,H,B,I,F,D,C,E
A,G,H,B,I,F,D,E,C
A,G,H,B,I,F,E,C,D
A,G,H,B,I,F,E,D,C
A,G,H,C,B,D,E,F,I
A,G,H,C,B,D,E,I,F
A,G,H,C,B,D,F,E,I
A,G,H,C,B,D,F,I,E
A,G,H,C,B,D,I,E,F
A,G,H,C,B,D,I,F,E
A,G,H,C,B,E,D,F,I
A,G,H,C,B,E,D,I,F
A,G,H,C,B,E,F,D,I
A,G,H,C,B,E,F,I,D
A,G,H,C,B,E,I,D,F
A,G,H,C,B,E,I,F,D
A,G,H,C,B,F,D,E,I
A,G,H,C,B,F,D,I,E
A,G,H,C,B,F,E,D,I
A,G,H,C,B,F,E,I,D
A,G,H,C,B,F,I,D,E
A,G,H,C,B,F,I,E,D
A,G,H,C,B,I,D,E,F
A,G,H,C,B,I,D,F,E
A,G,H,C,B,I,E,D,F
A,G,H,C,B,I,E,F,D
A,G,H,C,B,I,F,D,E
A,G,H,C,B,I,F,E,D
A,G,H,C,D,B,E,F,I
A,G,H,C,D,B,E,I,F
A,G,H,C,D,B,F,E,I
A,G,H,C,D,B,F,I,E
A,G,H,C,D,B,I,E,F
A,G,H,C,D,B,I,F,E
A,G,H,C,D,E,B,F,I
A,G,H,C,D,E,B,I,F
A,G,H,C,D,E,F,B,I
A,G,H,C,D,E,F,I,B
A,G,H,C,D,E,I,B,F
A,G,H,C,D,E,I,F,B
A,G,H,C,D,F,B,E,I
A,G,H,C,D,F,B,I,E
A,G,H,C,D,F,E,B,I
A,G,H,C,D,F,E,I,B
A,G,H,C,D,F,I,B,E
A,G,H,C,D,F,I,E,B
A,G,H,C,D,I,B,E,F
A,G,H,C,D,I,B,F,E
A,G,H,C,D,I,E,B,F
A,G,H,C,D,I,E,F,B
A,G,H,C,D,I,F,B,E
A,G,H,C,D,I,F,E,B
A,G,H,C,E,B,D,F,I
A,G,H,C,E,B,D,I,F
A,G,H,C,E,B,F,D,I
A,G,H,C,E,B,F,I,D
A,G,H,C,E,B,I,D,F
A,G,H,C,E,B,I,F,D
A,G,H,C,E,D,B,F,I
A,G,H,C,E,D,B,I,F
A,G,H,C,E,D,F,B,I
A,G,H,C,E,D,F,I,B
A,G,H,C,E,D,I,B,F
A,G,H,C,E,D,I,F,B
A,G,H,C,E,F,B,D,I
A,G,H,C,E,F,B,I,D
A,G,H,C,E,F,D,B,I
A,G,H,C,E,F,D,I,B
A,G,H,C,E,F,I,B,D
A,G,H,C,E,F,I,D,B
A,G,H,C,E,I,B,D,F
A,G,H,C,E,I,B,F,D
A,G,H,C,E,I,D,B,F
A,G,H,C,E,I,D,F,B
A,G,H,C,E,I,F,B,D
A,G,H,C,E,I,F,D,B
A,G,H,C,F,B,D,E,I
A,G,H,C,F,B,D,I,E
A,G,H,C,F,B,E,D,I
A,G,H,C,F,B,E,I,D
A,G,H,C,F,B,I,D,E
A,G,H,C,F,B,I,E,D
A,G,H,C,F,D,B,E,I
A,G,H,C,F,D,B,I,E
A,G,H,C,F,D,E,B,I
A,G,H,C,F,D,E,I,B
A,G,H,C,F,D,I,B,E
A,G,H,C,F,D,I,E,B
A,G,H,C,F,E,B,D,I
A,G,H,C,F,E,B,I,D
A,G,H,C,F,E,D,B,I
A,G,H,C,F,E,D,I,B
A,G,H,C,F,E,I,B,D
A,G,H,C,F,E,I,D,B
A,G,H,C,F,I,B,D,E
A,G,H,C,F,I,B,E,D
A,G,H,C,F,I,D,B,E
A,G,H,C,F,I,D,E,B
A,G,H,C,F,I,E,B,D
A,G,H,C,F,I,E,D,B
A,G,H,C,I,B,D,E,F
A,G,H,C,I,B,D,F,E
A,G,H,C,I,B,E,D,F
A,G,H,C,I,B,E,F,D
A,G,H,C,I,B,F,D,E
A,G,H,C,I,B,F,E,D
A,G,H,C,I,D,B,E,F
A,G,H,C,I,D,B,F,E
A,G,H,C,I,D,E,B,F
A,G,H,C,I,D,E,F,B
A,G,H,C,I,D,F,B,E
A,G,H,C,I,D,F,E,B
A,G,H,C,I,E,B,D,F
A,G,H,C,I,E,B,F,D
A,G,H,C,I,E,D,B,F
A,G,H,C,I,E,D,F,B
A,G,H,C,I,E,F,B,D
A,G,H,C,I,E,F,D,B
A,G,H,C,I,F,B,D,E
A,G,H,C,I,F,B,E,D
A,G,H,C,I,F,D,B,E
A,G,H,C,I,F,D,E,B
A,G,H,C,I,F,E,B,D
A,G,H,C,I,F,E,D,B
A,G,H,D,B,C,E,F,I
A,G,H,D,B,C,E,I,F
A,G,H,D,B,C,F,E,I
A,G,H,D,B,C,F,I,E
A,G,H,D,B,C,I,E,F
A,G,H,D,B,C,I,F,E
A,G,H,D,B,E,C,F,I
A,G,H,D,B,E,C,I,F
A,G,H,D,B,E,F,C,I
A,G,H,D,B,E,F,I,C
A,G,H,D,B,E,I,C,F
A,G,H,D,B,E,I,F,C
A,G,H,D,B,F,C,E,I
A,G,H,D,B,F,C,I,E
A,G,H,D,B,F,E,C,I
A,G,H,D,B,F,E,I,C
A,G,H,D,B,F,I,C,E
A,G,H,D,B,F,I,E,C
A,G,H,D,B,I,C,E,F
A,G,H,D,B,I,C,F,E
A,G,H,D,B,I,E,C,F
A,G,H,D,B,I,E,F,C
A,G,H,D,B,I,F,C,E
A,G,H,D,B,I,F,E,C
A,G,H,D,C,B,E,F,I
A,G,H,D,C,B,E,I,F
A,G,H,D,C,B,F,E,I
A,G,H,D,C,B,F,I,E
A,G,H,D,C,B,I,E,F
A,G,H,D,C,B,I,F,E
A,G,H,D,C,E,B,F,I
A,G,H,D,C,E,B,I,F
A,G,H,D,C,E,F,B,I
A,G,H,D,C,E,F,I,B
A,G,H,D,C,E,I,B,F
A,G,H,D,C,E,I,F,B
A,G,H,D,C,F,B,E,I
A,G,H,D,C,F,B,I,E
A,G,H,D,C,F,E,B,I
A,G,H,D,C,F,E,I,B
A,G,H,D,C,F,I,B,E
A,G,H,D,C,F,I,E,B
A,G,H,D,C,I,B,E,F
A,G,H,D,C,I,B,F,E
A,G,H,D,C,I,E,B,F
A,G,H,D,C,I,E,F,B
A,G,H,D,C,I,F,B,E
A,G,H,D,C,I,F,E,B
A,G,H,D,E,B,C,F,I
A,G,H,D,E,B,C,I,F
A,G,H,D,E,B,F,C,I
A,G,H,D,E,B,F,I,C
A,G,H,D,E,B,I,C,F
A,G,H,D,E,B,I,F,C
A,G,H,D,E,C,B,F,I
A,G,H,D,E,C,B,I,F
A,G,H,D,E,C,F,B,I
A,G,H,D,E,C,F,I,B
A,G,H,D,E,C,I,B,F
A,G,H,D,E,C,I,F,B
A,G,H,D,E,F,B,C,I
A,G,H,D,E,F,B,I,C
A,G,H,D,E,F,C,B,I
A,G,H,D,E,F,C,I,B
A,G,H,D,E,F,I,B,C
A,G,H,D,E,F,I,C,B
A,G,H,D,E,I,B,C,F
A,G,H,D,E,I,B,F,C
A,G,H,D,E,I,C,B,F
A,G,H,D,E,I,C,F,B
A,G,H,D,E,I,F,B,C
A,G,H,D,E,I,F,C,B
A,G,H,D,F,B,C,E,I
A,G,H,D,F,B,C,I,E
A,G,H,D,F,B,E,C,I
A,G,H,D,F,B,E,I,C
A,G,H,D,F,B,I,C,E
A,G,H,D,F,B,I,E,C
A,G,H,D,F,C,B,E,I
A,G,H,D,F,C,B,I,E
A,G,H,D,F,C,E,B,I
A,G,H,D,F,C,E,I,B
A,G,H,D,F,C,I,B,E
A,G,H,D,F,C,I,E,B
A,G,H,D,F,E,B,C,I
A,G,H,D,F,E,B,I,C
A,G,H,D,F,E,C,B,I
A,G,H,D,F,E,C,I,B
A,G,H,D,F,E,I,B,C
A,G,H,D,F,E,I,C,B
A,G,H,D,F,I,B,C,E
A,G,H,D,F,I,B,E,C
A,G,H,D,F,I,C,B,E
A,G,H,D,F,I,C,E,B
A,G,H,D,F,I,E,B,C
A,G,H,D,F,I,E,C,B
A,G,H,D,I,B,C,E,F
A,G,H,D,I,B,C,F,E
A,G,H,D,I,B,E,C,F
A,G,H,D,I,B,E,F,C
A,G,H,D,I,B,F,C,E
A,G,H,D,I,B,F,E,C
A,G,H,D,I,C,B,E,F
A,G,H,D,I,C,B,F,E
A,G,H,D,I,C,E,B,F
A,G,H,D,I,C,E,F,B
A,G,H,D,I,C,F,B,E
A,G,H,D,I,C,F,E,B
A,G,H,D,I,E,B,C,F
A,G,H,D,I,E,B,F,C
A,G,H,D,I,E,C,B,F
A,G,H,D,I,E,C,F,B
A,G,H,D,I,E,F,B,C
A,G,H,D,I,E,F,C,B
A,G,H,D,I,F,B,C,E
A,G,H,D,I,F,B,E,C
A,G,H,D,I,F,C,B,E
A,G,H,D,I,F,C,E,B
A,G,H,D,I,F,E,B,C
A,G,H,D,I,F,E,C,B
A,G,H,E,B,C,D,F,I
A,G,H,E,B,C,D,I,F
A,G,H,E,B,C,F,D,I
A,G,H,E,B,C,F,I,D
A,G,H,E,B,C,I,D,F
A,G,H,E,B,C,I,F,D
A,G,H,E,B,D,C,F,I
A,G,H,E,B,D,C,I,F
A,G,H,E,B,D,F,C,I
A,G,H,E,B,D,F,I,C
A,G,H,E,B,D,I,C,F
A,G,H,E,B,D,I,F,C
A,G,H,E,B,F,C,D,I
A,G,H,E,B,F,C,I,D
A,G,H,E,B,F,D,C,I
A,G,H,E,B,F,D,I,C
A,G,H,E,B,F,I,C,D
A,G,H,E,B,F,I,D,C
A,G,H,E,B,I,C,D,F
A,G,H,E,B,I,C,F,D
A,G,H,E,B,I,D,C,F
A,G,H,E,B,I,D,F,C
A,G,H,E,B,I,F,C,D
A,G,H,E,B,I,F,D,C
A,G,H,E,C,B,D,F,I
A,G,H,E,C,B,D,I,F
A,G,H,E,C,B,F,D,I
A,G,H,E,C,B,F,I,D
A,G,H,E,C,B,I,D,F
A,G,H,E,C,B,I,F,D
A,G,H,E,C,D,B,F,I
A,G,H,E,C,D,B,I,F
A,G,H,E,C,D,F,B,I
A,G,H,E,C,D,F,I,B
A,G,H,E,C,D,I,B,F
A,G,H,E,C,D,I,F,B
A,G,H,E,C,F,B,D,I
A,G,H,E,C,F,B,I,D
A,G,H,E,C,F,D,B,I
A,G,H,E,C,F,D,I,B
A,G,H,E,C,F,I,B,D
A,G,H,E,C,F,I,D,B
A,G,H,E,C,I,B,D,F
A,G,H,E,C,I,B,F,D
A,G,H,E,C,I,D,B,F
A,G,H,E,C,I,D,F,B
A,G,H,E,C,I,F,B,D
A,G,H,E,C,I,F,D,B
A,G,H,E,D,B,C,F,I
A,G,H,E,D,B,C,I,F
A,G,H,E,D,B,F,C,I
A,G,H,E,D,B,F,I,C
A,G,H,E,D,B,I,C,F
A,G,H,E,D,B,I,F,C
A,G,H,E,D,C,B,F,I
A,G,H,E,D,C,B,I,F
A,G,H,E,D,C,F,B,I
A,G,H,E,D,C,F,I,B
A,G,H,E,D,C,I,B,F
A,G,H,E,D,C,I,F,B
A,G,H,E,D,F,B,C,I
A,G,H,E,D,F,B,I,C
A,G,H,E,D,F,C,B,I
A,G,H,E,D,F,C,I,B
A,G,H,E,D,F,I,B,C
A,G,H,E,D,F,I,C,B
A,G,H,E,D,I,B,C,F
A,G,H,E,D,I,B,F,C
A,G,H,E,D,I,C,B,F
A,G,H,E,D,I,C,F,B
A,G,H,E,D,I,F,B,C
A,G,H,E,D,I,F,C,B
A,G,H,E,F,B,C,D,I
A,G,H,E,F,B,C,I,D
A,G,H,E,F,B,D,C,I
A,G,H,E,F,B,D,I,C
A,G,H,E,F,B,I,C,D
A,G,H,E,F,B,I,D,C
A,G,H,E,F,C,B,D,I
A,G,H,E,F,C,B,I,D
A,G,H,E,F,C,D,B,I
A,G,H,E,F,C,D,I,B
A,G,H,E,F,C,I,B,D
A,G,H,E,F,C,I,D,B
A,G,H,E,F,D,B,C,I
A,G,H,E,F,D,B,I,C
A,G,H,E,F,D,C,B,I
A,G,H,E,F,D,C,I,B
A,G,H,E,F,D,I,B,C
A,G,H,E,F,D,I,C,B
A,G,H,E,F,I,B,C,D
A,G,H,E,F,I,B,D,C
A,G,H,E,F,I,C,B,D
A,G,H,E,F,I,C,D,B
A,G,H,E,F,I,D,B,C
A,G,H,E,F,I,D,C,B
A,G,H,E,I,B,C,D,F
A,G,H,E,I,B,C,F,D
A,G,H,E,I,B,D,C,F
A,G,H,E,I,B,D,F,C
A,G,H,E,I,B,F,C,D
A,G,H,E,I,B,F,D,C
A,G,H,E,I,C,B,D,F
A,G,H,E,I,C,B,F,D
A,G,H,E,I,C,D,B,F
A,G,H,E,I,C,D,F,B
A,G,H,E,I,C,F,B,D
A,G,H,E,I,C,F,D,B
A,G,H,E,I,D,B,C,F
A,G,H,E,I,D,B,F,C
A,G,H,E,I,D,C,B,F
A,G,H,E,I,D,C,F,B
A,G,H,E,I,D,F,B,C
A,G,H,E,I,D,F,C,B
A,G,H,E,I,F,B,C,D
A,G,H,E,I,F,B,D,C
A,G,H,E,I,F,C,B,D
A,G,H,E,I,F,C,D,B
A,G,H,E,I,F,D,B,C
A,G,H,E,I,F,D,C,B
A,G,H,F,B,C,D,E,I
A,G,H,F,B,C,D,I,E
A,G,H,F,B,C,E,D,I
A,G,H,F,B,C,E,I,D
A,G,H,F,B,C,I,D,E
A,G,H,F,B,C,I,E,D
A,G,H,F,B,D,C,E,I
A,G,H,F,B,D,C,I,E
A,G,H,F,B,D,E,C,I
A,G,H,F,B,D,E,I,C
A,G,H,F,B,D,I,C,E
A,G,H,F,B,D,I,E,C
A,G,H,F,B,E,C,D,I
A,G,H,F,B,E,C,I,D
A,G,H,F,B,E,D,C,I
A,G,H,F,B,E,D,I,C
A,G,H,F,B,E,I,C,D
A,G,H,F,B,E,I,D,C
A,G,H,F,B,I,C,D,E
A,G,H,F,B,I,C,E,D
A,G,H,F,B,I,D,C,E
A,G,H,F,B,I,D,E,C
A,G,H,F,B,I,E,C,D
A,G,H,F,B,I,E,D,C
A,G,H,F,C,B,D,E,I
A,G,H,F,C,B,D,I,E
A,G,H,F,C,B,E,D,I
A,G,H,F,C,B,E,I,D
A,G,H,F,C,B,I,D,E
A,G,H,F,C,B,I,E,D
A,G,H,F,C,D,B,E,I
A,G,H,F,C,D,B,I,E
A,G,H,F,C,D,E,B,I
A,G,H,F,C,D,E,I,B
A,G,H,F,C,D,I,B,E
A,G,H,F,C,D,I,E,B
A,G,H,F,C,E,B,D,I
A,G,H,F,C,E,B,I,D
A,G,H,F,C,E,D,B,I
A,G,H,F,C,E,D,I,B
A,G,H,F,C,E,I,B,D
A,G,H,F,C,E,I,D,B
A,G,H,F,C,I,B,D,E
A,G,H,F,C,I,B,E,D
A,G,H,F,C,I,D,B,E
A,G,H,F,C,I,D,E,B
A,G,H,F,C,I,E,B,D
A,G,H,F,C,I,E,D,B
A,G,H,F,D,B,C,E,I
A,G,H,F,D,B,C,I,E
A,G,H,F,D,B,E,C,I
A,G,H,F,D,B,E,I,C
A,G,H,F,D,B,I,C,E
A,G,H,F,D,B,I,E,C
A,G,H,F,D,C,B,E,I
A,G,H,F,D,C,B,I,E
A,G,H,F,D,C,E,B,I
A,G,H,F,D,C,E,I,B
A,G,H,F,D,C,I,B,E
A,G,H,F,D,C,I,E,B
A,G,H,F,D,E,B,C,I
A,G,H,F,D,E,B,I,C
A,G,H,F,D,E,C,B,I
A,G,H,F,D,E,C,I,B
A,G,H,F,D,E,I,B,C
A,G,H,F,D,E,I,C,B
A,G,H,F,D,I,B,C,E
A,G,H,F,D,I,B,E,C
A,G,H,F,D,I,C,B,E
A,G,H,F,D,I,C,E,B
A,G,H,F,D,I,E,B,C
A,G,H,F,D,I,E,C,B
A,G,H,F,E,B,C,D,I
A,G,H,F,E,B,C,I,D
A,G,H,F,E,B,D,C,I
A,G,H,F,E,B,D,I,C
A,G,H,F,E,B,I,C,D
A,G,H,F,E,B,I,D,C
A,G,H,F,E,C,B,D,I
A,G,H,F,E,C,B,I,D
A,G,H,F,E,C,D,B,I
A,G,H,F,E,C,D,I,B
A,G,H,F,E,C,I,B,D
A,G,H,F,E,C,I,D,B
A,G,H,F,E,D,B,C,I
A,G,H,F,E,D,B,I,C
A,G,H,F,E,D,C,B,I
A,G,H,F,E,D,C,I,B
A,G,H,F,E,D,I,B,C
A,G,H,F,E,D,I,C,B
A,G,H,F,E,I,B,C,D
A,G,H,F,E,I,B,D,C
A,G,H,F,E,I,C,B,D
A,G,H,F,E,I,C,D,B
A,G,H,F,E,I,D,B,C
A,G,H,F,E,I,D,C,B
A,G,H,F,I,B,C,D,E
A,G,H,F,I,B,C,E,D
A,G,H,F,I,B,D,C,E
A,G,H,F,I,B,D,E,C
A,G,H,F,I,B,E,C,D
A,G,H,F,I,B,E,D,C
A,G,H,F,I,C,B,D,E
A,G,H,F,I,C,B,E,D
A,G,H,F,I,C,D,B,E
A,G,H,F,I,C,D,E,B
A,G,H,F,I,C,E,B,D
A,G,H,F,I,C,E,D,B
A,G,H,F,I,D,B,C,E
A,G,H,F,I,D,B,E,C
A,G,H,F,I,D,C,B,E
A,G,H,F,I,D,C,E,B
A,G,H,F,I,D,E,B,C
A,G,H,F,I,D,E,C,B
A,G,H,F,I,E,B,C,D
A,G,H,F,I,E,B,D,C
A,G,H,F,I,E,C,B,D
A,G,H,F,I,E,C,D,B
A,G,H,F,I,E,D,B,C
A,G,H,F,I,E,D,C,B
A,G,H,I,B,C,D,E,F
A,G,H,I,B,C,D,F,E
A,G,H,I,B,C,E,D,F
A,G,H,I,B,C,E,F,D
A,G,H,I,B,C,F,D,E
A,G,H,I,B,C,F,E,D
A,G,H,I,B,D,C,E,F
A,G,H,I,B,D,C,F,E
A,G,H,I,B,D,E,C,F
A,G,H,I,B,D,E,F,C
A,G,H,I,B,D,F,C,E
A,G,H,I,B,D,F,E,C
A,G,H,I,B,E,C,D,F
A,G,H,I,B,E,C,F,D
A,G,H,I,B,E,D,C,F
A,G,H,I,B,E,D,F,C
A,G,H,I,B,E,F,C,D
A,G,H,I,B,E,F,D,C
A,G,H,I,B,F,C,D,E
A,G,H,I,B,F,C,E,D
A,G,H,I,B,F,D,C,E
A,G,H,I,B,F,D,E,C
A,G,H,I,B,F,E,C,D
A,G,H,I,B,F,E,D,C
A,G,H,I,C,B,D,E,F
A,G,H,I,C,B,D,F,E
A,G,H,I,C,B,E,D,F
A,G,H,I,C,B,E,F,D
A,G,H,I,C,B,F,D,E
A,G,H,I,C,B,F,E,D
A,G,H,I,C,D,B,E,F
A,G,H,I,C,D,B,F,E
A,G,H,I,C,D,E,B,F
A,G,H,I,C,D,E,F,B
A,G,H,I,C,D,F,B,E
A,G,H,I,C,D,F,E,B
A,G,H,I,C,E,B,D,F
A,G,H,I,C,E,B,F,D
A,G,H,I,C,E,D,B,F
A,G,H,I,C,E,D,F,B
A,G,H,I,C,E,F,B,D
A,G,H,I,C,E,F,D,B
A,G,H,I,C,F,B,D,E
A,G,H,I,C,F,B,E,D
A,G,H,I,C,F,D,B,E
A,G,H,I,C,F,D,E,B
A,G,H,I,C,F,E,B,D
A,G,H,I,C,F,E,D,B
A,G,H,I,D,B,C,E,F
A,G,H,I,D,B,C,F,E
A,G,H,I,D,B,E,C,F
A,G,H,I,D,B,E,F,C
A,G,H,I,D,B,F,C,E
A,G,H,I,D,B,F,E,C
A,G,H,I,D,C,B,E,F
A,G,H,I,D,C,B,F,E
A,G,H,I,D,C,E,B,F
A,G,H,I,D,C,E,F,B
A,G,H,I,D,C,F,B,E
A,G,H,I,D,C,F,E,B
A,G,H,I,D,E,B,C,F
A,G,H,I,D,E,B,F,C
A,G,H,I,D,E,C,B,F
A,G,H,I,D,E,C,F,B
A,G,H,I,D,E,F,B,C
A,G,H,I,D,E,F,C,B
A,G,H,I,D,F,B,C,E
A,G,H,I,D,F,B,E,C
A,G,H,I,D,F,C,B,E
A,G,H,I,D,F,C,E,B
A,G,H,I,D,F,E,B,C
A,G,H,I,D,F,E,C,B
A,G,H,I,E,B,C,D,F
A,G,H,I,E,B,C,F,D
A,G,H,I,E,B,D,C,F
A,G,H,I,E,B,D,F,C
A,G,H,I,E,B,F,C,D
A,G,H,I,E,B,F,D,C
A,G,H,I,E,C,B,D,F
A,G,H,I,E,C,B,F,D
A,G,H,I,E,C,D,B,F
A,G,H,I,E,C,D,F,B
A,G,H,I,E,C,F,B,D
A,G,H,I,E,C,F,D,B
A,G,H,I,E,D,B,C,F
A,G,H,I,E,D,B,F,C
A,G,H,I,E,D,C,B,F
A,G,H,I,E,D,C,F,B
A,G,H,I,E,D,F,B,C
A,G,H,I,E,D,F,C,B
A,G,H,I,E,F,B,C,D
A,G,H,I,E,F,B,D,C
A,G,H,I,E,F,C,B,D
A,G,H,I,E,F,C,D,B
A,G,H,I,E,F,D,B,C
A,G,H,I,E,F,D,C,B
A,G,H,I,F,B,C,D,E
A,G,H,I,F,B,C,E,D
A,G,H,I,F,B,D,C,E
A,G,H,I,F,B,D,E,C
A,G,H,I,F,B,E,C,D
A,G,H,I,F,B,E,D,C
A,G,H,I,F,C,B,D,E
A,G,H,I,F,C,B,E,D
A,G,H,I,F,C,D,B,E
A,G,H,I,F,C,D,E,B
A,G,H,I,F,C,E,B,D
A,G,H,I,F,C,E,D,B
A,G,H,I,F,D,B,C,E
A,G,H,I,F,D,B,E,C
A,G,H,I,F,D,C,B,E
A,G,H,I,F,D,C,E,B
A,G,H,I,F,D,E,B,C
A,G,H,I,F,D,E,C,B
A,G,H,I,F,E,B,C,D
A,G,H,I,F,E,B,D,C
A,G,H,I,F,E,C,B,D
A,G,H,I,F,E,C,D,B
A,G,H,I,F,E,D,B,C
A,G,H,I,F,E,D,C,B
A,G,I,B,C,D,E,F,H
A,G,I,B,C,D,E,H,F
A,G,I,B,C,D,F,E,H
A,G,I,B,C,D,F,H,E
A,G,I,B,C,D,H,E,F
A,G,I,B,C,D,H,F,E
A,G,I,B,C,E,D,F,H
A,G,I,B,C,E,D,H,F
A,G,I,B,C,E,F,D,H
A,G,I,B,C,E,F,H,D
A,G,I,B,C,E,H,D,F
A,G,I,B,C,E,H,F,D
A,G,I,B,C,F,D,E,H
A,G,I,B,C,F,D,H,E
A,G,I,B,C,F,E,D,H
A,G,I,B,C,F,E,H,D
A,G,I,B,C,F,H,D,E
A,G,I,B,C,F,H,E,D
A,G,I,B,C,H,D,E,F
A,G,I,B,C,H,D,F,E
A,G,I,B,C,H,E,D,F
A,G,I,B,C,H,E,F,D
A,G,I,B,C,H,F,D,E
A,G,I,B,C,H,F,E,D
A,G,I,B,D,C,E,F,H
A,G,I,B,D,C,E,H,F
A,G,I,B,D,C,F,E,H
A,G,I,B,D,C,F,H,E
A,G,I,B,D,C,H,E,F
A,G,I,B,D,C,H,F,E
A,G,I,B,D,E,C,F,H
A,G,I,B,D,E,C,H,F
A,G,I,B,D,E,F,C,H
A,G,I,B,D,E,F,H,C
A,G,I,B,D,E,H,C,F
A,G,I,B,D,E,H,F,C
A,G,I,B,D,F,C,E,H
A,G,I,B,D,F,C,H,E
A,G,I,B,D,F,E,C,H
A,G,I,B,D,F,E,H,C
A,G,I,B,D,F,H,C,E
A,G,I,B,D,F,H,E,C
A,G,I,B,D,H,C,E,F
A,G,I,B,D,H,C,F,E
A,G,I,B,D,H,E,C,F
A,G,I,B,D,H,E,F,C
A,G,I,B,D,H,F,C,E
A,G,I,B,D,H,F,E,C
A,G,I,B,E,C,D,F,H
A,G,I,B,E,C,D,H,F
A,G,I,B,E,C,F,D,H
A,G,I,B,E,C,F,H,D
A,G,I,B,E,C,H,D,F
A,G,I,B,E,C,H,F,D
A,G,I,B,E,D,C,F,H
A,G,I,B,E,D,C,H,F
A,G,I,B,E,D,F,C,H
A,G,I,B,E,D,F,H,C
A,G,I,B,E,D,H,C,F
A,G,I,B,E,D,H,F,C
A,G,I,B,E,F,C,D,H
A,G,I,B,E,F,C,H,D
A,G,I,B,E,F,D,C,H
A,G,I,B,E,F,D,H,C
A,G,I,B,E,F,H,C,D
A,G,I,B,E,F,H,D,C
A,G,I,B,E,H,C,D,F
A,G,I,B,E,H,C,F,D
A,G,I,B,E,H,D,C,F
A,G,I,B,E,H,D,F,C
A,G,I,B,E,H,F,C,D
A,G,I,B,E,H,F,D,C
A,G,I,B,F,C,D,E,H
A,G,I,B,F,C,D,H,E
A,G,I,B,F,C,E,D,H
A,G,I,B,F,C,E,H,D
A,G,I,B,F,C,H,D,E
A,G,I,B,F,C,H,E,D
A,G,I,B,F,D,C,E,H
A,G,I,B,F,D,C,H,E
A,G,I,B,F,D,E,C,H
A,G,I,B,F,D,E,H,C
A,G,I,B,F,D,H,C,E
A,G,I,B,F,D,H,E,C
A,G,I,B,F,E,C,D,H
A,G,I,B,F,E,C,H,D
A,G,I,B,F,E,D,C,H
A,G,I,B,F,E,D,H,C
A,G,I,B,F,E,H,C,D
A,G,I,B,F,E,H,D,C
A,G,I,B,F,H,C,D,E
A,G,I,B,F,H,C,E,D
A,G,I,B,F,H,D,C,E
A,G,I,B,F,H,D,E,C
A,G,I,B,F,H,E,C,D
A,G,I,B,F,H,E,D,C
A,G,I,B,H,C,D,E,F
A,G,I,B,H,C,D,F,E
A,G,I,B,H,C,E,D,F
A,G,I,B,H,C,E,F,D
A,G,I,B,H,C,F,D,E
A,G,I,B,H,C,F,E,D
A,G,I,B,H,D,C,E,F
A,G,I,B,H,D,C,F,E
A,G,I,B,H,D,E,C,F
A,G,I,B,H,D,E,F,C
A,G,I,B,H,D,F,C,E
A,G,I,B,H,D,F,E,C
A,G,I,B,H,E,C,D,F
A,G,I,B,H,E,C,F,D
A,G,I,B,H,E,D,C,F
A,G,I,B,H,E,D,F,C
A,G,I,B,H,E,F,C,D
A,G,I,B,H,E,F,D,C
A,G,I,B,H,F,C,D,E
A,G,I,B,H,F,C,E,D
A,G,I,B,H,F,D,C,E
A,G,I,B,H,F,D,E,C
A,G,I,B,H,F,E,C,D
A,G,I,B,H,F,E,D,C
A,G,I,C,B,D,E,F,H
A,G,I,C,B,D,E,H,F
A,G,I,C,B,D,F,E,H
A,G,I,C,B,D,F,H,E
A,G,I,C,B,D,H,E,F
A,G,I,C,B,D,H,F,E
A,G,I,C,B,E,D,F,H
A,G,I,C,B,E,D,H,F
A,G,I,C,B,E,F,D,H
A,G,I,C,B,E,F,H,D
A,G,I,C,B,E,H,D,F
A,G,I,C,B,E,H,F,D
A,G,I,C,B,F,D,E,H
A,G,I,C,B,F,D,H,E
A,G,I,C,B,F,E,D,H
A,G,I,C,B,F,E,H,D
A,G,I,C,B,F,H,D,E
A,G,I,C,B,F,H,E,D
A,G,I,C,B,H,D,E,F
A,G,I,C,B,H,D,F,E
A,G,I,C,B,H,E,D,F
A,G,I,C,B,H,E,F,D
A,G,I,C,B,H,F,D,E
A,G,I,C,B,H,F,E,D
A,G,I,C,D,B,E,F,H
A,G,I,C,D,B,E,H,F
A,G,I,C,D,B,F,E,H
A,G,I,C,D,B,F,H,E
A,G,I,C,D,B,H,E,F
A,G,I,C,D,B,H,F,E
A,G,I,C,D,E,B,F,H
A,G,I,C,D,E,B,H,F
A,G,I,C,D,E,F,B,H
A,G,I,C,D,E,F,H,B
A,G,I,C,D,E,H,B,F
A,G,I,C,D,E,H,F,B
A,G,I,C,D,F,B,E,H
A,G,I,C,D,F,B,H,E
A,G,I,C,D,F,E,B,H
A,G,I,C,D,F,E,H,B
A,G,I,C,D,F,H,B,E
A,G,I,C,D,F,H,E,B
A,G,I,C,D,H,B,E,F
A,G,I,C,D,H,B,F,E
A,G,I,C,D,H,E,B,F
A,G,I,C,D,H,E,F,B
A,G,I,C,D,H,F,B,E
A,G,I,C,D,H,F,E,B
A,G,I,C,E,B,D,F,H
A,G,I,C,E,B,D,H,F
A,G,I,C,E,B,F,D,H
A,G,I,C,E,B,F,H,D
A,G,I,C,E,B,H,D,F
A,G,I,C,E,B,H,F,D
A,G,I,C,E,D,B,F,H
A,G,I,C,E,D,B,H,F
A,G,I,C,E,D,F,B,H
A,G,I,C,E,D,F,H,B
A,G,I,C,E,D,H,B,F
A,G,I,C,E,D,H,F,B
A,G,I,C,E,F,B,D,H
A,G,I,C,E,F,B,H,D
A,G,I,C,E,F,D,B,H
A,G,I,C,E,F,D,H,B
A,G,I,C,E,F,H,B,D
A,G,I,C,E,F,H,D,B
A,G,I,C,E,H,B,D,F
A,G,I,C,E,H,B,F,D
A,G,I,C,E,H,D,B,F
A,G,I,C,E,H,D,F,B
A,G,I,C,E,H,F,B,D
A,G,I,C,E,H,F,D,B
A,G,I,C,F,B,D,E,H
A,G,I,C,F,B,D,H,E
A,G,I,C,F,B,E,D,H
A,G,I,C,F,B,E,H,D
A,G,I,C,F,B,H,D,E
A,G,I,C,F,B,H,E,D
A,G,I,C,F,D,B,E,H
A,G,I,C,F,D,B,H,E
A,G,I,C,F,D,E,B,H
A,G,I,C,F,D,E,H,B
A,G,I,C,F,D,H,B,E
A,G,I,C,F,D,H,E,B
A,G,I,C,F,E,B,D,H
A,G,I,C,F,E,B,H,D
A,G,I,C,F,E,D,B,H
A,G,I,C,F,E,D,H,B
A,G,I,C,F,E,H,B,D
A,G,I,C,F,E,H,D,B
A,G,I,C,F,H,B,D,E
A,G,I,C,F,H,B,E,D
A,G,I,C,F,H,D,B,E
A,G,I,C,F,H,D,E,B
A,G,I,C,F,H,E,B,D
A,G,I,C,F,H,E,D,B
A,G,I,C,H,B,D,E,F
A,G,I,C,H,B,D,F,E
A,G,I,C,H,B,E,D,F
A,G,I,C,H,B,E,F,D
A,G,I,C,H,B,F,D,E
A,G,I,C,H,B,F,E,D
A,G,I,C,H,D,B,E,F
A,G,I,C,H,D,B,F,E
A,G,I,C,H,D,E,B,F
A,G,I,C,H,D,E,F,B
A,G,I,C,H,D,F,B,E
A,G,I,C,H,D,F,E,B
A,G,I,C,H,E,B,D,F
A,G,I,C,H,E,B,F,D
A,G,I,C,H,E,D,B,F
A,G,I,C,H,E,D,F,B
A,G,I,C,H,E,F,B,D
A,G,I,C,H,E,F,D,B
A,G,I,C,H,F,B,D,E
A,G,I,C,H,F,B,E,D
A,G,I,C,H,F,D,B,E
A,G,I,C,H,F,D,E,B
A,G,I,C,H,F,E,B,D
A,G,I,C,H,F,E,D,B
A,G,I,D,B,C,E,F,H
A,G,I,D,B,C,E,H,F
A,G,I,D,B,C,F,E,H
A,G,I,D,B,C,F,H,E
A,G,I,D,B,C,H,E,F
A,G,I,D,B,C,H,F,E
A,G,I,D,B,E,C,F,H
A,G,I,D,B,E,C,H,F
A,G,I,D,B,E,F,C,H
A,G,I,D,B,E,F,H,C
A,G,I,D,B,E,H,C,F
A,G,I,D,B,E,H,F,C
A,G,I,D,B,F,C,E,H
A,G,I,D,B,F,C,H,E
A,G,I,D,B,F,E,C,H
A,G,I,D,B,F,E,H,C
A,G,I,D,B,F,H,C,E
A,G,I,D,B,F,H,E,C
A,G,I,D,B,H,C,E,F
A,G,I,D,B,H,C,F,E
A,G,I,D,B,H,E,C,F
A,G,I,D,B,H,E,F,C
A,G,I,D,B,H,F,C,E
A,G,I,D,B,H,F,E,C
A,G,I,D,C,B,E,F,H
A,G,I,D,C,B,E,H,F
A,G,I,D,C,B,F,E,H
A,G,I,D,C,B,F,H,E
A,G,I,D,C,B,H,E,F
A,G,I,D,C,B,H,F,E
A,G,I,D,C,E,B,F,H
A,G,I,D,C,E,B,H,F
A,G,I,D,C,E,F,B,H
A,G,I,D,C,E,F,H,B
A,G,I,D,C,E,H,B,F
A,G,I,D,C,E,H,F,B
A,G,I,D,C,F,B,E,H
A,G,I,D,C,F,B,H,E
A,G,I,D,C,F,E,B,H
A,G,I,D,C,F,E,H,B
A,G,I,D,C,F,H,B,E
A,G,I,D,C,F,H,E,B
A,G,I,D,C,H,B,E,F
A,G,I,D,C,H,B,F,E
A,G,I,D,C,H,E,B,F
A,G,I,D,C,H,E,F,B
A,G,I,D,C,H,F,B,E
A,G,I,D,C,H,F,E,B
A,G,I,D,E,B,C,F,H
A,G,I,D,E,B,C,H,F
A,G,I,D,E,B,F,C,H
A,G,I,D,E,B,F,H,C
A,G,I,D,E,B,H,C,F
A,G,I,D,E,B,H,F,C
A,G,I,D,E,C,B,F,H
A,G,I,D,E,C,B,H,F
A,G,I,D,E,C,F,B,H
A,G,I,D,E,C,F,H,B
A,G,I,D,E,C,H,B,F
A,G,I,D,E,C,H,F,B
A,G,I,D,E,F,B,C,H
A,G,I,D,E,F,B,H,C
A,G,I,D,E,F,C,B,H
A,G,I,D,E,F,C,H,B
A,G,I,D,E,F,H,B,C
A,G,I,D,E,F,H,C,B
A,G,I,D,E,H,B,C,F
A,G,I,D,E,H,B,F,C
A,G,I,D,E,H,C,B,F
A,G,I,D,E,H,C,F,B
A,G,I,D,E,H,F,B,C
A,G,I,D,E,H,F,C,B
A,G,I,D,F,B,C,E,H
A,G,I,D,F,B,C,H,E
A,G,I,D,F,B,E,C,H
A,G,I,D,F,B,E,H,C
A,G,I,D,F,B,H,C,E
A,G,I,D,F,B,H,E,C
A,G,I,D,F,C,B,E,H
A,G,I,D,F,C,B,H,E
A,G,I,D,F,C,E,B,H
A,G,I,D,F,C,E,H,B
A,G,I,D,F,C,H,B,E
A,G,I,D,F,C,H,E,B
A,G,I,D,F,E,B,C,H
A,G,I,D,F,E,B,H,C
A,G,I,D,F,E,C,B,H
A,G,I,D,F,E,C,H,B
A,G,I,D,F,E,H,B,C
A,G,I,D,F,E,H,C,B
A,G,I,D,F,H,B,C,E
A,G,I,D,F,H,B,E,C
A,G,I,D,F,H,C,B,E
A,G,I,D,F,H,C,E,B
A,G,I,D,F,H,E,B,C
A,G,I,D,F,H,E,C,B
A,G,I,D,H,B,C,E,F
A,G,I,D,H,B,C,F,E
A,G,I,D,H,B,E,C,F
A,G,I,D,H,B,E,F,C
A,G,I,D,H,B,F,C,E
A,G,I,D,H,B,F,E,C
A,G,I,D,H,C,B,E,F
A,G,I,D,H,C,B,F,E
A,G,I,D,H,C,E,B,F
A,G,I,D,H,C,E,F,B
A,G,I,D,H,C,F,B,E
A,G,I,D,H,C,F,E,B
A,G,I,D,H,E,B,C,F
A,G,I,D,H,E,B,F,C
A,G,I,D,H,E,C,B,F
A,G,I,D,H,E,C,F,B
A,G,I,D,H,E,F,B,C
A,G,I,D,H,E,F,C,B
A,G,I,D,H,F,B,C,E
A,G,I,D,H,F,B,E,C
A,G,I,D,H,F,C,B,E
A,G,I,D,H,F,C,E,B
A,G,I,D,H,F,E,B,C
A,G,I,D,H,F,E,C,B
A,G,I,E,B,C,D,F,H
A,G,I,E,B,C,D,H,F
A,G,I,E,B,C,F,D,H
A,G,I,E,B,C,F,H,D
A,G,I,E,B,C,H,D,F
A,G,I,E,B,C,H,F,D
A,G,I,E,B,D,C,F,H
A,G,I,E,B,D,C,H,F
A,G,I,E,B,D,F,C,H
A,G,I,E,B,D,F,H,C
A,G,I,E,B,D,H,C,F
A,G,I,E,B,D,H,F,C
A,G,I,E,B,F,C,D,H
A,G,I,E,B,F,C,H,D
A,G,I,E,B,F,D,C,H
A,G,I,E,B,F,D,H,C
A,G,I,E,B,F,H,C,D
A,G,I,E,B,F,H,D,C
A,G,I,E,B,H,C,D,F
A,G,I,E,B,H,C,F,D
A,G,I,E,B,H,D,C,F
A,G,I,E,B,H,D,F,C
A,G,I,E,B,H,F,C,D
A,G,I,E,B,H,F,D,C
A,G,I,E,C,B,D,F,H
A,G,I,E,C,B,D,H,F
A,G,I,E,C,B,F,D,H
A,G,I,E,C,B,F,H,D
A,G,I,E,C,B,H,D,F
A,G,I,E,C,B,H,F,D
A,G,I,E,C,D,B,F,H
A,G,I,E,C,D,B,H,F
A,G,I,E,C,D,F,B,H
A,G,I,E,C,D,F,H,B
A,G,I,E,C,D,H,B,F
A,G,I,E,C,D,H,F,B
A,G,I,E,C,F,B,D,H
A,G,I,E,C,F,B,H,D
A,G,I,E,C,F,D,B,H
A,G,I,E,C,F,D,H,B
A,G,I,E,C,F,H,B,D
A,G,I,E,C,F,H,D,B
A,G,I,E,C,H,B,D,F
A,G,I,E,C,H,B,F,D
A,G,I,E,C,H,D,B,F
A,G,I,E,C,H,D,F,B
A,G,I,E,C,H,F,B,D
A,G,I,E,C,H,F,D,B
A,G,I,E,D,B,C,F,H
A,G,I,E,D,B,C,H,F
A,G,I,E,D,B,F,C,H
A,G,I,E,D,B,F,H,C
A,G,I,E,D,B,H,C,F
A,G,I,E,D,B,H,F,C
A,G,I,E,D,C,B,F,H
A,G,I,E,D,C,B,H,F
A,G,I,E,D,C,F,B,H
A,G,I,E,D,C,F,H,B
A,G,I,E,D,C,H,B,F
A,G,I,E,D,C,H,F,B
A,G,I,E,D,F,B,C,H
A,G,I,E,D,F,B,H,C
A,G,I,E,D,F,C,B,H
A,G,I,E,D,F,C,H,B
A,G,I,E,D,F,H,B,C
A,G,I,E,D,F,H,C,B
A,G,I,E,D,H,B,C,F
A,G,I,E,D,H,B,F,C
A,G,I,E,D,H,C,B,F
A,G,I,E,D,H,C,F,B
A,G,I,E,D,H,F,B,C
A,G,I,E,D,H,F,C,B
A,G,I,E,F,B,C,D,H
A,G,I,E,F,B,C,H,D
A,G,I,E,F,B,D,C,H
A,G,I,E,F,B,D,H,C
A,G,I,E,F,B,H,C,D
A,G,I,E,F,B,H,D,C
A,G,I,E,F,C,B,D,H
A,G,I,E,F,C,B,H,D
A,G,I,E,F,C,D,B,H
A,G,I,E,F,C,D,H,B
A,G,I,E,F,C,H,B,D
A,G,I,E,F,C,H,D,B
A,G,I,E,F,D,B,C,H
A,G,I,E,F,D,B,H,C
A,G,I,E,F,D,C,B,H
A,G,I,E,F,D,C,H,B
A,G,I,E,F,D,H,B,C
A,G,I,E,F,D,H,C,B
A,G,I,E,F,H,B,C,D
A,G,I,E,F,H,B,D,C
A,G,I,E,F,H,C,B,D
A,G,I,E,F,H,C,D,B
A,G,I,E,F,H,D,B,C
A,G,I,E,F,H,D,C,B
A,G,I,E,H,B,C,D,F
A,G,I,E,H,B,C,F,D
A,G,I,E,H,B,D,C,F
A,G,I,E,H,B,D,F,C
A,G,I,E,H,B,F,C,D
A,G,I,E,H,B,F,D,C
A,G,I,E,H,C,B,D,F
A,G,I,E,H,C,B,F,D
A,G,I,E,H,C,D,B,F
A,G,I,E,H,C,D,F,B
A,G,I,E,H,C,F,B,D
A,G,I,E,H,C,F,D,B
A,G,I,E,H,D,B,C,F
A,G,I,E,H,D,B,F,C
A,G,I,E,H,D,C,B,F
A,G,I,E,H,D,C,F,B
A,G,I,E,H,D,F,B,C
A,G,I,E,H,D,F,C,B
A,G,I,E,H,F,B,C,D
A,G,I,E,H,F,B,D,C
A,G,I,E,H,F,C,B,D
A,G,I,E,H,F,C,D,B
A,G,I,E,H,F,D,B,C
A,G,I,E,H,F,D,C,B
A,G,I,F,B,C,D,E,H
A,G,I,F,B,C,D,H,E
A,G,I,F,B,C,E,D,H
A,G,I,F,B,C,E,H,D
A,G,I,F,B,C,H,D,E
A,G,I,F,B,C,H,E,D
A,G,I,F,B,D,C,E,H
A,G,I,F,B,D,C,H,E
A,G,I,F,B,D,E,C,H
A,G,I,F,B,D,E,H,C
A,G,I,F,B,D,H,C,E
A,G,I,F,B,D,H,E,C
A,G,I,F,B,E,C,D,H
A,G,I,F,B,E,C,H,D
A,G,I,F,B,E,D,C,H
A,G,I,F,B,E,D,H,C
A,G,I,F,B,E,H,C,D
A,G,I,F,B,E,H,D,C
A,G,I,F,B,H,C,D,E
A,G,I,F,B,H,C,E,D
A,G,I,F,B,H,D,C,E
A,G,I,F,B,H,D,E,C
A,G,I,F,B,H,E,C,D
A,G,I,F,B,H,E,D,C
A,G,I,F,C,B,D,E,H
A,G,I,F,C,B,D,H,E
A,G,I,F,C,B,E,D,H
A,G,I,F,C,B,E,H,D
A,G,I,F,C,B,H,D,E
A,G,I,F,C,B,H,E,D
A,G,I,F,C,D,B,E,H
A,G,I,F,C,D,B,H,E
A,G,I,F,C,D,E,B,H
A,G,I,F,C,D,E,H,B
A,G,I,F,C,D,H,B,E
A,G,I,F,C,D,H,E,B
A,G,I,F,C,E,B,D,H
A,G,I,F,C,E,B,H,D
A,G,I,F,C,E,D,B,H
A,G,I,F,C,E,D,H,B
A,G,I,F,C,E,H,B,D
A,G,I,F,C,E,H,D,B
A,G,I,F,C,H,B,D,E
A,G,I,F,C,H,B,E,D
A,G,I,F,C,H,D,B,E
A,G,I,F,C,H,D,E,B
A,G,I,F,C,H,E,B,D
A,G,I,F,C,H,E,D,B
A,G,I,F,D,B,C,E,H
A,G,I,F,D,B,C,H,E
A,G,I,F,D,B,E,C,H
A,G,I,F,D,B,E,H,C
A,G,I,F,D,B,H,C,E
A,G,I,F,D,B,H,E,C
A,G,I,F,D,C,B,E,H
A,G,I,F,D,C,B,H,E
A,G,I,F,D,C,E,B,H
A,G,I,F,D,C,E,H,B
A,G,I,F,D,C,H,B,E
A,G,I,F,D,C,H,E,B
A,G,I,F,D,E,B,C,H
A,G,I,F,D,E,B,H,C
A,G,I,F,D,E,C,B,H
A,G,I,F,D,E,C,H,B
A,G,I,F,D,E,H,B,C
A,G,I,F,D,E,H,C,B
A,G,I,F,D,H,B,C,E
A,G,I,F,D,H,B,E,C
A,G,I,F,D,H,C,B,E
A,G,I,F,D,H,C,E,B
A,G,I,F,D,H,E,B,C
A,G,I,F,D,H,E,C,B
A,G,I,F,E,B,C,D,H
A,G,I,F,E,B,C,H,D
A,G,I,F,E,B,D,C,H
A,G,I,F,E,B,D,H,C
A,G,I,F,E,B,H,C,D
A,G,I,F,E,B,H,D,C
A,G,I,F,E,C,B,D,H
A,G,I,F,E,C,B,H,D
A,G,I,F,E,C,D,B,H
A,G,I,F,E,C,D,H,B
A,G,I,F,E,C,H,B,D
A,G,I,F,E,C,H,D,B
A,G,I,F,E,D,B,C,H
A,G,I,F,E,D,B,H,C
A,G,I,F,E,D,C,B,H
A,G,I,F,E,D,C,H,B
A,G,I,F,E,D,H,B,C
A,G,I,F,E,D,H,C,B
A,G,I,F,E,H,B,C,D
A,G,I,F,E,H,B,D,C
A,G,I,F,E,H,C,B,D
A,G,I,F,E,H,C,D,B
A,G,I,F,E,H,D,B,C
A,G,I,F,E,H,D,C,B
A,G,I,F,H,B,C,D,E
A,G,I,F,H,B,C,E,D
A,G,I,F,H,B,D,C,E
A,G,I,F,H,B,D,E,C
A,G,I,F,H,B,E,C,D
A,G,I,F,H,B,E,D,C
A,G,I,F,H,C,B,D,E
A,G,I,F,H,C,B,E,D
A,G,I,F,H,C,D,B,E
A,G,I,F,H,C,D,E,B
A,G,I,F,H,C,E,B,D
A,G,I,F,H,C,E,D,B
A,G,I,F,H,D,B,C,E
A,G,I,F,H,D,B,E,C
A,G,I,F,H,D,C,B,E
A,G,I,F,H,D,C,E,B
A,G,I,F,H,D,E,B,C
A,G,I,F,H,D,E,C,B
A,G,I,F,H,E,B,C,D
A,G,I,F,H,E,B,D,C
A,G,I,F,H,E,C,B,D
A,G,I,F,H,E,C,D,B
A,G,I,F,H,E,D,B,C
A,G,I,F,H,E,D,C,B
A,G,I,H,B,C,D,E,F
A,G,I,H,B,C,D,F,E
A,G,I,H,B,C,E,D,F
A,G,I,H,B,C,E,F,D
A,G,I,H,B,C,F,D,E
A,G,I,H,B,C,F,E,D
A,G,I,H,B,D,C,E,F
A,G,I,H,B,D,C,F,E
A,G,I,H,B,D,E,C,F
A,G,I,H,B,D,E,F,C
A,G,I,H,B,D,F,C,E
A,G,I,H,B,D,F,E,C
A,G,I,H,B,E,C,D,F
A,G,I,H,B,E,C,F,D
A,G,I,H,B,E,D,C,F
A,G,I,H,B,E,D,F,C
A,G,I,H,B,E,F,C,D
A,G,I,H,B,E,F,D,C
A,G,I,H,B,F,C,D,E
A,G,I,H,B,F,C,E,D
A,G,I,H,B,F,D,C,E
A,G,I,H,B,F,D,E,C
A,G,I,H,B,F,E,C,D
A,G,I,H,B,F,E,D,C
A,G,I,H,C,B,D,E,F
A,G,I,H,C,B,D,F,E
A,G,I,H,C,B,E,D,F
A,G,I,H,C,B,E,F,D
A,G,I,H,C,B,F,D,E
A,G,I,H,C,B,F,E,D
A,G,I,H,C,D,B,E,F
A,G,I,H,C,D,B,F,E
A,G,I,H,C,D,E,B,F
A,G,I,H,C,D,E,F,B
A,G,I,H,C,D,F,B,E
A,G,I,H,C,D,F,E,B
A,G,I,H,C,E,B,D,F
A,G,I,H,C,E,B,F,D
A,G,I,H,C,E,D,B,F
A,G,I,H,C,E,D,F,B
A,G,I,H,C,E,F,B,D
A,G,I,H,C,E,F,D,B
A,G,I,H,C,F,B,D,E
A,G,I,H,C,F,B,E,D
A,G,I,H,C,F,D,B,E
A,G,I,H,C,F,D,E,B
A,G,I,H,C,F,E,B,D
A,G,I,H,C,F,E,D,B
A,G,I,H,D,B,C,E,F
A,G,I,H,D,B,C,F,E
A,G,I,H,D,B,E,C,F
A,G,I,H,D,B,E,F,C
A,G,I,H,D,B,F,C,E
A,G,I,H,D,B,F,E,C
A,G,I,H,D,C,B,E,F
A,G,I,H,D,C,B,F,E
A,G,I,H,D,C,E,B,F
A,G,I,H,D,C,E,F,B
A,G,I,H,D,C,F,B,E
A,G,I,H,D,C,F,E,B
A,G,I,H,D,E,B,C,F
A,G,I,H,D,E,B,F,C
A,G,I,H,D,E,C,B,F
A,G,I,H,D,E,C,F,B
A,G,I,H,D,E,F,B,C
A,G,I,H,D,E,F,C,B
A,G,I,H,D,F,B,C,E
A,G,I,H,D,F,B,E,C
A,G,I,H,D,F,C,B,E
A,G,I,H,D,F,C,E,B
A,G,I,H,D,F,E,B,C
A,G,I,H,D,F,E,C,B
A,G,I,H,E,B,C,D,F
A,G,I,H,E,B,C,F,D
A,G,I,H,E,B,D,C,F
A,G,I,H,E,B,D,F,C
A,G,I,H,E,B,F,C,D
A,G,I,H,E,B,F,D,C
A,G,I,H,E,C,B,D,F
A,G,I,H,E,C,B,F,D
A,G,I,H,E,C,D,B,F
A,G,I,H,E,C,D,F,B
A,G,I,H,E,C,F,B,D
A,G,I,H,E,C,F,D,B
A,G,I,H,E,D,B,C,F
A,G,I,H,E,D,B,F,C
A,G,I,H,E,D,C,B,F
A,G,I,H,E,D,C,F,B
A,G,I,H,E,D,F,B,C
A,G,I,H,E,D,F,C,B
A,G,I,H,E,F,B,C,D
A,G,I,H,E,F,B,D,C
A,G,I,H,E,F,C,B,D
A,G,I,H,E,F,C,D,B
A,G,I,H,E,F,D,B,C
A,G,I,H,E,F,D,C,B
A,G,I,H,F,B,C,D,E
A,G,I,H,F,B,C,E,D
A,G,I,H,F,B,D,C,E
A,G,I,H,F,B,D,E,C
A,G,I,H,F,B,E,C,D
A,G,I,H,F,B,E,D,C
A,G,I,H,F,C,B,D,E
A,G,I,H,F,C,B,E,D
A,G,I,H,F,C,D,B,E
A,G,I,H,F,C,D,E,B
A,G,I,H,F,C,E,B,D
A,G,I,H,F,C,E,D,B
A,G,I,H,F,D,B,C,E
A,G,I,H,F,D,B,E,C
A,G,I,H,F,D,C,B,E
A,G,I,H,F,D,C,E,B
A,G,I,H,F,D,E,B,C
A,G,I,H,F,D,E,C,B
A,G,I,H,F,E,B,C,D
A,G,I,H,F,E,B,D,C
A,G,I,H,F,E,C,B,D
A,G,I,H,F,E,C,D,B
A,G,I,H,F,E,D,B,C
A,G,I,H,F,E,D,C,B
A,H,B,C,D,E,F,G,I
A,H,B,C,D,E,F,I,G
A,H,B,C,D,E,G,F,I
A,H,B,C,D,E,G,I,F
A,H,B,C,D,E,I,F,G
A,H,B,C,D,E,I,G,F
A,H,B,C,D,F,E,G,I
A,H,B,C,D,F,E,I,G
A,H,B,C,D,F,G,E,I
A,H,B,C,D,F,G,I,E
A,H,B,C,D,F,I,E,G
A,H,B,C,D,F,I,G,E
A,H,B,C,D,G,E,F,I
A,H,B,C,D,G,E,I,F
A,H,B,C,D,G,F,E,I
A,H,B,C,D,G,F,I,E
A,H,B,C,D,G,I,E,F
A,H,B,C,D,G,I,F,E
A,H,B,C,D,I,E,F,G
A,H,B,C,D,I,E,G,F
A,H,B,C,D,I,F,E,G
A,H,B,C,D,I,F,G,E
A,H,B,C,D,I,G,E,F
A,H,B,C,D,I,G,F,E
A,H,B,C,E,D,F,G,I
A,H,B,C,E,D,F,I,G
A,H,B,C,E,D,G,F,I
A,H,B,C,E,D,G,I,F
A,H,B,C,E,D,I,F,G
A,H,B,C,E,D,I,G,F
A,H,B,C,E,F,D,G,I
A,H,B,C,E,F,D,I,G
A,H,B,C,E,F,G,D,I
A,H,B,C,E,F,G,I,D
A,H,B,C,E,F,I,D,G
A,H,B,C,E,F,I,G,D
A,H,B,C,E,G,D,F,I
A,H,B,C,E,G,D,I,F
A,H,B,C,E,G,F,D,I
A,H,B,C,E,G,F,I,D
A,H,B,C,E,G,I,D,F
A,H,B,C,E,G,I,F,D
A,H,B,C,E,I,D,F,G
A,H,B,C,E,I,D,G,F
A,H,B,C,E,I,F,D,G
A,H,B,C,E,I,F,G,D
A,H,B,C,E,I,G,D,F
A,H,B,C,E,I,G,F,D
A,H,B,C,F,D,E,G,I
A,H,B,C,F,D,E,I,G
A,H,B,C,F,D,G,E,I
A,H,B,C,F,D,G,I,E
A,H,B,C,F,D,I,E,G
A,H,B,C,F,D,I,G,E
A,H,B,C,F,E,D,G,I
A,H,B,C,F,E,D,I,G
A,H,B,C,F,E,G,D,I
A,H,B,C,F,E,G,I,D
A,H,B,C,F,E,I,D,G
A,H,B,C,F,E,I,G,D
A,H,B,C,F,G,D,E,I
A,H,B,C,F,G,D,I,E
A,H,B,C,F,G,E,D,I
A,H,B,C,F,G,E,I,D
A,H,B,C,F,G,I,D,E
A,H,B,C,F,G,I,E,D
A,H,B,C,F,I,D,E,G
A,H,B,C,F,I,D,G,E
A,H,B,C,F,I,E,D,G
A,H,B,C,F,I,E,G,D
A,H,B,C,F,I,G,D,E
A,H,B,C,F,I,G,E,D
A,H,B,C,G,D,E,F,I
A,H,B,C,G,D,E,I,F
A,H,B,C,G,D,F,E,I
A,H,B,C,G,D,F,I,E
A,H,B,C,G,D,I,E,F
A,H,B,C,G,D,I,F,E
A,H,B,C,G,E,D,F,I
A,H,B,C,G,E,D,I,F
A,H,B,C,G,E,F,D,I
A,H,B,C,G,E,F,I,D
A,H,B,C,G,E,I,D,F
A,H,B,C,G,E,I,F,D
A,H,B,C,G,F,D,E,I
A,H,B,C,G,F,D,I,E
A,H,B,C,G,F,E,D,I
A,H,B,C,G,F,E,I,D
A,H,B,C,G,F,I,D,E
A,H,B,C,G,F,I,E,D
A,H,B,C,G,I,D,E,F
A,H,B,C,G,I,D,F,E
A,H,B,C,G,I,E,D,F
A,H,B,C,G,I,E,F,D
A,H,B,C,G,I,F,D,E
A,H,B,C,G,I,F,E,D
A,H,B,C,I,D,E,F,G
A,H,B,C,I,D,E,G,F
A,H,B,C,I,D,F,E,G
A,H,B,C,I,D,F,G,E
A,H,B,C,I,D,G,E,F
A,H,B,C,I,D,G,F,E
A,H,B,C,I,E,D,F,G
A,H,B,C,I,E,D,G,F
A,H,B,C,I,E,F,D,G
A,H,B,C,I,E,F,G,D
A,H,B,C,I,E,G,D,F
A,H,B,C,I,E,G,F,D
A,H,B,C,I,F,D,E,G
A,H,B,C,I,F,D,G,E
A,H,B,C,I,F,E,D,G
A,H,B,C,I,F,E,G,D
A,H,B,C,I,F,G,D,E
A,H,B,C,I,F,G,E,D
A,H,B,C,I,G,D,E,F
A,H,B,C,I,G,D,F,E
A,H,B,C,I,G,E,D,F
A,H,B,C,I,G,E,F,D
A,H,B,C,I,G,F,D,E
A,H,B,C,I,G,F,E,D
A,H,B,D,C,E,F,G,I
A,H,B,D,C,E,F,I,G
A,H,B,D,C,E,G,F,I
A,H,B,D,C,E,G,I,F
A,H,B,D,C,E,I,F,G
A,H,B,D,C,E,I,G,F
A,H,B,D,C,F,E,G,I
A,H,B,D,C,F,E,I,G
A,H,B,D,C,F,G,E,I
A,H,B,D,C,F,G,I,E
A,H,B,D,C,F,I,E,G
A,H,B,D,C,F,I,G,E
A,H,B,D,C,G,E,F,I
A,H,B,D,C,G,E,I,F
A,H,B,D,C,G,F,E,I
A,H,B,D,C,G,F,I,E
A,H,B,D,C,G,I,E,F
A,H,B,D,C,G,I,F,E
A,H,B,D,C,I,E,F,G
A,H,B,D,C,I,E,G,F
A,H,B,D,C,I,F,E,G
A,H,B,D,C,I,F,G,E
A,H,B,D,C,I,G,E,F
A,H,B,D,C,I,G,F,E
A,H,B,D,E,C,F,G,I
A,H,B,D,E,C,F,I,G
A,H,B,D,E,C,G,F,I
A,H,B,D,E,C,G,I,F
A,H,B,D,E,C,I,F,G
A,H,B,D,E,C,I,G,F
A,H,B,D,E,F,C,G,I
A,H,B,D,E,F,C,I,G
A,H,B,D,E,F,G,C,I
A,H,B,D,E,F,G,I,C
A,H,B,D,E,F,I,C,G
A,H,B,D,E,F,I,G,C
A,H,B,D,E,G,C,F,I
A,H,B,D,E,G,C,I,F
A,H,B,D,E,G,F,C,I
A,H,B,D,E,G,F,I,C
A,H,B,D,E,G,I,C,F
A,H,B,D,E,G,I,F,C
A,H,B,D,E,I,C,F,G
A,H,B,D,E,I,C,G,F
A,H,B,D,E,I,F,C,G
A,H,B,D,E,I,F,G,C
A,H,B,D,E,I,G,C,F
A,H,B,D,E,I,G,F,C
A,H,B,D,F,C,E,G,I
A,H,B,D,F,C,E,I,G
A,H,B,D,F,C,G,E,I
A,H,B,D,F,C,G,I,E
A,H,B,D,F,C,I,E,G
A,H,B,D,F,C,I,G,E
A,H,B,D,F,E,C,G,I
A,H,B,D,F,E,C,I,G
A,H,B,D,F,E,G,C,I
A,H,B,D,F,E,G,I,C
A,H,B,D,F,E,I,C,G
A,H,B,D,F,E,I,G,C
A,H,B,D,F,G,C,E,I
A,H,B,D,F,G,C,I,E
A,H,B,D,F,G,E,C,I
A,H,B,D,F,G,E,I,C
A,H,B,D,F,G,I,C,E
A,H,B,D,F,G,I,E,C
A,H,B,D,F,I,C,E,G
A,H,B,D,F,I,C,G,E
A,H,B,D,F,I,E,C,G
A,H,B,D,F,I,E,G,C
A,H,B,D,F,I,G,C,E
A,H,B,D,F,I,G,E,C
A,H,B,D,G,C,E,F,I
A,H,B,D,G,C,E,I,F
A,H,B,D,G,C,F,E,I
A,H,B,D,G,C,F,I,E
A,H,B,D,G,C,I,E,F
A,H,B,D,G,C,I,F,E
A,H,B,D,G,E,C,F,I
A,H,B,D,G,E,C,I,F
A,H,B,D,G,E,F,C,I
A,H,B,D,G,E,F,I,C
A,H,B,D,G,E,I,C,F
A,H,B,D,G,E,I,F,C
A,H,B,D,G,F,C,E,I
A,H,B,D,G,F,C,I,E
A,H,B,D,G,F,E,C,I
A,H,B,D,G,F,E,I,C
A,H,B,D,G,F,I,C,E
A,H,B,D,G,F,I,E,C
A,H,B,D,G,I,C,E,F
A,H,B,D,G,I,C,F,E
A,H,B,D,G,I,E,C,F
A,H,B,D,G,I,E,F,C
A,H,B,D,G,I,F,C,E
A,H,B,D,G,I,F,E,C
A,H,B,D,I,C,E,F,G
A,H,B,D,I,C,E,G,F
A,H,B,D,I,C,F,E,G
A,H,B,D,I,C,F,G,E
A,H,B,D,I,C,G,E,F
A,H,B,D,I,C,G,F,E
A,H,B,D,I,E,C,F,G
A,H,B,D,I,E,C,G,F
A,H,B,D,I,E,F,C,G
A,H,B,D,I,E,F,G,C
A,H,B,D,I,E,G,C,F
A,H,B,D,I,E,G,F,C
A,H,B,D,I,F,C,E,G
A,H,B,D,I,F,C,G,E
A,H,B,D,I,F,E,C,G
A,H,B,D,I,F,E,G,C
A,H,B,D,I,F,G,C,E
A,H,B,D,I,F,G,E,C
A,H,B,D,I,G,C,E,F
A,H,B,D,I,G,C,F,E
A,H,B,D,I,G,E,C,F
A,H,B,D,I,G,E,F,C
A,H,B,D,I,G,F,C,E
A,H,B,D,I,G,F,E,C
A,H,B,E,C,D,F,G,I
A,H,B,E,C,D,F,I,G
A,H,B,E,C,D,G,F,I
A,H,B,E,C,D,G,I,F
A,H,B,E,C,D,I,F,G
A,H,B,E,C,D,I,G,F
A,H,B,E,C,F,D,G,I
A,H,B,E,C,F,D,I,G
A,H,B,E,C,F,G,D,I
A,H,B,E,C,F,G,I,D
A,H,B,E,C,F,I,D,G
A,H,B,E,C,F,I,G,D
A,H,B,E,C,G,D,F,I
A,H,B,E,C,G,D,I,F
A,H,B,E,C,G,F,D,I
A,H,B,E,C,G,F,I,D
A,H,B,E,C,G,I,D,F
A,H,B,E,C,G,I,F,D
A,H,B,E,C,I,D,F,G
A,H,B,E,C,I,D,G,F
A,H,B,E,C,I,F,D,G
A,H,B,E,C,I,F,G,D
A,H,B,E,C,I,G,D,F
A,H,B,E,C,I,G,F,D
A,H,B,E,D,C,F,G,I
A,H,B,E,D,C,F,I,G
A,H,B,E,D,C,G,F,I
A,H,B,E,D,C,G,I,F
A,H,B,E,D,C,I,F,G
A,H,B,E,D,C,I,G,F
A,H,B,E,D,F,C,G,I
A,H,B,E,D,F,C,I,G
A,H,B,E,D,F,G,C,I
A,H,B,E,D,F,G,I,C
A,H,B,E,D,F,I,C,G
A,H,B,E,D,F,I,G,C
A,H,B,E,D,G,C,F,I
A,H,B,E,D,G,C,I,F
A,H,B,E,D,G,F,C,I
A,H,B,E,D,G,F,I,C
A,H,B,E,D,G,I,C,F
A,H,B,E,D,G,I,F,C
A,H,B,E,D,I,C,F,G
A,H,B,E,D,I,C,G,F
A,H,B,E,D,I,F,C,G
A,H,B,E,D,I,F,G,C
A,H,B,E,D,I,G,C,F
A,H,B,E,D,I,G,F,C
A,H,B,E,F,C,D,G,I
A,H,B,E,F,C,D,I,G
A,H,B,E,F,C,G,D,I
A,H,B,E,F,C,G,I,D
A,H,B,E,F,C,I,D,G
A,H,B,E,F,C,I,G,D
A,H,B,E,F,D,C,G,I
A,H,B,E,F,D,C,I,G
A,H,B,E,F,D,G,C,I
A,H,B,E,F,D,G,I,C
A,H,B,E,F,D,I,C,G
A,H,B,E,F,D,I,G,C
A,H,B,E,F,G,C,D,I
A,H,B,E,F,G,C,I,D
A,H,B,E,F,G,D,C,I
A,H,B,E,F,G,D,I,C
A,H,B,E,F,G,I,C,D
A,H,B,E,F,G,I,D,C
A,H,B,E,F,I,C,D,G
A,H,B,E,F,I,C,G,D
A,H,B,E,F,I,D,C,G
A,H,B,E,F,I,D,G,C
A,H,B,E,F,I,G,C,D
A,H,B,E,F,I,G,D,C
A,H,B,E,G,C,D,F,I
A,H,B,E,G,C,D,I,F
A,H,B,E,G,C,F,D,I
A,H,B,E,G,C,F,I,D
A,H,B,E,G,C,I,D,F
A,H,B,E,G,C,I,F,D
A,H,B,E,G,D,C,F,I
A,H,B,E,G,D,C,I,F
A,H,B,E,G,D,F,C,I
A,H,B,E,G,D,F,I,C
A,H,B,E,G,D,I,C,F
A,H,B,E,G,D,I,F,C
A,H,B,E,G,F,C,D,I
A,H,B,E,G,F,C,I,D
A,H,B,E,G,F,D,C,I
A,H,B,E,G,F,D,I,C
A,H,B,E,G,F,I,C,D
A,H,B,E,G,F,I,D,C
A,H,B,E,G,I,C,D,F
A,H,B,E,G,I,C,F,D
A,H,B,E,G,I,D,C,F
A,H,B,E,G,I,D,F,C
A,H,B,E,G,I,F,C,D
A,H,B,E,G,I,F,D,C
A,H,B,E,I,C,D,F,G
A,H,B,E,I,C,D,G,F
A,H,B,E,I,C,F,D,G
A,H,B,E,I,C,F,G,D
A,H,B,E,I,C,G,D,F
A,H,B,E,I,C,G,F,D
A,H,B,E,I,D,C,F,G
A,H,B,E,I,D,C,G,F
A,H,B,E,I,D,F,C,G
A,H,B,E,I,D,F,G,C
A,H,B,E,I,D,G,C,F
A,H,B,E,I,D,G,F,C
A,H,B,E,I,F,C,D,G
A,H,B,E,I,F,C,G,D
A,H,B,E,I,F,D,C,G
A,H,B,E,I,F,D,G,C
A,H,B,E,I,F,G,C,D
A,H,B,E,I,F,G,D,C
A,H,B,E,I,G,C,D,F
A,H,B,E,I,G,C,F,D
A,H,B,E,I,G,D,C,F
A,H,B,E,I,G,D,F,C
A,H,B,E,I,G,F,C,D
A,H,B,E,I,G,F,D,C
A,H,B,F,C,D,E,G,I
A,H,B,F,C,D,E,I,G
A,H,B,F,C,D,G,E,I
A,H,B,F,C,D,G,I,E
A,H,B,F,C,D,I,E,G
A,H,B,F,C,D,I,G,E
A,H,B,F,C,E,D,G,I
A,H,B,F,C,E,D,I,G
A,H,B,F,C,E,G,D,I
A,H,B,F,C,E,G,I,D
A,H,B,F,C,E,I,D,G
A,H,B,F,C,E,I,G,D
A,H,B,F,C,G,D,E,I
A,H,B,F,C,G,D,I,E
A,H,B,F,C,G,E,D,I
A,H,B,F,C,G,E,I,D
A,H,B,F,C,G,I,D,E
A,H,B,F,C,G,I,E,D
A,H,B,F,C,I,D,E,G
A,H,B,F,C,I,D,G,E
A,H,B,F,C,I,E,D,G
A,H,B,F,C,I,E,G,D
A,H,B,F,C,I,G,D,E
A,H,B,F,C,I,G,E,D
A,H,B,F,D,C,E,G,I
A,H,B,F,D,C,E,I,G
A,H,B,F,D,C,G,E,I
A,H,B,F,D,C,G,I,E
A,H,B,F,D,C,I,E,G
A,H,B,F,D,C,I,G,E
A,H,B,F,D,E,C,G,I
A,H,B,F,D,E,C,I,G
A,H,B,F,D,E,G,C,I
A,H,B,F,D,E,G,I,C
A,H,B,F,D,E,I,C,G
A,H,B,F,D,E,I,G,C
A,H,B,F,D,G,C,E,I
A,H,B,F,D,G,C,I,E
A,H,B,F,D,G,E,C,I
A,H,B,F,D,G,E,I,C
A,H,B,F,D,G,I,C,E
A,H,B,F,D,G,I,E,C
A,H,B,F,D,I,C,E,G
A,H,B,F,D,I,C,G,E
A,H,B,F,D,I,E,C,G
A,H,B,F,D,I,E,G,C
A,H,B,F,D,I,G,C,E
A,H,B,F,D,I,G,E,C
A,H,B,F,E,C,D,G,I
A,H,B,F,E,C,D,I,G
A,H,B,F,E,C,G,D,I
A,H,B,F,E,C,G,I,D
A,H,B,F,E,C,I,D,G
A,H,B,F,E,C,I,G,D
A,H,B,F,E,D,C,G,I
A,H,B,F,E,D,C,I,G
A,H,B,F,E,D,G,C,I
A,H,B,F,E,D,G,I,C
A,H,B,F,E,D,I,C,G
A,H,B,F,E,D,I,G,C
A,H,B,F,E,G,C,D,I
A,H,B,F,E,G,C,I,D
A,H,B,F,E,G,D,C,I
A,H,B,F,E,G,D,I,C
A,H,B,F,E,G,I,C,D
A,H,B,F,E,G,I,D,C
A,H,B,F,E,I,C,D,G
A,H,B,F,E,I,C,G,D
A,H,B,F,E,I,D,C,G
A,H,B,F,E,I,D,G,C
A,H,B,F,E,I,G,C,D
A,H,B,F,E,I,G,D,C
A,H,B,F,G,C,D,E,I
A,H,B,F,G,C,D,I,E
A,H,B,F,G,C,E,D,I
A,H,B,F,G,C,E,I,D
A,H,B,F,G,C,I,D,E
A,H,B,F,G,C,I,E,D
A,H,B,F,G,D,C,E,I
A,H,B,F,G,D,C,I,E
A,H,B,F,G,D,E,C,I
A,H,B,F,G,D,E,I,C
A,H,B,F,G,D,I,C,E
A,H,B,F,G,D,I,E,C
A,H,B,F,G,E,C,D,I
A,H,B,F,G,E,C,I,D
A,H,B,F,G,E,D,C,I
A,H,B,F,G,E,D,I,C
A,H,B,F,G,E,I,C,D
A,H,B,F,G,E,I,D,C
A,H,B,F,G,I,C,D,E
A,H,B,F,G,I,C,E,D
A,H,B,F,G,I,D,C,E
A,H,B,F,G,I,D,E,C
A,H,B,F,G,I,E,C,D
A,H,B,F,G,I,E,D,C
A,H,B,F,I,C,D,E,G
A,H,B,F,I,C,D,G,E
A,H,B,F,I,C,E,D,G
A,H,B,F,I,C,E,G,D
A,H,B,F,I,C,G,D,E
A,H,B,F,I,C,G,E,D
A,H,B,F,I,D,C,E,G
A,H,B,F,I,D,C,G,E
A,H,B,F,I,D,E,C,G
A,H,B,F,I,D,E,G,C
A,H,B,F,I,D,G,C,E
A,H,B,F,I,D,G,E,C
A,H,B,F,I,E,C,D,G
A,H,B,F,I,E,C,G,D
A,H,B,F,I,E,D,C,G
A,H,B,F,I,E,D,G,C
A,H,B,F,I,E,G,C,D
A,H,B,F,I,E,G,D,C
A,H,B,F,I,G,C,D,E
A,H,B,F,I,G,C,E,D
A,H,B,F,I,G,D,C,E
A,H,B,F,I,G,D,E,C
A,H,B,F,I,G,E,C,D
A,H,B,F,I,G,E,D,C
A,H,B,G,C,D,E,F,I
A,H,B,G,C,D,E,I,F
A,H,B,G,C,D,F,E,I
A,H,B,G,C,D,F,I,E
A,H,B,G,C,D,I,E,F
A,H,B,G,C,D,I,F,E
A,H,B,G,C,E,D,F,I
A,H,B,G,C,E,D,I,F
A,H,B,G,C,E,F,D,I
A,H,B,G,C,E,F,I,D
A,H,B,G,C,E,I,D,F
A,H,B,G,C,E,I,F,D
A,H,B,G,C,F,D,E,I
A,H,B,G,C,F,D,I,E
A,H,B,G,C,F,E,D,I
A,H,B,G,C,F,E,I,D
A,H,B,G,C,F,I,D,E
A,H,B,G,C,F,I,E,D
A,H,B,G,C,I,D,E,F
A,H,B,G,C,I,D,F,E
A,H,B,G,C,I,E,D,F
A,H,B,G,C,I,E,F,D
A,H,B,G,C,I,F,D,E
A,H,B,G,C,I,F,E,D
A,H,B,G,D,C,E,F,I
A,H,B,G,D,C,E,I,F
A,H,B,G,D,C,F,E,I
A,H,B,G,D,C,F,I,E
A,H,B,G,D,C,I,E,F
A,H,B,G,D,C,I,F,E
A,H,B,G,D,E,C,F,I
A,H,B,G,D,E,C,I,F
A,H,B,G,D,E,F,C,I
A,H,B,G,D,E,F,I,C
A,H,B,G,D,E,I,C,F
A,H,B,G,D,E,I,F,C
A,H,B,G,D,F,C,E,I
A,H,B,G,D,F,C,I,E
A,H,B,G,D,F,E,C,I
A,H,B,G,D,F,E,I,C
A,H,B,G,D,F,I,C,E
A,H,B,G,D,F,I,E,C
A,H,B,G,D,I,C,E,F
A,H,B,G,D,I,C,F,E
A,H,B,G,D,I,E,C,F
A,H,B,G,D,I,E,F,C
A,H,B,G,D,I,F,C,E
A,H,B,G,D,I,F,E,C
A,H,B,G,E,C,D,F,I
A,H,B,G,E,C,D,I,F
A,H,B,G,E,C,F,D,I
A,H,B,G,E,C,F,I,D
A,H,B,G,E,C,I,D,F
A,H,B,G,E,C,I,F,D
A,H,B,G,E,D,C,F,I
A,H,B,G,E,D,C,I,F
A,H,B,G,E,D,F,C,I
A,H,B,G,E,D,F,I,C
A,H,B,G,E,D,I,C,F
A,H,B,G,E,D,I,F,C
A,H,B,G,E,F,C,D,I
A,H,B,G,E,F,C,I,D
A,H,B,G,E,F,D,C,I
A,H,B,G,E,F,D,I,C
A,H,B,G,E,F,I,C,D
A,H,B,G,E,F,I,D,C
A,H,B,G,E,I,C,D,F
A,H,B,G,E,I,C,F,D
A,H,B,G,E,I,D,C,F
A,H,B,G,E,I,D,F,C
A,H,B,G,E,I,F,C,D
A,H,B,G,E,I,F,D,C
A,H,B,G,F,C,D,E,I
A,H,B,G,F,C,D,I,E
A,H,B,G,F,C,E,D,I
A,H,B,G,F,C,E,I,D
A,H,B,G,F,C,I,D,E
A,H,B,G,F,C,I,E,D
A,H,B,G,F,D,C,E,I
A,H,B,G,F,D,C,I,E
A,H,B,G,F,D,E,C,I
A,H,B,G,F,D,E,I,C
A,H,B,G,F,D,I,C,E
A,H,B,G,F,D,I,E,C
A,H,B,G,F,E,C,D,I
A,H,B,G,F,E,C,I,D
A,H,B,G,F,E,D,C,I
A,H,B,G,F,E,D,I,C
A,H,B,G,F,E,I,C,D
A,H,B,G,F,E,I,D,C
A,H,B,G,F,I,C,D,E
A,H,B,G,F,I,C,E,D
A,H,B,G,F,I,D,C,E
A,H,B,G,F,I,D,E,C
A,H,B,G,F,I,E,C,D
A,H,B,G,F,I,E,D,C
A,H,B,G,I,C,D,E,F
A,H,B,G,I,C,D,F,E
A,H,B,G,I,C,E,D,F
A,H,B,G,I,C,E,F,D
A,H,B,G,I,C,F,D,E
A,H,B,G,I,C,F,E,D
A,H,B,G,I,D,C,E,F
A,H,B,G,I,D,C,F,E
A,H,B,G,I,D,E,C,F
A,H,B,G,I,D,E,F,C
A,H,B,G,I,D,F,C,E
A,H,B,G,I,D,F,E,C
A,H,B,G,I,E,C,D,F
A,H,B,G,I,E,C,F,D
A,H,B,G,I,E,D,C,F
A,H,B,G,I,E,D,F,C
A,H,B,G,I,E,F,C,D
A,H,B,G,I,E,F,D,C
A,H,B,G,I,F,C,D,E
A,H,B,G,I,F,C,E,D
A,H,B,G,I,F,D,C,E
A,H,B,G,I,F,D,E,C
A,H,B,G,I,F,E,C,D
A,H,B,G,I,F,E,D,C
A,H,B,I,C,D,E,F,G
A,H,B,I,C,D,E,G,F
A,H,B,I,C,D,F,E,G
A,H,B,I,C,D,F,G,E
A,H,B,I,C,D,G,E,F
A,H,B,I,C,D,G,F,E
A,H,B,I,C,E,D,F,G
A,H,B,I,C,E,D,G,F
A,H,B,I,C,E,F,D,G
A,H,B,I,C,E,F,G,D
A,H,B,I,C,E,G,D,F
A,H,B,I,C,E,G,F,D
A,H,B,I,C,F,D,E,G
A,H,B,I,C,F,D,G,E
A,H,B,I,C,F,E,D,G
A,H,B,I,C,F,E,G,D
A,H,B,I,C,F,G,D,E
A,H,B,I,C,F,G,E,D
A,H,B,I,C,G,D,E,F
A,H,B,I,C,G,D,F,E
A,H,B,I,C,G,E,D,F
A,H,B,I,C,G,E,F,D
A,H,B,I,C,G,F,D,E
A,H,B,I,C,G,F,E,D
A,H,B,I,D,C,E,F,G
A,H,B,I,D,C,E,G,F
A,H,B,I,D,C,F,E,G
A,H,B,I,D,C,F,G,E
A,H,B,I,D,C,G,E,F
A,H,B,I,D,C,G,F,E
A,H,B,I,D,E,C,F,G
A,H,B,I,D,E,C,G,F
A,H,B,I,D,E,F,C,G
A,H,B,I,D,E,F,G,C
A,H,B,I,D,E,G,C,F
A,H,B,I,D,E,G,F,C
A,H,B,I,D,F,C,E,G
A,H,B,I,D,F,C,G,E
A,H,B,I,D,F,E,C,G
A,H,B,I,D,F,E,G,C
A,H,B,I,D,F,G,C,E
A,H,B,I,D,F,G,E,C
A,H,B,I,D,G,C,E,F
A,H,B,I,D,G,C,F,E
A,H,B,I,D,G,E,C,F
A,H,B,I,D,G,E,F,C
A,H,B,I,D,G,F,C,E
A,H,B,I,D,G,F,E,C
A,H,B,I,E,C,D,F,G
A,H,B,I,E,C,D,G,F
A,H,B,I,E,C,F,D,G
A,H,B,I,E,C,F,G,D
A,H,B,I,E,C,G,D,F
A,H,B,I,E,C,G,F,D
A,H,B,I,E,D,C,F,G
A,H,B,I,E,D,C,G,F
A,H,B,I,E,D,F,C,G
A,H,B,I,E,D,F,G,C
A,H,B,I,E,D,G,C,F
A,H,B,I,E,D,G,F,C
A,H,B,I,E,F,C,D,G
A,H,B,I,E,F,C,G,D
A,H,B,I,E,F,D,C,G
A,H,B,I,E,F,D,G,C
A,H,B,I,E,F,G,C,D
A,H,B,I,E,F,G,D,C
A,H,B,I,E,G,C,D,F
A,H,B,I,E,G,C,F,D
A,H,B,I,E,G,D,C,F
A,H,B,I,E,G,D,F,C
A,H,B,I,E,G,F,C,D
A,H,B,I,E,G,F,D,C
A,H,B,I,F,C,D,E,G
A,H,B,I,F,C,D,G,E
A,H,B,I,F,C,E,D,G
A,H,B,I,F,C,E,G,D
A,H,B,I,F,C,G,D,E
A,H,B,I,F,C,G,E,D
A,H,B,I,F,D,C,E,G
A,H,B,I,F,D,C,G,E
A,H,B,I,F,D,E,C,G
A,H,B,I,F,D,E,G,C
A,H,B,I,F,D,G,C,E
A,H,B,I,F,D,G,E,C
A,H,B,I,F,E,C,D,G
A,H,B,I,F,E,C,G,D
A,H,B,I,F,E,D,C,G
A,H,B,I,F,E,D,G,C
A,H,B,I,F,E,G,C,D
A,H,B,I,F,E,G,D,C
A,H,B,I,F,G,C,D,E
A,H,B,I,F,G,C,E,D
A,H,B,I,F,G,D,C,E
A,H,B,I,F,G,D,E,C
A,H,B,I,F,G,E,C,D
A,H,B,I,F,G,E,D,C
A,H,B,I,G,C,D,E,F
A,H,B,I,G,C,D,F,E
A,H,B,I,G,C,E,D,F
A,H,B,I,G,C,E,F,D
A,H,B,I,G,C,F,D,E
A,H,B,I,G,C,F,E,D
A,H,B,I,G,D,C,E,F
A,H,B,I,G,D,C,F,E
A,H,B,I,G,D,E,C,F
A,H,B,I,G,D,E,F,C
A,H,B,I,G,D,F,C,E
A,H,B,I,G,D,F,E,C
A,H,B,I,G,E,C,D,F
A,H,B,I,G,E,C,F,D
A,H,B,I,G,E,D,C,F
A,H,B,I,G,E,D,F,C
A,H,B,I,G,E,F,C,D
A,H,B,I,G,E,F,D,C
A,H,B,I,G,F,C,D,E
A,H,B,I,G,F,C,E,D
A,H,B,I,G,F,D,C,E
A,H,B,I,G,F,D,E,C
A,H,B,I,G,F,E,C,D
A,H,B,I,G,F,E,D,C
A,H,C,B,D,E,F,G,I
A,H,C,B,D,E,F,I,G
A,H,C,B,D,E,G,F,I
A,H,C,B,D,E,G,I,F
A,H,C,B,D,E,I,F,G
A,H,C,B,D,E,I,G,F
A,H,C,B,D,F,E,G,I
A,H,C,B,D,F,E,I,G
A,H,C,B,D,F,G,E,I
A,H,C,B,D,F,G,I,E
A,H,C,B,D,F,I,E,G
A,H,C,B,D,F,I,G,E
A,H,C,B,D,G,E,F,I
A,H,C,B,D,G,E,I,F
A,H,C,B,D,G,F,E,I
A,H,C,B,D,G,F,I,E
A,H,C,B,D,G,I,E,F
A,H,C,B,D,G,I,F,E
A,H,C,B,D,I,E,F,G
A,H,C,B,D,I,E,G,F
A,H,C,B,D,I,F,E,G
A,H,C,B,D,I,F,G,E
A,H,C,B,D,I,G,E,F
A,H,C,B,D,I,G,F,E
A,H,C,B,E,D,F,G,I
A,H,C,B,E,D,F,I,G
A,H,C,B,E,D,G,F,I
A,H,C,B,E,D,G,I,F
A,H,C,B,E,D,I,F,G
A,H,C,B,E,D,I,G,F
A,H,C,B,E,F,D,G,I
A,H,C,B,E,F,D,I,G
A,H,C,B,E,F,G,D,I
A,H,C,B,E,F,G,I,D
A,H,C,B,E,F,I,D,G
A,H,C,B,E,F,I,G,D
A,H,C,B,E,G,D,F,I
A,H,C,B,E,G,D,I,F
A,H,C,B,E,G,F,D,I
A,H,C,B,E,G,F,I,D
A,H,C,B,E,G,I,D,F
A,H,C,B,E,G,I,F,D
A,H,C,B,E,I,D,F,G
A,H,C,B,E,I,D,G,F
A,H,C,B,E,I,F,D,G
A,H,C,B,E,I,F,G,D
A,H,C,B,E,I,G,D,F
A,H,C,B,E,I,G,F,D
A,H,C,B,F,D,E,G,I
A,H,C,B,F,D,E,I,G
A,H,C,B,F,D,G,E,I
A,H,C,B,F,D,G,I,E
A,H,C,B,F,D,I,E,G
A,H,C,B,F,D,I,G,E
A,H,C,B,F,E,D,G,I
A,H,C,B,F,E,D,I,G
A,H,C,B,F,E,G,D,I
A,H,C,B,F,E,G,I,D
A,H,C,B,F,E,I,D,G
A,H,C,B,F,E,I,G,D
A,H,C,B,F,G,D,E,I
A,H,C,B,F,G,D,I,E
A,H,C,B,F,G,E,D,I
A,H,C,B,F,G,E,I,D
A,H,C,B,F,G,I,D,E
A,H,C,B,F,G,I,E,D
A,H,C,B,F,I,D,E,G
A,H,C,B,F,I,D,G,E
A,H,C,B,F,I,E,D,G
A,H,C,B,F,I,E,G,D
A,H,C,B,F,I,G,D,E
A,H,C,B,F,I,G,E,D
A,H,C,B,G,D,E,F,I
A,H,C,B,G,D,E,I,F
A,H,C,B,G,D,F,E,I
A,H,C,B,G,D,F,I,E
A,H,C,B,G,D,I,E,F
A,H,C,B,G,D,I,F,E
A,H,C,B,G,E,D,F,I
A,H,C,B,G,E,D,I,F
A,H,C,B,G,E,F,D,I
A,H,C,B,G,E,F,I,D
A,H,C,B,G,E,I,D,F
A,H,C,B,G,E,I,F,D
A,H,C,B,G,F,D,E,I
A,H,C,B,G,F,D,I,E
A,H,C,B,G,F,E,D,I
A,H,C,B,G,F,E,I,D
A,H,C,B,G,F,I,D,E
A,H,C,B,G,F,I,E,D
A,H,C,B,G,I,D,E,F
A,H,C,B,G,I,D,F,E
A,H,C,B,G,I,E,D,F
A,H,C,B,G,I,E,F,D
A,H,C,B,G,I,F,D,E
A,H,C,B,G,I,F,E,D
A,H,C,B,I,D,E,F,G
A,H,C,B,I,D,E,G,F
A,H,C,B,I,D,F,E,G
A,H,C,B,I,D,F,G,E
A,H,C,B,I,D,G,E,F
A,H,C,B,I,D,G,F,E
A,H,C,B,I,E,D,F,G
A,H,C,B,I,E,D,G,F
A,H,C,B,I,E,F,D,G
A,H,C,B,I,E,F,G,D
A,H,C,B,I,E,G,D,F
A,H,C,B,I,E,G,F,D
A,H,C,B,I,F,D,E,G
A,H,C,B,I,F,D,G,E
A,H,C,B,I,F,E,D,G
A,H,C,B,I,F,E,G,D
A,H,C,B,I,F,G,D,E
A,H,C,B,I,F,G,E,D
A,H,C,B,I,G,D,E,F
A,H,C,B,I,G,D,F,E
A,H,C,B,I,G,E,D,F
A,H,C,B,I,G,E,F,D
A,H,C,B,I,G,F,D,E
A,H,C,B,I,G,F,E,D
A,H,C,D,B,E,F,G,I
A,H,C,D,B,E,F,I,G
A,H,C,D,B,E,G,F,I
A,H,C,D,B,E,G,I,F
A,H,C,D,B,E,I,F,G
A,H,C,D,B,E,I,G,F
A,H,C,D,B,F,E,G,I
A,H,C,D,B,F,E,I,G
A,H,C,D,B,F,G,E,I
A,H,C,D,B,F,G,I,E
A,H,C,D,B,F,I,E,G
A,H,C,D,B,F,I,G,E
A,H,C,D,B,G,E,F,I
A,H,C,D,B,G,E,I,F
A,H,C,D,B,G,F,E,I
A,H,C,D,B,G,F,I,E
A,H,C,D,B,G,I,E,F
A,H,C,D,B,G,I,F,E
A,H,C,D,B,I,E,F,G
A,H,C,D,B,I,E,G,F
A,H,C,D,B,I,F,E,G
A,H,C,D,B,I,F,G,E
A,H,C,D,B,I,G,E,F
A,H,C,D,B,I,G,F,E
A,H,C,D,E,B,F,G,I
A,H,C,D,E,B,F,I,G
A,H,C,D,E,B,G,F,I
A,H,C,D,E,B,G,I,F
A,H,C,D,E,B,I,F,G
A,H,C,D,E,B,I,G,F
A,H,C,D,E,F,B,G,I
A,H,C,D,E,F,B,I,G
A,H,C,D,E,F,G,B,I
A,H,C,D,E,F,G,I,B
A,H,C,D,E,F,I,B,G
A,H,C,D,E,F,I,G,B
A,H,C,D,E,G,B,F,I
A,H,C,D,E,G,B,I,F
A,H,C,D,E,G,F,B,I
A,H,C,D,E,G,F,I,B
A,H,C,D,E,G,I,B,F
A,H,C,D,E,G,I,F,B
A,H,C,D,E,I,B,F,G
A,H,C,D,E,I,B,G,F
A,H,C,D,E,I,F,B,G
A,H,C,D,E,I,F,G,B
A,H,C,D,E,I,G,B,F
A,H,C,D,E,I,G,F,B
A,H,C,D,F,B,E,G,I
A,H,C,D,F,B,E,I,G
A,H,C,D,F,B,G,E,I
A,H,C,D,F,B,G,I,E
A,H,C,D,F,B,I,E,G
A,H,C,D,F,B,I,G,E
A,H,C,D,F,E,B,G,I
A,H,C,D,F,E,B,I,G
A,H,C,D,F,E,G,B,I
A,H,C,D,F,E,G,I,B
A,H,C,D,F,E,I,B,G
A,H,C,D,F,E,I,G,B
A,H,C,D,F,G,B,E,I
A,H,C,D,F,G,B,I,E
A,H,C,D,F,G,E,B,I
A,H,C,D,F,G,E,I,B
A,H,C,D,F,G,I,B,E
A,H,C,D,F,G,I,E,B
A,H,C,D,F,I,B,E,G
A,H,C,D,F,I,B,G,E
A,H,C,D,F,I,E,B,G
A,H,C,D,F,I,E,G,B
A,H,C,D,F,I,G,B,E
A,H,C,D,F,I,G,E,B
A,H,C,D,G,B,E,F,I
A,H,C,D,G,B,E,I,F
A,H,C,D,G,B,F,E,I
A,H,C,D,G,B,F,I,E
A,H,C,D,G,B,I,E,F
A,H,C,D,G,B,I,F,E
A,H,C,D,G,E,B,F,I
A,H,C,D,G,E,B,I,F
A,H,C,D,G,E,F,B,I
A,H,C,D,G,E,F,I,B
A,H,C,D,G,E,I,B,F
A,H,C,D,G,E,I,F,B
A,H,C,D,G,F,B,E,I
A,H,C,D,G,F,B,I,E
A,H,C,D,G,F,E,B,I
A,H,C,D,G,F,E,I,B
A,H,C,D,G,F,I,B,E
A,H,C,D,G,F,I,E,B
A,H,C,D,G,I,B,E,F
A,H,C,D,G,I,B,F,E
A,H,C,D,G,I,E,B,F
A,H,C,D,G,I,E,F,B
A,H,C,D,G,I,F,B,E
A,H,C,D,G,I,F,E,B
A,H,C,D,I,B,E,F,G
A,H,C,D,I,B,E,G,F
A,H,C,D,I,B,F,E,G
A,H,C,D,I,B,F,G,E
A,H,C,D,I,B,G,E,F
A,H,C,D,I,B,G,F,E
A,H,C,D,I,E,B,F,G
A,H,C,D,I,E,B,G,F
A,H,C,D,I,E,F,B,G
A,H,C,D,I,E,F,G,B
A,H,C,D,I,E,G,B,F
A,H,C,D,I,E,G,F,B
A,H,C,D,I,F,B,E,G
A,H,C,D,I,F,B,G,E
A,H,C,D,I,F,E,B,G
A,H,C,D,I,F,E,G,B
A,H,C,D,I,F,G,B,E
A,H,C,D,I,F,G,E,B
A,H,C,D,I,G,B,E,F
A,H,C,D,I,G,B,F,E
A,H,C,D,I,G,E,B,F
A,H,C,D,I,G,E,F,B
A,H,C,D,I,G,F,B,E
A,H,C,D,I,G,F,E,B
A,H,C,E,B,D,F,G,I
A,H,C,E,B,D,F,I,G
A,H,C,E,B,D,G,F,I
A,H,C,E,B,D,G,I,F
A,H,C,E,B,D,I,F,G
A,H,C,E,B,D,I,G,F
A,H,C,E,B,F,D,G,I
A,H,C,E,B,F,D,I,G
A,H,C,E,B,F,G,D,I
A,H,C,E,B,F,G,I,D
A,H,C,E,B,F,I,D,G
A,H,C,E,B,F,I,G,D
A,H,C,E,B,G,D,F,I
A,H,C,E,B,G,D,I,F
A,H,C,E,B,G,F,D,I
A,H,C,E,B,G,F,I,D
A,H,C,E,B,G,I,D,F
A,H,C,E,B,G,I,F,D
A,H,C,E,B,I,D,F,G
A,H,C,E,B,I,D,G,F
A,H,C,E,B,I,F,D,G
A,H,C,E,B,I,F,G,D
A,H,C,E,B,I,G,D,F
A,H,C,E,B,I,G,F,D
A,H,C,E,D,B,F,G,I
A,H,C,E,D,B,F,I,G
A,H,C,E,D,B,G,F,I
A,H,C,E,D,B,G,I,F
A,H,C,E,D,B,I,F,G
A,H,C,E,D,B,I,G,F
A,H,C,E,D,F,B,G,I
A,H,C,E,D,F,B,I,G
A,H,C,E,D,F,G,B,I
A,H,C,E,D,F,G,I,B
A,H,C,E,D,F,I,B,G
A,H,C,E,D,F,I,G,B
A,H,C,E,D,G,B,F,I
A,H,C,E,D,G,B,I,F
A,H,C,E,D,G,F,B,I
A,H,C,E,D,G,F,I,B
A,H,C,E,D,G,I,B,F
A,H,C,E,D,G,I,F,B
A,H,C,E,D,I,B,F,G
A,H,C,E,D,I,B,G,F
A,H,C,E,D,I,F,B,G
A,H,C,E,D,I,F,G,B
A,H,C,E,D,I,G,B,F
A,H,C,E,D,I,G,F,B
A,H,C,E,F,B,D,G,I
A,H,C,E,F,B,D,I,G
A,H,C,E,F,B,G,D,I
A,H,C,E,F,B,G,I,D
A,H,C,E,F,B,I,D,G
A,H,C,E,F,B,I,G,D
A,H,C,E,F,D,B,G,I
A,H,C,E,F,D,B,I,G
A,H,C,E,F,D,G,B,I
A,H,C,E,F,D,G,I,B
A,H,C,E,F,D,I,B,G
A,H,C,E,F,D,I,G,B
A,H,C,E,F,G,B,D,I
A,H,C,E,F,G,B,I,D
A,H,C,E,F,G,D,B,I
A,H,C,E,F,G,D,I,B
A,H,C,E,F,G,I,B,D
A,H,C,E,F,G,I,D,B
A,H,C,E,F,I,B,D,G
A,H,C,E,F,I,B,G,D
A,H,C,E,F,I,D,B,G
A,H,C,E,F,I,D,G,B
A,H,C,E,F,I,G,B,D
A,H,C,E,F,I,G,D,B
A,H,C,E,G,B,D,F,I
A,H,C,E,G,B,D,I,F
A,H,C,E,G,B,F,D,I
A,H,C,E,G,B,F,I,D
A,H,C,E,G,B,I,D,F
A,H,C,E,G,B,I,F,D
A,H,C,E,G,D,B,F,I
A,H,C,E,G,D,B,I,F
A,H,C,E,G,D,F,B,I
A,H,C,E,G,D,F,I,B
A,H,C,E,G,D,I,B,F
A,H,C,E,G,D,I,F,B
A,H,C,E,G,F,B,D,I
A,H,C,E,G,F,B,I,D
A,H,C,E,G,F,D,B,I
A,H,C,E,G,F,D,I,B
A,H,C,E,G,F,I,B,D
A,H,C,E,G,F,I,D,B
A,H,C,E,G,I,B,D,F
A,H,C,E,G,I,B,F,D
A,H,C,E,G,I,D,B,F
A,H,C,E,G,I,D,F,B
A,H,C,E,G,I,F,B,D
A,H,C,E,G,I,F,D,B
A,H,C,E,I,B,D,F,G
A,H,C,E,I,B,D,G,F
A,H,C,E,I,B,F,D,G
A,H,C,E,I,B,F,G,D
A,H,C,E,I,B,G,D,F
A,H,C,E,I,B,G,F,D
A,H,C,E,I,D,B,F,G
A,H,C,E,I,D,B,G,F
A,H,C,E,I,D,F,B,G
A,H,C,E,I,D,F,G,B
A,H,C,E,I,D,G,B,F
A,H,C,E,I,D,G,F,B
A,H,C,E,I,F,B,D,G
A,H,C,E,I,F,B,G,D
A,H,C,E,I,F,D,B,G
A,H,C,E,I,F,D,G,B
A,H,C,E,I,F,G,B,D
A,H,C,E,I,F,G,D,B
A,H,C,E,I,G,B,D,F
A,H,C,E,I,G,B,F,D
A,H,C,E,I,G,D,B,F
A,H,C,E,I,G,D,F,B
A,H,C,E,I,G,F,B,D
A,H,C,E,I,G,F,D,B
A,H,C,F,B,D,E,G,I
A,H,C,F,B,D,E,I,G
A,H,C,F,B,D,G,E,I
A,H,C,F,B,D,G,I,E
A,H,C,F,B,D,I,E,G
A,H,C,F,B,D,I,G,E
A,H,C,F,B,E,D,G,I
A,H,C,F,B,E,D,I,G
A,H,C,F,B,E,G,D,I
A,H,C,F,B,E,G,I,D
A,H,C,F,B,E,I,D,G
A,H,C,F,B,E,I,G,D
A,H,C,F,B,G,D,E,I
A,H,C,F,B,G,D,I,E
A,H,C,F,B,G,E,D,I
A,H,C,F,B,G,E,I,D
A,H,C,F,B,G,I,D,E
A,H,C,F,B,G,I,E,D
A,H,C,F,B,I,D,E,G
A,H,C,F,B,I,D,G,E
A,H,C,F,B,I,E,D,G
A,H,C,F,B,I,E,G,D
A,H,C,F,B,I,G,D,E
A,H,C,F,B,I,G,E,D
A,H,C,F,D,B,E,G,I
A,H,C,F,D,B,E,I,G
A,H,C,F,D,B,G,E,I
A,H,C,F,D,B,G,I,E
A,H,C,F,D,B,I,E,G
A,H,C,F,D,B,I,G,E
A,H,C,F,D,E,B,G,I
A,H,C,F,D,E,B,I,G
A,H,C,F,D,E,G,B,I
A,H,C,F,D,E,G,I,B
A,H,C,F,D,E,I,B,G
A,H,C,F,D,E,I,G,B
A,H,C,F,D,G,B,E,I
A,H,C,F,D,G,B,I,E
A,H,C,F,D,G,E,B,I
A,H,C,F,D,G,E,I,B
A,H,C,F,D,G,I,B,E
A,H,C,F,D,G,I,E,B
A,H,C,F,D,I,B,E,G
A,H,C,F,D,I,B,G,E
A,H,C,F,D,I,E,B,G
A,H,C,F,D,I,E,G,B
A,H,C,F,D,I,G,B,E
A,H,C,F,D,I,G,E,B
A,H,C,F,E,B,D,G,I
A,H,C,F,E,B,D,I,G
A,H,C,F,E,B,G,D,I
A,H,C,F,E,B,G,I,D
A,H,C,F,E,B,I,D,G
A,H,C,F,E,B,I,G,D
A,H,C,F,E,D,B,G,I
A,H,C,F,E,D,B,I,G
A,H,C,F,E,D,G,B,I
A,H,C,F,E,D,G,I,B
A,H,C,F,E,D,I,B,G
A,H,C,F,E,D,I,G,B
A,H,C,F,E,G,B,D,I
A,H,C,F,E,G,B,I,D
A,H,C,F,E,G,D,B,I
A,H,C,F,E,G,D,I,B
A,H,C,F,E,G,I,B,D
A,H,C,F,E,G,I,D,B
A,H,C,F,E,I,B,D,G
A,H,C,F,E,I,B,G,D
A,H,C,F,E,I,D,B,G
A,H,C,F,E,I,D,G,B
A,H,C,F,E,I,G,B,D
A,H,C,F,E,I,G,D,B
A,H,C,F,G,B,D,E,I
A,H,C,F,G,B,D,I,E
A,H,C,F,G,B,E,D,I
A,H,C,F,G,B,E,I,D
A,H,C,F,G,B,I,D,E
A,H,C,F,G,B,I,E,D
A,H,C,F,G,D,B,E,I
A,H,C,F,G,D,B,I,E
A,H,C,F,G,D,E,B,I
A,H,C,F,G,D,E,I,B
A,H,C,F,G,D,I,B,E
A,H,C,F,G,D,I,E,B
A,H,C,F,G,E,B,D,I
A,H,C,F,G,E,B,I,D
A,H,C,F,G,E,D,B,I
A,H,C,F,G,E,D,I,B
A,H,C,F,G,E,I,B,D
A,H,C,F,G,E,I,D,B
A,H,C,F,G,I,B,D,E
A,H,C,F,G,I,B,E,D
A,H,C,F,G,I,D,B,E
A,H,C,F,G,I,D,E,B
A,H,C,F,G,I,E,B,D
A,H,C,F,G,I,E,D,B
A,H,C,F,I,B,D,E,G
A,H,C,F,I,B,D,G,E
A,H,C,F,I,B,E,D,G
A,H,C,F,I,B,E,G,D
A,H,C,F,I,B,G,D,E
A,H,C,F,I,B,G,E,D
A,H,C,F,I,D,B,E,G
A,H,C,F,I,D,B,G,E
A,H,C,F,I,D,E,B,G
A,H,C,F,I,D,E,G,B
A,H,C,F,I,D,G,B,E
A,H,C,F,I,D,G,E,B
A,H,C,F,I,E,B,D,G
A,H,C,F,I,E,B,G,D
A,H,C,F,I,E,D,B,G
A,H,C,F,I,E,D,G,B
A,H,C,F,I,E,G,B,D
A,H,C,F,I,E,G,D,B
A,H,C,F,I,G,B,D,E
A,H,C,F,I,G,B,E,D
A,H,C,F,I,G,D,B,E
A,H,C,F,I,G,D,E,B
A,H,C,F,I,G,E,B,D
A,H,C,F,I,G,E,D,B
A,H,C,G,B,D,E,F,I
A,H,C,G,B,D,E,I,F
A,H,C,G,B,D,F,E,I
A,H,C,G,B,D,F,I,E
A,H,C,G,B,D,I,E,F
A,H,C,G,B,D,I,F,E
A,H,C,G,B,E,D,F,I
A,H,C,G,B,E,D,I,F
A,H,C,G,B,E,F,D,I
A,H,C,G,B,E,F,I,D
A,H,C,G,B,E,I,D,F
A,H,C,G,B,E,I,F,D
A,H,C,G,B,F,D,E,I
A,H,C,G,B,F,D,I,E
A,H,C,G,B,F,E,D,I
A,H,C,G,B,F,E,I,D
A,H,C,G,B,F,I,D,E
A,H,C,G,B,F,I,E,D
A,H,C,G,B,I,D,E,F
A,H,C,G,B,I,D,F,E
A,H,C,G,B,I,E,D,F
A,H,C,G,B,I,E,F,D
A,H,C,G,B,I,F,D,E
A,H,C,G,B,I,F,E,D
A,H,C,G,D,B,E,F,I
A,H,C,G,D,B,E,I,F
A,H,C,G,D,B,F,E,I
A,H,C,G,D,B,F,I,E
A,H,C,G,D,B,I,E,F
A,H,C,G,D,B,I,F,E
A,H,C,G,D,E,B,F,I
A,H,C,G,D,E,B,I,F
A,H,C,G,D,E,F,B,I
A,H,C,G,D,E,F,I,B
A,H,C,G,D,E,I,B,F
A,H,C,G,D,E,I,F,B
A,H,C,G,D,F,B,E,I
A,H,C,G,D,F,B,I,E
A,H,C,G,D,F,E,B,I
A,H,C,G,D,F,E,I,B
A,H,C,G,D,F,I,B,E
A,H,C,G,D,F,I,E,B
A,H,C,G,D,I,B,E,F
A,H,C,G,D,I,B,F,E
A,H,C,G,D,I,E,B,F
A,H,C,G,D,I,E,F,B
A,H,C,G,D,I,F,B,E
A,H,C,G,D,I,F,E,B
A,H,C,G,E,B,D,F,I
A,H,C,G,E,B,D,I,F
A,H,C,G,E,B,F,D,I
A,H,C,G,E,B,F,I,D
A,H,C,G,E,B,I,D,F
A,H,C,G,E,B,I,F,D
A,H,C,G,E,D,B,F,I
A,H,C,G,E,D,B,I,F
A,H,C,G,E,D,F,B,I
A,H,C,G,E,D,F,I,B
A,H,C,G,E,D,I,B,F
A,H,C,G,E,D,I,F,B
A,H,C,G,E,F,B,D,I
A,H,C,G,E,F,B,I,D
A,H,C,G,E,F,D,B,I
A,H,C,G,E,F,D,I,B
A,H,C,G,E,F,I,B,D
A,H,C,G,E,F,I,D,B
A,H,C,G,E,I,B,D,F
A,H,C,G,E,I,B,F,D
A,H,C,G,E,I,D,B,F
A,H,C,G,E,I,D,F,B
A,H,C,G,E,I,F,B,D
A,H,C,G,E,I,F,D,B
A,H,C,G,F,B,D,E,I
A,H,C,G,F,B,D,I,E
A,H,C,G,F,B,E,D,I
A,H,C,G,F,B,E,I,D
A,H,C,G,F,B,I,D,E
A,H,C,G,F,B,I,E,D
A,H,C,G,F,D,B,E,I
A,H,C,G,F,D,B,I,E
A,H,C,G,F,D,E,B,I
A,H,C,G,F,D,E,I,B
A,H,C,G,F,D,I,B,E
A,H,C,G,F,D,I,E,B
A,H,C,G,F,E,B,D,I
A,H,C,G,F,E,B,I,D
A,H,C,G,F,E,D,B,I
A,H,C,G,F,E,D,I,B
A,H,C,G,F,E,I,B,D
A,H,C,G,F,E,I,D,B
A,H,C,G,F,I,B,D,E
A,H,C,G,F,I,B,E,D
A,H,C,G,F,I,D,B,E
A,H,C,G,F,I,D,E,B
A,H,C,G,F,I,E,B,D
A,H,C,G,F,I,E,D,B
A,H,C,G,I,B,D,E,F
A,H,C,G,I,B,D,F,E
A,H,C,G,I,B,E,D,F
A,H,C,G,I,B,E,F,D
A,H,C,G,I,B,F,D,E
A,H,C,G,I,B,F,E,D
A,H,C,G,I,D,B,E,F
A,H,C,G,I,D,B,F,E
A,H,C,G,I,D,E,B,F
A,H,C,G,I,D,E,F,B
A,H,C,G,I,D,F,B,E
A,H,C,G,I,D,F,E,B
A,H,C,G,I,E,B,D,F
A,H,C,G,I,E,B,F,D
A,H,C,G,I,E,D,B,F
A,H,C,G,I,E,D,F,B
A,H,C,G,I,E,F,B,D
A,H,C,G,I,E,F,D,B
A,H,C,G,I,F,B,D,E
A,H,C,G,I,F,B,E,D
A,H,C,G,I,F,D,B,E
A,H,C,G,I,F,D,E,B
A,H,C,G,I,F,E,B,D
A,H,C,G,I,F,E,D,B
A,H,C,I,B,D,E,F,G
A,H,C,I,B,D,E,G,F
A,H,C,I,B,D,F,E,G
A,H,C,I,B,D,F,G,E
A,H,C,I,B,D,G,E,F
A,H,C,I,B,D,G,F,E
A,H,C,I,B,E,D,F,G
A,H,C,I,B,E,D,G,F
A,H,C,I,B,E,F,D,G
A,H,C,I,B,E,F,G,D
A,H,C,I,B,E,G,D,F
A,H,C,I,B,E,G,F,D
A,H,C,I,B,F,D,E,G
A,H,C,I,B,F,D,G,E
A,H,C,I,B,F,E,D,G
A,H,C,I,B,F,E,G,D
A,H,C,I,B,F,G,D,E
A,H,C,I,B,F,G,E,D
A,H,C,I,B,G,D,E,F
A,H,C,I,B,G,D,F,E
A,H,C,I,B,G,E,D,F
A,H,C,I,B,G,E,F,D
A,H,C,I,B,G,F,D,E
A,H,C,I,B,G,F,E,D
A,H,C,I,D,B,E,F,G
A,H,C,I,D,B,E,G,F
A,H,C,I,D,B,F,E,G
A,H,C,I,D,B,F,G,E
A,H,C,I,D,B,G,E,F
A,H,C,I,D,B,G,F,E
A,H,C,I,D,E,B,F,G
A,H,C,I,D,E,B,G,F
A,H,C,I,D,E,F,B,G
A,H,C,I,D,E,F,G,B
A,H,C,I,D,E,G,B,F
A,H,C,I,D,E,G,F,B
A,H,C,I,D,F,B,E,G
A,H,C,I,D,F,B,G,E
A,H,C,I,D,F,E,B,G
A,H,C,I,D,F,E,G,B
A,H,C,I,D,F,G,B,E
A,H,C,I,D,F,G,E,B
A,H,C,I,D,G,B,E,F
A,H,C,I,D,G,B,F,E
A,H,C,I,D,G,E,B,F
A,H,C,I,D,G,E,F,B
A,H,C,I,D,G,F,B,E
A,H,C,I,D,G,F,E,B
A,H,C,I,E,B,D,F,G
A,H,C,I,E,B,D,G,F
A,H,C,I,E,B,F,D,G
A,H,C,I,E,B,F,G,D
A,H,C,I,E,B,G,D,F
A,H,C,I,E,B,G,F,D
A,H,C,I,E,D,B,F,G
A,H,C,I,E,D,B,G,F
A,H,C,I,E,D,F,B,G
A,H,C,I,E,D,F,G,B
A,H,C,I,E,D,G,B,F
A,H,C,I,E,D,G,F,B
A,H,C,I,E,F,B,D,G
A,H,C,I,E,F,B,G,D
A,H,C,I,E,F,D,B,G
A,H,C,I,E,F,D,G,B
A,H,C,I,E,F,G,B,D
A,H,C,I,E,F,G,D,B
A,H,C,I,E,G,B,D,F
A,H,C,I,E,G,B,F,D
A,H,C,I,E,G,D,B,F
A,H,C,I,E,G,D,F,B
A,H,C,I,E,G,F,B,D
A,H,C,I,E,G,F,D,B
A,H,C,I,F,B,D,E,G
A,H,C,I,F,B,D,G,E
A,H,C,I,F,B,E,D,G
A,H,C,I,F,B,E,G,D
A,H,C,I,F,B,G,D,E
A,H,C,I,F,B,G,E,D
A,H,C,I,F,D,B,E,G
A,H,C,I,F,D,B,G,E
A,H,C,I,F,D,E,B,G
A,H,C,I,F,D,E,G,B
A,H,C,I,F,D,G,B,E
A,H,C,I,F,D,G,E,B
A,H,C,I,F,E,B,D,G
A,H,C,I,F,E,B,G,D
A,H,C,I,F,E,D,B,G
A,H,C,I,F,E,D,G,B
A,H,C,I,F,E,G,B,D
A,H,C,I,F,E,G,D,B
A,H,C,I,F,G,B,D,E
A,H,C,I,F,G,B,E,D
A,H,C,I,F,G,D,B,E
A,H,C,I,F,G,D,E,B
A,H,C,I,F,G,E,B,D
A,H,C,I,F,G,E,D,B
A,H,C,I,G,B,D,E,F
A,H,C,I,G,B,D,F,E
A,H,C,I,G,B,E,D,F
A,H,C,I,G,B,E,F,D
A,H,C,I,G,B,F,D,E
A,H,C,I,G,B,F,E,D
A,H,C,I,G,D,B,E,F
A,H,C,I,G,D,B,F,E
A,H,C,I,G,D,E,B,F
A,H,C,I,G,D,E,F,B
A,H,C,I,G,D,F,B,E
A,H,C,I,G,D,F,E,B
A,H,C,I,G,E,B,D,F
A,H,C,I,G,E,B,F,D
A,H,C,I,G,E,D,B,F
A,H,C,I,G,E,D,F,B
A,H,C,I,G,E,F,B,D
A,H,C,I,G,E,F,D,B
A,H,C,I,G,F,B,D,E
A,H,C,I,G,F,B,E,D
A,H,C,I,G,F,D,B,E
A,H,C,I,G,F,D,E,B
A,H,C,I,G,F,E,B,D
A,H,C,I,G,F,E,D,B
A,H,D,B,C,E,F,G,I
A,H,D,B,C,E,F,I,G
A,H,D,B,C,E,G,F,I
A,H,D,B,C,E,G,I,F
A,H,D,B,C,E,I,F,G
A,H,D,B,C,E,I,G,F
A,H,D,B,C,F,E,G,I
A,H,D,B,C,F,E,I,G
A,H,D,B,C,F,G,E,I
A,H,D,B,C,F,G,I,E
A,H,D,B,C,F,I,E,G
A,H,D,B,C,F,I,G,E
A,H,D,B,C,G,E,F,I
A,H,D,B,C,G,E,I,F
A,H,D,B,C,G,F,E,I
A,H,D,B,C,G,F,I,E
A,H,D,B,C,G,I,E,F
A,H,D,B,C,G,I,F,E
A,H,D,B,C,I,E,F,G
A,H,D,B,C,I,E,G,F
A,H,D,B,C,I,F,E,G
A,H,D,B,C,I,F,G,E
A,H,D,B,C,I,G,E,F
A,H,D,B,C,I,G,F,E
A,H,D,B,E,C,F,G,I
A,H,D,B,E,C,F,I,G
A,H,D,B,E,C,G,F,I
A,H,D,B,E,C,G,I,F
A,H,D,B,E,C,I,F,G
A,H,D,B,E,C,I,G,F
A,H,D,B,E,F,C,G,I
A,H,D,B,E,F,C,I,G
A,H,D,B,E,F,G,C,I
A,H,D,B,E,F,G,I,C
A,H,D,B,E,F,I,C,G
A,H,D,B,E,F,I,G,C
A,H,D,B,E,G,C,F,I
A,H,D,B,E,G,C,I,F
A,H,D,B,E,G,F,C,I
A,H,D,B,E,G,F,I,C
A,H,D,B,E,G,I,C,F
A,H,D,B,E,G,I,F,C
A,H,D,B,E,I,C,F,G
A,H,D,B,E,I,C,G,F
A,H,D,B,E,I,F,C,G
A,H,D,B,E,I,F,G,C
A,H,D,B,E,I,G,C,F
A,H,D,B,E,I,G,F,C
A,H,D,B,F,C,E,G,I
A,H,D,B,F,C,E,I,G
A,H,D,B,F,C,G,E,I
A,H,D,B,F,C,G,I,E
A,H,D,B,F,C,I,E,G
A,H,D,B,F,C,I,G,E
A,H,D,B,F,E,C,G,I
A,H,D,B,F,E,C,I,G
A,H,D,B,F,E,G,C,I
A,H,D,B,F,E,G,I,C
A,H,D,B,F,E,I,C,G
A,H,D,B,F,E,I,G,C
A,H,D,B,F,G,C,E,I
A,H,D,B,F,G,C,I,E
A,H,D,B,F,G,E,C,I
A,H,D,B,F,G,E,I,C
A,H,D,B,F,G,I,C,E
A,H,D,B,F,G,I,E,C
A,H,D,B,F,I,C,E,G
A,H,D,B,F,I,C,G,E
A,H,D,B,F,I,E,C,G
A,H,D,B,F,I,E,G,C
A,H,D,B,F,I,G,C,E
A,H,D,B,F,I,G,E,C
A,H,D,B,G,C,E,F,I
A,H,D,B,G,C,E,I,F
A,H,D,B,G,C,F,E,I
A,H,D,B,G,C,F,I,E
A,H,D,B,G,C,I,E,F
A,H,D,B,G,C,I,F,E
A,H,D,B,G,E,C,F,I
A,H,D,B,G,E,C,I,F
A,H,D,B,G,E,F,C,I
A,H,D,B,G,E,F,I,C
A,H,D,B,G,E,I,C,F
A,H,D,B,G,E,I,F,C
A,H,D,B,G,F,C,E,I
A,H,D,B,G,F,C,I,E
A,H,D,B,G,F,E,C,I
A,H,D,B,G,F,E,I,C
A,H,D,B,G,F,I,C,E
A,H,D,B,G,F,I,E,C
A,H,D,B,G,I,C,E,F
A,H,D,B,G,I,C,F,E
A,H,D,B,G,I,E,C,F
A,H,D,B,G,I,E,F,C
A,H,D,B,G,I,F,C,E
A,H,D,B,G,I,F,E,C
A,H,D,B,I,C,E,F,G
A,H,D,B,I,C,E,G,F
A,H,D,B,I,C,F,E,G
A,H,D,B,I,C,F,G,E
A,H,D,B,I,C,G,E,F
A,H,D,B,I,C,G,F,E
A,H,D,B,I,E,C,F,G
A,H,D,B,I,E,C,G,F
A,H,D,B,I,E,F,C,G
A,H,D,B,I,E,F,G,C
A,H,D,B,I,E,G,C,F
A,H,D,B,I,E,G,F,C
A,H,D,B,I,F,C,E,G
A,H,D,B,I,F,C,G,E
A,H,D,B,I,F,E,C,G
A,H,D,B,I,F,E,G,C
A,H,D,B,I,F,G,C,E
A,H,D,B,I,F,G,E,C
A,H,D,B,I,G,C,E,F
A,H,D,B,I,G,C,F,E
A,H,D,B,I,G,E,C,F
A,H,D,B,I,G,E,F,C
A,H,D,B,I,G,F,C,E
A,H,D,B,I,G,F,E,C
A,H,D,C,B,E,F,G,I
A,H,D,C,B,E,F,I,G
A,H,D,C,B,E,G,F,I
A,H,D,C,B,E,G,I,F
A,H,D,C,B,E,I,F,G
A,H,D,C,B,E,I,G,F
A,H,D,C,B,F,E,G,I
A,H,D,C,B,F,E,I,G
A,H,D,C,B,F,G,E,I
A,H,D,C,B,F,G,I,E
A,H,D,C,B,F,I,E,G
A,H,D,C,B,F,I,G,E
A,H,D,C,B,G,E,F,I
A,H,D,C,B,G,E,I,F
A,H,D,C,B,G,F,E,I
A,H,D,C,B,G,F,I,E
A,H,D,C,B,G,I,E,F
A,H,D,C,B,G,I,F,E
A,H,D,C,B,I,E,F,G
A,H,D,C,B,I,E,G,F
A,H,D,C,B,I,F,E,G
A,H,D,C,B,I,F,G,E
A,H,D,C,B,I,G,E,F
A,H,D,C,B,I,G,F,E
A,H,D,C,E,B,F,G,I
A,H,D,C,E,B,F,I,G
A,H,D,C,E,B,G,F,I
A,H,D,C,E,B,G,I,F
A,H,D,C,E,B,I,F,G
A,H,D,C,E,B,I,G,F
A,H,D,C,E,F,B,G,I
A,H,D,C,E,F,B,I,G
A,H,D,C,E,F,G,B,I
A,H,D,C,E,F,G,I,B
A,H,D,C,E,F,I,B,G
A,H,D,C,E,F,I,G,B
A,H,D,C,E,G,B,F,I
A,H,D,C,E,G,B,I,F
A,H,D,C,E,G,F,B,I
A,H,D,C,E,G,F,I,B
A,H,D,C,E,G,I,B,F
A,H,D,C,E,G,I,F,B
A,H,D,C,E,I,B,F,G
A,H,D,C,E,I,B,G,F
A,H,D,C,E,I,F,B,G
A,H,D,C,E,I,F,G,B
A,H,D,C,E,I,G,B,F
A,H,D,C,E,I,G,F,B
A,H,D,C,F,B,E,G,I
A,H,D,C,F,B,E,I,G
A,H,D,C,F,B,G,E,I
A,H,D,C,F,B,G,I,E
A,H,D,C,F,B,I,E,G
A,H,D,C,F,B,I,G,E
A,H,D,C,F,E,B,G,I
A,H,D,C,F,E,B,I,G
A,H,D,C,F,E,G,B,I
A,H,D,C,F,E,G,I,B
A,H,D,C,F,E,I,B,G
A,H,D,C,F,E,I,G,B
A,H,D,C,F,G,B,E,I
A,H,D,C,F,G,B,I,E
A,H,D,C,F,G,E,B,I
A,H,D,C,F,G,E,I,B
A,H,D,C,F,G,I,B,E
A,H,D,C,F,G,I,E,B
A,H,D,C,F,I,B,E,G
A,H,D,C,F,I,B,G,E
A,H,D,C,F,I,E,B,G
A,H,D,C,F,I,E,G,B
A,H,D,C,F,I,G,B,E
A,H,D,C,F,I,G,E,B
A,H,D,C,G,B,E,F,I
A,H,D,C,G,B,E,I,F
A,H,D,C,G,B,F,E,I
A,H,D,C,G,B,F,I,E
A,H,D,C,G,B,I,E,F
A,H,D,C,G,B,I,F,E
A,H,D,C,G,E,B,F,I
A,H,D,C,G,E,B,I,F
A,H,D,C,G,E,F,B,I
A,H,D,C,G,E,F,I,B
A,H,D,C,G,E,I,B,F
A,H,D,C,G,E,I,F,B
A,H,D,C,G,F,B,E,I
A,H,D,C,G,F,B,I,E
A,H,D,C,G,F,E,B,I
A,H,D,C,G,F,E,I,B
A,H,D,C,G,F,I,B,E
A,H,D,C,G,F,I,E,B
A,H,D,C,G,I,B,E,F
A,H,D,C,G,I,B,F,E
A,H,D,C,G,I,E,B,F
A,H,D,C,G,I,E,F,B
A,H,D,C,G,I,F,B,E
A,H,D,C,G,I,F,E,B
A,H,D,C,I,B,E,F,G
A,H,D,C,I,B,E,G,F
A,H,D,C,I,B,F,E,G
A,H,D,C,I,B,F,G,E
A,H,D,C,I,B,G,E,F
A,H,D,C,I,B,G,F,E
A,H,D,C,I,E,B,F,G
A,H,D,C,I,E,B,G,F
A,H,D,C,I,E,F,B,G
A,H,D,C,I,E,F,G,B
A,H,D,C,I,E,G,B,F
A,H,D,C,I,E,G,F,B
A,H,D,C,I,F,B,E,G
A,H,D,C,I,F,B,G,E
A,H,D,C,I,F,E,B,G
A,H,D,C,I,F,E,G,B
A,H,D,C,I,F,G,B,E
A,H,D,C,I,F,G,E,B
A,H,D,C,I,G,B,E,F
A,H,D,C,I,G,B,F,E
A,H,D,C,I,G,E,B,F
A,H,D,C,I,G,E,F,B
A,H,D,C,I,G,F,B,E
A,H,D,C,I,G,F,E,B
A,H,D,E,B,C,F,G,I
A,H,D,E,B,C,F,I,G
A,H,D,E,B,C,G,F,I
A,H,D,E,B,C,G,I,F
A,H,D,E,B,C,I,F,G
A,H,D,E,B,C,I,G,F
A,H,D,E,B,F,C,G,I
A,H,D,E,B,F,C,I,G
A,H,D,E,B,F,G,C,I
A,H,D,E,B,F,G,I,C
A,H,D,E,B,F,I,C,G
A,H,D,E,B,F,I,G,C
A,H,D,E,B,G,C,F,I
A,H,D,E,B,G,C,I,F
A,H,D,E,B,G,F,C,I
A,H,D,E,B,G,F,I,C
A,H,D,E,B,G,I,C,F
A,H,D,E,B,G,I,F,C
A,H,D,E,B,I,C,F,G
A,H,D,E,B,I,C,G,F
A,H,D,E,B,I,F,C,G
A,H,D,E,B,I,F,G,C
A,H,D,E,B,I,G,C,F
A,H,D,E,B,I,G,F,C
A,H,D,E,C,B,F,G,I
A,H,D,E,C,B,F,I,G
A,H,D,E,C,B,G,F,I
A,H,D,E,C,B,G,I,F
A,H,D,E,C,B,I,F,G
A,H,D,E,C,B,I,G,F
A,H,D,E,C,F,B,G,I
A,H,D,E,C,F,B,I,G
A,H,D,E,C,F,G,B,I
A,H,D,E,C,F,G,I,B
A,H,D,E,C,F,I,B,G
A,H,D,E,C,F,I,G,B
A,H,D,E,C,G,B,F,I
A,H,D,E,C,G,B,I,F
A,H,D,E,C,G,F,B,I
A,H,D,E,C,G,F,I,B
A,H,D,E,C,G,I,B,F
A,H,D,E,C,G,I,F,B
A,H,D,E,C,I,B,F,G
A,H,D,E,C,I,B,G,F
A,H,D,E,C,I,F,B,G
A,H,D,E,C,I,F,G,B
A,H,D,E,C,I,G,B,F
A,H,D,E,C,I,G,F,B
A,H,D,E,F,B,C,G,I
A,H,D,E,F,B,C,I,G
A,H,D,E,F,B,G,C,I
A,H,D,E,F,B,G,I,C
A,H,D,E,F,B,I,C,G
A,H,D,E,F,B,I,G,C
A,H,D,E,F,C,B,G,I
A,H,D,E,F,C,B,I,G
A,H,D,E,F,C,G,B,I
A,H,D,E,F,C,G,I,B
A,H,D,E,F,C,I,B,G
A,H,D,E,F,C,I,G,B
A,H,D,E,F,G,B,C,I
A,H,D,E,F,G,B,I,C
A,H,D,E,F,G,C,B,I
A,H,D,E,F,G,C,I,B
A,H,D,E,F,G,I,B,C
A,H,D,E,F,G,I,C,B
A,H,D,E,F,I,B,C,G
A,H,D,E,F,I,B,G,C
A,H,D,E,F,I,C,B,G
A,H,D,E,F,I,C,G,B
A,H,D,E,F,I,G,B,C
A,H,D,E,F,I,G,C,B
A,H,D,E,G,B,C,F,I
A,H,D,E,G,B,C,I,F
A,H,D,E,G,B,F,C,I
A,H,D,E,G,B,F,I,C
A,H,D,E,G,B,I,C,F
A,H,D,E,G,B,I,F,C
A,H,D,E,G,C,B,F,I
A,H,D,E,G,C,B,I,F
A,H,D,E,G,C,F,B,I
A,H,D,E,G,C,F,I,B
A,H,D,E,G,C,I,B,F
A,H,D,E,G,C,I,F,B
A,H,D,E,G,F,B,C,I
A,H,D,E,G,F,B,I,C
A,H,D,E,G,F,C,B,I
A,H,D,E,G,F,C,I,B
A,H,D,E,G,F,I,B,C
A,H,D,E,G,F,I,C,B
A,H,D,E,G,I,B,C,F
A,H,D,E,G,I,B,F,C
A,H,D,E,G,I,C,B,F
A,H,D,E,G,I,C,F,B
A,H,D,E,G,I,F,B,C
A,H,D,E,G,I,F,C,B
A,H,D,E,I,B,C,F,G
A,H,D,E,I,B,C,G,F
A,H,D,E,I,B,F,C,G
A,H,D,E,I,B,F,G,C
A,H,D,E,I,B,G,C,F
A,H,D,E,I,B,G,F,C
A,H,D,E,I,C,B,F,G
A,H,D,E,I,C,B,G,F
A,H,D,E,I,C,F,B,G
A,H,D,E,I,C,F,G,B
A,H,D,E,I,C,G,B,F
A,H,D,E,I,C,G,F,B
A,H,D,E,I,F,B,C,G
A,H,D,E,I,F,B,G,C
A,H,D,E,I,F,C,B,G
A,H,D,E,I,F,C,G,B
A,H,D,E,I,F,G,B,C
A,H,D,E,I,F,G,C,B
A,H,D,E,I,G,B,C,F
A,H,D,E,I,G,B,F,C
A,H,D,E,I,G,C,B,F
A,H,D,E,I,G,C,F,B
A,H,D,E,I,G,F,B,C
A,H,D,E,I,G,F,C,B
A,H,D,F,B,C,E,G,I
A,H,D,F,B,C,E,I,G
A,H,D,F,B,C,G,E,I
A,H,D,F,B,C,G,I,E
A,H,D,F,B,C,I,E,G
A,H,D,F,B,C,I,G,E
A,H,D,F,B,E,C,G,I
A,H,D,F,B,E,C,I,G
A,H,D,F,B,E,G,C,I
A,H,D,F,B,E,G,I,C
A,H,D,F,B,E,I,C,G
A,H,D,F,B,E,I,G,C
A,H,D,F,B,G,C,E,I
A,H,D,F,B,G,C,I,E
A,H,D,F,B,G,E,C,I
A,H,D,F,B,G,E,I,C
A,H,D,F,B,G,I,C,E
A,H,D,F,B,G,I,E,C
A,H,D,F,B,I,C,E,G
A,H,D,F,B,I,C,G,E
A,H,D,F,B,I,E,C,G
A,H,D,F,B,I,E,G,C
A,H,D,F,B,I,G,C,E
A,H,D,F,B,I,G,E,C
A,H,D,F,C,B,E,G,I
A,H,D,F,C,B,E,I,G
A,H,D,F,C,B,G,E,I
A,H,D,F,C,B,G,I,E
A,H,D,F,C,B,I,E,G
A,H,D,F,C,B,I,G,E
A,H,D,F,C,E,B,G,I
A,H,D,F,C,E,B,I,G
A,H,D,F,C,E,G,B,I
A,H,D,F,C,E,G,I,B
A,H,D,F,C,E,I,B,G
A,H,D,F,C,E,I,G,B
A,H,D,F,C,G,B,E,I
A,H,D,F,C,G,B,I,E
A,H,D,F,C,G,E,B,I
A,H,D,F,C,G,E,I,B
A,H,D,F,C,G,I,B,E
A,H,D,F,C,G,I,E,B
A,H,D,F,C,I,B,E,G
A,H,D,F,C,I,B,G,E
A,H,D,F,C,I,E,B,G
A,H,D,F,C,I,E,G,B
A,H,D,F,C,I,G,B,E
A,H,D,F,C,I,G,E,B
A,H,D,F,E,B,C,G,I
A,H,D,F,E,B,C,I,G
A,H,D,F,E,B,G,C,I
A,H,D,F,E,B,G,I,C
A,H,D,F,E,B,I,C,G
A,H,D,F,E,B,I,G,C
A,H,D,F,E,C,B,G,I
A,H,D,F,E,C,B,I,G
A,H,D,F,E,C,G,B,I
A,H,D,F,E,C,G,I,B
A,H,D,F,E,C,I,B,G
A,H,D,F,E,C,I,G,B
A,H,D,F,E,G,B,C,I
A,H,D,F,E,G,B,I,C
A,H,D,F,E,G,C,B,I
A,H,D,F,E,G,C,I,B
A,H,D,F,E,G,I,B,C
A,H,D,F,E,G,I,C,B
A,H,D,F,E,I,B,C,G
A,H,D,F,E,I,B,G,C
A,H,D,F,E,I,C,B,G
A,H,D,F,E,I,C,G,B
A,H,D,F,E,I,G,B,C
A,H,D,F,E,I,G,C,B
A,H,D,F,G,B,C,E,I
A,H,D,F,G,B,C,I,E
A,H,D,F,G,B,E,C,I
A,H,D,F,G,B,E,I,C
A,H,D,F,G,B,I,C,E
A,H,D,F,G,B,I,E,C
A,H,D,F,G,C,B,E,I
A,H,D,F,G,C,B,I,E
A,H,D,F,G,C,E,B,I
A,H,D,F,G,C,E,I,B
A,H,D,F,G,C,I,B,E
A,H,D,F,G,C,I,E,B
A,H,D,F,G,E,B,C,I
A,H,D,F,G,E,B,I,C
A,H,D,F,G,E,C,B,I
A,H,D,F,G,E,C,I,B
A,H,D,F,G,E,I,B,C
A,H,D,F,G,E,I,C,B
A,H,D,F,G,I,B,C,E
A,H,D,F,G,I,B,E,C
A,H,D,F,G,I,C,B,E
A,H,D,F,G,I,C,E,B
A,H,D,F,G,I,E,B,C
A,H,D,F,G,I,E,C,B
A,H,D,F,I,B,C,E,G
A,H,D,F,I,B,C,G,E
A,H,D,F,I,B,E,C,G
A,H,D,F,I,B,E,G,C
A,H,D,F,I,B,G,C,E
A,H,D,F,I,B,G,E,C
A,H,D,F,I,C,B,E,G
A,H,D,F,I,C,B,G,E
A,H,D,F,I,C,E,B,G
A,H,D,F,I,C,E,G,B
A,H,D,F,I,C,G,B,E
A,H,D,F,I,C,G,E,B
A,H,D,F,I,E,B,C,G
A,H,D,F,I,E,B,G,C
A,H,D,F,I,E,C,B,G
A,H,D,F,I,E,C,G,B
A,H,D,F,I,E,G,B,C
A,H,D,F,I,E,G,C,B
A,H,D,F,I,G,B,C,E
A,H,D,F,I,G,B,E,C
A,H,D,F,I,G,C,B,E
A,H,D,F,I,G,C,E,B
A,H,D,F,I,G,E,B,C
A,H,D,F,I,G,E,C,B
A,H,D,G,B,C,E,F,I
A,H,D,G,B,C,E,I,F
A,H,D,G,B,C,F,E,I
A,H,D,G,B,C,F,I,E
A,H,D,G,B,C,I,E,F
A,H,D,G,B,C,I,F,E
A,H,D,G,B,E,C,F,I
A,H,D,G,B,E,C,I,F
A,H,D,G,B,E,F,C,I
A,H,D,G,B,E,F,I,C
A,H,D,G,B,E,I,C,F
A,H,D,G,B,E,I,F,C
A,H,D,G,B,F,C,E,I
A,H,D,G,B,F,C,I,E
A,H,D,G,B,F,E,C,I
A,H,D,G,B,F,E,I,C
A,H,D,G,B,F,I,C,E
A,H,D,G,B,F,I,E,C
A,H,D,G,B,I,C,E,F
A,H,D,G,B,I,C,F,E
A,H,D,G,B,I,E,C,F
A,H,D,G,B,I,E,F,C
A,H,D,G,B,I,F,C,E
A,H,D,G,B,I,F,E,C
A,H,D,G,C,B,E,F,I
A,H,D,G,C,B,E,I,F
A,H,D,G,C,B,F,E,I
A,H,D,G,C,B,F,I,E
A,H,D,G,C,B,I,E,F
A,H,D,G,C,B,I,F,E
A,H,D,G,C,E,B,F,I
A,H,D,G,C,E,B,I,F
A,H,D,G,C,E,F,B,I
A,H,D,G,C,E,F,I,B
A,H,D,G,C,E,I,B,F
A,H,D,G,C,E,I,F,B
A,H,D,G,C,F,B,E,I
A,H,D,G,C,F,B,I,E
A,H,D,G,C,F,E,B,I
A,H,D,G,C,F,E,I,B
A,H,D,G,C,F,I,B,E
A,H,D,G,C,F,I,E,B
A,H,D,G,C,I,B,E,F
A,H,D,G,C,I,B,F,E
A,H,D,G,C,I,E,B,F
A,H,D,G,C,I,E,F,B
A,H,D,G,C,I,F,B,E
A,H,D,G,C,I,F,E,B
A,H,D,G,E,B,C,F,I
A,H,D,G,E,B,C,I,F
A,H,D,G,E,B,F,C,I
A,H,D,G,E,B,F,I,C
A,H,D,G,E,B,I,C,F
A,H,D,G,E,B,I,F,C
A,H,D,G,E,C,B,F,I
A,H,D,G,E,C,B,I,F
A,H,D,G,E,C,F,B,I
A,H,D,G,E,C,F,I,B
A,H,D,G,E,C,I,B,F
A,H,D,G,E,C,I,F,B
A,H,D,G,E,F,B,C,I
A,H,D,G,E,F,B,I,C
A,H,D,G,E,F,C,B,I
A,H,D,G,E,F,C,I,B
A,H,D,G,E,F,I,B,C
A,H,D,G,E,F,I,C,B
A,H,D,G,E,I,B,C,F
A,H,D,G,E,I,B,F,C
A,H,D,G,E,I,C,B,F
A,H,D,G,E,I,C,F,B
A,H,D,G,E,I,F,B,C
A,H,D,G,E,I,F,C,B
A,H,D,G,F,B,C,E,I
A,H,D,G,F,B,C,I,E
A,H,D,G,F,B,E,C,I
A,H,D,G,F,B,E,I,C
A,H,D,G,F,B,I,C,E
A,H,D,G,F,B,I,E,C
A,H,D,G,F,C,B,E,I
A,H,D,G,F,C,B,I,E
A,H,D,G,F,C,E,B,I
A,H,D,G,F,C,E,I,B
A,H,D,G,F,C,I,B,E
A,H,D,G,F,C,I,E,B
A,H,D,G,F,E,B,C,I
A,H,D,G,F,E,B,I,C
A,H,D,G,F,E,C,B,I
A,H,D,G,F,E,C,I,B
A,H,D,G,F,E,I,B,C
A,H,D,G,F,E,I,C,B
A,H,D,G,F,I,B,C,E
A,H,D,G,F,I,B,E,C
A,H,D,G,F,I,C,B,E
A,H,D,G,F,I,C,E,B
A,H,D,G,F,I,E,B,C
A,H,D,G,F,I,E,C,B
A,H,D,G,I,B,C,E,F
A,H,D,G,I,B,C,F,E
A,H,D,G,I,B,E,C,F
A,H,D,G,I,B,E,F,C
A,H,D,G,I,B,F,C,E
A,H,D,G,I,B,F,E,C
A,H,D,G,I,C,B,E,F
A,H,D,G,I,C,B,F,E
A,H,D,G,I,C,E,B,F
A,H,D,G,I,C,E,F,B
A,H,D,G,I,C,F,B,E
A,H,D,G,I,C,F,E,B
A,H,D,G,I,E,B,C,F
A,H,D,G,I,E,B,F,C
A,H,D,G,I,E,C,B,F
A,H,D,G,I,E,C,F,B
A,H,D,G,I,E,F,B,C
A,H,D,G,I,E,F,C,B
A,H,D,G,I,F,B,C,E
A,H,D,G,I,F,B,E,C
A,H,D,G,I,F,C,B,E
A,H,D,G,I,F,C,E,B
A,H,D,G,I,F,E,B,C
A,H,D,G,I,F,E,C,B
A,H,D,I,B,C,E,F,G
A,H,D,I,B,C,E,G,F
A,H,D,I,B,C,F,E,G
A,H,D,I,B,C,F,G,E
A,H,D,I,B,C,G,E,F
A,H,D,I,B,C,G,F,E
A,H,D,I,B,E,C,F,G
A,H,D,I,B,E,C,G,F
A,H,D,I,B,E,F,C,G
A,H,D,I,B,E,F,G,C
A,H,D,I,B,E,G,C,F
A,H,D,I,B,E,G,F,C
A,H,D,I,B,F,C,E,G
A,H,D,I,B,F,C,G,E
A,H,D,I,B,F,E,C,G
A,H,D,I,B,F,E,G,C
A,H,D,I,B,F,G,C,E
A,H,D,I,B,F,G,E,C
A,H,D,I,B,G,C,E,F
A,H,D,I,B,G,C,F,E
A,H,D,I,B,G,E,C,F
A,H,D,I,B,G,E,F,C
A,H,D,I,B,G,F,C,E
A,H,D,I,B,G,F,E,C
A,H,D,I,C,B,E,F,G
A,H,D,I,C,B,E,G,F
A,H,D,I,C,B,F,E,G
A,H,D,I,C,B,F,G,E
A,H,D,I,C,B,G,E,F
A,H,D,I,C,B,G,F,E
A,H,D,I,C,E,B,F,G
A,H,D,I,C,E,B,G,F
A,H,D,I,C,E,F,B,G
A,H,D,I,C,E,F,G,B
A,H,D,I,C,E,G,B,F
A,H,D,I,C,E,G,F,B
A,H,D,I,C,F,B,E,G
A,H,D,I,C,F,B,G,E
A,H,D,I,C,F,E,B,G
A,H,D,I,C,F,E,G,B
A,H,D,I,C,F,G,B,E
A,H,D,I,C,F,G,E,B
A,H,D,I,C,G,B,E,F
A,H,D,I,C,G,B,F,E
A,H,D,I,C,G,E,B,F
A,H,D,I,C,G,E,F,B
A,H,D,I,C,G,F,B,E
A,H,D,I,C,G,F,E,B
A,H,D,I,E,B,C,F,G
A,H,D,I,E,B,C,G,F
A,H,D,I,E,B,F,C,G
A,H,D,I,E,B,F,G,C
A,H,D,I,E,B,G,C,F
A,H,D,I,E,B,G,F,C
A,H,D,I,E,C,B,F,G
A,H,D,I,E,C,B,G,F
A,H,D,I,E,C,F,B,G
A,H,D,I,E,C,F,G,B
A,H,D,I,E,C,G,B,F
A,H,D,I,E,C,G,F,B
A,H,D,I,E,F,B,C,G
A,H,D,I,E,F,B,G,C
A,H,D,I,E,F,C,B,G
A,H,D,I,E,F,C,G,B
A,H,D,I,E,F,G,B,C
A,H,D,I,E,F,G,C,B
A,H,D,I,E,G,B,C,F
A,H,D,I,E,G,B,F,C
A,H,D,I,E,G,C,B,F
A,H,D,I,E,G,C,F,B
A,H,D,I,E,G,F,B,C
A,H,D,I,E,G,F,C,B
A,H,D,I,F,B,C,E,G
A,H,D,I,F,B,C,G,E
A,H,D,I,F,B,E,C,G
A,H,D,I,F,B,E,G,C
A,H,D,I,F,B,G,C,E
A,H,D,I,F,B,G,E,C
A,H,D,I,F,C,B,E,G
A,H,D,I,F,C,B,G,E
A,H,D,I,F,C,E,B,G
A,H,D,I,F,C,E,G,B
A,H,D,I,F,C,G,B,E
A,H,D,I,F,C,G,E,B
A,H,D,I,F,E,B,C,G
A,H,D,I,F,E,B,G,C
A,H,D,I,F,E,C,B,G
A,H,D,I,F,E,C,G,B
A,H,D,I,F,E,G,B,C
A,H,D,I,F,E,G,C,B
A,H,D,I,F,G,B,C,E
A,H,D,I,F,G,B,E,C
A,H,D,I,F,G,C,B,E
A,H,D,I,F,G,C,E,B
A,H,D,I,F,G,E,B,C
A,H,D,I,F,G,E,C,B
A,H,D,I,G,B,C,E,F
A,H,D,I,G,B,C,F,E
A,H,D,I,G,B,E,C,F
A,H,D,I,G,B,E,F,C
A,H,D,I,G,B,F,C,E
A,H,D,I,G,B,F,E,C
A,H,D,I,G,C,B,E,F
A,H,D,I,G,C,B,F,E
A,H,D,I,G,C,E,B,F
A,H,D,I,G,C,E,F,B
A,H,D,I,G,C,F,B,E
A,H,D,I,G,C,F,E,B
A,H,D,I,G,E,B,C,F
A,H,D,I,G,E,B,F,C
A,H,D,I,G,E,C,B,F
A,H,D,I,G,E,C,F,B
A,H,D,I,G,E,F,B,C
A,H,D,I,G,E,F,C,B
A,H,D,I,G,F,B,C,E
A,H,D,I,G,F,B,E,C
A,H,D,I,G,F,C,B,E
A,H,D,I,G,F,C,E,B
A,H,D,I,G,F,E,B,C
A,H,D,I,G,F,E,C,B
A,H,E,B,C,D,F,G,I
A,H,E,B,C,D,F,I,G
A,H,E,B,C,D,G,F,I
A,H,E,B,C,D,G,I,F
A,H,E,B,C,D,I,F,G
A,H,E,B,C,D,I,G,F
A,H,E,B,C,F,D,G,I
A,H,E,B,C,F,D,I,G
A,H,E,B,C,F,G,D,I
A,H,E,B,C,F,G,I,D
A,H,E,B,C,F,I,D,G
A,H,E,B,C,F,I,G,D
A,H,E,B,C,G,D,F,I
A,H,E,B,C,G,D,I,F
A,H,E,B,C,G,F,D,I
A,H,E,B,C,G,F,I,D
A,H,E,B,C,G,I,D,F
A,H,E,B,C,G,I,F,D
A,H,E,B,C,I,D,F,G
A,H,E,B,C,I,D,G,F
A,H,E,B,C,I,F,D,G
A,H,E,B,C,I,F,G,D
A,H,E,B,C,I,G,D,F
A,H,E,B,C,I,G,F,D
A,H,E,B,D,C,F,G,I
A,H,E,B,D,C,F,I,G
A,H,E,B,D,C,G,F,I
A,H,E,B,D,C,G,I,F
A,H,E,B,D,C,I,F,G
A,H,E,B,D,C,I,G,F
A,H,E,B,D,F,C,G,I
A,H,E,B,D,F,C,I,G
A,H,E,B,D,F,G,C,I
A,H,E,B,D,F,G,I,C
A,H,E,B,D,F,I,C,G
A,H,E,B,D,F,I,G,C
A,H,E,B,D,G,C,F,I
A,H,E,B,D,G,C,I,F
A,H,E,B,D,G,F,C,I
A,H,E,B,D,G,F,I,C
A,H,E,B,D,G,I,C,F
A,H,E,B,D,G,I,F,C
A,H,E,B,D,I,C,F,G
A,H,E,B,D,I,C,G,F
A,H,E,B,D,I,F,C,G
A,H,E,B,D,I,F,G,C
A,H,E,B,D,I,G,C,F
A,H,E,B,D,I,G,F,C
A,H,E,B,F,C,D,G,I
A,H,E,B,F,C,D,I,G
A,H,E,B,F,C,G,D,I
A,H,E,B,F,C,G,I,D
A,H,E,B,F,C,I,D,G
A,H,E,B,F,C,I,G,D
A,H,E,B,F,D,C,G,I
A,H,E,B,F,D,C,I,G
A,H,E,B,F,D,G,C,I
A,H,E,B,F,D,G,I,C
A,H,E,B,F,D,I,C,G
A,H,E,B,F,D,I,G,C
A,H,E,B,F,G,C,D,I
A,H,E,B,F,G,C,I,D
A,H,E,B,F,G,D,C,I
A,H,E,B,F,G,D,I,C
A,H,E,B,F,G,I,C,D
A,H,E,B,F,G,I,D,C
A,H,E,B,F,I,C,D,G
A,H,E,B,F,I,C,G,D
A,H,E,B,F,I,D,C,G
A,H,E,B,F,I,D,G,C
A,H,E,B,F,I,G,C,D
A,H,E,B,F,I,G,D,C
A,H,E,B,G,C,D,F,I
A,H,E,B,G,C,D,I,F
A,H,E,B,G,C,F,D,I
A,H,E,B,G,C,F,I,D
A,H,E,B,G,C,I,D,F
A,H,E,B,G,C,I,F,D
A,H,E,B,G,D,C,F,I
A,H,E,B,G,D,C,I,F
A,H,E,B,G,D,F,C,I
A,H,E,B,G,D,F,I,C
A,H,E,B,G,D,I,C,F
A,H,E,B,G,D,I,F,C
A,H,E,B,G,F,C,D,I
A,H,E,B,G,F,C,I,D
A,H,E,B,G,F,D,C,I
A,H,E,B,G,F,D,I,C
A,H,E,B,G,F,I,C,D
A,H,E,B,G,F,I,D,C
A,H,E,B,G,I,C,D,F
A,H,E,B,G,I,C,F,D
A,H,E,B,G,I,D,C,F
A,H,E,B,G,I,D,F,C
A,H,E,B,G,I,F,C,D
A,H,E,B,G,I,F,D,C
A,H,E,B,I,C,D,F,G
A,H,E,B,I,C,D,G,F
A,H,E,B,I,C,F,D,G
A,H,E,B,I,C,F,G,D
A,H,E,B,I,C,G,D,F
A,H,E,B,I,C,G,F,D
A,H,E,B,I,D,C,F,G
A,H,E,B,I,D,C,G,F
A,H,E,B,I,D,F,C,G
A,H,E,B,I,D,F,G,C
A,H,E,B,I,D,G,C,F
A,H,E,B,I,D,G,F,C
A,H,E,B,I,F,C,D,G
A,H,E,B,I,F,C,G,D
A,H,E,B,I,F,D,C,G
A,H,E,B,I,F,D,G,C
A,H,E,B,I,F,G,C,D
A,H,E,B,I,F,G,D,C
A,H,E,B,I,G,C,D,F
A,H,E,B,I,G,C,F,D
A,H,E,B,I,G,D,C,F
A,H,E,B,I,G,D,F,C
A,H,E,B,I,G,F,C,D
A,H,E,B,I,G,F,D,C
A,H,E,C,B,D,F,G,I
A,H,E,C,B,D,F,I,G
A,H,E,C,B,D,G,F,I
A,H,E,C,B,D,G,I,F
A,H,E,C,B,D,I,F,G
A,H,E,C,B,D,I,G,F
A,H,E,C,B,F,D,G,I
A,H,E,C,B,F,D,I,G
A,H,E,C,B,F,G,D,I
A,H,E,C,B,F,G,I,D
A,H,E,C,B,F,I,D,G
A,H,E,C,B,F,I,G,D
A,H,E,C,B,G,D,F,I
A,H,E,C,B,G,D,I,F
A,H,E,C,B,G,F,D,I
A,H,E,C,B,G,F,I,D
A,H,E,C,B,G,I,D,F
A,H,E,C,B,G,I,F,D
A,H,E,C,B,I,D,F,G
A,H,E,C,B,I,D,G,F
A,H,E,C,B,I,F,D,G
A,H,E,C,B,I,F,G,D
A,H,E,C,B,I,G,D,F
A,H,E,C,B,I,G,F,D
A,H,E,C,D,B,F,G,I
A,H,E,C,D,B,F,I,G
A,H,E,C,D,B,G,F,I
A,H,E,C,D,B,G,I,F
A,H,E,C,D,B,I,F,G
A,H,E,C,D,B,I,G,F
A,H,E,C,D,F,B,G,I
A,H,E,C,D,F,B,I,G
A,H,E,C,D,F,G,B,I
A,H,E,C,D,F,G,I,B
A,H,E,C,D,F,I,B,G
A,H,E,C,D,F,I,G,B
A,H,E,C,D,G,B,F,I
A,H,E,C,D,G,B,I,F
A,H,E,C,D,G,F,B,I
A,H,E,C,D,G,F,I,B
A,H,E,C,D,G,I,B,F
A,H,E,C,D,G,I,F,B
A,H,E,C,D,I,B,F,G
A,H,E,C,D,I,B,G,F
A,H,E,C,D,I,F,B,G
A,H,E,C,D,I,F,G,B
A,H,E,C,D,I,G,B,F
A,H,E,C,D,I,G,F,B
A,H,E,C,F,B,D,G,I
A,H,E,C,F,B,D,I,G
A,H,E,C,F,B,G,D,I
A,H,E,C,F,B,G,I,D
A,H,E,C,F,B,I,D,G
A,H,E,C,F,B,I,G,D
A,H,E,C,F,D,B,G,I
A,H,E,C,F,D,B,I,G
A,H,E,C,F,D,G,B,I
A,H,E,C,F,D,G,I,B
A,H,E,C,F,D,I,B,G
A,H,E,C,F,D,I,G,B
A,H,E,C,F,G,B,D,I
A,H,E,C,F,G,B,I,D
A,H,E,C,F,G,D,B,I
A,H,E,C,F,G,D,I,B
A,H,E,C,F,G,I,B,D
A,H,E,C,F,G,I,D,B
A,H,E,C,F,I,B,D,G
A,H,E,C,F,I,B,G,D
A,H,E,C,F,I,D,B,G
A,H,E,C,F,I,D,G,B
A,H,E,C,F,I,G,B,D
A,H,E,C,F,I,G,D,B
A,H,E,C,G,B,D,F,I
A,H,E,C,G,B,D,I,F
A,H,E,C,G,B,F,D,I
A,H,E,C,G,B,F,I,D
A,H,E,C,G,B,I,D,F
A,H,E,C,G,B,I,F,D
A,H,E,C,G,D,B,F,I
A,H,E,C,G,D,B,I,F
A,H,E,C,G,D,F,B,I
A,H,E,C,G,D,F,I,B
A,H,E,C,G,D,I,B,F
A,H,E,C,G,D,I,F,B
A,H,E,C,G,F,B,D,I
A,H,E,C,G,F,B,I,D
A,H,E,C,G,F,D,B,I
A,H,E,C,G,F,D,I,B
A,H,E,C,G,F,I,B,D
A,H,E,C,G,F,I,D,B
A,H,E,C,G,I,B,D,F
A,H,E,C,G,I,B,F,D
A,H,E,C,G,I,D,B,F
A,H,E,C,G,I,D,F,B
A,H,E,C,G,I,F,B,D
A,H,E,C,G,I,F,D,B
A,H,E,C,I,B,D,F,G
A,H,E,C,I,B,D,G,F
A,H,E,C,I,B,F,D,G
A,H,E,C,I,B,F,G,D
A,H,E,C,I,B,G,D,F
A,H,E,C,I,B,G,F,D
A,H,E,C,I,D,B,F,G
A,H,E,C,I,D,B,G,F
A,H,E,C,I,D,F,B,G
A,H,E,C,I,D,F,G,B
A,H,E,C,I,D,G,B,F
A,H,E,C,I,D,G,F,B
A,H,E,C,I,F,B,D,G
A,H,E,C,I,F,B,G,D
A,H,E,C,I,F,D,B,G
A,H,E,C,I,F,D,G,B
A,H,E,C,I,F,G,B,D
A,H,E,C,I,F,G,D,B
A,H,E,C,I,G,B,D,F
A,H,E,C,I,G,B,F,D
A,H,E,C,I,G,D,B,F
A,H,E,C,I,G,D,F,B
A,H,E,C,I,G,F,B,D
A,H,E,C,I,G,F,D,B
A,H,E,D,B,C,F,G,I
A,H,E,D,B,C,F,I,G
A,H,E,D,B,C,G,F,I
A,H,E,D,B,C,G,I,F
A,H,E,D,B,C,I,F,G
A,H,E,D,B,C,I,G,F
A,H,E,D,B,F,C,G,I
A,H,E,D,B,F,C,I,G
A,H,E,D,B,F,G,C,I
A,H,E,D,B,F,G,I,C
A,H,E,D,B,F,I,C,G
A,H,E,D,B,F,I,G,C
A,H,E,D,B,G,C,F,I
A,H,E,D,B,G,C,I,F
A,H,E,D,B,G,F,C,I
A,H,E,D,B,G,F,I,C
A,H,E,D,B,G,I,C,F
A,H,E,D,B,G,I,F,C
A,H,E,D,B,I,C,F,G
A,H,E,D,B,I,C,G,F
A,H,E,D,B,I,F,C,G
A,H,E,D,B,I,F,G,C
A,H,E,D,B,I,G,C,F
A,H,E,D,B,I,G,F,C
A,H,E,D,C,B,F,G,I
A,H,E,D,C,B,F,I,G
A,H,E,D,C,B,G,F,I
A,H,E,D,C,B,G,I,F
A,H,E,D,C,B,I,F,G
A,H,E,D,C,B,I,G,F
A,H,E,D,C,F,B,G,I
A,H,E,D,C,F,B,I,G
A,H,E,D,C,F,G,B,I
A,H,E,D,C,F,G,I,B
A,H,E,D,C,F,I,B,G
A,H,E,D,C,F,I,G,B
A,H,E,D,C,G,B,F,I
A,H,E,D,C,G,B,I,F
A,H,E,D,C,G,F,B,I
A,H,E,D,C,G,F,I,B
A,H,E,D,C,G,I,B,F
A,H,E,D,C,G,I,F,B
A,H,E,D,C,I,B,F,G
A,H,E,D,C,I,B,G,F
A,H,E,D,C,I,F,B,G
A,H,E,D,C,I,F,G,B
A,H,E,D,C,I,G,B,F
A,H,E,D,C,I,G,F,B
A,H,E,D,F,B,C,G,I
A,H,E,D,F,B,C,I,G
A,H,E,D,F,B,G,C,I
A,H,E,D,F,B,G,I,C
A,H,E,D,F,B,I,C,G
A,H,E,D,F,B,I,G,C
A,H,E,D,F,C,B,G,I
A,H,E,D,F,C,B,I,G
A,H,E,D,F,C,G,B,I
A,H,E,D,F,C,G,I,B
A,H,E,D,F,C,I,B,G
A,H,E,D,F,C,I,G,B
A,H,E,D,F,G,B,C,I
A,H,E,D,F,G,B,I,C
A,H,E,D,F,G,C,B,I
A,H,E,D,F,G,C,I,B
A,H,E,D,F,G,I,B,C
A,H,E,D,F,G,I,C,B
A,H,E,D,F,I,B,C,G
A,H,E,D,F,I,B,G,C
A,H,E,D,F,I,C,B,G
A,H,E,D,F,I,C,G,B
A,H,E,D,F,I,G,B,C
A,H,E,D,F,I,G,C,B
A,H,E,D,G,B,C,F,I
A,H,E,D,G,B,C,I,F
A,H,E,D,G,B,F,C,I
A,H,E,D,G,B,F,I,C
A,H,E,D,G,B,I,C,F
A,H,E,D,G,B,I,F,C
A,H,E,D,G,C,B,F,I
A,H,E,D,G,C,B,I,F
A,H,E,D,G,C,F,B,I
A,H,E,D,G,C,F,I,B
A,H,E,D,G,C,I,B,F
A,H,E,D,G,C,I,F,B
A,H,E,D,G,F,B,C,I
A,H,E,D,G,F,B,I,C
A,H,E,D,G,F,C,B,I
A,H,E,D,G,F,C,I,B
A,H,E,D,G,F,I,B,C
A,H,E,D,G,F,I,C,B
A,H,E,D,G,I,B,C,F
A,H,E,D,G,I,B,F,C
A,H,E,D,G,I,C,B,F
A,H,E,D,G,I,C,F,B
A,H,E,D,G,I,F,B,C
A,H,E,D,G,I,F,C,B
A,H,E,D,I,B,C,F,G
A,H,E,D,I,B,C,G,F
A,H,E,D,I,B,F,C,G
A,H,E,D,I,B,F,G,C
A,H,E,D,I,B,G,C,F
A,H,E,D,I,B,G,F,C
A,H,E,D,I,C,B,F,G
A,H,E,D,I,C,B,G,F
A,H,E,D,I,C,F,B,G
A,H,E,D,I,C,F,G,B
A,H,E,D,I,C,G,B,F
A,H,E,D,I,C,G,F,B
A,H,E,D,I,F,B,C,G
A,H,E,D,I,F,B,G,C
A,H,E,D,I,F,C,B,G
A,H,E,D,I,F,C,G,B
A,H,E,D,I,F,G,B,C
A,H,E,D,I,F,G,C,B
A,H,E,D,I,G,B,C,F
A,H,E,D,I,G,B,F,C
A,H,E,D,I,G,C,B,F
A,H,E,D,I,G,C,F,B
A,H,E,D,I,G,F,B,C
A,H,E,D,I,G,F,C,B
A,H,E,F,B,C,D,G,I
A,H,E,F,B,C,D,I,G
A,H,E,F,B,C,G,D,I
A,H,E,F,B,C,G,I,D
A,H,E,F,B,C,I,D,G
A,H,E,F,B,C,I,G,D
A,H,E,F,B,D,C,G,I
A,H,E,F,B,D,C,I,G
A,H,E,F,B,D,G,C,I
A,H,E,F,B,D,G,I,C
A,H,E,F,B,D,I,C,G
A,H,E,F,B,D,I,G,C
A,H,E,F,B,G,C,D,I
A,H,E,F,B,G,C,I,D
A,H,E,F,B,G,D,C,I
A,H,E,F,B,G,D,I,C
A,H,E,F,B,G,I,C,D
A,H,E,F,B,G,I,D,C
A,H,E,F,B,I,C,D,G
A,H,E,F,B,I,C,G,D
A,H,E,F,B,I,D,C,G
A,H,E,F,B,I,D,G,C
A,H,E,F,B,I,G,C,D
A,H,E,F,B,I,G,D,C
A,H,E,F,C,B,D,G,I
A,H,E,F,C,B,D,I,G
A,H,E,F,C,B,G,D,I
A,H,E,F,C,B,G,I,D
A,H,E,F,C,B,I,D,G
A,H,E,F,C,B,I,G,D
A,H,E,F,C,D,B,G,I
A,H,E,F,C,D,B,I,G
A,H,E,F,C,D,G,B,I
A,H,E,F,C,D,G,I,B
A,H,E,F,C,D,I,B,G
A,H,E,F,C,D,I,G,B
A,H,E,F,C,G,B,D,I
A,H,E,F,C,G,B,I,D
A,H,E,F,C,G,D,B,I
A,H,E,F,C,G,D,I,B
A,H,E,F,C,G,I,B,D
A,H,E,F,C,G,I,D,B
A,H,E,F,C,I,B,D,G
A,H,E,F,C,I,B,G,D
A,H,E,F,C,I,D,B,G
A,H,E,F,C,I,D,G,B
A,H,E,F,C,I,G,B,D
A,H,E,F,C,I,G,D,B
A,H,E,F,D,B,C,G,I
A,H,E,F,D,B,C,I,G
A,H,E,F,D,B,G,C,I
A,H,E,F,D,B,G,I,C
A,H,E,F,D,B,I,C,G
A,H,E,F,D,B,I,G,C
A,H,E,F,D,C,B,G,I
A,H,E,F,D,C,B,I,G
A,H,E,F,D,C,G,B,I
A,H,E,F,D,C,G,I,B
A,H,E,F,D,C,I,B,G
A,H,E,F,D,C,I,G,B
A,H,E,F,D,G,B,C,I
A,H,E,F,D,G,B,I,C
A,H,E,F,D,G,C,B,I
A,H,E,F,D,G,C,I,B
A,H,E,F,D,G,I,B,C
A,H,E,F,D,G,I,C,B
A,H,E,F,D,I,B,C,G
A,H,E,F,D,I,B,G,C
A,H,E,F,D,I,C,B,G
A,H,E,F,D,I,C,G,B
A,H,E,F,D,I,G,B,C
A,H,E,F,D,I,G,C,B
A,H,E,F,G,B,C,D,I
A,H,E,F,G,B,C,I,D
A,H,E,F,G,B,D,C,I
A,H,E,F,G,B,D,I,C
A,H,E,F,G,B,I,C,D
A,H,E,F,G,B,I,D,C
A,H,E,F,G,C,B,D,I
A,H,E,F,G,C,B,I,D
A,H,E,F,G,C,D,B,I
A,H,E,F,G,C,D,I,B
A,H,E,F,G,C,I,B,D
A,H,E,F,G,C,I,D,B
A,H,E,F,G,D,B,C,I
A,H,E,F,G,D,B,I,C
A,H,E,F,G,D,C,B,I
A,H,E,F,G,D,C,I,B
A,H,E,F,G,D,I,B,C
A,H,E,F,G,D,I,C,B
A,H,E,F,G,I,B,C,D
A,H,E,F,G,I,B,D,C
A,H,E,F,G,I,C,B,D
A,H,E,F,G,I,C,D,B
A,H,E,F,G,I,D,B,C
A,H,E,F,G,I,D,C,B
A,H,E,F,I,B,C,D,G
A,H,E,F,I,B,C,G,D
A,H,E,F,I,B,D,C,G
A,H,E,F,I,B,D,G,C
A,H,E,F,I,B,G,C,D
A,H,E,F,I,B,G,D,C
A,H,E,F,I,C,B,D,G
A,H,E,F,I,C,B,G,D
A,H,E,F,I,C,D,B,G
A,H,E,F,I,C,D,G,B
A,H,E,F,I,C,G,B,D
A,H,E,F,I,C,G,D,B
A,H,E,F,I,D,B,C,G
A,H,E,F,I,D,B,G,C
A,H,E,F,I,D,C,B,G
A,H,E,F,I,D,C,G,B
A,H,E,F,I,D,G,B,C
A,H,E,F,I,D,G,C,B
A,H,E,F,I,G,B,C,D
A,H,E,F,I,G,B,D,C
A,H,E,F,I,G,C,B,D
A,H,E,F,I,G,C,D,B
A,H,E,F,I,G,D,B,C
A,H,E,F,I,G,D,C,B
A,H,E,G,B,C,D,F,I
A,H,E,G,B,C,D,I,F
A,H,E,G,B,C,F,D,I
A,H,E,G,B,C,F,I,D
A,H,E,G,B,C,I,D,F
A,H,E,G,B,C,I,F,D
A,H,E,G,B,D,C,F,I
A,H,E,G,B,D,C,I,F
A,H,E,G,B,D,F,C,I
A,H,E,G,B,D,F,I,C
A,H,E,G,B,D,I,C,F
A,H,E,G,B,D,I,F,C
A,H,E,G,B,F,C,D,I
A,H,E,G,B,F,C,I,D
A,H,E,G,B,F,D,C,I
A,H,E,G,B,F,D,I,C
A,H,E,G,B,F,I,C,D
A,H,E,G,B,F,I,D,C
A,H,E,G,B,I,C,D,F
A,H,E,G,B,I,C,F,D
A,H,E,G,B,I,D,C,F
A,H,E,G,B,I,D,F,C
A,H,E,G,B,I,F,C,D
A,H,E,G,B,I,F,D,C
A,H,E,G,C,B,D,F,I
A,H,E,G,C,B,D,I,F
A,H,E,G,C,B,F,D,I
A,H,E,G,C,B,F,I,D
A,H,E,G,C,B,I,D,F
A,H,E,G,C,B,I,F,D
A,H,E,G,C,D,B,F,I
A,H,E,G,C,D,B,I,F
A,H,E,G,C,D,F,B,I
A,H,E,G,C,D,F,I,B
A,H,E,G,C,D,I,B,F
A,H,E,G,C,D,I,F,B
A,H,E,G,C,F,B,D,I
A,H,E,G,C,F,B,I,D
A,H,E,G,C,F,D,B,I
A,H,E,G,C,F,D,I,B
A,H,E,G,C,F,I,B,D
A,H,E,G,C,F,I,D,B
A,H,E,G,C,I,B,D,F
A,H,E,G,C,I,B,F,D
A,H,E,G,C,I,D,B,F
A,H,E,G,C,I,D,F,B
A,H,E,G,C,I,F,B,D
A,H,E,G,C,I,F,D,B
A,H,E,G,D,B,C,F,I
A,H,E,G,D,B,C,I,F
A,H,E,G,D,B,F,C,I
A,H,E,G,D,B,F,I,C
A,H,E,G,D,B,I,C,F
A,H,E,G,D,B,I,F,C
A,H,E,G,D,C,B,F,I
A,H,E,G,D,C,B,I,F
A,H,E,G,D,C,F,B,I
A,H,E,G,D,C,F,I,B
A,H,E,G,D,C,I,B,F
A,H,E,G,D,C,I,F,B
A,H,E,G,D,F,B,C,I
A,H,E,G,D,F,B,I,C
A,H,E,G,D,F,C,B,I
A,H,E,G,D,F,C,I,B
A,H,E,G,D,F,I,B,C
A,H,E,G,D,F,I,C,B
A,H,E,G,D,I,B,C,F
A,H,E,G,D,I,B,F,C
A,H,E,G,D,I,C,B,F
A,H,E,G,D,I,C,F,B
A,H,E,G,D,I,F,B,C
A,H,E,G,D,I,F,C,B
A,H,E,G,F,B,C,D,I
A,H,E,G,F,B,C,I,D
A,H,E,G,F,B,D,C,I
A,H,E,G,F,B,D,I,C
A,H,E,G,F,B,I,C,D
A,H,E,G,F,B,I,D,C
A,H,E,G,F,C,B,D,I
A,H,E,G,F,C,B,I,D
A,H,E,G,F,C,D,B,I
A,H,E,G,F,C,D,I,B
A,H,E,G,F,C,I,B,D
A,H,E,G,F,C,I,D,B
A,H,E,G,F,D,B,C,I
A,H,E,G,F,D,B,I,C
A,H,E,G,F,D,C,B,I
A,H,E,G,F,D,C,I,B
A,H,E,G,F,D,I,B,C
A,H,E,G,F,D,I,C,B
A,H,E,G,F,I,B,C,D
A,H,E,G,F,I,B,D,C
A,H,E,G,F,I,C,B,D
A,H,E,G,F,I,C,D,B
A,H,E,G,F,I,D,B,C
A,H,E,G,F,I,D,C,B
A,H,E,G,I,B,C,D,F
A,H,E,G,I,B,C,F,D
A,H,E,G,I,B,D,C,F
A,H,E,G,I,B,D,F,C
A,H,E,G,I,B,F,C,D
A,H,E,G,I,B,F,D,C
A,H,E,G,I,C,B,D,F
A,H,E,G,I,C,B,F,D
A,H,E,G,I,C,D,B,F
A,H,E,G,I,C,D,F,B
A,H,E,G,I,C,F,B,D
A,H,E,G,I,C,F,D,B
A,H,E,G,I,D,B,C,F
A,H,E,G,I,D,B,F,C
A,H,E,G,I,D,C,B,F
A,H,E,G,I,D,C,F,B
A,H,E,G,I,D,F,B,C
A,H,E,G,I,D,F,C,B
A,H,E,G,I,F,B,C,D
A,H,E,G,I,F,B,D,C
A,H,E,G,I,F,C,B,D
A,H,E,G,I,F,C,D,B
A,H,E,G,I,F,D,B,C
A,H,E,G,I,F,D,C,B
A,H,E,I,B,C,D,F,G
A,H,E,I,B,C,D,G,F
A,H,E,I,B,C,F,D,G
A,H,E,I,B,C,F,G,D
A,H,E,I,B,C,G,D,F
A,H,E,I,B,C,G,F,D
A,H,E,I,B,D,C,F,G
A,H,E,I,B,D,C,G,F
A,H,E,I,B,D,F,C,G
A,H,E,I,B,D,F,G,C
A,H,E,I,B,D,G,C,F
A,H,E,I,B,D,G,F,C
A,H,E,I,B,F,C,D,G
A,H,E,I,B,F,C,G,D
A,H,E,I,B,F,D,C,G
A,H,E,I,B,F,D,G,C
A,H,E,I,B,F,G,C,D
A,H,E,I,B,F,G,D,C
A,H,E,I,B,G,C,D,F
A,H,E,I,B,G,C,F,D
A,H,E,I,B,G,D,C,F
A,H,E,I,B,G,D,F,C
A,H,E,I,B,G,F,C,D
A,H,E,I,B,G,F,D,C
A,H,E,I,C,B,D,F,G
A,H,E,I,C,B,D,G,F
A,H,E,I,C,B,F,D,G
A,H,E,I,C,B,F,G,D
A,H,E,I,C,B,G,D,F
A,H,E,I,C,B,G,F,D
A,H,E,I,C,D,B,F,G
A,H,E,I,C,D,B,G,F
A,H,E,I,C,D,F,B,G
A,H,E,I,C,D,F,G,B
A,H,E,I,C,D,G,B,F
A,H,E,I,C,D,G,F,B
A,H,E,I,C,F,B,D,G
A,H,E,I,C,F,B,G,D
A,H,E,I,C,F,D,B,G
A,H,E,I,C,F,D,G,B
A,H,E,I,C,F,G,B,D
A,H,E,I,C,F,G,D,B
A,H,E,I,C,G,B,D,F
A,H,E,I,C,G,B,F,D
A,H,E,I,C,G,D,B,F
A,H,E,I,C,G,D,F,B
A,H,E,I,C,G,F,B,D
A,H,E,I,C,G,F,D,B
A,H,E,I,D,B,C,F,G
A,H,E,I,D,B,C,G,F
A,H,E,I,D,B,F,C,G
A,H,E,I,D,B,F,G,C
A,H,E,I,D,B,G,C,F
A,H,E,I,D,B,G,F,C
A,H,E,I,D,C,B,F,G
A,H,E,I,D,C,B,G,F
A,H,E,I,D,C,F,B,G
A,H,E,I,D,C,F,G,B
A,H,E,I,D,C,G,B,F
A,H,E,I,D,C,G,F,B
A,H,E,I,D,F,B,C,G
A,H,E,I,D,F,B,G,C
A,H,E,I,D,F,C,B,G
A,H,E,I,D,F,C,G,B
A,H,E,I,D,F,G,B,C
A,H,E,I,D,F,G,C,B
A,H,E,I,D,G,B,C,F
A,H,E,I,D,G,B,F,C
A,H,E,I,D,G,C,B,F
A,H,E,I,D,G,C,F,B
A,H,E,I,D,G,F,B,C
A,H,E,I,D,G,F,C,B
A,H,E,I,F,B,C,D,G
A,H,E,I,F,B,C,G,D
A,H,E,I,F,B,D,C,G
A,H,E,I,F,B,D,G,C
A,H,E,I,F,B,G,C,D
A,H,E,I,F,B,G,D,C
A,H,E,I,F,C,B,D,G
A,H,E,I,F,C,B,G,D
A,H,E,I,F,C,D,B,G
A,H,E,I,F,C,D,G,B
A,H,E,I,F,C,G,B,D
A,H,E,I,F,C,G,D,B
A,H,E,I,F,D,B,C,G
A,H,E,I,F,D,B,G,C
A,H,E,I,F,D,C,B,G
A,H,E,I,F,D,C,G,B
A,H,E,I,F,D,G,B,C
A,H,E,I,F,D,G,C,B
A,H,E,I,F,G,B,C,D
A,H,E,I,F,G,B,D,C
A,H,E,I,F,G,C,B,D
A,H,E,I,F,G,C,D,B
A,H,E,I,F,G,D,B,C
A,H,E,I,F,G,D,C,B
A,H,E,I,G,B,C,D,F
A,H,E,I,G,B,C,F,D
A,H,E,I,G,B,D,C,F
A,H,E,I,G,B,D,F,C
A,H,E,I,G,B,F,C,D
A,H,E,I,G,B,F,D,C
A,H,E,I,G,C,B,D,F
A,H,E,I,G,C,B,F,D
A,H,E,I,G,C,D,B,F
A,H,E,I,G,C,D,F,B
A,H,E,I,G,C,F,B,D
A,H,E,I,G,C,F,D,B
A,H,E,I,G,D,B,C,F
A,H,E,I,G,D,B,F,C
A,H,E,I,G,D,C,B,F
A,H,E,I,G,D,C,F,B
A,H,E,I,G,D,F,B,C
A,H,E,I,G,D,F,C,B
A,H,E,I,G,F,B,C,D
A,H,E,I,G,F,B,D,C
A,H,E,I,G,F,C,B,D
A,H,E,I,G,F,C,D,B
A,H,E,I,G,F,D,B,C
A,H,E,I,G,F,D,C,B
A,H,F,B,C,D,E,G,I
A,H,F,B,C,D,E,I,G
A,H,F,B,C,D,G,E,I
A,H,F,B,C,D,G,I,E
A,H,F,B,C,D,I,E,G
A,H,F,B,C,D,I,G,E
A,H,F,B,C,E,D,G,I
A,H,F,B,C,E,D,I,G
A,H,F,B,C,E,G,D,I
A,H,F,B,C,E,G,I,D
A,H,F,B,C,E,I,D,G
A,H,F,B,C,E,I,G,D
A,H,F,B,C,G,D,E,I
A,H,F,B,C,G,D,I,E
A,H,F,B,C,G,E,D,I
A,H,F,B,C,G,E,I,D
A,H,F,B,C,G,I,D,E
A,H,F,B,C,G,I,E,D
A,H,F,B,C,I,D,E,G
A,H,F,B,C,I,D,G,E
A,H,F,B,C,I,E,D,G
A,H,F,B,C,I,E,G,D
A,H,F,B,C,I,G,D,E
A,H,F,B,C,I,G,E,D
A,H,F,B,D,C,E,G,I
A,H,F,B,D,C,E,I,G
A,H,F,B,D,C,G,E,I
A,H,F,B,D,C,G,I,E
A,H,F,B,D,C,I,E,G
A,H,F,B,D,C,I,G,E
A,H,F,B,D,E,C,G,I
A,H,F,B,D,E,C,I,G
A,H,F,B,D,E,G,C,I
A,H,F,B,D,E,G,I,C
A,H,F,B,D,E,I,C,G
A,H,F,B,D,E,I,G,C
A,H,F,B,D,G,C,E,I
A,H,F,B,D,G,C,I,E
A,H,F,B,D,G,E,C,I
A,H,F,B,D,G,E,I,C
A,H,F,B,D,G,I,C,E
A,H,F,B,D,G,I,E,C
A,H,F,B,D,I,C,E,G
A,H,F,B,D,I,C,G,E
A,H,F,B,D,I,E,C,G
A,H,F,B,D,I,E,G,C
A,H,F,B,D,I,G,C,E
A,H,F,B,D,I,G,E,C
A,H,F,B,E,C,D,G,I
A,H,F,B,E,C,D,I,G
A,H,F,B,E,C,G,D,I
A,H,F,B,E,C,G,I,D
A,H,F,B,E,C,I,D,G
A,H,F,B,E,C,I,G,D
A,H,F,B,E,D,C,G,I
A,H,F,B,E,D,C,I,G
A,H,F,B,E,D,G,C,I
A,H,F,B,E,D,G,I,C
A,H,F,B,E,D,I,C,G
A,H,F,B,E,D,I,G,C
A,H,F,B,E,G,C,D,I
A,H,F,B,E,G,C,I,D
A,H,F,B,E,G,D,C,I
A,H,F,B,E,G,D,I,C
A,H,F,B,E,G,I,C,D
A,H,F,B,E,G,I,D,C
A,H,F,B,E,I,C,D,G
A,H,F,B,E,I,C,G,D
A,H,F,B,E,I,D,C,G
A,H,F,B,E,I,D,G,C
A,H,F,B,E,I,G,C,D
A,H,F,B,E,I,G,D,C
A,H,F,B,G,C,D,E,I
A,H,F,B,G,C,D,I,E
A,H,F,B,G,C,E,D,I
A,H,F,B,G,C,E,I,D
A,H,F,B,G,C,I,D,E
A,H,F,B,G,C,I,E,D
A,H,F,B,G,D,C,E,I
A,H,F,B,G,D,C,I,E
A,H,F,B,G,D,E,C,I
A,H,F,B,G,D,E,I,C
A,H,F,B,G,D,I,C,E
A,H,F,B,G,D,I,E,C
A,H,F,B,G,E,C,D,I
A,H,F,B,G,E,C,I,D
A,H,F,B,G,E,D,C,I
A,H,F,B,G,E,D,I,C
A,H,F,B,G,E,I,C,D
A,H,F,B,G,E,I,D,C
A,H,F,B,G,I,C,D,E
A,H,F,B,G,I,C,E,D
A,H,F,B,G,I,D,C,E
A,H,F,B,G,I,D,E,C
A,H,F,B,G,I,E,C,D
A,H,F,B,G,I,E,D,C
A,H,F,B,I,C,D,E,G
A,H,F,B,I,C,D,G,E
A,H,F,B,I,C,E,D,G
A,H,F,B,I,C,E,G,D
A,H,F,B,I,C,G,D,E
A,H,F,B,I,C,G,E,D
A,H,F,B,I,D,C,E,G
A,H,F,B,I,D,C,G,E
A,H,F,B,I,D,E,C,G
A,H,F,B,I,D,E,G,C
A,H,F,B,I,D,G,C,E
A,H,F,B,I,D,G,E,C
A,H,F,B,I,E,C,D,G
A,H,F,B,I,E,C,G,D
A,H,F,B,I,E,D,C,G
A,H,F,B,I,E,D,G,C
A,H,F,B,I,E,G,C,D
A,H,F,B,I,E,G,D,C
A,H,F,B,I,G,C,D,E
A,H,F,B,I,G,C,E,D
A,H,F,B,I,G,D,C,E
A,H,F,B,I,G,D,E,C
A,H,F,B,I,G,E,C,D
A,H,F,B,I,G,E,D,C
A,H,F,C,B,D,E,G,I
A,H,F,C,B,D,E,I,G
A,H,F,C,B,D,G,E,I
A,H,F,C,B,D,G,I,E
A,H,F,C,B,D,I,E,G
A,H,F,C,B,D,I,G,E
A,H,F,C,B,E,D,G,I
A,H,F,C,B,E,D,I,G
A,H,F,C,B,E,G,D,I
A,H,F,C,B,E,G,I,D
A,H,F,C,B,E,I,D,G
A,H,F,C,B,E,I,G,D
A,H,F,C,B,G,D,E,I
A,H,F,C,B,G,D,I,E
A,H,F,C,B,G,E,D,I
A,H,F,C,B,G,E,I,D
A,H,F,C,B,G,I,D,E
A,H,F,C,B,G,I,E,D
A,H,F,C,B,I,D,E,G
A,H,F,C,B,I,D,G,E
A,H,F,C,B,I,E,D,G
A,H,F,C,B,I,E,G,D
A,H,F,C,B,I,G,D,E
A,H,F,C,B,I,G,E,D
A,H,F,C,D,B,E,G,I
A,H,F,C,D,B,E,I,G
A,H,F,C,D,B,G,E,I
A,H,F,C,D,B,G,I,E
A,H,F,C,D,B,I,E,G
A,H,F,C,D,B,I,G,E
A,H,F,C,D,E,B,G,I
A,H,F,C,D,E,B,I,G
A,H,F,C,D,E,G,B,I
A,H,F,C,D,E,G,I,B
A,H,F,C,D,E,I,B,G
A,H,F,C,D,E,I,G,B
A,H,F,C,D,G,B,E,I
A,H,F,C,D,G,B,I,E
A,H,F,C,D,G,E,B,I
A,H,F,C,D,G,E,I,B
A,H,F,C,D,G,I,B,E
A,H,F,C,D,G,I,E,B
A,H,F,C,D,I,B,E,G
A,H,F,C,D,I,B,G,E
A,H,F,C,D,I,E,B,G
A,H,F,C,D,I,E,G,B
A,H,F,C,D,I,G,B,E
A,H,F,C,D,I,G,E,B
A,H,F,C,E,B,D,G,I
A,H,F,C,E,B,D,I,G
A,H,F,C,E,B,G,D,I
A,H,F,C,E,B,G,I,D
A,H,F,C,E,B,I,D,G
A,H,F,C,E,B,I,G,D
A,H,F,C,E,D,B,G,I
A,H,F,C,E,D,B,I,G
A,H,F,C,E,D,G,B,I
A,H,F,C,E,D,G,I,B
A,H,F,C,E,D,I,B,G
A,H,F,C,E,D,I,G,B
A,H,F,C,E,G,B,D,I
A,H,F,C,E,G,B,I,D
A,H,F,C,E,G,D,B,I
A,H,F,C,E,G,D,I,B
A,H,F,C,E,G,I,B,D
A,H,F,C,E,G,I,D,B
A,H,F,C,E,I,B,D,G
A,H,F,C,E,I,B,G,D
A,H,F,C,E,I,D,B,G
A,H,F,C,E,I,D,G,B
A,H,F,C,E,I,G,B,D
A,H,F,C,E,I,G,D,B
A,H,F,C,G,B,D,E,I
A,H,F,C,G,B,D,I,E
A,H,F,C,G,B,E,D,I
A,H,F,C,G,B,E,I,D
A,H,F,C,G,B,I,D,E
A,H,F,C,G,B,I,E,D
A,H,F,C,G,D,B,E,I
A,H,F,C,G,D,B,I,E
A,H,F,C,G,D,E,B,I
A,H,F,C,G,D,E,I,B
A,H,F,C,G,D,I,B,E
A,H,F,C,G,D,I,E,B
A,H,F,C,G,E,B,D,I
A,H,F,C,G,E,B,I,D
A,H,F,C,G,E,D,B,I
A,H,F,C,G,E,D,I,B
A,H,F,C,G,E,I,B,D
A,H,F,C,G,E,I,D,B
A,H,F,C,G,I,B,D,E
A,H,F,C,G,I,B,E,D
A,H,F,C,G,I,D,B,E
A,H,F,C,G,I,D,E,B
A,H,F,C,G,I,E,B,D
A,H,F,C,G,I,E,D,B
A,H,F,C,I,B,D,E,G
A,H,F,C,I,B,D,G,E
A,H,F,C,I,B,E,D,G
A,H,F,C,I,B,E,G,D
A,H,F,C,I,B,G,D,E
A,H,F,C,I,B,G,E,D
A,H,F,C,I,D,B,E,G
A,H,F,C,I,D,B,G,E
A,H,F,C,I,D,E,B,G
A,H,F,C,I,D,E,G,B
A,H,F,C,I,D,G,B,E
A,H,F,C,I,D,G,E,B
A,H,F,C,I,E,B,D,G
A,H,F,C,I,E,B,G,D
A,H,F,C,I,E,D,B,G
A,H,F,C,I,E,D,G,B
A,H,F,C,I,E,G,B,D
A,H,F,C,I,E,G,D,B
A,H,F,C,I,G,B,D,E
A,H,F,C,I,G,B,E,D
A,H,F,C,I,G,D,B,E
A,H,F,C,I,G,D,E,B
A,H,F,C,I,G,E,B,D
A,H,F,C,I,G,E,D,B
A,H,F,D,B,C,E,G,I
A,H,F,D,B,C,E,I,G
A,H,F,D,B,C,G,E,I
A,H,F,D,B,C,G,I,E
A,H,F,D,B,C,I,E,G
A,H,F,D,B,C,I,G,E
A,H,F,D,B,E,C,G,I
A,H,F,D,B,E,C,I,G
A,H,F,D,B,E,G,C,I
A,H,F,D,B,E,G,I,C
A,H,F,D,B,E,I,C,G
A,H,F,D,B,E,I,G,C
A,H,F,D,B,G,C,E,I
A,H,F,D,B,G,C,I,E
A,H,F,D,B,G,E,C,I
A,H,F,D,B,G,E,I,C
A,H,F,D,B,G,I,C,E
A,H,F,D,B,G,I,E,C
A,H,F,D,B,I,C,E,G
A,H,F,D,B,I,C,G,E
A,H,F,D,B,I,E,C,G
A,H,F,D,B,I,E,G,C
A,H,F,D,B,I,G,C,E
A,H,F,D,B,I,G,E,C
A,H,F,D,C,B,E,G,I
A,H,F,D,C,B,E,I,G
A,H,F,D,C,B,G,E,I
A,H,F,D,C,B,G,I,E
A,H,F,D,C,B,I,E,G
A,H,F,D,C,B,I,G,E
A,H,F,D,C,E,B,G,I
A,H,F,D,C,E,B,I,G
A,H,F,D,C,E,G,B,I
A,H,F,D,C,E,G,I,B
A,H,F,D,C,E,I,B,G
A,H,F,D,C,E,I,G,B
A,H,F,D,C,G,B,E,I
A,H,F,D,C,G,B,I,E
A,H,F,D,C,G,E,B,I
A,H,F,D,C,G,E,I,B
A,H,F,D,C,G,I,B,E
A,H,F,D,C,G,I,E,B
A,H,F,D,C,I,B,E,G
A,H,F,D,C,I,B,G,E
A,H,F,D,C,I,E,B,G
A,H,F,D,C,I,E,G,B
A,H,F,D,C,I,G,B,E
A,H,F,D,C,I,G,E,B
A,H,F,D,E,B,C,G,I
A,H,F,D,E,B,C,I,G
A,H,F,D,E,B,G,C,I
A,H,F,D,E,B,G,I,C
A,H,F,D,E,B,I,C,G
A,H,F,D,E,B,I,G,C
A,H,F,D,E,C,B,G,I
A,H,F,D,E,C,B,I,G
A,H,F,D,E,C,G,B,I
A,H,F,D,E,C,G,I,B
A,H,F,D,E,C,I,B,G
A,H,F,D,E,C,I,G,B
A,H,F,D,E,G,B,C,I
A,H,F,D,E,G,B,I,C
A,H,F,D,E,G,C,B,I
A,H,F,D,E,G,C,I,B
A,H,F,D,E,G,I,B,C
A,H,F,D,E,G,I,C,B
A,H,F,D,E,I,B,C,G
A,H,F,D,E,I,B,G,C
A,H,F,D,E,I,C,B,G
A,H,F,D,E,I,C,G,B
A,H,F,D,E,I,G,B,C
A,H,F,D,E,I,G,C,B
A,H,F,D,G,B,C,E,I
A,H,F,D,G,B,C,I,E
A,H,F,D,G,B,E,C,I
A,H,F,D,G,B,E,I,C
A,H,F,D,G,B,I,C,E
A,H,F,D,G,B,I,E,C
A,H,F,D,G,C,B,E,I
A,H,F,D,G,C,B,I,E
A,H,F,D,G,C,E,B,I
A,H,F,D,G,C,E,I,B
A,H,F,D,G,C,I,B,E
A,H,F,D,G,C,I,E,B
A,H,F,D,G,E,B,C,I
A,H,F,D,G,E,B,I,C
A,H,F,D,G,E,C,B,I
A,H,F,D,G,E,C,I,B
A,H,F,D,G,E,I,B,C
A,H,F,D,G,E,I,C,B
A,H,F,D,G,I,B,C,E
A,H,F,D,G,I,B,E,C
A,H,F,D,G,I,C,B,E
A,H,F,D,G,I,C,E,B
A,H,F,D,G,I,E,B,C
A,H,F,D,G,I,E,C,B
A,H,F,D,I,B,C,E,G
A,H,F,D,I,B,C,G,E
A,H,F,D,I,B,E,C,G
A,H,F,D,I,B,E,G,C
A,H,F,D,I,B,G,C,E
A,H,F,D,I,B,G,E,C
A,H,F,D,I,C,B,E,G
A,H,F,D,I,C,B,G,E
A,H,F,D,I,C,E,B,G
A,H,F,D,I,C,E,G,B
A,H,F,D,I,C,G,B,E
A,H,F,D,I,C,G,E,B
A,H,F,D,I,E,B,C,G
A,H,F,D,I,E,B,G,C
A,H,F,D,I,E,C,B,G
A,H,F,D,I,E,C,G,B
A,H,F,D,I,E,G,B,C
A,H,F,D,I,E,G,C,B
A,H,F,D,I,G,B,C,E
A,H,F,D,I,G,B,E,C
A,H,F,D,I,G,C,B,E
A,H,F,D,I,G,C,E,B
A,H,F,D,I,G,E,B,C
A,H,F,D,I,G,E,C,B
A,H,F,E,B,C,D,G,I
A,H,F,E,B,C,D,I,G
A,H,F,E,B,C,G,D,I
A,H,F,E,B,C,G,I,D
A,H,F,E,B,C,I,D,G
A,H,F,E,B,C,I,G,D
A,H,F,E,B,D,C,G,I
A,H,F,E,B,D,C,I,G
A,H,F,E,B,D,G,C,I
A,H,F,E,B,D,G,I,C
A,H,F,E,B,D,I,C,G
A,H,F,E,B,D,I,G,C
A,H,F,E,B,G,C,D,I
A,H,F,E,B,G,C,I,D
A,H,F,E,B,G,D,C,I
A,H,F,E,B,G,D,I,C
A,H,F,E,B,G,I,C,D
A,H,F,E,B,G,I,D,C
A,H,F,E,B,I,C,D,G
A,H,F,E,B,I,C,G,D
A,H,F,E,B,I,D,C,G
A,H,F,E,B,I,D,G,C
A,H,F,E,B,I,G,C,D
A,H,F,E,B,I,G,D,C
A,H,F,E,C,B,D,G,I
A,H,F,E,C,B,D,I,G
A,H,F,E,C,B,G,D,I
A,H,F,E,C,B,G,I,D
A,H,F,E,C,B,I,D,G
A,H,F,E,C,B,I,G,D
A,H,F,E,C,D,B,G,I
A,H,F,E,C,D,B,I,G
A,H,F,E,C,D,G,B,I
A,H,F,E,C,D,G,I,B
A,H,F,E,C,D,I,B,G
A,H,F,E,C,D,I,G,B
A,H,F,E,C,G,B,D,I
A,H,F,E,C,G,B,I,D
A,H,F,E,C,G,D,B,I
A,H,F,E,C,G,D,I,B
A,H,F,E,C,G,I,B,D
A,H,F,E,C,G,I,D,B
A,H,F,E,C,I,B,D,G
A,H,F,E,C,I,B,G,D
A,H,F,E,C,I,D,B,G
A,H,F,E,C,I,D,G,B
A,H,F,E,C,I,G,B,D
A,H,F,E,C,I,G,D,B
A,H,F,E,D,B,C,G,I
A,H,F,E,D,B,C,I,G
A,H,F,E,D,B,G,C,I
A,H,F,E,D,B,G,I,C
A,H,F,E,D,B,I,C,G
A,H,F,E,D,B,I,G,C
A,H,F,E,D,C,B,G,I
A,H,F,E,D,C,B,I,G
A,H,F,E,D,C,G,B,I
A,H,F,E,D,C,G,I,B
A,H,F,E,D,C,I,B,G
A,H,F,E,D,C,I,G,B
A,H,F,E,D,G,B,C,I
A,H,F,E,D,G,B,I,C
A,H,F,E,D,G,C,B,I
A,H,F,E,D,G,C,I,B
A,H,F,E,D,G,I,B,C
A,H,F,E,D,G,I,C,B
A,H,F,E,D,I,B,C,G
A,H,F,E,D,I,B,G,C
A,H,F,E,D,I,C,B,G
A,H,F,E,D,I,C,G,B
A,H,F,E,D,I,G,B,C
A,H,F,E,D,I,G,C,B
A,H,F,E,G,B,C,D,I
A,H,F,E,G,B,C,I,D
A,H,F,E,G,B,D,C,I
A,H,F,E,G,B,D,I,C
A,H,F,E,G,B,I,C,D
A,H,F,E,G,B,I,D,C
A,H,F,E,G,C,B,D,I
A,H,F,E,G,C,B,I,D
A,H,F,E,G,C,D,B,I
A,H,F,E,G,C,D,I,B
A,H,F,E,G,C,I,B,D
A,H,F,E,G,C,I,D,B
A,H,F,E,G,D,B,C,I
A,H,F,E,G,D,B,I,C
A,H,F,E,G,D,C,B,I
A,H,F,E,G,D,C,I,B
A,H,F,E,G,D,I,B,C
A,H,F,E,G,D,I,C,B
A,H,F,E,G,I,B,C,D
A,H,F,E,G,I,B,D,C
A,H,F,E,G,I,C,B,D
A,H,F,E,G,I,C,D,B
A,H,F,E,G,I,D,B,C
A,H,F,E,G,I,D,C,B
A,H,F,E,I,B,C,D,G
A,H,F,E,I,B,C,G,D
A,H,F,E,I,B,D,C,G
A,H,F,E,I,B,D,G,C
A,H,F,E,I,B,G,C,D
A,H,F,E,I,B,G,D,C
A,H,F,E,I,C,B,D,G
A,H,F,E,I,C,B,G,D
A,H,F,E,I,C,D,B,G
A,H,F,E,I,C,D,G,B
A,H,F,E,I,C,G,B,D
A,H,F,E,I,C,G,D,B
A,H,F,E,I,D,B,C,G
A,H,F,E,I,D,B,G,C
A,H,F,E,I,D,C,B,G
A,H,F,E,I,D,C,G,B
A,H,F,E,I,D,G,B,C
A,H,F,E,I,D,G,C,B
A,H,F,E,I,G,B,C,D
A,H,F,E,I,G,B,D,C
A,H,F,E,I,G,C,B,D
A,H,F,E,I,G,C,D,B
A,H,F,E,I,G,D,B,C
A,H,F,E,I,G,D,C,B
A,H,F,G,B,C,D,E,I
A,H,F,G,B,C,D,I,E
A,H,F,G,B,C,E,D,I
A,H,F,G,B,C,E,I,D
A,H,F,G,B,C,I,D,E
A,H,F,G,B,C,I,E,D
A,H,F,G,B,D,C,E,I
A,H,F,G,B,D,C,I,E
A,H,F,G,B,D,E,C,I
A,H,F,G,B,D,E,I,C
A,H,F,G,B,D,I,C,E
A,H,F,G,B,D,I,E,C
A,H,F,G,B,E,C,D,I
A,H,F,G,B,E,C,I,D
A,H,F,G,B,E,D,C,I
A,H,F,G,B,E,D,I,C
A,H,F,G,B,E,I,C,D
A,H,F,G,B,E,I,D,C
A,H,F,G,B,I,C,D,E
A,H,F,G,B,I,C,E,D
A,H,F,G,B,I,D,C,E
A,H,F,G,B,I,D,E,C
A,H,F,G,B,I,E,C,D
A,H,F,G,B,I,E,D,C
A,H,F,G,C,B,D,E,I
A,H,F,G,C,B,D,I,E
A,H,F,G,C,B,E,D,I
A,H,F,G,C,B,E,I,D
A,H,F,G,C,B,I,D,E
A,H,F,G,C,B,I,E,D
A,H,F,G,C,D,B,E,I
A,H,F,G,C,D,B,I,E
A,H,F,G,C,D,E,B,I
A,H,F,G,C,D,E,I,B
A,H,F,G,C,D,I,B,E
A,H,F,G,C,D,I,E,B
A,H,F,G,C,E,B,D,I
A,H,F,G,C,E,B,I,D
A,H,F,G,C,E,D,B,I
A,H,F,G,C,E,D,I,B
A,H,F,G,C,E,I,B,D
A,H,F,G,C,E,I,D,B
A,H,F,G,C,I,B,D,E
A,H,F,G,C,I,B,E,D
A,H,F,G,C,I,D,B,E
A,H,F,G,C,I,D,E,B
A,H,F,G,C,I,E,B,D
A,H,F,G,C,I,E,D,B
A,H,F,G,D,B,C,E,I
A,H,F,G,D,B,C,I,E
A,H,F,G,D,B,E,C,I
A,H,F,G,D,B,E,I,C
A,H,F,G,D,B,I,C,E
A,H,F,G,D,B,I,E,C
A,H,F,G,D,C,B,E,I
A,H,F,G,D,C,B,I,E
A,H,F,G,D,C,E,B,I
A,H,F,G,D,C,E,I,B
A,H,F,G,D,C,I,B,E
A,H,F,G,D,C,I,E,B
A,H,F,G,D,E,B,C,I
A,H,F,G,D,E,B,I,C
A,H,F,G,D,E,C,B,I
A,H,F,G,D,E,C,I,B
A,H,F,G,D,E,I,B,C
A,H,F,G,D,E,I,C,B
A,H,F,G,D,I,B,C,E
A,H,F,G,D,I,B,E,C
A,H,F,G,D,I,C,B,E
A,H,F,G,D,I,C,E,B
A,H,F,G,D,I,E,B,C
A,H,F,G,D,I,E,C,B
A,H,F,G,E,B,C,D,I
A,H,F,G,E,B,C,I,D
A,H,F,G,E,B,D,C,I
A,H,F,G,E,B,D,I,C
A,H,F,G,E,B,I,C,D
A,H,F,G,E,B,I,D,C
A,H,F,G,E,C,B,D,I
A,H,F,G,E,C,B,I,D
A,H,F,G,E,C,D,B,I
A,H,F,G,E,C,D,I,B
A,H,F,G,E,C,I,B,D
A,H,F,G,E,C,I,D,B
A,H,F,G,E,D,B,C,I
A,H,F,G,E,D,B,I,C
A,H,F,G,E,D,C,B,I
A,H,F,G,E,D,C,I,B
A,H,F,G,E,D,I,B,C
A,H,F,G,E,D,I,C,B
A,H,F,G,E,I,B,C,D
A,H,F,G,E,I,B,D,C
A,H,F,G,E,I,C,B,D
A,H,F,G,E,I,C,D,B
A,H,F,G,E,I,D,B,C
A,H,F,G,E,I,D,C,B
A,H,F,G,I,B,C,D,E
A,H,F,G,I,B,C,E,D
A,H,F,G,I,B,D,C,E
A,H,F,G,I,B,D,E,C
A,H,F,G,I,B,E,C,D
A,H,F,G,I,B,E,D,C
A,H,F,G,I,C,B,D,E
A,H,F,G,I,C,B,E,D
A,H,F,G,I,C,D,B,E
A,H,F,G,I,C,D,E,B
A,H,F,G,I,C,E,B,D
A,H,F,G,I,C,E,D,B
A,H,F,G,I,D,B,C,E
A,H,F,G,I,D,B,E,C
A,H,F,G,I,D,C,B,E
A,H,F,G,I,D,C,E,B
A,H,F,G,I,D,E,B,C
A,H,F,G,I,D,E,C,B
A,H,F,G,I,E,B,C,D
A,H,F,G,I,E,B,D,C
A,H,F,G,I,E,C,B,D
A,H,F,G,I,E,C,D,B
A,H,F,G,I,E,D,B,C
A,H,F,G,I,E,D,C,B
A,H,F,I,B,C,D,E,G
A,H,F,I,B,C,D,G,E
A,H,F,I,B,C,E,D,G
A,H,F,I,B,C,E,G,D
A,H,F,I,B,C,G,D,E
A,H,F,I,B,C,G,E,D
A,H,F,I,B,D,C,E,G
A,H,F,I,B,D,C,G,E
A,H,F,I,B,D,E,C,G
A,H,F,I,B,D,E,G,C
A,H,F,I,B,D,G,C,E
A,H,F,I,B,D,G,E,C
A,H,F,I,B,E,C,D,G
A,H,F,I,B,E,C,G,D
A,H,F,I,B,E,D,C,G
A,H,F,I,B,E,D,G,C
A,H,F,I,B,E,G,C,D
A,H,F,I,B,E,G,D,C
A,H,F,I,B,G,C,D,E
A,H,F,I,B,G,C,E,D
A,H,F,I,B,G,D,C,E
A,H,F,I,B,G,D,E,C
A,H,F,I,B,G,E,C,D
A,H,F,I,B,G,E,D,C
A,H,F,I,C,B,D,E,G
A,H,F,I,C,B,D,G,E
A,H,F,I,C,B,E,D,G
A,H,F,I,C,B,E,G,D
A,H,F,I,C,B,G,D,E
A,H,F,I,C,B,G,E,D
A,H,F,I,C,D,B,E,G
A,H,F,I,C,D,B,G,E
A,H,F,I,C,D,E,B,G
A,H,F,I,C,D,E,G,B
A,H,F,I,C,D,G,B,E
A,H,F,I,C,D,G,E,B
A,H,F,I,C,E,B,D,G
A,H,F,I,C,E,B,G,D
A,H,F,I,C,E,D,B,G
A,H,F,I,C,E,D,G,B
A,H,F,I,C,E,G,B,D
A,H,F,I,C,E,G,D,B
A,H,F,I,C,G,B,D,E
A,H,F,I,C,G,B,E,D
A,H,F,I,C,G,D,B,E
A,H,F,I,C,G,D,E,B
A,H,F,I,C,G,E,B,D
A,H,F,I,C,G,E,D,B
A,H,F,I,D,B,C,E,G
A,H,F,I,D,B,C,G,E
A,H,F,I,D,B,E,C,G
A,H,F,I,D,B,E,G,C
A,H,F,I,D,B,G,C,E
A,H,F,I,D,B,G,E,C
A,H,F,I,D,C,B,E,G
A,H,F,I,D,C,B,G,E
A,H,F,I,D,C,E,B,G
A,H,F,I,D,C,E,G,B
A,H,F,I,D,C,G,B,E
A,H,F,I,D,C,G,E,B
A,H,F,I,D,E,B,C,G
A,H,F,I,D,E,B,G,C
A,H,F,I,D,E,C,B,G
A,H,F,I,D,E,C,G,B
A,H,F,I,D,E,G,B,C
A,H,F,I,D,E,G,C,B
A,H,F,I,D,G,B,C,E
A,H,F,I,D,G,B,E,C
A,H,F,I,D,G,C,B,E
A,H,F,I,D,G,C,E,B
A,H,F,I,D,G,E,B,C
A,H,F,I,D,G,E,C,B
A,H,F,I,E,B,C,D,G
A,H,F,I,E,B,C,G,D
A,H,F,I,E,B,D,C,G
A,H,F,I,E,B,D,G,C
A,H,F,I,E,B,G,C,D
A,H,F,I,E,B,G,D,C
A,H,F,I,E,C,B,D,G
A,H,F,I,E,C,B,G,D
A,H,F,I,E,C,D,B,G
A,H,F,I,E,C,D,G,B
A,H,F,I,E,C,G,B,D
A,H,F,I,E,C,G,D,B
A,H,F,I,E,D,B,C,G
A,H,F,I,E,D,B,G,C
A,H,F,I,E,D,C,B,G
A,H,F,I,E,D,C,G,B
A,H,F,I,E,D,G,B,C
A,H,F,I,E,D,G,C,B
A,H,F,I,E,G,B,C,D
A,H,F,I,E,G,B,D,C
A,H,F,I,E,G,C,B,D
A,H,F,I,E,G,C,D,B
A,H,F,I,E,G,D,B,C
A,H,F,I,E,G,D,C,B
A,H,F,I,G,B,C,D,E
A,H,F,I,G,B,C,E,D
A,H,F,I,G,B,D,C,E
A,H,F,I,G,B,D,E,C
A,H,F,I,G,B,E,C,D
A,H,F,I,G,B,E,D,C
A,H,F,I,G,C,B,D,E
A,H,F,I,G,C,B,E,D
A,H,F,I,G,C,D,B,E
A,H,F,I,G,C,D,E,B
A,H,F,I,G,C,E,B,D
A,H,F,I,G,C,E,D,B
A,H,F,I,G,D,B,C,E
A,H,F,I,G,D,B,E,C
A,H,F,I,G,D,C,B,E
A,H,F,I,G,D,C,E,B
A,H,F,I,G,D,E,B,C
A,H,F,I,G,D,E,C,B
A,H,F,I,G,E,B,C,D
A,H,F,I,G,E,B,D,C
A,H,F,I,G,E,C,B,D
A,H,F,I,G,E,C,D,B
A,H,F,I,G,E,D,B,C
A,H,F,I,G,E,D,C,B
A,H,G,B,C,D,E,F,I
A,H,G,B,C,D,E,I,F
A,H,G,B,C,D,F,E,I
A,H,G,B,C,D,F,I,E
A,H,G,B,C,D,I,E,F
A,H,G,B,C,D,I,F,E
A,H,G,B,C,E,D,F,I
A,H,G,B,C,E,D,I,F
A,H,G,B,C,E,F,D,I
A,H,G,B,C,E,F,I,D
A,H,G,B,C,E,I,D,F
A,H,G,B,C,E,I,F,D
A,H,G,B,C,F,D,E,I
A,H,G,B,C,F,D,I,E
A,H,G,B,C,F,E,D,I
A,H,G,B,C,F,E,I,D
A,H,G,B,C,F,I,D,E
A,H,G,B,C,F,I,E,D
A,H,G,B,C,I,D,E,F
A,H,G,B,C,I,D,F,E
A,H,G,B,C,I,E,D,F
A,H,G,B,C,I,E,F,D
A,H,G,B,C,I,F,D,E
A,H,G,B,C,I,F,E,D
A,H,G,B,D,C,E,F,I
A,H,G,B,D,C,E,I,F
A,H,G,B,D,C,F,E,I
A,H,G,B,D,C,F,I,E
A,H,G,B,D,C,I,E,F
A,H,G,B,D,C,I,F,E
A,H,G,B,D,E,C,F,I
A,H,G,B,D,E,C,I,F
A,H,G,B,D,E,F,C,I
A,H,G,B,D,E,F,I,C
A,H,G,B,D,E,I,C,F
A,H,G,B,D,E,I,F,C
A,H,G,B,D,F,C,E,I
A,H,G,B,D,F,C,I,E
A,H,G,B,D,F,E,C,I
A,H,G,B,D,F,E,I,C
A,H,G,B,D,F,I,C,E
A,H,G,B,D,F,I,E,C
A,H,G,B,D,I,C,E,F
A,H,G,B,D,I,C,F,E
A,H,G,B,D,I,E,C,F
A,H,G,B,D,I,E,F,C
A,H,G,B,D,I,F,C,E
A,H,G,B,D,I,F,E,C
A,H,G,B,E,C,D,F,I
A,H,G,B,E,C,D,I,F
A,H,G,B,E,C,F,D,I
A,H,G,B,E,C,F,I,D
A,H,G,B,E,C,I,D,F
A,H,G,B,E,C,I,F,D
A,H,G,B,E,D,C,F,I
A,H,G,B,E,D,C,I,F
A,H,G,B,E,D,F,C,I
A,H,G,B,E,D,F,I,C
A,H,G,B,E,D,I,C,F
A,H,G,B,E,D,I,F,C
A,H,G,B,E,F,C,D,I
A,H,G,B,E,F,C,I,D
A,H,G,B,E,F,D,C,I
A,H,G,B,E,F,D,I,C
A,H,G,B,E,F,I,C,D
A,H,G,B,E,F,I,D,C
A,H,G,B,E,I,C,D,F
A,H,G,B,E,I,C,F,D
A,H,G,B,E,I,D,C,F
A,H,G,B,E,I,D,F,C
A,H,G,B,E,I,F,C,D
A,H,G,B,E,I,F,D,C
A,H,G,B,F,C,D,E,I
A,H,G,B,F,C,D,I,E
A,H,G,B,F,C,E,D,I
A,H,G,B,F,C,E,I,D
A,H,G,B,F,C,I,D,E
A,H,G,B,F,C,I,E,D
A,H,G,B,F,D,C,E,I
A,H,G,B,F,D,C,I,E
A,H,G,B,F,D,E,C,I
A,H,G,B,F,D,E,I,C
A,H,G,B,F,D,I,C,E
A,H,G,B,F,D,I,E,C
A,H,G,B,F,E,C,D,I
A,H,G,B,F,E,C,I,D
A,H,G,B,F,E,D,C,I
A,H,G,B,F,E,D,I,C
A,H,G,B,F,E,I,C,D
A,H,G,B,F,E,I,D,C
A,H,G,B,F,I,C,D,E
A,H,G,B,F,I,C,E,D
A,H,G,B,F,I,D,C,E
A,H,G,B,F,I,D,E,C
A,H,G,B,F,I,E,C,D
A,H,G,B,F,I,E,D,C
A,H,G,B,I,C,D,E,F
A,H,G,B,I,C,D,F,E
A,H,G,B,I,C,E,D,F
A,H,G,B,I,C,E,F,D
A,H,G,B,I,C,F,D,E
A,H,G,B,I,C,F,E,D
A,H,G,B,I,D,C,E,F
A,H,G,B,I,D,C,F,E
A,H,G,B,I,D,E,C,F
A,H,G,B,I,D,E,F,C
A,H,G,B,I,D,F,C,E
A,H,G,B,I,D,F,E,C
A,H,G,B,I,E,C,D,F
A,H,G,B,I,E,C,F,D
A,H,G,B,I,E,D,C,F
A,H,G,B,I,E,D,F,C
A,H,G,B,I,E,F,C,D
A,H,G,B,I,E,F,D,C
A,H,G,B,I,F,C,D,E
A,H,G,B,I,F,C,E,D
A,H,G,B,I,F,D,C,E
A,H,G,B,I,F,D,E,C
A,H,G,B,I,F,E,C,D
A,H,G,B,I,F,E,D,C
A,H,G,C,B,D,E,F,I
A,H,G,C,B,D,E,I,F
A,H,G,C,B,D,F,E,I
A,H,G,C,B,D,F,I,E
A,H,G,C,B,D,I,E,F
A,H,G,C,B,D,I,F,E
A,H,G,C,B,E,D,F,I
A,H,G,C,B,E,D,I,F
A,H,G,C,B,E,F,D,I
A,H,G,C,B,E,F,I,D
A,H,G,C,B,E,I,D,F
A,H,G,C,B,E,I,F,D
A,H,G,C,B,F,D,E,I
A,H,G,C,B,F,D,I,E
A,H,G,C,B,F,E,D,I
A,H,G,C,B,F,E,I,D
A,H,G,C,B,F,I,D,E
A,H,G,C,B,F,I,E,D
A,H,G,C,B,I,D,E,F
A,H,G,C,B,I,D,F,E
A,H,G,C,B,I,E,D,F
A,H,G,C,B,I,E,F,D
A,H,G,C,B,I,F,D,E
A,H,G,C,B,I,F,E,D
A,H,G,C,D,B,E,F,I
A,H,G,C,D,B,E,I,F
A,H,G,C,D,B,F,E,I
A,H,G,C,D,B,F,I,E
A,H,G,C,D,B,I,E,F
A,H,G,C,D,B,I,F,E
A,H,G,C,D,E,B,F,I
A,H,G,C,D,E,B,I,F
A,H,G,C,D,E,F,B,I
A,H,G,C,D,E,F,I,B
A,H,G,C,D,E,I,B,F
A,H,G,C,D,E,I,F,B
A,H,G,C,D,F,B,E,I
A,H,G,C,D,F,B,I,E
A,H,G,C,D,F,E,B,I
A,H,G,C,D,F,E,I,B
A,H,G,C,D,F,I,B,E
A,H,G,C,D,F,I,E,B
A,H,G,C,D,I,B,E,F
A,H,G,C,D,I,B,F,E
A,H,G,C,D,I,E,B,F
A,H,G,C,D,I,E,F,B
A,H,G,C,D,I,F,B,E
A,H,G,C,D,I,F,E,B
A,H,G,C,E,B,D,F,I
A,H,G,C,E,B,D,I,F
A,H,G,C,E,B,F,D,I
A,H,G,C,E,B,F,I,D
A,H,G,C,E,B,I,D,F
A,H,G,C,E,B,I,F,D
A,H,G,C,E,D,B,F,I
A,H,G,C,E,D,B,I,F
A,H,G,C,E,D,F,B,I
A,H,G,C,E,D,F,I,B
A,H,G,C,E,D,I,B,F
A,H,G,C,E,D,I,F,B
A,H,G,C,E,F,B,D,I
A,H,G,C,E,F,B,I,D
A,H,G,C,E,F,D,B,I
A,H,G,C,E,F,D,I,B
A,H,G,C,E,F,I,B,D
A,H,G,C,E,F,I,D,B
A,H,G,C,E,I,B,D,F
A,H,G,C,E,I,B,F,D
A,H,G,C,E,I,D,B,F
A,H,G,C,E,I,D,F,B
A,H,G,C,E,I,F,B,D
A,H,G,C,E,I,F,D,B
A,H,G,C,F,B,D,E,I
A,H,G,C,F,B,D,I,E
A,H,G,C,F,B,E,D,I
A,H,G,C,F,B,E,I,D
A,H,G,C,F,B,I,D,E
A,H,G,C,F,B,I,E,D
A,H,G,C,F,D,B,E,I
A,H,G,C,F,D,B,I,E
A,H,G,C,F,D,E,B,I
A,H,G,C,F,D,E,I,B
A,H,G,C,F,D,I,B,E
A,H,G,C,F,D,I,E,B
A,H,G,C,F,E,B,D,I
A,H,G,C,F,E,B,I,D
A,H,G,C,F,E,D,B,I
A,H,G,C,F,E,D,I,B
A,H,G,C,F,E,I,B,D
A,H,G,C,F,E,I,D,B
A,H,G,C,F,I,B,D,E
A,H,G,C,F,I,B,E,D
A,H,G,C,F,I,D,B,E
A,H,G,C,F,I,D,E,B
A,H,G,C,F,I,E,B,D
A,H,G,C,F,I,E,D,B
A,H,G,C,I,B,D,E,F
A,H,G,C,I,B,D,F,E
A,H,G,C,I,B,E,D,F
A,H,G,C,I,B,E,F,D
A,H,G,C,I,B,F,D,E
A,H,G,C,I,B,F,E,D
A,H,G,C,I,D,B,E,F
A,H,G,C,I,D,B,F,E
A,H,G,C,I,D,E,B,F
A,H,G,C,I,D,E,F,B
A,H,G,C,I,D,F,B,E
A,H,G,C,I,D,F,E,B
A,H,G,C,I,E,B,D,F
A,H,G,C,I,E,B,F,D
A,H,G,C,I,E,D,B,F
A,H,G,C,I,E,D,F,B
A,H,G,C,I,E,F,B,D
A,H,G,C,I,E,F,D,B
A,H,G,C,I,F,B,D,E
A,H,G,C,I,F,B,E,D
A,H,G,C,I,F,D,B,E
A,H,G,C,I,F,D,E,B
A,H,G,C,I,F,E,B,D
A,H,G,C,I,F,E,D,B
A,H,G,D,B,C,E,F,I
A,H,G,D,B,C,E,I,F
A,H,G,D,B,C,F,E,I
A,H,G,D,B,C,F,I,E
A,H,G,D,B,C,I,E,F
A,H,G,D,B,C,I,F,E
A,H,G,D,B,E,C,F,I
A,H,G,D,B,E,C,I,F
A,H,G,D,B,E,F,C,I
A,H,G,D,B,E,F,I,C
A,H,G,D,B,E,I,C,F
A,H,G,D,B,E,I,F,C
A,H,G,D,B,F,C,E,I
A,H,G,D,B,F,C,I,E
A,H,G,D,B,F,E,C,I
A,H,G,D,B,F,E,I,C
A,H,G,D,B,F,I,C,E
A,H,G,D,B,F,I,E,C
A,H,G,D,B,I,C,E,F
A,H,G,D,B,I,C,F,E
A,H,G,D,B,I,E,C,F
A,H,G,D,B,I,E,F,C
A,H,G,D,B,I,F,C,E
A,H,G,D,B,I,F,E,C
A,H,G,D,C,B,E,F,I
A,H,G,D,C,B,E,I,F
A,H,G,D,C,B,F,E,I
A,H,G,D,C,B,F,I,E
A,H,G,D,C,B,I,E,F
A,H,G,D,C,B,I,F,E
A,H,G,D,C,E,B,F,I
A,H,G,D,C,E,B,I,F
A,H,G,D,C,E,F,B,I
A,H,G,D,C,E,F,I,B
A,H,G,D,C,E,I,B,F
A,H,G,D,C,E,I,F,B
A,H,G,D,C,F,B,E,I
A,H,G,D,C,F,B,I,E
A,H,G,D,C,F,E,B,I
A,H,G,D,C,F,E,I,B
A,H,G,D,C,F,I,B,E
A,H,G,D,C,F,I,E,B
A,H,G,D,C,I,B,E,F
A,H,G,D,C,I,B,F,E
A,H,G,D,C,I,E,B,F
A,H,G,D,C,I,E,F,B
A,H,G,D,C,I,F,B,E
A,H,G,D,C,I,F,E,B
A,H,G,D,E,B,C,F,I
A,H,G,D,E,B,C,I,F
A,H,G,D,E,B,F,C,I
A,H,G,D,E,B,F,I,C
A,H,G,D,E,B,I,C,F
A,H,G,D,E,B,I,F,C
A,H,G,D,E,C,B,F,I
A,H,G,D,E,C,B,I,F
A,H,G,D,E,C,F,B,I
A,H,G,D,E,C,F,I,B
A,H,G,D,E,C,I,B,F
A,H,G,D,E,C,I,F,B
A,H,G,D,E,F,B,C,I
A,H,G,D,E,F,B,I,C
A,H,G,D,E,F,C,B,I
A,H,G,D,E,F,C,I,B
A,H,G,D,E,F,I,B,C
A,H,G,D,E,F,I,C,B
A,H,G,D,E,I,B,C,F
A,H,G,D,E,I,B,F,C
A,H,G,D,E,I,C,B,F
A,H,G,D,E,I,C,F,B
A,H,G,D,E,I,F,B,C
A,H,G,D,E,I,F,C,B
A,H,G,D,F,B,C,E,I
A,H,G,D,F,B,C,I,E
A,H,G,D,F,B,E,C,I
A,H,G,D,F,B,E,I,C
A,H,G,D,F,B,I,C,E
A,H,G,D,F,B,I,E,C
A,H,G,D,F,C,B,E,I
A,H,G,D,F,C,B,I,E
A,H,G,D,F,C,E,B,I
A,H,G,D,F,C,E,I,B
A,H,G,D,F,C,I,B,E
A,H,G,D,F,C,I,E,B
A,H,G,D,F,E,B,C,I
A,H,G,D,F,E,B,I,C
A,H,G,D,F,E,C,B,I
A,H,G,D,F,E,C,I,B
A,H,G,D,F,E,I,B,C
A,H,G,D,F,E,I,C,B
A,H,G,D,F,I,B,C,E
A,H,G,D,F,I,B,E,C
A,H,G,D,F,I,C,B,E
A,H,G,D,F,I,C,E,B
A,H,G,D,F,I,E,B,C
A,H,G,D,F,I,E,C,B
A,H,G,D,I,B,C,E,F
A,H,G,D,I,B,C,F,E
A,H,G,D,I,B,E,C,F
A,H,G,D,I,B,E,F,C
A,H,G,D,I,B,F,C,E
A,H,G,D,I,B,F,E,C
A,H,G,D,I,C,B,E,F
A,H,G,D,I,C,B,F,E
A,H,G,D,I,C,E,B,F
A,H,G,D,I,C,E,F,B
A,H,G,D,I,C,F,B,E
A,H,G,D,I,C,F,E,B
A,H,G,D,I,E,B,C,F
A,H,G,D,I,E,B,F,C
A,H,G,D,I,E,C,B,F
A,H,G,D,I,E,C,F,B
A,H,G,D,I,E,F,B,C
A,H,G,D,I,E,F,C,B
A,H,G,D,I,F,B,C,E
A,H,G,D,I,F,B,E,C
A,H,G,D,I,F,C,B,E
A,H,G,D,I,F,C,E,B
A,H,G,D,I,F,E,B,C
A,H,G,D,I,F,E,C,B
A,H,G,E,B,C,D,F,I
A,H,G,E,B,C,D,I,F
A,H,G,E,B,C,F,D,I
A,H,G,E,B,C,F,I,D
A,H,G,E,B,C,I,D,F
A,H,G,E,B,C,I,F,D
A,H,G,E,B,D,C,F,I
A,H,G,E,B,D,C,I,F
A,H,G,E,B,D,F,C,I
A,H,G,E,B,D,F,I,C
A,H,G,E,B,D,I,C,F
A,H,G,E,B,D,I,F,C
A,H,G,E,B,F,C,D,I
A,H,G,E,B,F,C,I,D
A,H,G,E,B,F,D,C,I
A,H,G,E,B,F,D,I,C
A,H,G,E,B,F,I,C,D
A,H,G,E,B,F,I,D,C
A,H,G,E,B,I,C,D,F
A,H,G,E,B,I,C,F,D
A,H,G,E,B,I,D,C,F
A,H,G,E,B,I,D,F,C
A,H,G,E,B,I,F,C,D
A,H,G,E,B,I,F,D,C
A,H,G,E,C,B,D,F,I
A,H,G,E,C,B,D,I,F
A,H,G,E,C,B,F,D,I
A,H,G,E,C,B,F,I,D
A,H,G,E,C,B,I,D,F
A,H,G,E,C,B,I,F,D
A,H,G,E,C,D,B,F,I
A,H,G,E,C,D,B,I,F
A,H,G,E,C,D,F,B,I
A,H,G,E,C,D,F,I,B
A,H,G,E,C,D,I,B,F
A,H,G,E,C,D,I,F,B
A,H,G,E,C,F,B,D,I
A,H,G,E,C,F,B,I,D
A,H,G,E,C,F,D,B,I
A,H,G,E,C,F,D,I,B
A,H,G,E,C,F,I,B,D
A,H,G,E,C,F,I,D,B
A,H,G,E,C,I,B,D,F
A,H,G,E,C,I,B,F,D
A,H,G,E,C,I,D,B,F
A,H,G,E,C,I,D,F,B
A,H,G,E,C,I,F,B,D
A,H,G,E,C,I,F,D,B
A,H,G,E,D,B,C,F,I
A,H,G,E,D,B,C,I,F
A,H,G,E,D,B,F,C,I
A,H,G,E,D,B,F,I,C
A,H,G,E,D,B,I,C,F
A,H,G,E,D,B,I,F,C
A,H,G,E,D,C,B,F,I
A,H,G,E,D,C,B,I,F
A,H,G,E,D,C,F,B,I
A,H,G,E,D,C,F,I,B
A,H,G,E,D,C,I,B,F
A,H,G,E,D,C,I,F,B
A,H,G,E,D,F,B,C,I
A,H,G,E,D,F,B,I,C
A,H,G,E,D,F,C,B,I
A,H,G,E,D,F,C,I,B
A,H,G,E,D,F,I,B,C
A,H,G,E,D,F,I,C,B
A,H,G,E,D,I,B,C,F
A,H,G,E,D,I,B,F,C
A,H,G,E,D,I,C,B,F
A,H,G,E,D,I,C,F,B
A,H,G,E,D,I,F,B,C
A,H,G,E,D,I,F,C,B
A,H,G,E,F,B,C,D,I
A,H,G,E,F,B,C,I,D
A,H,G,E,F,B,D,C,I
A,H,G,E,F,B,D,I,C
A,H,G,E,F,B,I,C,D
A,H,G,E,F,B,I,D,C
A,H,G,E,F,C,B,D,I
A,H,G,E,F,C,B,I,D
A,H,G,E,F,C,D,B,I
A,H,G,E,F,C,D,I,B
A,H,G,E,F,C,I,B,D
A,H,G,E,F,C,I,D,B
A,H,G,E,F,D,B,C,I
A,H,G,E,F,D,B,I,C
A,H,G,E,F,D,C,B,I
A,H,G,E,F,D,C,I,B
A,H,G,E,F,D,I,B,C
A,H,G,E,F,D,I,C,B
A,H,G,E,F,I,B,C,D
A,H,G,E,F,I,B,D,C
A,H,G,E,F,I,C,B,D
A,H,G,E,F,I,C,D,B
A,H,G,E,F,I,D,B,C
A,H,G,E,F,I,D,C,B
A,H,G,E,I,B,C,D,F
A,H,G,E,I,B,C,F,D
A,H,G,E,I,B,D,C,F
A,H,G,E,I,B,D,F,C
A,H,G,E,I,B,F,C,D
A,H,G,E,I,B,F,D,C
A,H,G,E,I,C,B,D,F
A,H,G,E,I,C,B,F,D
A,H,G,E,I,C,D,B,F
A,H,G,E,I,C,D,F,B
A,H,G,E,I,C,F,B,D
A,H,G,E,I,C,F,D,B
A,H,G,E,I,D,B,C,F
A,H,G,E,I,D,B,F,C
A,H,G,E,I,D,C,B,F
A,H,G,E,I,D,C,F,B
A,H,G,E,I,D,F,B,C
A,H,G,E,I,D,F,C,B
A,H,G,E,I,F,B,C,D
A,H,G,E,I,F,B,D,C
A,H,G,E,I,F,C,B,D
A,H,G,E,I,F,C,D,B
A,H,G,E,I,F,D,B,C
A,H,G,E,I,F,D,C,B
A,H,G,F,B,C,D,E,I
A,H,G,F,B,C,D,I,E
A,H,G,F,B,C,E,D,I
A,H,G,F,B,C,E,I,D
A,H,G,F,B,C,I,D,E
A,H,G,F,B,C,I,E,D
A,H,G,F,B,D,C,E,I
A,H,G,F,B,D,C,I,E
A,H,G,F,B,D,E,C,I
A,H,G,F,B,D,E,I,C
A,H,G,F,B,D,I,C,E
A,H,G,F,B,D,I,E,C
A,H,G,F,B,E,C,D,I
A,H,G,F,B,E,C,I,D
A,H,G,F,B,E,D,C,I
A,H,G,F,B,E,D,I,C
A,H,G,F,B,E,I,C,D
A,H,G,F,B,E,I,D,C
A,H,G,F,B,I,C,D,E
A,H,G,F,B,I,C,E,D
A,H,G,F,B,I,D,C,E
A,H,G,F,B,I,D,E,C
A,H,G,F,B,I,E,C,D
A,H,G,F,B,I,E,D,C
A,H,G,F,C,B,D,E,I
A,H,G,F,C,B,D,I,E
A,H,G,F,C,B,E,D,I
A,H,G,F,C,B,E,I,D
A,H,G,F,C,B,I,D,E
A,H,G,F,C,B,I,E,D
A,H,G,F,C,D,B,E,I
A,H,G,F,C,D,B,I,E
A,H,G,F,C,D,E,B,I
A,H,G,F,C,D,E,I,B
A,H,G,F,C,D,I,B,E
A,H,G,F,C,D,I,E,B
A,H,G,F,C,E,B,D,I
A,H,G,F,C,E,B,I,D
A,H,G,F,C,E,D,B,I
A,H,G,F,C,E,D,I,B
A,H,G,F,C,E,I,B,D
A,H,G,F,C,E,I,D,B
A,H,G,F,C,I,B,D,E
A,H,G,F,C,I,B,E,D
A,H,G,F,C,I,D,B,E
A,H,G,F,C,I,D,E,B
A,H,G,F,C,I,E,B,D
A,H,G,F,C,I,E,D,B
A,H,G,F,D,B,C,E,I
A,H,G,F,D,B,C,I,E
A,H,G,F,D,B,E,C,I
A,H,G,F,D,B,E,I,C
A,H,G,F,D,B,I,C,E
A,H,G,F,D,B,I,E,C
A,H,G,F,D,C,B,E,I
A,H,G,F,D,C,B,I,E
A,H,G,F,D,C,E,B,I
A,H,G,F,D,C,E,I,B
A,H,G,F,D,C,I,B,E
A,H,G,F,D,C,I,E,B
A,H,G,F,D,E,B,C,I
A,H,G,F,D,E,B,I,C
A,H,G,F,D,E,C,B,I
A,H,G,F,D,E,C,I,B
A,H,G,F,D,E,I,B,C
A,H,G,F,D,E,I,C,B
A,H,G,F,D,I,B,C,E
A,H,G,F,D,I,B,E,C
A,H,G,F,D,I,C,B,E
A,H,G,F,D,I,C,E,B
A,H,G,F,D,I,E,B,C
A,H,G,F,D,I,E,C,B
A,H,G,F,E,B,C,D,I
A,H,G,F,E,B,C,I,D
A,H,G,F,E,B,D,C,I
A,H,G,F,E,B,D,I,C
A,H,G,F,E,B,I,C,D
A,H,G,F,E,B,I,D,C
A,H,G,F,E,C,B,D,I
A,H,G,F,E,C,B,I,D
A,H,G,F,E,C,D,B,I
A,H,G,F,E,C,D,I,B
A,H,G,F,E,C,I,B,D
A,H,G,F,E,C,I,D,B
A,H,G,F,E,D,B,C,I
A,H,G,F,E,D,B,I,C
A,H,G,F,E,D,C,B,I
A,H,G,F,E,D,C,I,B
A,H,G,F,E,D,I,B,C
A,H,G,F,E,D,I,C,B
A,H,G,F,E,I,B,C,D
A,H,G,F,E,I,B,D,C
A,H,G,F,E,I,C,B,D
A,H,G,F,E,I,C,D,B
A,H,G,F,E,I,D,B,C
A,H,G,F,E,I,D,C,B
A,H,G,F,I,B,C,D,E
A,H,G,F,I,B,C,E,D
A,H,G,F,I,B,D,C,E
A,H,G,F,I,B,D,E,C
A,H,G,F,I,B,E,C,D
A,H,G,F,I,B,E,D,C
A,H,G,F,I,C,B,D,E
A,H,G,F,I,C,B,E,D
A,H,G,F,I,C,D,B,E
A,H,G,F,I,C,D,E,B
A,H,G,F,I,C,E,B,D
A,H,G,F,I,C,E,D,B
A,H,G,F,I,D,B,C,E
A,H,G,F,I,D,B,E,C
A,H,G,F,I,D,C,B,E
A,H,G,F,I,D,C,E,B
A,H,G,F,I,D,E,B,C
A,H,G,F,I,D,E,C,B
A,H,G,F,I,E,B,C,D
A,H,G,F,I,E,B,D,C
A,H,G,F,I,E,C,B,D
A,H,G,F,I,E,C,D,B
A,H,G,F,I,E,D,B,C
A,H,G,F,I,E,D,C,B
A,H,G,I,B,C,D,E,F
A,H,G,I,B,C,D,F,E
A,H,G,I,B,C,E,D,F
A,H,G,I,B,C,E,F,D
A,H,G,I,B,C,F,D,E
A,H,G,I,B,C,F,E,D
A,H,G,I,B,D,C,E,F
A,H,G,I,B,D,C,F,E
A,H,G,I,B,D,E,C,F
A,H,G,I,B,D,E,F,C
A,H,G,I,B,D,F,C,E
A,H,G,I,B,D,F,E,C
A,H,G,I,B,E,C,D,F
A,H,G,I,B,E,C,F,D
A,H,G,I,B,E,D,C,F
A,H,G,I,B,E,D,F,C
A,H,G,I,B,E,F,C,D
A,H,G,I,B,E,F,D,C
A,H,G,I,B,F,C,D,E
A,H,G,I,B,F,C,E,D
A,H,G,I,B,F,D,C,E
A,H,G,I,B,F,D,E,C
A,H,G,I,B,F,E,C,D
A,H,G,I,B,F,E,D,C
A,H,G,I,C,B,D,E,F
A,H,G,I,C,B,D,F,E
A,H,G,I,C,B,E,D,F
A,H,G,I,C,B,E,F,D
A,H,G,I,C,B,F,D,E
A,H,G,I,C,B,F,E,D
A,H,G,I,C,D,B,E,F
A,H,G,I,C,D,B,F,E
A,H,G,I,C,D,E,B,F
A,H,G,I,C,D,E,F,B
A,H,G,I,C,D,F,B,E
A,H,G,I,C,D,F,E,B
A,H,G,I,C,E,B,D,F
A,H,G,I,C,E,B,F,D
A,H,G,I,C,E,D,B,F
A,H,G,I,C,E,D,F,B
A,H,G,I,C,E,F,B,D
A,H,G,I,C,E,F,D,B
A,H,G,I,C,F,B,D,E
A,H,G,I,C,F,B,E,D
A,H,G,I,C,F,D,B,E
A,H,G,I,C,F,D,E,B
A,H,G,I,C,F,E,B,D
A,H,G,I,C,F,E,D,B
A,H,G,I,D,B,C,E,F
A,H,G,I,D,B,C,F,E
A,H,G,I,D,B,E,C,F
A,H,G,I,D,B,E,F,C
A,H,G,I,D,B,F,C,E
A,H,G,I,D,B,F,E,C
A,H,G,I,D,C,B,E,F
A,H,G,I,D,C,B,F,E
A,H,G,I,D,C,E,B,F
A,H,G,I,D,C,E,F,B
A,H,G,I,D,C,F,B,E
A,H,G,I,D,C,F,E,B
A,H,G,I,D,E,B,C,F
A,H,G,I,D,E,B,F,C
A,H,G,I,D,E,C,B,F
A,H,G,I,D,E,C,F,B
A,H,G,I,D,E,F,B,C
A,H,G,I,D,E,F,C,B
A,H,G,I,D,F,B,C,E
A,H,G,I,D,F,B,E,C
A,H,G,I,D,F,C,B,E
A,H,G,I,D,F,C,E,B
A,H,G,I,D,F,E,B,C
A,H,G,I,D,F,E,C,B
A,H,G,I,E,B,C,D,F
A,H,G,I,E,B,C,F,D
A,H,G,I,E,B,D,C,F
A,H,G,I,E,B,D,F,C
A,H,G,I,E,B,F,C,D
A,H,G,I,E,B,F,D,C
A,H,G,I,E,C,B,D,F
A,H,G,I,E,C,B,F,D
A,H,G,I,E,C,D,B,F
A,H,G,I,E,C,D,F,B
A,H,G,I,E,C,F,B,D
A,H,G,I,E,C,F,D,B
A,H,G,I,E,D,B,C,F
A,H,G,I,E,D,B,F,C
A,H,G,I,E,D,C,B,F
A,H,G,I,E,D,C,F,B
A,H,G,I,E,D,F,B,C
A,H,G,I,E,D,F,C,B
A,H,G,I,E,F,B,C,D
A,H,G,I,E,F,B,D,C
A,H,G,I,E,F,C,B,D
A,H,G,I,E,F,C,D,B
A,H,G,I,E,F,D,B,C
A,H,G,I,E,F,D,C,B
A,H,G,I,F,B,C,D,E
A,H,G,I,F,B,C,E,D
A,H,G,I,F,B,D,C,E
A,H,G,I,F,B,D,E,C
A,H,G,I,F,B,E,C,D
A,H,G,I,F,B,E,D,C
A,H,G,I,F,C,B,D,E
A,H,G,I,F,C,B,E,D
A,H,G,I,F,C,D,B,E
A,H,G,I,F,C,D,E,B
A,H,G,I,F,C,E,B,D
A,H,G,I,F,C,E,D,B
A,H,G,I,F,D,B,C,E
A,H,G,I,F,D,B,E,C
A,H,G,I,F,D,C,B,E
A,H,G,I,F,D,C,E,B
A,H,G,I,F,D,E,B,C
A,H,G,I,F,D,E,C,B
A,H,G,I,F,E,B,C,D
A,H,G,I,F,E,B,D,C
A,H,G,I,F,E,C,B,D
A,H,G,I,F,E,C,D,B
A,H,G,I,F,E,D,B,C
A,H,G,I,F,E,D,C,B
A,H,I,B,C,D,E,F,G
A,H,I,B,C,D,E,G,F
A,H,I,B,C,D,F,E,G
A,H,I,B,C,D,F,G,E
A,H,I,B,C,D,G,E,F
A,H,I,B,C,D,G,F,E
A,H,I,B,C,E,D,F,G
A,H,I,B,C,E,D,G,F
A,H,I,B,C,E,F,D,G
A,H,I,B,C,E,F,G,D
A,H,I,B,C,E,G,D,F
A,H,I,B,C,E,G,F,D
A,H,I,B,C,F,D,E,G
A,H,I,B,C,F,D,G,E
A,H,I,B,C,F,E,D,G
A,H,I,B,C,F,E,G,D
A,H,I,B,C,F,G,D,E
A,H,I,B,C,F,G,E,D
A,H,I,B,C,G,D,E,F
A,H,I,B,C,G,D,F,E
A,H,I,B,C,G,E,D,F
A,H,I,B,C,G,E,F,D
A,H,I,B,C,G,F,D,E
A,H,I,B,C,G,F,E,D
A,H,I,B,D,C,E,F,G
A,H,I,B,D,C,E,G,F
A,H,I,B,D,C,F,E,G
A,H,I,B,D,C,F,G,E
A,H,I,B,D,C,G,E,F
A,H,I,B,D,C,G,F,E
A,H,I,B,D,E,C,F,G
A,H,I,B,D,E,C,G,F
A,H,I,B,D,E,F,C,G
A,H,I,B,D,E,F,G,C
A,H,I,B,D,E,G,C,F
A,H,I,B,D,E,G,F,C
A,H,I,B,D,F,C,E,G
A,H,I,B,D,F,C,G,E
A,H,I,B,D,F,E,C,G
A,H,I,B,D,F,E,G,C
A,H,I,B,D,F,G,C,E
A,H,I,B,D,F,G,E,C
A,H,I,B,D,G,C,E,F
A,H,I,B,D,G,C,F,E
A,H,I,B,D,G,E,C,F
A,H,I,B,D,G,E,F,C
A,H,I,B,D,G,F,C,E
A,H,I,B,D,G,F,E,C
A,H,I,B,E,C,D,F,G
A,H,I,B,E,C,D,G,F
A,H,I,B,E,C,F,D,G
A,H,I,B,E,C,F,G,D
A,H,I,B,E,C,G,D,F
A,H,I,B,E,C,G,F,D
A,H,I,B,E,D,C,F,G
A,H,I,B,E,D,C,G,F
A,H,I,B,E,D,F,C,G
A,H,I,B,E,D,F,G,C
A,H,I,B,E,D,G,C,F
A,H,I,B,E,D,G,F,C
A,H,I,B,E,F,C,D,G
A,H,I,B,E,F,C,G,D
A,H,I,B,E,F,D,C,G
A,H,I,B,E,F,D,G,C
A,H,I,B,E,F,G,C,D
A,H,I,B,E,F,G,D,C
A,H,I,B,E,G,C,D,F
A,H,I,B,E,G,C,F,D
A,H,I,B,E,G,D,C,F
A,H,I,B,E,G,D,F,C
A,H,I,B,E,G,F,C,D
A,H,I,B,E,G,F,D,C
A,H,I,B,F,C,D,E,G
A,H,I,B,F,C,D,G,E
A,H,I,B,F,C,E,D,G
A,H,I,B,F,C,E,G,D
A,H,I,B,F,C,G,D,E
A,H,I,B,F,C,G,E,D
A,H,I,B,F,D,C,E,G
A,H,I,B,F,D,C,G,E
A,H,I,B,F,D,E,C,G
A,H,I,B,F,D,E,G,C
A,H,I,B,F,D,G,C,E
A,H,I,B,F,D,G,E,C
A,H,I,B,F,E,C,D,G
A,H,I,B,F,E,C,G,D
A,H,I,B,F,E,D,C,G
A,H,I,B,F,E,D,G,C
A,H,I,B,F,E,G,C,D
A,H,I,B,F,E,G,D,C
A,H,I,B,F,G,C,D,E
A,H,I,B,F,G,C,E,D
A,H,I,B,F,G,D,C,E
A,H,I,B,F,G,D,E,C
A,H,I,B,F,G,E,C,D
A,H,I,B,F,G,E,D,C
A,H,I,B,G,C,D,E,F
A,H,I,B,G,C,D,F,E
A,H,I,B,G,C,E,D,F
A,H,I,B,G,C,E,F,D
A,H,I,B,G,C,F,D,E
A,H,I,B,G,C,F,E,D
A,H,I,B,G,D,C,E,F
A,H,I,B,G,D,C,F,E
A,H,I,B,G,D,E,C,F
A,H,I,B,G,D,E,F,C
A,H,I,B,G,D,F,C,E
A,H,I,B,G,D,F,E,C
A,H,I,B,G,E,C,D,F
A,H,I,B,G,E,C,F,D
A,H,I,B,G,E,D,C,F
A,H,I,B,G,E,D,F,C
A,H,I,B,G,E,F,C,D
A,H,I,B,G,E,F,D,C
A,H,I,B,G,F,C,D,E
A,H,I,B,G,F,C,E,D
A,H,I,B,G,F,D,C,E
A,H,I,B,G,F,D,E,C
A,H,I,B,G,F,E,C,D
A,H,I,B,G,F,E,D,C
A,H,I,C,B,D,E,F,G
A,H,I,C,B,D,E,G,F
A,H,I,C,B,D,F,E,G
A,H,I,C,B,D,F,G,E
A,H,I,C,B,D,G,E,F
A,H,I,C,B,D,G,F,E
A,H,I,C,B,E,D,F,G
A,H,I,C,B,E,D,G,F
A,H,I,C,B,E,F,D,G
A,H,I,C,B,E,F,G,D
A,H,I,C,B,E,G,D,F
A,H,I,C,B,E,G,F,D
A,H,I,C,B,F,D,E,G
A,H,I,C,B,F,D,G,E
A,H,I,C,B,F,E,D,G
A,H,I,C,B,F,E,G,D
A,H,I,C,B,F,G,D,E
A,H,I,C,B,F,G,E,D
A,H,I,C,B,G,D,E,F
A,H,I,C,B,G,D,F,E
A,H,I,C,B,G,E,D,F
A,H,I,C,B,G,E,F,D
A,H,I,C,B,G,F,D,E
A,H,I,C,B,G,F,E,D
A,H,I,C,D,B,E,F,G
A,H,I,C,D,B,E,G,F
A,H,I,C,D,B,F,E,G
A,H,I,C,D,B,F,G,E
A,H,I,C,D,B,G,E,F
A,H,I,C,D,B,G,F,E
A,H,I,C,D,E,B,F,G
A,H,I,C,D,E,B,G,F
A,H,I,C,D,E,F,B,G
A,H,I,C,D,E,F,G,B
A,H,I,C,D,E,G,B,F
A,H,I,C,D,E,G,F,B
A,H,I,C,D,F,B,E,G
A,H,I,C,D,F,B,G,E
A,H,I,C,D,F,E,B,G
A,H,I,C,D,F,E,G,B
A,H,I,C,D,F,G,B,E
A,H,I,C,D,F,G,E,B
A,H,I,C,D,G,B,E,F
A,H,I,C,D,G,B,F,E
A,H,I,C,D,G,E,B,F
A,H,I,C,D,G,E,F,B
A,H,I,C,D,G,F,B,E
A,H,I,C,D,G,F,E,B
A,H,I,C,E,B,D,F,G
A,H,I,C,E,B,D,G,F
A,H,I,C,E,B,F,D,G
A,H,I,C,E,B,F,G,D
A,H,I,C,E,B,G,D,F
A,H,I,C,E,B,G,F,D
A,H,I,C,E,D,B,F,G
A,H,I,C,E,D,B,G,F
A,H,I,C,E,D,F,B,G
A,H,I,C,E,D,F,G,B
A,H,I,C,E,D,G,B,F
A,H,I,C,E,D,G,F,B
A,H,I,C,E,F,B,D,G
A,H,I,C,E,F,B,G,D
A,H,I,C,E,F,D,B,G
A,H,I,C,E,F,D,G,B
A,H,I,C,E,F,G,B,D
A,H,I,C,E,F,G,D,B
A,H,I,C,E,G,B,D,F
A,H,I,C,E,G,B,F,D
A,H,I,C,E,G,D,B,F
A,H,I,C,E,G,D,F,B
A,H,I,C,E,G,F,B,D
A,H,I,C,E,G,F,D,B
A,H,I,C,F,B,D,E,G
A,H,I,C,F,B,D,G,E
A,H,I,C,F,B,E,D,G
A,H,I,C,F,B,E,G,D
A,H,I,C,F,B,G,D,E
A,H,I,C,F,B,G,E,D
A,H,I,C,F,D,B,E,G
A,H,I,C,F,D,B,G,E
A,H,I,C,F,D,E,B,G
A,H,I,C,F,D,E,G,B
A,H,I,C,F,D,G,B,E
A,H,I,C,F,D,G,E,B
A,H,I,C,F,E,B,D,G
A,H,I,C,F,E,B,G,D
A,H,I,C,F,E,D,B,G
A,H,I,C,F,E,D,G,B
A,H,I,C,F,E,G,B,D
A,H,I,C,F,E,G,D,B
A,H,I,C,F,G,B,D,E
A,H,I,C,F,G,B,E,D
A,H,I,C,F,G,D,B,E
A,H,I,C,F,G,D,E,B
A,H,I,C,F,G,E,B,D
A,H,I,C,F,G,E,D,B
A,H,I,C,G,B,D,E,F
A,H,I,C,G,B,D,F,E
A,H,I,C,G,B,E,D,F
A,H,I,C,G,B,E,F,D
A,H,I,C,G,B,F,D,E
A,H,I,C,G,B,F,E,D
A,H,I,C,G,D,B,E,F
A,H,I,C,G,D,B,F,E
A,H,I,C,G,D,E,B,F
A,H,I,C,G,D,E,F,B
A,H,I,C,G,D,F,B,E
A,H,I,C,G,D,F,E,B
A,H,I,C,G,E,B,D,F
A,H,I,C,G,E,B,F,D
A,H,I,C,G,E,D,B,F
A,H,I,C,G,E,D,F,B
A,H,I,C,G,E,F,B,D
A,H,I,C,G,E,F,D,B
A,H,I,C,G,F,B,D,E
A,H,I,C,G,F,B,E,D
A,H,I,C,G,F,D,B,E
A,H,I,C,G,F,D,E,B
A,H,I,C,G,F,E,B,D
A,H,I,C,G,F,E,D,B
A,H,I,D,B,C,E,F,G
A,H,I,D,B,C,E,G,F
A,H,I,D,B,C,F,E,G
A,H,I,D,B,C,F,G,E
A,H,I,D,B,C,G,E,F
A,H,I,D,B,C,G,F,E
A,H,I,D,B,E,C,F,G
A,H,I,D,B,E,C,G,F
A,H,I,D,B,E,F,C,G
A,H,I,D,B,E,F,G,C
A,H,I,D,B,E,G,C,F
A,H,I,D,B,E,G,F,C
A,H,I,D,B,F,C,E,G
A,H,I,D,B,F,C,G,E
A,H,I,D,B,F,E,C,G
A,H,I,D,B,F,E,G,C
A,H,I,D,B,F,G,C,E
A,H,I,D,B,F,G,E,C
A,H,I,D,B,G,C,E,F
A,H,I,D,B,G,C,F,E
A,H,I,D,B,G,E,C,F
A,H,I,D,B,G,E,F,C
A,H,I,D,B,G,F,C,E
A,H,I,D,B,G,F,E,C
A,H,I,D,C,B,E,F,G
A,H,I,D,C,B,E,G,F
A,H,I,D,C,B,F,E,G
A,H,I,D,C,B,F,G,E
A,H,I,D,C,B,G,E,F
A,H,I,D,C,B,G,F,E
A,H,I,D,C,E,B,F,G
A,H,I,D,C,E,B,G,F
A,H,I,D,C,E,F,B,G
A,H,I,D,C,E,F,G,B
A,H,I,D,C,E,G,B,F
A,H,I,D,C,E,G,F,B
A,H,I,D,C,F,B,E,G
A,H,I,D,C,F,B,G,E
A,H,I,D,C,F,E,B,G
A,H,I,D,C,F,E,G,B
A,H,I,D,C,F,G,B,E
A,H,I,D,C,F,G,E,B
A,H,I,D,C,G,B,E,F
A,H,I,D,C,G,B,F,E
A,H,I,D,C,G,E,B,F
A,H,I,D,C,G,E,F,B
A,H,I,D,C,G,F,B,E
A,H,I,D,C,G,F,E,B
A,H,I,D,E,B,C,F,G
A,H,I,D,E,B,C,G,F
A,H,I,D,E,B,F,C,G
A,H,I,D,E,B,F,G,C
A,H,I,D,E,B,G,C,F
A,H,I,D,E,B,G,F,C
A,H,I,D,E,C,B,F,G
A,H,I,D,E,C,B,G,F
A,H,I,D,E,C,F,B,G
A,H,I,D,E,C,F,G,B
A,H,I,D,E,C,G,B,F
A,H,I,D,E,C,G,F,B
A,H,I,D,E,F,B,C,G
A,H,I,D,E,F,B,G,C
A,H,I,D,E,F,C,B,G
A,H,I,D,E,F,C,G,B
A,H,I,D,E,F,G,B,C
A,H,I,D,E,F,G,C,B
A,H,I,D,E,G,B,C,F
A,H,I,D,E,G,B,F,C
A,H,I,D,E,G,C,B,F
A,H,I,D,E,G,C,F,B
A,H,I,D,E,G,F,B,C
A,H,I,D,E,G,F,C,B
A,H,I,D,F,B,C,E,G
A,H,I,D,F,B,C,G,E
A,H,I,D,F,B,E,C,G
A,H,I,D,F,B,E,G,C
A,H,I,D,F,B,G,C,E
A,H,I,D,F,B,G,E,C
A,H,I,D,F,C,B,E,G
A,H,I,D,F,C,B,G,E
A,H,I,D,F,C,E,B,G
A,H,I,D,F,C,E,G,B
A,H,I,D,F,C,G,B,E
A,H,I,D,F,C,G,E,B
A,H,I,D,F,E,B,C,G
A,H,I,D,F,E,B,G,C
A,H,I,D,F,E,C,B,G
A,H,I,D,F,E,C,G,B
A,H,I,D,F,E,G,B,C
A,H,I,D,F,E,G,C,B
A,H,I,D,F,G,B,C,E
A,H,I,D,F,G,B,E,C
A,H,I,D,F,G,C,B,E
A,H,I,D,F,G,C,E,B
A,H,I,D,F,G,E,B,C
A,H,I,D,F,G,E,C,B
A,H,I,D,G,B,C,E,F
A,H,I,D,G,B,C,F,E
A,H,I,D,G,B,E,C,F
A,H,I,D,G,B,E,F,C
A,H,I,D,G,B,F,C,E
A,H,I,D,G,B,F,E,C
A,H,I,D,G,C,B,E,F
A,H,I,D,G,C,B,F,E
A,H,I,D,G,C,E,B,F
A,H,I,D,G,C,E,F,B
A,H,I,D,G,C,F,B,E
A,H,I,D,G,C,F,E,B
A,H,I,D,G,E,B,C,F
A,H,I,D,G,E,B,F,C
A,H,I,D,G,E,C,B,F
A,H,I,D,G,E,C,F,B
A,H,I,D,G,E,F,B,C
A,H,I,D,G,E,F,C,B
A,H,I,D,G,F,B,C,E
A,H,I,D,G,F,B,E,C
A,H,I,D,G,F,C,B,E
A,H,I,D,G,F,C,E,B
A,H,I,D,G,F,E,B,C
A,H,I,D,G,F,E,C,B
A,H,I,E,B,C,D,F,G
A,H,I,E,B,C,D,G,F
A,H,I,E,B,C,F,D,G
A,H,I,E,B,C,F,G,D
A,H,I,E,B,C,G,D,F
A,H,I,E,B,C,G,F,D
A,H,I,E,B,D,C,F,G
A,H,I,E,B,D,C,G,F
A,H,I,E,B,D,F,C,G
A,H,I,E,B,D,F,G,C
A,H,I,E,B,D,G,C,F
A,H,I,E,B,D,G,F,C
A,H,I,E,B,F,C,D,G
A,H,I,E,B,F,C,G,D
A,H,I,E,B,F,D,C,G
A,H,I,E,B,F,D,G,C
A,H,I,E,B,F,G,C,D
A,H,I,E,B,F,G,D,C
A,H,I,E,B,G,C,D,F
A,H,I,E,B,G,C,F,D
A,H,I,E,B,G,D,C,F
A,H,I,E,B,G,D,F,C
A,H,I,E,B,G,F,C,D
A,H,I,E,B,G,F,D,C
A,H,I,E,C,B,D,F,G
A,H,I,E,C,B,D,G,F
A,H,I,E,C,B,F,D,G
A,H,I,E,C,B,F,G,D
A,H,I,E,C,B,G,D,F
A,H,I,E,C,B,G,F,D
A,H,I,E,C,D,B,F,G
A,H,I,E,C,D,B,G,F
A,H,I,E,C,D,F,B,G
A,H,I,E,C,D,F,G,B
A,H,I,E,C,D,G,B,F
A,H,I,E,C,D,G,F,B
A,H,I,E,C,F,B,D,G
A,H,I,E,C,F,B,G,D
A,H,I,E,C,F,D,B,G
A,H,I,E,C,F,D,G,B
A,H,I,E,C,F,G,B,D
A,H,I,E,C,F,G,D,B
A,H,I,E,C,G,B,D,F
A,H,I,E,C,G,B,F,D
A,H,I,E,C,G,D,B,F
A,H,I,E,C,G,D,F,B
A,H,I,E,C,G,F,B,D
A,H,I,E,C,G,F,D,B
A,H,I,E,D,B,C,F,G
A,H,I,E,D,B,C,G,F
A,H,I,E,D,B,F,C,G
A,H,I,E,D,B,F,G,C
A,H,I,E,D,B,G,C,F
A,H,I,E,D,B,G,F,C
A,H,I,E,D,C,B,F,G
A,H,I,E,D,C,B,G,F
A,H,I,E,D,C,F,B,G
A,H,I,E,D,C,F,G,B
A,H,I,E,D,C,G,B,F
A,H,I,E,D,C,G,F,B
A,H,I,E,D,F,B,C,G
A,H,I,E,D,F,B,G,C
A,H,I,E,D,F,C,B,G
A,H,I,E,D,F,C,G,B
A,H,I,E,D,F,G,B,C
A,H,I,E,D,F,G,C,B
A,H,I,E,D,G,B,C,F
A,H,I,E,D,G,B,F,C
A,H,I,E,D,G,C,B,F
A,H,I,E,D,G,C,F,B
A,H,I,E,D,G,F,B,C
A,H,I,E,D,G,F,C,B
A,H,I,E,F,B,C,D,G
A,H,I,E,F,B,C,G,D
A,H,I,E,F,B,D,C,G
A,H,I,E,F,B,D,G,C
A,H,I,E,F,B,G,C,D
A,H,I,E,F,B,G,D,C
A,H,I,E,F,C,B,D,G
A,H,I,E,F,C,B,G,D
A,H,I,E,F,C,D,B,G
A,H,I,E,F,C,D,G,B
A,H,I,E,F,C,G,B,D
A,H,I,E,F,C,G,D,B
A,H,I,E,F,D,B,C,G
A,H,I,E,F,D,B,G,C
A,H,I,E,F,D,C,B,G
A,H,I,E,F,D,C,G,B
A,H,I,E,F,D,G,B,C
A,H,I,E,F,D,G,C,B
A,H,I,E,F,G,B,C,D
A,H,I,E,F,G,B,D,C
A,H,I,E,F,G,C,B,D
A,H,I,E,F,G,C,D,B
A,H,I,E,F,G,D,B,C
A,H,I,E,F,G,D,C,B
A,H,I,E,G,B,C,D,F
A,H,I,E,G,B,C,F,D
A,H,I,E,G,B,D,C,F
A,H,I,E,G,B,D,F,C
A,H,I,E,G,B,F,C,D
A,H,I,E,G,B,F,D,C
A,H,I,E,G,C,B,D,F
A,H,I,E,G,C,B,F,D
A,H,I,E,G,C,D,B,F
A,H,I,E,G,C,D,F,B
A,H,I,E,G,C,F,B,D
A,H,I,E,G,C,F,D,B
A,H,I,E,G,D,B,C,F
A,H,I,E,G,D,B,F,C
A,H,I,E,G,D,C,B,F
A,H,I,E,G,D,C,F,B
A,H,I,E,G,D,F,B,C
A,H,I,E,G,D,F,C,B
A,H,I,E,G,F,B,C,D
A,H,I,E,G,F,B,D,C
A,H,I,E,G,F,C,B,D
A,H,I,E,G,F,C,D,B
A,H,I,E,G,F,D,B,C
A,H,I,E,G,F,D,C,B
A,H,I,F,B,C,D,E,G
A,H,I,F,B,C,D,G,E
A,H,I,F,B,C,E,D,G
A,H,I,F,B,C,E,G,D
A,H,I,F,B,C,G,D,E
A,H,I,F,B,C,G,E,D
A,H,I,F,B,D,C,E,G
A,H,I,F,B,D,C,G,E
A,H,I,F,B,D,E,C,G
A,H,I,F,B,D,E,G,C
A,H,I,F,B,D,G,C,E
A,H,I,F,B,D,G,E,C
A,H,I,F,B,E,C,D,G
A,H,I,F,B,E,C,G,D
A,H,I,F,B,E,D,C,G
A,H,I,F,B,E,D,G,C
A,H,I,F,B,E,G,C,D
A,H,I,F,B,E,G,D,C
A,H,I,F,B,G,C,D,E
A,H,I,F,B,G,C,E,D
A,H,I,F,B,G,D,C,E
A,H,I,F,B,G,D,E,C
A,H,I,F,B,G,E,C,D
A,H,I,F,B,G,E,D,C
A,H,I,F,C,B,D,E,G
A,H,I,F,C,B,D,G,E
A,H,I,F,C,B,E,D,G
A,H,I,F,C,B,E,G,D
A,H,I,F,C,B,G,D,E
A,H,I,F,C,B,G,E,D
A,H,I,F,C,D,B,E,G
A,H,I,F,C,D,B,G,E
A,H,I,F,C,D,E,B,G
A,H,I,F,C,D,E,G,B
A,H,I,F,C,D,G,B,E
A,H,I,F,C,D,G,E,B
A,H,I,F,C,E,B,D,G
A,H,I,F,C,E,B,G,D
A,H,I,F,C,E,D,B,G
A,H,I,F,C,E,D,G,B
A,H,I,F,C,E,G,B,D
A,H,I,F,C,E,G,D,B
A,H,I,F,C,G,B,D,E
A,H,I,F,C,G,B,E,D
A,H,I,F,C,G,D,B,E
A,H,I,F,C,G,D,E,B
A,H,I,F,C,G,E,B,D
A,H,I,F,C,G,E,D,B
A,H,I,F,D,B,C,E,G
A,H,I,F,D,B,C,G,E
A,H,I,F,D,B,E,C,G
A,H,I,F,D,B,E,G,C
A,H,I,F,D,B,G,C,E
A,H,I,F,D,B,G,E,C
A,H,I,F,D,C,B,E,G
A,H,I,F,D,C,B,G,E
A,H,I,F,D,C,E,B,G
A,H,I,F,D,C,E,G,B
A,H,I,F,D,C,G,B,E
A,H,I,F,D,C,G,E,B
A,H,I,F,D,E,B,C,G
A,H,I,F,D,E,B,G,C
A,H,I,F,D,E,C,B,G
A,H,I,F,D,E,C,G,B
A,H,I,F,D,E,G,B,C
A,H,I,F,D,E,G,C,B
A,H,I,F,D,G,B,C,E
A,H,I,F,D,G,B,E,C
A,H,I,F,D,G,C,B,E
A,H,I,F,D,G,C,E,B
A,H,I,F,D,G,E,B,C
A,H,I,F,D,G,E,C,B
A,H,I,F,E,B,C,D,G
A,H,I,F,E,B,C,G,D
A,H,I,F,E,B,D,C,G
A,H,I,F,E,B,D,G,C
A,H,I,F,E,B,G,C,D
A,H,I,F,E,B,G,D,C
A,H,I,F,E,C,B,D,G
A,H,I,F,E,C,B,G,D
A,H,I,F,E,C,D,B,G
A,H,I,F,E,C,D,G,B
A,H,I,F,E,C,G,B,D
A,H,I,F,E,C,G,D,B
A,H,I,F,E,D,B,C,G
A,H,I,F,E,D,B,G,C
A,H,I,F,E,D,C,B,G
A,H,I,F,E,D,C,G,B
A,H,I,F,E,D,G,B,C
A,H,I,F,E,D,G,C,B
A,H,I,F,E,G,B,C,D
A,H,I,F,E,G,B,D,C
A,H,I,F,E,G,C,B,D
A,H,I,F,E,G,C,D,B
A,H,I,F,E,G,D,B,C
A,H,I,F,E,G,D,C,B
A,H,I,F,G,B,C,D,E
A,H,I,F,G,B,C,E,D
A,H,I,F,G,B,D,C,E
A,H,I,F,G,B,D,E,C
A,H,I,F,G,B,E,C,D
A,H,I,F,G,B,E,D,C
A,H,I,F,G,C,B,D,E
A,H,I,F,G,C,B,E,D
A,H,I,F,G,C,D,B,E
A,H,I,F,G,C,D,E,B
A,H,I,F,G,C,E,B,D
A,H,I,F,G,C,E,D,B
A,H,I,F,G,D,B,C,E
A,H,I,F,G,D,B,E,C
A,H,I,F,G,D,C,B,E
A,H,I,F,G,D,C,E,B
A,H,I,F,G,D,E,B,C
A,H,I,F,G,D,E,C,B
A,H,I,F,G,E,B,C,D
A,H,I,F,G,E,B,D,C
A,H,I,F,G,E,C,B,D
A,H,I,F,G,E,C,D,B
A,H,I,F,G,E,D,B,C
A,H,I,F,G,E,D,C,B
A,H,I,G,B,C,D,E,F
A,H,I,G,B,C,D,F,E
A,H,I,G,B,C,E,D,F
A,H,I,G,B,C,E,F,D
A,H,I,G,B,C,F,D,E
A,H,I,G,B,C,F,E,D
A,H,I,G,B,D,C,E,F
A,H,I,G,B,D,C,F,E
A,H,I,G,B,D,E,C,F
A,H,I,G,B,D,E,F,C
A,H,I,G,B,D,F,C,E
A,H,I,G,B,D,F,E,C
A,H,I,G,B,E,C,D,F
A,H,I,G,B,E,C,F,D
A,H,I,G,B,E,D,C,F
A,H,I,G,B,E,D,F,C
A,H,I,G,B,E,F,C,D
A,H,I,G,B,E,F,D,C
A,H,I,G,B,F,C,D,E
A,H,I,G,B,F,C,E,D
A,H,I,G,B,F,D,C,E
A,H,I,G,B,F,D,E,C
A,H,I,G,B,F,E,C,D
A,H,I,G,B,F,E,D,C
A,H,I,G,C,B,D,E,F
A,H,I,G,C,B,D,F,E
A,H,I,G,C,B,E,D,F
A,H,I,G,C,B,E,F,D
A,H,I,G,C,B,F,D,E
A,H,I,G,C,B,F,E,D
A,H,I,G,C,D,B,E,F
A,H,I,G,C,D,B,F,E
A,H,I,G,C,D,E,B,F
A,H,I,G,C,D,E,F,B
A,H,I,G,C,D,F,B,E
A,H,I,G,C,D,F,E,B
A,H,I,G,C,E,B,D,F
A,H,I,G,C,E,B,F,D
A,H,I,G,C,E,D,B,F
A,H,I,G,C,E,D,F,B
A,H,I,G,C,E,F,B,D
A,H,I,G,C,E,F,D,B
A,H,I,G,C,F,B,D,E
A,H,I,G,C,F,B,E,D
A,H,I,G,C,F,D,B,E
A,H,I,G,C,F,D,E,B
A,H,I,G,C,F,E,B,D
A,H,I,G,C,F,E,D,B
A,H,I,G,D,B,C,E,F
A,H,I,G,D,B,C,F,E
A,H,I,G,D,B,E,C,F
A,H,I,G,D,B,E,F,C
A,H,I,G,D,B,F,C,E
A,H,I,G,D,B,F,E,C
A,H,I,G,D,C,B,E,F
A,H,I,G,D,C,B,F,E
A,H,I,G,D,C,E,B,F
A,H,I,G,D,C,E,F,B
A,H,I,G,D,C,F,B,E
A,H,I,G,D,C,F,E,B
A,H,I,G,D,E,B,C,F
A,H,I,G,D,E,B,F,C
A,H,I,G,D,E,C,B,F
A,H,I,G,D,E,C,F,B
A,H,I,G,D,E,F,B,C
A,H,I,G,D,E,F,C,B
A,H,I,G,D,F,B,C,E
A,H,I,G,D,F,B,E,C
A,H,I,G,D,F,C,B,E
A,H,I,G,D,F,C,E,B
A,H,I,G,D,F,E,B,C
A,H,I,G,D,F,E,C,B
A,H,I,G,E,B,C,D,F
A,H,I,G,E,B,C,F,D
A,H,I,G,E,B,D,C,F
A,H,I,G,E,B,D,F,C
A,H,I,G,E,B,F,C,D
A,H,I,G,E,B,F,D,C
A,H,I,G,E,C,B,D,F
A,H,I,G,E,C,B,F,D
A,H,I,G,E,C,D,B,F
A,H,I,G,E,C,D,F,B
A,H,I,G,E,C,F,B,D
A,H,I,G,E,C,F,D,B
A,H,I,G,E,D,B,C,F
A,H,I,G,E,D,B,F,C
A,H,I,G,E,D,C,B,F
A,H,I,G,E,D,C,F,B
A,H,I,G,E,D,F,B,C
A,H,I,G,E,D,F,C,B
A,H,I,G,E,F,B,C,D
A,H,I,G,E,F,B,D,C
A,H,I,G,E,F,C,B,D
A,H,I,G,E,F,C,D,B
A,H,I,G,E,F,D,B,C
A,H,I,G,E,F,D,C,B
A,H,I,G,F,B,C,D,E
A,H,I,G,F,B,C,E,D
A,H,I,G,F,B,D,C,E
A,H,I,G,F,B,D,E,C
A,H,I,G,F,B,E,C,D
A,H,I,G,F,B,E,D,C
A,H,I,G,F,C,B,D,E
A,H,I,G,F,C,B,E,D
A,H,I,G,F,C,D,B,E
A,H,I,G,F,C,D,E,B
A,H,I,G,F,C,E,B,D
A,H,I,G,F,C,E,D,B
A,H,I,G,F,D,B,C,E
A,H,I,G,F,D,B,E,C
A,H,I,G,F,D,C,B,E
A,H,I,G,F,D,C,E,B
A,H,I,G,F,D,E,B,C
A,H,I,G,F,D,E,C,B
A,H,I,G,F,E,B,C,D
A,H,I,G,F,E,B,D,C
A,H,I,G,F,E,C,B,D
A,H,I,G,F,E,C,D,B
A,H,I,G,F,E,D,B,C
A,H,I,G,F,E,D,C,B
A,I,B,C,D,E,F,G,H
A,I,B,C,D,E,F,H,G
A,I,B,C,D,E,G,F,H
A,I,B,C,D,E,G,H,F
A,I,B,C,D,E,H,F,G
A,I,B,C,D,E,H,G,F
A,I,B,C,D,F,E,G,H
A,I,B,C,D,F,E,H,G
A,I,B,C,D,F,G,E,H
A,I,B,C,D,F,G,H,E
A,I,B,C,D,F,H,E,G
A,I,B,C,D,F,H,G,E
A,I,B,C,D,G,E,F,H
A,I,B,C,D,G,E,H,F
A,I,B,C,D,G,F,E,H
A,I,B,C,D,G,F,H,E
A,I,B,C,D,G,H,E,F
A,I,B,C,D,G,H,F,E
A,I,B,C,D,H,E,F,G
A,I,B,C,D,H,E,G,F
A,I,B,C,D,H,F,E,G
A,I,B,C,D,H,F,G,E
A,I,B,C,D,H,G,E,F
A,I,B,C,D,H,G,F,E
A,I,B,C,E,D,F,G,H
A,I,B,C,E,D,F,H,G
A,I,B,C,E,D,G,F,H
A,I,B,C,E,D,G,H,F
A,I,B,C,E,D,H,F,G
A,I,B,C,E,D,H,G,F
A,I,B,C,E,F,D,G,H
A,I,B,C,E,F,D,H,G
A,I,B,C,E,F,G,D,H
A,I,B,C,E,F,G,H,D
A,I,B,C,E,F,H,D,G
A,I,B,C,E,F,H,G,D
A,I,B,C,E,G,D,F,H
A,I,B,C,E,G,D,H,F
A,I,B,C,E,G,F,D,H
A,I,B,C,E,G,F,H,D
A,I,B,C,E,G,H,D,F
A,I,B,C,E,G,H,F,D
A,I,B,C,E,H,D,F,G
A,I,B,C,E,H,D,G,F
A,I,B,C,E,H,F,D,G
A,I,B,C,E,H,F,G,D
A,I,B,C,E,H,G,D,F
A,I,B,C,E,H,G,F,D
A,I,B,C,F,D,E,G,H
A,I,B,C,F,D,E,H,G
A,I,B,C,F,D,G,E,H
A,I,B,C,F,D,G,H,E
A,I,B,C,F,D,H,E,G
A,I,B,C,F,D,H,G,E
A,I,B,C,F,E,D,G,H
A,I,B,C,F,E,D,H,G
A,I,B,C,F,E,G,D,H
A,I,B,C,F,E,G,H,D
A,I,B,C,F,E,H,D,G
A,I,B,C,F,E,H,G,D
A,I,B,C,F,G,D,E,H
A,I,B,C,F,G,D,H,E
A,I,B,C,F,G,E,D,H
A,I,B,C,F,G,E,H,D
A,I,B,C,F,G,H,D,E
A,I,B,C,F,G,H,E,D
A,I,B,C,F,H,D,E,G
A,I,B,C,F,H,D,G,E
A,I,B,C,F,H,E,D,G
A,I,B,C,F,H,E,G,D
A,I,B,C,F,H,G,D,E
A,I,B,C,F,H,G,E,D
A,I,B,C,G,D,E,F,H
A,I,B,C,G,D,E,H,F
A,I,B,C,G,D,F,E,H
A,I,B,C,G,D,F,H,E
A,I,B,C,G,D,H,E,F
A,I,B,C,G,D,H,F,E
A,I,B,C,G,E,D,F,H
A,I,B,C,G,E,D,H,F
A,I,B,C,G,E,F,D,H
A,I,B,C,G,E,F,H,D
A,I,B,C,G,E,H,D,F
A,I,B,C,G,E,H,F,D
A,I,B,C,G,F,D,E,H
A,I,B,C,G,F,D,H,E
A,I,B,C,G,F,E,D,H
A,I,B,C,G,F,E,H,D
A,I,B,C,G,F,H,D,E
A,I,B,C,G,F,H,E,D
A,I,B,C,G,H,D,E,F
A,I,B,C,G,H,D,F,E
A,I,B,C,G,H,E,D,F
A,I,B,C,G,H,E,F,D
A,I,B,C,G,H,F,D,E
A,I,B,C,G,H,F,E,D
A,I,B,C,H,D,E,F,G
A,I,B,C,H,D,E,G,F
A,I,B,C,H,D,F,E,G
A,I,B,C,H,D,F,G,E
A,I,B,C,H,D,G,E,F
A,I,B,C,H,D,G,F,E
A,I,B,C,H,E,D,F,G
A,I,B,C,H,E,D,G,F
A,I,B,C,H,E,F,D,G
A,I,B,C,H,E,F,G,D
A,I,B,C,H,E,G,D,F
A,I,B,C,H,E,G,F,D
A,I,B,C,H,F,D,E,G
A,I,B,C,H,F,D,G,E
A,I,B,C,H,F,E,D,G
A,I,B,C,H,F,E,G,D
A,I,B,C,H,F,G,D,E
A,I,B,C,H,F,G,E,D
A,I,B,C,H,G,D,E,F
A,I,B,C,H,G,D,F,E
A,I,B,C,H,G,E,D,F
A,I,B,C,H,G,E,F,D
A,I,B,C,H,G,F,D,E
A,I,B,C,H,G,F,E,D
A,I,B,D,C,E,F,G,H
A,I,B,D,C,E,F,H,G
A,I,B,D,C,E,G,F,H
A,I,B,D,C,E,G,H,F
A,I,B,D,C,E,H,F,G
A,I,B,D,C,E,H,G,F
A,I,B,D,C,F,E,G,H
A,I,B,D,C,F,E,H,G
A,I,B,D,C,F,G,E,H
A,I,B,D,C,F,G,H,E
A,I,B,D,C,F,H,E,G
A,I,B,D,C,F,H,G,E
A,I,B,D,C,G,E,F,H
A,I,B,D,C,G,E,H,F
A,I,B,D,C,G,F,E,H
A,I,B,D,C,G,F,H,E
A,I,B,D,C,G,H,E,F
A,I,B,D,C,G,H,F,E
A,I,B,D,C,H,E,F,G
A,I,B,D,C,H,E,G,F
A,I,B,D,C,H,F,E,G
A,I,B,D,C,H,F,G,E
A,I,B,D,C,H,G,E,F
A,I,B,D,C,H,G,F,E
A,I,B,D,E,C,F,G,H
A,I,B,D,E,C,F,H,G
A,I,B,D,E,C,G,F,H
A,I,B,D,E,C,G,H,F
A,I,B,D,E,C,H,F,G
A,I,B,D,E,C,H,G,F
A,I,B,D,E,F,C,G,H
A,I,B,D,E,F,C,H,G
A,I,B,D,E,F,G,C,H
A,I,B,D,E,F,G,H,C
A,I,B,D,E,F,H,C,G
A,I,B,D,E,F,H,G,C
A,I,B,D,E,G,C,F,H
A,I,B,D,E,G,C,H,F
A,I,B,D,E,G,F,C,H
A,I,B,D,E,G,F,H,C
A,I,B,D,E,G,H,C,F
A,I,B,D,E,G,H,F,C
A,I,B,D,E,H,C,F,G
A,I,B,D,E,H,C,G,F
A,I,B,D,E,H,F,C,G
A,I,B,D,E,H,F,G,C
A,I,B,D,E,H,G,C,F
A,I,B,D,E,H,G,F,C
A,I,B,D,F,C,E,G,H
A,I,B,D,F,C,E,H,G
A,I,B,D,F,C,G,E,H
A,I,B,D,F,C,G,H,E
A,I,B,D,F,C,H,E,G
A,I,B,D,F,C,H,G,E
A,I,B,D,F,E,C,G,H
A,I,B,D,F,E,C,H,G
A,I,B,D,F,E,G,C,H
A,I,B,D,F,E,G,H,C
A,I,B,D,F,E,H,C,G
A,I,B,D,F,E,H,G,C
A,I,B,D,F,G,C,E,H
A,I,B,D,F,G,C,H,E
A,I,B,D,F,G,E,C,H
A,I,B,D,F,G,E,H,C
A,I,B,D,F,G,H,C,E
A,I,B,D,F,G,H,E,C
A,I,B,D,F,H,C,E,G
A,I,B,D,F,H,C,G,E
A,I,B,D,F,H,E,C,G
A,I,B,D,F,H,E,G,C
A,I,B,D,F,H,G,C,E
A,I,B,D,F,H,G,E,C
A,I,B,D,G,C,E,F,H
A,I,B,D,G,C,E,H,F
A,I,B,D,G,C,F,E,H
A,I,B,D,G,C,F,H,E
A,I,B,D,G,C,H,E,F
A,I,B,D,G,C,H,F,E
A,I,B,D,G,E,C,F,H
A,I,B,D,G,E,C,H,F
A,I,B,D,G,E,F,C,H
A,I,B,D,G,E,F,H,C
A,I,B,D,G,E,H,C,F
A,I,B,D,G,E,H,F,C
A,I,B,D,G,F,C,E,H
A,I,B,D,G,F,C,H,E
A,I,B,D,G,F,E,C,H
A,I,B,D,G,F,E,H,C
A,I,B,D,G,F,H,C,E
A,I,B,D,G,F,H,E,C
A,I,B,D,G,H,C,E,F
A,I,B,D,G,H,C,F,E
A,I,B,D,G,H,E,C,F
A,I,B,D,G,H,E,F,C
A,I,B,D,G,H,F,C,E
A,I,B,D,G,H,F,E,C
A,I,B,D,H,C,E,F,G
A,I,B,D,H,C,E,G,F
A,I,B,D,H,C,F,E,G
A,I,B,D,H,C,F,G,E
A,I,B,D,H,C,G,E,F
A,I,B,D,H,C,G,F,E
A,I,B,D,H,E,C,F,G
A,I,B,D,H,E,C,G,F
A,I,B,D,H,E,F,C,G
A,I,B,D,H,E,F,G,C
A,I,B,D,H,E,G,C,F
A,I,B,D,H,E,G,F,C
A,I,B,D,H,F,C,E,G
A,I,B,D,H,F,C,G,E
A,I,B,D,H,F,E,C,G
A,I,B,D,H,F,E,G,C
A,I,B,D,H,F,G,C,E
A,I,B,D,H,F,G,E,C
A,I,B,D,H,G,C,E,F
A,I,B,D,H,G,C,F,E
A,I,B,D,H,G,E,C,F
A,I,B,D,H,G,E,F,C
A,I,B,D,H,G,F,C,E
A,I,B,D,H,G,F,E,C
A,I,B,E,C,D,F,G,H
A,I,B,E,C,D,F,H,G
A,I,B,E,C,D,G,F,H
A,I,B,E,C,D,G,H,F
A,I,B,E,C,D,H,F,G
A,I,B,E,C,D,H,G,F
A,I,B,E,C,F,D,G,H
A,I,B,E,C,F,D,H,G
A,I,B,E,C,F,G,D,H
A,I,B,E,C,F,G,H,D
A,I,B,E,C,F,H,D,G
A,I,B,E,C,F,H,G,D
A,I,B,E,C,G,D,F,H
A,I,B,E,C,G,D,H,F
A,I,B,E,C,G,F,D,H
A,I,B,E,C,G,F,H,D
A,I,B,E,C,G,H,D,F
A,I,B,E,C,G,H,F,D
A,I,B,E,C,H,D,F,G
A,I,B,E,C,H,D,G,F
A,I,B,E,C,H,F,D,G
A,I,B,E,C,H,F,G,D
A,I,B,E,C,H,G,D,F
A,I,B,E,C,H,G,F,D
A,I,B,E,D,C,F,G,H
A,I,B,E,D,C,F,H,G
A,I,B,E,D,C,G,F,H
A,I,B,E,D,C,G,H,F
A,I,B,E,D,C,H,F,G
A,I,B,E,D,C,H,G,F
A,I,B,E,D,F,C,G,H
A,I,B,E,D,F,C,H,G
A,I,B,E,D,F,G,C,H
A,I,B,E,D,F,G,H,C
A,I,B,E,D,F,H,C,G
A,I,B,E,D,F,H,G,C
A,I,B,E,D,G,C,F,H
A,I,B,E,D,G,C,H,F
A,I,B,E,D,G,F,C,H
A,I,B,E,D,G,F,H,C
A,I,B,E,D,G,H,C,F
A,I,B,E,D,G,H,F,C
A,I,B,E,D,H,C,F,G
A,I,B,E,D,H,C,G,F
A,I,B,E,D,H,F,C,G
A,I,B,E,D,H,F,G,C
A,I,B,E,D,H,G,C,F
A,I,B,E,D,H,G,F,C
A,I,B,E,F,C,D,G,H
A,I,B,E,F,C,D,H,G
A,I,B,E,F,C,G,D,H
A,I,B,E,F,C,G,H,D
A,I,B,E,F,C,H,D,G
A,I,B,E,F,C,H,G,D
A,I,B,E,F,D,C,G,H
A,I,B,E,F,D,C,H,G
A,I,B,E,F,D,G,C,H
A,I,B,E,F,D,G,H,C
A,I,B,E,F,D,H,C,G
A,I,B,E,F,D,H,G,C
A,I,B,E,F,G,C,D,H
A,I,B,E,F,G,C,H,D
A,I,B,E,F,G,D,C,H
A,I,B,E,F,G,D,H,C
A,I,B,E,F,G,H,C,D
A,I,B,E,F,G,H,D,C
A,I,B,E,F,H,C,D,G
A,I,B,E,F,H,C,G,D
A,I,B,E,F,H,D,C,G
A,I,B,E,F,H,D,G,C
A,I,B,E,F,H,G,C,D
A,I,B,E,F,H,G,D,C
A,I,B,E,G,C,D,F,H
A,I,B,E,G,C,D,H,F
A,I,B,E,G,C,F,D,H
A,I,B,E,G,C,F,H,D
A,I,B,E,G,C,H,D,F
A,I,B,E,G,C,H,F,D
A,I,B,E,G,D,C,F,H
A,I,B,E,G,D,C,H,F
A,I,B,E,G,D,F,C,H
A,I,B,E,G,D,F,H,C
A,I,B,E,G,D,H,C,F
A,I,B,E,G,D,H,F,C
A,I,B,E,G,F,C,D,H
A,I,B,E,G,F,C,H,D
A,I,B,E,G,F,D,C,H
A,I,B,E,G,F,D,H,C
A,I,B,E,G,F,H,C,D
A,I,B,E,G,F,H,D,C
A,I,B,E,G,H,C,D,F
A,I,B,E,G,H,C,F,D
A,I,B,E,G,H,D,C,F
A,I,B,E,G,H,D,F,C
A,I,B,E,G,H,F,C,D
A,I,B,E,G,H,F,D,C
A,I,B,E,H,C,D,F,G
A,I,B,E,H,C,D,G,F
A,I,B,E,H,C,F,D,G
A,I,B,E,H,C,F,G,D
A,I,B,E,H,C,G,D,F
A,I,B,E,H,C,G,F,D
A,I,B,E,H,D,C,F,G
A,I,B,E,H,D,C,G,F
A,I,B,E,H,D,F,C,G
A,I,B,E,H,D,F,G,C
A,I,B,E,H,D,G,C,F
A,I,B,E,H,D,G,F,C
A,I,B,E,H,F,C,D,G
A,I,B,E,H,F,C,G,D
A,I,B,E,H,F,D,C,G
A,I,B,E,H,F,D,G,C
A,I,B,E,H,F,G,C,D
A,I,B,E,H,F,G,D,C
A,I,B,E,H,G,C,D,F
A,I,B,E,H,G,C,F,D
A,I,B,E,H,G,D,C,F
A,I,B,E,H,G,D,F,C
A,I,B,E,H,G,F,C,D
A,I,B,E,H,G,F,D,C
A,I,B,F,C,D,E,G,H
A,I,B,F,C,D,E,H,G
A,I,B,F,C,D,G,E,H
A,I,B,F,C,D,G,H,E
A,I,B,F,C,D,H,E,G
A,I,B,F,C,D,H,G,E
A,I,B,F,C,E,D,G,H
A,I,B,F,C,E,D,H,G
A,I,B,F,C,E,G,D,H
A,I,B,F,C,E,G,H,D
A,I,B,F,C,E,H,D,G
A,I,B,F,C,E,H,G,D
A,I,B,F,C,G,D,E,H
A,I,B,F,C,G,D,H,E
A,I,B,F,C,G,E,D,H
A,I,B,F,C,G,E,H,D
A,I,B,F,C,G,H,D,E
A,I,B,F,C,G,H,E,D
A,I,B,F,C,H,D,E,G
A,I,B,F,C,H,D,G,E
A,I,B,F,C,H,E,D,G
A,I,B,F,C,H,E,G,D
A,I,B,F,C,H,G,D,E
A,I,B,F,C,H,G,E,D
A,I,B,F,D,C,E,G,H
A,I,B,F,D,C,E,H,G
A,I,B,F,D,C,G,E,H
A,I,B,F,D,C,G,H,E
A,I,B,F,D,C,H,E,G
A,I,B,F,D,C,H,G,E
A,I,B,F,D,E,C,G,H
A,I,B,F,D,E,C,H,G
A,I,B,F,D,E,G,C,H
A,I,B,F,D,E,G,H,C
A,I,B,F,D,E,H,C,G
A,I,B,F,D,E,H,G,C
A,I,B,F,D,G,C,E,H
A,I,B,F,D,G,C,H,E
A,I,B,F,D,G,E,C,H
A,I,B,F,D,G,E,H,C
A,I,B,F,D,G,H,C,E
A,I,B,F,D,G,H,E,C
A,I,B,F,D,H,C,E,G
A,I,B,F,D,H,C,G,E
A,I,B,F,D,H,E,C,G
A,I,B,F,D,H,E,G,C
A,I,B,F,D,H,G,C,E
A,I,B,F,D,H,G,E,C
A,I,B,F,E,C,D,G,H
A,I,B,F,E,C,D,H,G
A,I,B,F,E,C,G,D,H
A,I,B,F,E,C,G,H,D
A,I,B,F,E,C,H,D,G
A,I,B,F,E,C,H,G,D
A,I,B,F,E,D,C,G,H
A,I,B,F,E,D,C,H,G
A,I,B,F,E,D,G,C,H
A,I,B,F,E,D,G,H,C
A,I,B,F,E,D,H,C,G
A,I,B,F,E,D,H,G,C
A,I,B,F,E,G,C,D,H
A,I,B,F,E,G,C,H,D
A,I,B,F,E,G,D,C,H
A,I,B,F,E,G,D,H,C
A,I,B,F,E,G,H,C,D
A,I,B,F,E,G,H,D,C
A,I,B,F,E,H,C,D,G
A,I,B,F,E,H,C,G,D
A,I,B,F,E,H,D,C,G
A,I,B,F,E,H,D,G,C
A,I,B,F,E,H,G,C,D
A,I,B,F,E,H,G,D,C
A,I,B,F,G,C,D,E,H
A,I,B,F,G,C,D,H,E
A,I,B,F,G,C,E,D,H
A,I,B,F,G,C,E,H,D
A,I,B,F,G,C,H,D,E
A,I,B,F,G,C,H,E,D
A,I,B,F,G,D,C,E,H
A,I,B,F,G,D,C,H,E
A,I,B,F,G,D,E,C,H
A,I,B,F,G,D,E,H,C
A,I,B,F,G,D,H,C,E
A,I,B,F,G,D,H,E,C
A,I,B,F,G,E,C,D,H
A,I,B,F,G,E,C,H,D
A,I,B,F,G,E,D,C,H
A,I,B,F,G,E,D,H,C
A,I,B,F,G,E,H,C,D
A,I,B,F,G,E,H,D,C
A,I,B,F,G,H,C,D,E
A,I,B,F,G,H,C,E,D
A,I,B,F,G,H,D,C,E
A,I,B,F,G,H,D,E,C
A,I,B,F,G,H,E,C,D
A,I,B,F,G,H,E,D,C
A,I,B,F,H,C,D,E,G
A,I,B,F,H,C,D,G,E
A,I,B,F,H,C,E,D,G
A,I,B,F,H,C,E,G,D
A,I,B,F,H,C,G,D,E
A,I,B,F,H,C,G,E,D
A,I,B,F,H,D,C,E,G
A,I,B,F,H,D,C,G,E
A,I,B,F,H,D,E,C,G
A,I,B,F,H,D,E,G,C
A,I,B,F,H,D,G,C,E
A,I,B,F,H,D,G,E,C
A,I,B,F,H,E,C,D,G
A,I,B,F,H,E,C,G,D
A,I,B,F,H,E,D,C,G
A,I,B,F,H,E,D,G,C
A,I,B,F,H,E,G,C,D
A,I,B,F,H,E,G,D,C
A,I,B,F,H,G,C,D,E
A,I,B,F,H,G,C,E,D
A,I,B,F,H,G,D,C,E
A,I,B,F,H,G,D,E,C
A,I,B,F,H,G,E,C,D
A,I,B,F,H,G,E,D,C
A,I,B,G,C,D,E,F,H
A,I,B,G,C,D,E,H,F
A,I,B,G,C,D,F,E,H
A,I,B,G,C,D,F,H,E
A,I,B,G,C,D,H,E,F
A,I,B,G,C,D,H,F,E
A,I,B,G,C,E,D,F,H
A,I,B,G,C,E,D,H,F
A,I,B,G,C,E,F,D,H
A,I,B,G,C,E,F,H,D
A,I,B,G,C,E,H,D,F
A,I,B,G,C,E,H,F,D
A,I,B,G,C,F,D,E,H
A,I,B,G,C,F,D,H,E
A,I,B,G,C,F,E,D,H
A,I,B,G,C,F,E,H,D
A,I,B,G,C,F,H,D,E
A,I,B,G,C,F,H,E,D
A,I,B,G,C,H,D,E,F
A,I,B,G,C,H,D,F,E
A,I,B,G,C,H,E,D,F
A,I,B,G,C,H,E,F,D
A,I,B,G,C,H,F,D,E
A,I,B,G,C,H,F,E,D
A,I,B,G,D,C,E,F,H
A,I,B,G,D,C,E,H,F
A,I,B,G,D,C,F,E,H
A,I,B,G,D,C,F,H,E
A,I,B,G,D,C,H,E,F
A,I,B,G,D,C,H,F,E
A,I,B,G,D,E,C,F,H
A,I,B,G,D,E,C,H,F
A,I,B,G,D,E,F,C,H
A,I,B,G,D,E,F,H,C
A,I,B,G,D,E,H,C,F
A,I,B,G,D,E,H,F,C
A,I,B,G,D,F,C,E,H
A,I,B,G,D,F,C,H,E
A,I,B,G,D,F,E,C,H
A,I,B,G,D,F,E,H,C
A,I,B,G,D,F,H,C,E
A,I,B,G,D,F,H,E,C
A,I,B,G,D,H,C,E,F
A,I,B,G,D,H,C,F,E
A,I,B,G,D,H,E,C,F
A,I,B,G,D,H,E,F,C
A,I,B,G,D,H,F,C,E
A,I,B,G,D,H,F,E,C
A,I,B,G,E,C,D,F,H
A,I,B,G,E,C,D,H,F
A,I,B,G,E,C,F,D,H
A,I,B,G,E,C,F,H,D
A,I,B,G,E,C,H,D,F
A,I,B,G,E,C,H,F,D
A,I,B,G,E,D,C,F,H
A,I,B,G,E,D,C,H,F
A,I,B,G,E,D,F,C,H
A,I,B,G,E,D,F,H,C
A,I,B,G,E,D,H,C,F
A,I,B,G,E,D,H,F,C
A,I,B,G,E,F,C,D,H
A,I,B,G,E,F,C,H,D
A,I,B,G,E,F,D,C,H
A,I,B,G,E,F,D,H,C
A,I,B,G,E,F,H,C,D
A,I,B,G,E,F,H,D,C
A,I,B,G,E,H,C,D,F
A,I,B,G,E,H,C,F,D
A,I,B,G,E,H,D,C,F
A,I,B,G,E,H,D,F,C
A,I,B,G,E,H,F,C,D
A,I,B,G,E,H,F,D,C
A,I,B,G,F,C,D,E,H
A,I,B,G,F,C,D,H,E
A,I,B,G,F,C,E,D,H
A,I,B,G,F,C,E,H,D
A,I,B,G,F,C,H,D,E
A,I,B,G,F,C,H,E,D
A,I,B,G,F,D,C,E,H
A,I,B,G,F,D,C,H,E
A,I,B,G,F,D,E,C,H
A,I,B,G,F,D,E,H,C
A,I,B,G,F,D,H,C,E
A,I,B,G,F,D,H,E,C
A,I,B,G,F,E,C,D,H
A,I,B,G,F,E,C,H,D
A,I,B,G,F,E,D,C,H
A,I,B,G,F,E,D,H,C
A,I,B,G,F,E,H,C,D
A,I,B,G,F,E,H,D,C
A,I,B,G,F,H,C,D,E
A,I,B,G,F,H,C,E,D
A,I,B,G,F,H,D,C,E
A,I,B,G,F,H,D,E,C
A,I,B,G,F,H,E,C,D
A,I,B,G,F,H,E,D,C
A,I,B,G,H,C,D,E,F
A,I,B,G,H,C,D,F,E
A,I,B,G,H,C,E,D,F
A,I,B,G,H,C,E,F,D
A,I,B,G,H,C,F,D,E
A,I,B,G,H,C,F,E,D
A,I,B,G,H,D,C,E,F
A,I,B,G,H,D,C,F,E
A,I,B,G,H,D,E,C,F
A,I,B,G,H,D,E,F,C
A,I,B,G,H,D,F,C,E
A,I,B,G,H,D,F,E,C
A,I,B,G,H,E,C,D,F
A,I,B,G,H,E,C,F,D
A,I,B,G,H,E,D,C,F
A,I,B,G,H,E,D,F,C
A,I,B,G,H,E,F,C,D
A,I,B,G,H,E,F,D,C
A,I,B,G,H,F,C,D,E
A,I,B,G,H,F,C,E,D
A,I,B,G,H,F,D,C,E
A,I,B,G,H,F,D,E,C
A,I,B,G,H,F,E,C,D
A,I,B,G,H,F,E,D,C
A,I,B,H,C,D,E,F,G
A,I,B,H,C,D,E,G,F
A,I,B,H,C,D,F,E,G
A,I,B,H,C,D,F,G,E
A,I,B,H,C,D,G,E,F
A,I,B,H,C,D,G,F,E
A,I,B,H,C,E,D,F,G
A,I,B,H,C,E,D,G,F
A,I,B,H,C,E,F,D,G
A,I,B,H,C,E,F,G,D
A,I,B,H,C,E,G,D,F
A,I,B,H,C,E,G,F,D
A,I,B,H,C,F,D,E,G
A,I,B,H,C,F,D,G,E
A,I,B,H,C,F,E,D,G
A,I,B,H,C,F,E,G,D
A,I,B,H,C,F,G,D,E
A,I,B,H,C,F,G,E,D
A,I,B,H,C,G,D,E,F
A,I,B,H,C,G,D,F,E
A,I,B,H,C,G,E,D,F
A,I,B,H,C,G,E,F,D
A,I,B,H,C,G,F,D,E
A,I,B,H,C,G,F,E,D
A,I,B,H,D,C,E,F,G
A,I,B,H,D,C,E,G,F
A,I,B,H,D,C,F,E,G
A,I,B,H,D,C,F,G,E
A,I,B,H,D,C,G,E,F
A,I,B,H,D,C,G,F,E
A,I,B,H,D,E,C,F,G
A,I,B,H,D,E,C,G,F
A,I,B,H,D,E,F,C,G
A,I,B,H,D,E,F,G,C
A,I,B,H,D,E,G,C,F
A,I,B,H,D,E,G,F,C
A,I,B,H,D,F,C,E,G
A,I,B,H,D,F,C,G,E
A,I,B,H,D,F,E,C,G
A,I,B,H,D,F,E,G,C
A,I,B,H,D,F,G,C,E
A,I,B,H,D,F,G,E,C
A,I,B,H,D,G,C,E,F
A,I,B,H,D,G,C,F,E
A,I,B,H,D,G,E,C,F
A,I,B,H,D,G,E,F,C
A,I,B,H,D,G,F,C,E
A,I,B,H,D,G,F,E,C
A,I,B,H,E,C,D,F,G
A,I,B,H,E,C,D,G,F
A,I,B,H,E,C,F,D,G
A,I,B,H,E,C,F,G,D
A,I,B,H,E,C,G,D,F
A,I,B,H,E,C,G,F,D
A,I,B,H,E,D,C,F,G
A,I,B,H,E,D,C,G,F
A,I,B,H,E,D,F,C,G
A,I,B,H,E,D,F,G,C
A,I,B,H,E,D,G,C,F
A,I,B,H,E,D,G,F,C
A,I,B,H,E,F,C,D,G
A,I,B,H,E,F,C,G,D
A,I,B,H,E,F,D,C,G
A,I,B,H,E,F,D,G,C
A,I,B,H,E,F,G,C,D
A,I,B,H,E,F,G,D,C
A,I,B,H,E,G,C,D,F
A,I,B,H,E,G,C,F,D
A,I,B,H,E,G,D,C,F
A,I,B,H,E,G,D,F,C
A,I,B,H,E,G,F,C,D
A,I,B,H,E,G,F,D,C
A,I,B,H,F,C,D,E,G
A,I,B,H,F,C,D,G,E
A,I,B,H,F,C,E,D,G
A,I,B,H,F,C,E,G,D
A,I,B,H,F,C,G,D,E
A,I,B,H,F,C,G,E,D
A,I,B,H,F,D,C,E,G
A,I,B,H,F,D,C,G,E
A,I,B,H,F,D,E,C,G
A,I,B,H,F,D,E,G,C
A,I,B,H,F,D,G,C,E
A,I,B,H,F,D,G,E,C
A,I,B,H,F,E,C,D,G
A,I,B,H,F,E,C,G,D
A,I,B,H,F,E,D,C,G
A,I,B,H,F,E,D,G,C
A,I,B,H,F,E,G,C,D
A,I,B,H,F,E,G,D,C
A,I,B,H,F,G,C,D,E
A,I,B,H,F,G,C,E,D
A,I,B,H,F,G,D,C,E
A,I,B,H,F,G,D,E,C
A,I,B,H,F,G,E,C,D
A,I,B,H,F,G,E,D,C
A,I,B,H,G,C,D,E,F
A,I,B,H,G,C,D,F,E
A,I,B,H,G,C,E,D,F
A,I,B,H,G,C,E,F,D
A,I,B,H,G,C,F,D,E
A,I,B,H,G,C,F,E,D
A,I,B,H,G,D,C,E,F
A,I,B,H,G,D,C,F,E
A,I,B,H,G,D,E,C,F
A,I,B,H,G,D,E,F,C
A,I,B,H,G,D,F,C,E
A,I,B,H,G,D,F,E,C
A,I,B,H,G,E,C,D,F
A,I,B,H,G,E,C,F,D
A,I,B,H,G,E,D,C,F
A,I,B,H,G,E,D,F,C
A,I,B,H,G,E,F,C,D
A,I,B,H,G,E,F,D,C
A,I,B,H,G,F,C,D,E
A,I,B,H,G,F,C,E,D
A,I,B,H,G,F,D,C,E
A,I,B,H,G,F,D,E,C
A,I,B,H,G,F,E,C,D
A,I,B,H,G,F,E,D,C
A,I,C,B,D,E,F,G,H
A,I,C,B,D,E,F,H,G
A,I,C,B,D,E,G,F,H
A,I,C,B,D,E,G,H,F
A,I,C,B,D,E,H,F,G
A,I,C,B,D,E,H,G,F
A,I,C,B,D,F,E,G,H
A,I,C,B,D,F,E,H,G
A,I,C,B,D,F,G,E,H
A,I,C,B,D,F,G,H,E
A,I,C,B,D,F,H,E,G
A,I,C,B,D,F,H,G,E
A,I,C,B,D,G,E,F,H
A,I,C,B,D,G,E,H,F
A,I,C,B,D,G,F,E,H
A,I,C,B,D,G,F,H,E
A,I,C,B,D,G,H,E,F
A,I,C,B,D,G,H,F,E
A,I,C,B,D,H,E,F,G
A,I,C,B,D,H,E,G,F
A,I,C,B,D,H,F,E,G
A,I,C,B,D,H,F,G,E
A,I,C,B,D,H,G,E,F
A,I,C,B,D,H,G,F,E
A,I,C,B,E,D,F,G,H
A,I,C,B,E,D,F,H,G
A,I,C,B,E,D,G,F,H
A,I,C,B,E,D,G,H,F
A,I,C,B,E,D,H,F,G
A,I,C,B,E,D,H,G,F
A,I,C,B,E,F,D,G,H
A,I,C,B,E,F,D,H,G
A,I,C,B,E,F,G,D,H
A,I,C,B,E,F,G,H,D
A,I,C,B,E,F,H,D,G
A,I,C,B,E,F,H,G,D
A,I,C,B,E,G,D,F,H
A,I,C,B,E,G,D,H,F
A,I,C,B,E,G,F,D,H
A,I,C,B,E,G,F,H,D
A,I,C,B,E,G,H,D,F
A,I,C,B,E,G,H,F,D
A,I,C,B,E,H,D,F,G
A,I,C,B,E,H,D,G,F
A,I,C,B,E,H,F,D,G
A,I,C,B,E,H,F,G,D
A,I,C,B,E,H,G,D,F
A,I,C,B,E,H,G,F,D
A,I,C,B,F,D,E,G,H
A,I,C,B,F,D,E,H,G
A,I,C,B,F,D,G,E,H
A,I,C,B,F,D,G,H,E
A,I,C,B,F,D,H,E,G
A,I,C,B,F,D,H,G,E
A,I,C,B,F,E,D,G,H
A,I,C,B,F,E,D,H,G
A,I,C,B,F,E,G,D,H
A,I,C,B,F,E,G,H,D
A,I,C,B,F,E,H,D,G
A,I,C,B,F,E,H,G,D
A,I,C,B,F,G,D,E,H
A,I,C,B,F,G,D,H,E
A,I,C,B,F,G,E,D,H
A,I,C,B,F,G,E,H,D
A,I,C,B,F,G,H,D,E
A,I,C,B,F,G,H,E,D
A,I,C,B,F,H,D,E,G
A,I,C,B,F,H,D,G,E
A,I,C,B,F,H,E,D,G
A,I,C,B,F,H,E,G,D
A,I,C,B,F,H,G,D,E
A,I,C,B,F,H,G,E,D
A,I,C,B,G,D,E,F,H
A,I,C,B,G,D,E,H,F
A,I,C,B,G,D,F,E,H
A,I,C,B,G,D,F,H,E
A,I,C,B,G,D,H,E,F
A,I,C,B,G,D,H,F,E
A,I,C,B,G,E,D,F,H
A,I,C,B,G,E,D,H,F
A,I,C,B,G,E,F,D,H
A,I,C,B,G,E,F,H,D
A,I,C,B,G,E,H,D,F
A,I,C,B,G,E,H,F,D
A,I,C,B,G,F,D,E,H
A,I,C,B,G,F,D,H,E
A,I,C,B,G,F,E,D,H
A,I,C,B,G,F,E,H,D
A,I,C,B,G,F,H,D,E
A,I,C,B,G,F,H,E,D
A,I,C,B,G,H,D,E,F
A,I,C,B,G,H,D,F,E
A,I,C,B,G,H,E,D,F
A,I,C,B,G,H,E,F,D
A,I,C,B,G,H,F,D,E
A,I,C,B,G,H,F,E,D
A,I,C,B,H,D,E,F,G
A,I,C,B,H,D,E,G,F
A,I,C,B,H,D,F,E,G
A,I,C,B,H,D,F,G,E
A,I,C,B,H,D,G,E,F
A,I,C,B,H,D,G,F,E
A,I,C,B,H,E,D,F,G
A,I,C,B,H,E,D,G,F
A,I,C,B,H,E,F,D,G
A,I,C,B,H,E,F,G,D
A,I,C,B,H,E,G,D,F
A,I,C,B,H,E,G,F,D
A,I,C,B,H,F,D,E,G
A,I,C,B,H,F,D,G,E
A,I,C,B,H,F,E,D,G
A,I,C,B,H,F,E,G,D
A,I,C,B,H,F,G,D,E
A,I,C,B,H,F,G,E,D
A,I,C,B,H,G,D,E,F
A,I,C,B,H,G,D,F,E
A,I,C,B,H,G,E,D,F
A,I,C,B,H,G,E,F,D
A,I,C,B,H,G,F,D,E
A,I,C,B,H,G,F,E,D
A,I,C,D,B,E,F,G,H
A,I,C,D,B,E,F,H,G
A,I,C,D,B,E,G,F,H
A,I,C,D,B,E,G,H,F
A,I,C,D,B,E,H,F,G
A,I,C,D,B,E,H,G,F
A,I,C,D,B,F,E,G,H
A,I,C,D,B,F,E,H,G
A,I,C,D,B,F,G,E,H
A,I,C,D,B,F,G,H,E
A,I,C,D,B,F,H,E,G
A,I,C,D,B,F,H,G,E
A,I,C,D,B,G,E,F,H
A,I,C,D,B,G,E,H,F
A,I,C,D,B,G,F,E,H
A,I,C,D,B,G,F,H,E
A,I,C,D,B,G,H,E,F
A,I,C,D,B,G,H,F,E
A,I,C,D,B,H,E,F,G
A,I,C,D,B,H,E,G,F
A,I,C,D,B,H,F,E,G
A,I,C,D,B,H,F,G,E
A,I,C,D,B,H,G,E,F
A,I,C,D,B,H,G,F,E
A,I,C,D,E,B,F,G,H
A,I,C,D,E,B,F,H,G
A,I,C,D,E,B,G,F,H
A,I,C,D,E,B,G,H,F
A,I,C,D,E,B,H,F,G
A,I,C,D,E,B,H,G,F
A,I,C,D,E,F,B,G,H
A,I,C,D,E,F,B,H,G
A,I,C,D,E,F,G,B,H
A,I,C,D,E,F,G,H,B
A,I,C,D,E,F,H,B,G
A,I,C,D,E,F,H,G,B
A,I,C,D,E,G,B,F,H
A,I,C,D,E,G,B,H,F
A,I,C,D,E,G,F,B,H
A,I,C,D,E,G,F,H,B
A,I,C,D,E,G,H,B,F
A,I,C,D,E,G,H,F,B
A,I,C,D,E,H,B,F,G
A,I,C,D,E,H,B,G,F
A,I,C,D,E,H,F,B,G
A,I,C,D,E,H,F,G,B
A,I,C,D,E,H,G,B,F
A,I,C,D,E,H,G,F,B
A,I,C,D,F,B,E,G,H
A,I,C,D,F,B,E,H,G
A,I,C,D,F,B,G,E,H
A,I,C,D,F,B,G,H,E
A,I,C,D,F,B,H,E,G
A,I,C,D,F,B,H,G,E
A,I,C,D,F,E,B,G,H
A,I,C,D,F,E,B,H,G
A,I,C,D,F,E,G,B,H
A,I,C,D,F,E,G,H,B
A,I,C,D,F,E,H,B,G
A,I,C,D,F,E,H,G,B
A,I,C,D,F,G,B,E,H
A,I,C,D,F,G,B,H,E
A,I,C,D,F,G,E,B,H
A,I,C,D,F,G,E,H,B
A,I,C,D,F,G,H,B,E
A,I,C,D,F,G,H,E,B
A,I,C,D,F,H,B,E,G
A,I,C,D,F,H,B,G,E
A,I,C,D,F,H,E,B,G
A,I,C,D,F,H,E,G,B
A,I,C,D,F,H,G,B,E
A,I,C,D,F,H,G,E,B
A,I,C,D,G,B,E,F,H
A,I,C,D,G,B,E,H,F
A,I,C,D,G,B,F,E,H
A,I,C,D,G,B,F,H,E
A,I,C,D,G,B,H,E,F
A,I,C,D,G,B,H,F,E
A,I,C,D,G,E,B,F,H
A,I,C,D,G,E,B,H,F
A,I,C,D,G,E,F,B,H
A,I,C,D,G,E,F,H,B
A,I,C,D,G,E,H,B,F
A,I,C,D,G,E,H,F,B
A,I,C,D,G,F,B,E,H
A,I,C,D,G,F,B,H,E
A,I,C,D,G,F,E,B,H
A,I,C,D,G,F,E,H,B
A,I,C,D,G,F,H,B,E
A,I,C,D,G,F,H,E,B
A,I,C,D,G,H,B,E,F
A,I,C,D,G,H,B,F,E
A,I,C,D,G,H,E,B,F
A,I,C,D,G,H,E,F,B
A,I,C,D,G,H,F,B,E
A,I,C,D,G,H,F,E,B
A,I,C,D,H,B,E,F,G
A,I,C,D,H,B,E,G,F
A,I,C,D,H,B,F,E,G
A,I,C,D,H,B,F,G,E
A,I,C,D,H,B,G,E,F
A,I,C,D,H,B,G,F,E
A,I,C,D,H,E,B,F,G
A,I,C,D,H,E,B,G,F
A,I,C,D,H,E,F,B,G
A,I,C,D,H,E,F,G,B
A,I,C,D,H,E,G,B,F
A,I,C,D,H,E,G,F,B
A,I,C,D,H,F,B,E,G
A,I,C,D,H,F,B,G,E
A,I,C,D,H,F,E,B,G
A,I,C,D,H,F,E,G,B
A,I,C,D,H,F,G,B,E
A,I,C,D,H,F,G,E,B
A,I,C,D,H,G,B,E,F
A,I,C,D,H,G,B,F,E
A,I,C,D,H,G,E,B,F
A,I,C,D,H,G,E,F,B
A,I,C,D,H,G,F,B,E
A,I,C,D,H,G,F,E,B
A,I,C,E,B,D,F,G,H
A,I,C,E,B,D,F,H,G
A,I,C,E,B,D,G,F,H
A,I,C,E,B,D,G,H,F
A,I,C,E,B,D,H,F,G
A,I,C,E,B,D,H,G,F
A,I,C,E,B,F,D,G,H
A,I,C,E,B,F,D,H,G
A,I,C,E,B,F,G,D,H
A,I,C,E,B,F,G,H,D
A,I,C,E,B,F,H,D,G
A,I,C,E,B,F,H,G,D
A,I,C,E,B,G,D,F,H
A,I,C,E,B,G,D,H,F
A,I,C,E,B,G,F,D,H
A,I,C,E,B,G,F,H,D
A,I,C,E,B,G,H,D,F
A,I,C,E,B,G,H,F,D
A,I,C,E,B,H,D,F,G
A,I,C,E,B,H,D,G,F
A,I,C,E,B,H,F,D,G
A,I,C,E,B,H,F,G,D
A,I,C,E,B,H,G,D,F
A,I,C,E,B,H,G,F,D
A,I,C,E,D,B,F,G,H
A,I,C,E,D,B,F,H,G
A,I,C,E,D,B,G,F,H
A,I,C,E,D,B,G,H,F
A,I,C,E,D,B,H,F,G
A,I,C,E,D,B,H,G,F
A,I,C,E,D,F,B,G,H
A,I,C,E,D,F,B,H,G
A,I,C,E,D,F,G,B,H
A,I,C,E,D,F,G,H,B
A,I,C,E,D,F,H,B,G
A,I,C,E,D,F,H,G,B
A,I,C,E,D,G,B,F,H
A,I,C,E,D,G,B,H,F
A,I,C,E,D,G,F,B,H
A,I,C,E,D,G,F,H,B
A,I,C,E,D,G,H,B,F
A,I,C,E,D,G,H,F,B
A,I,C,E,D,H,B,F,G
A,I,C,E,D,H,B,G,F
A,I,C,E,D,H,F,B,G
A,I,C,E,D,H,F,G,B
A,I,C,E,D,H,G,B,F
A,I,C,E,D,H,G,F,B
A,I,C,E,F,B,D,G,H
A,I,C,E,F,B,D,H,G
A,I,C,E,F,B,G,D,H
A,I,C,E,F,B,G,H,D
A,I,C,E,F,B,H,D,G
A,I,C,E,F,B,H,G,D
A,I,C,E,F,D,B,G,H
A,I,C,E,F,D,B,H,G
A,I,C,E,F,D,G,B,H
A,I,C,E,F,D,G,H,B
A,I,C,E,F,D,H,B,G
A,I,C,E,F,D,H,G,B
A,I,C,E,F,G,B,D,H
A,I,C,E,F,G,B,H,D
A,I,C,E,F,G,D,B,H
A,I,C,E,F,G,D,H,B
A,I,C,E,F,G,H,B,D
A,I,C,E,F,G,H,D,B
A,I,C,E,F,H,B,D,G
A,I,C,E,F,H,B,G,D
A,I,C,E,F,H,D,B,G
A,I,C,E,F,H,D,G,B
A,I,C,E,F,H,G,B,D
A,I,C,E,F,H,G,D,B
A,I,C,E,G,B,D,F,H
A,I,C,E,G,B,D,H,F
A,I,C,E,G,B,F,D,H
A,I,C,E,G,B,F,H,D
A,I,C,E,G,B,H,D,F
A,I,C,E,G,B,H,F,D
A,I,C,E,G,D,B,F,H
A,I,C,E,G,D,B,H,F
A,I,C,E,G,D,F,B,H
A,I,C,E,G,D,F,H,B
A,I,C,E,G,D,H,B,F
A,I,C,E,G,D,H,F,B
A,I,C,E,G,F,B,D,H
A,I,C,E,G,F,B,H,D
A,I,C,E,G,F,D,B,H
A,I,C,E,G,F,D,H,B
A,I,C,E,G,F,H,B,D
A,I,C,E,G,F,H,D,B
A,I,C,E,G,H,B,D,F
A,I,C,E,G,H,B,F,D
A,I,C,E,G,H,D,B,F
A,I,C,E,G,H,D,F,B
A,I,C,E,G,H,F,B,D
A,I,C,E,G,H,F,D,B
A,I,C,E,H,B,D,F,G
A,I,C,E,H,B,D,G,F
A,I,C,E,H,B,F,D,G
A,I,C,E,H,B,F,G,D
A,I,C,E,H,B,G,D,F
A,I,C,E,H,B,G,F,D
A,I,C,E,H,D,B,F,G
A,I,C,E,H,D,B,G,F
A,I,C,E,H,D,F,B,G
A,I,C,E,H,D,F,G,B
A,I,C,E,H,D,G,B,F
A,I,C,E,H,D,G,F,B
A,I,C,E,H,F,B,D,G
A,I,C,E,H,F,B,G,D
A,I,C,E,H,F,D,B,G
A,I,C,E,H,F,D,G,B
A,I,C,E,H,F,G,B,D
A,I,C,E,H,F,G,D,B
A,I,C,E,H,G,B,D,F
A,I,C,E,H,G,B,F,D
A,I,C,E,H,G,D,B,F
A,I,C,E,H,G,D,F,B
A,I,C,E,H,G,F,B,D
A,I,C,E,H,G,F,D,B
A,I,C,F,B,D,E,G,H
A,I,C,F,B,D,E,H,G
A,I,C,F,B,D,G,E,H
A,I,C,F,B,D,G,H,E
A,I,C,F,B,D,H,E,G
A,I,C,F,B,D,H,G,E
A,I,C,F,B,E,D,G,H
A,I,C,F,B,E,D,H,G
A,I,C,F,B,E,G,D,H
A,I,C,F,B,E,G,H,D
A,I,C,F,B,E,H,D,G
A,I,C,F,B,E,H,G,D
A,I,C,F,B,G,D,E,H
A,I,C,F,B,G,D,H,E
A,I,C,F,B,G,E,D,H
A,I,C,F,B,G,E,H,D
A,I,C,F,B,G,H,D,E
A,I,C,F,B,G,H,E,D
A,I,C,F,B,H,D,E,G
A,I,C,F,B,H,D,G,E
A,I,C,F,B,H,E,D,G
A,I,C,F,B,H,E,G,D
A,I,C,F,B,H,G,D,E
A,I,C,F,B,H,G,E,D
A,I,C,F,D,B,E,G,H
A,I,C,F,D,B,E,H,G
A,I,C,F,D,B,G,E,H
A,I,C,F,D,B,G,H,E
A,I,C,F,D,B,H,E,G
A,I,C,F,D,B,H,G,E
A,I,C,F,D,E,B,G,H
A,I,C,F,D,E,B,H,G
A,I,C,F,D,E,G,B,H
A,I,C,F,D,E,G,H,B
A,I,C,F,D,E,H,B,G
A,I,C,F,D,E,H,G,B
A,I,C,F,D,G,B,E,H
A,I,C,F,D,G,B,H,E
A,I,C,F,D,G,E,B,H
A,I,C,F,D,G,E,H,B
A,I,C,F,D,G,H,B,E
A,I,C,F,D,G,H,E,B
A,I,C,F,D,H,B,E,G
A,I,C,F,D,H,B,G,E
A,I,C,F,D,H,E,B,G
A,I,C,F,D,H,E,G,B
A,I,C,F,D,H,G,B,E
A,I,C,F,D,H,G,E,B
A,I,C,F,E,B,D,G,H
A,I,C,F,E,B,D,H,G
A,I,C,F,E,B,G,D,H
A,I,C,F,E,B,G,H,D
A,I,C,F,E,B,H,D,G
A,I,C,F,E,B,H,G,D
A,I,C,F,E,D,B,G,H
A,I,C,F,E,D,B,H,G
A,I,C,F,E,D,G,B,H
A,I,C,F,E,D,G,H,B
A,I,C,F,E,D,H,B,G
A,I,C,F,E,D,H,G,B
A,I,C,F,E,G,B,D,H
A,I,C,F,E,G,B,H,D
A,I,C,F,E,G,D,B,H
A,I,C,F,E,G,D,H,B
A,I,C,F,E,G,H,B,D
A,I,C,F,E,G,H,D,B
A,I,C,F,E,H,B,D,G
A,I,C,F,E,H,B,G,D
A,I,C,F,E,H,D,B,G
A,I,C,F,E,H,D,G,B
A,I,C,F,E,H,G,B,D
A,I,C,F,E,H,G,D,B
A,I,C,F,G,B,D,E,H
A,I,C,F,G,B,D,H,E
A,I,C,F,G,B,E,D,H
A,I,C,F,G,B,E,H,D
A,I,C,F,G,B,H,D,E
A,I,C,F,G,B,H,E,D
A,I,C,F,G,D,B,E,H
A,I,C,F,G,D,B,H,E
A,I,C,F,G,D,E,B,H
A,I,C,F,G,D,E,H,B
A,I,C,F,G,D,H,B,E
A,I,C,F,G,D,H,E,B
A,I,C,F,G,E,B,D,H
A,I,C,F,G,E,B,H,D
A,I,C,F,G,E,D,B,H
A,I,C,F,G,E,D,H,B
A,I,C,F,G,E,H,B,D
A,I,C,F,G,E,H,D,B
A,I,C,F,G,H,B,D,E
A,I,C,F,G,H,B,E,D
A,I,C,F,G,H,D,B,E
A,I,C,F,G,H,D,E,B
A,I,C,F,G,H,E,B,D
A,I,C,F,G,H,E,D,B
A,I,C,F,H,B,D,E,G
A,I,C,F,H,B,D,G,E
A,I,C,F,H,B,E,D,G
A,I,C,F,H,B,E,G,D
A,I,C,F,H,B,G,D,E
A,I,C,F,H,B,G,E,D
A,I,C,F,H,D,B,E,G
A,I,C,F,H,D,B,G,E
A,I,C,F,H,D,E,B,G
A,I,C,F,H,D,E,G,B
A,I,C,F,H,D,G,B,E
A,I,C,F,H,D,G,E,B
A,I,C,F,H,E,B,D,G
A,I,C,F,H,E,B,G,D
A,I,C,F,H,E,D,B,G
A,I,C,F,H,E,D,G,B
A,I,C,F,H,E,G,B,D
A,I,C,F,H,E,G,D,B
A,I,C,F,H,G,B,D,E
A,I,C,F,H,G,B,E,D
A,I,C,F,H,G,D,B,E
A,I,C,F,H,G,D,E,B
A,I,C,F,H,G,E,B,D
A,I,C,F,H,G,E,D,B
A,I,C,G,B,D,E,F,H
A,I,C,G,B,D,E,H,F
A,I,C,G,B,D,F,E,H
A,I,C,G,B,D,F,H,E
A,I,C,G,B,D,H,E,F
A,I,C,G,B,D,H,F,E
A,I,C,G,B,E,D,F,H
A,I,C,G,B,E,D,H,F
A,I,C,G,B,E,F,D,H
A,I,C,G,B,E,F,H,D
A,I,C,G,B,E,H,D,F
A,I,C,G,B,E,H,F,D
A,I,C,G,B,F,D,E,H
A,I,C,G,B,F,D,H,E
A,I,C,G,B,F,E,D,H
A,I,C,G,B,F,E,H,D
A,I,C,G,B,F,H,D,E
A,I,C,G,B,F,H,E,D
A,I,C,G,B,H,D,E,F
A,I,C,G,B,H,D,F,E
A,I,C,G,B,H,E,D,F
A,I,C,G,B,H,E,F,D
A,I,C,G,B,H,F,D,E
A,I,C,G,B,H,F,E,D
A,I,C,G,D,B,E,F,H
A,I,C,G,D,B,E,H,F
A,I,C,G,D,B,F,E,H
A,I,C,G,D,B,F,H,E
A,I,C,G,D,B,H,E,F
A,I,C,G,D,B,H,F,E
A,I,C,G,D,E,B,F,H
A,I,C,G,D,E,B,H,F
A,I,C,G,D,E,F,B,H
A,I,C,G,D,E,F,H,B
A,I,C,G,D,E,H,B,F
A,I,C,G,D,E,H,F,B
A,I,C,G,D,F,B,E,H
A,I,C,G,D,F,B,H,E
A,I,C,G,D,F,E,B,H
A,I,C,G,D,F,E,H,B
A,I,C,G,D,F,H,B,E
A,I,C,G,D,F,H,E,B
A,I,C,G,D,H,B,E,F
A,I,C,G,D,H,B,F,E
A,I,C,G,D,H,E,B,F
A,I,C,G,D,H,E,F,B
A,I,C,G,D,H,F,B,E
A,I,C,G,D,H,F,E,B
A,I,C,G,E,B,D,F,H
A,I,C,G,E,B,D,H,F
A,I,C,G,E,B,F,D,H
A,I,C,G,E,B,F,H,D
A,I,C,G,E,B,H,D,F
A,I,C,G,E,B,H,F,D
A,I,C,G,E,D,B,F,H
A,I,C,G,E,D,B,H,F
A,I,C,G,E,D,F,B,H
A,I,C,G,E,D,F,H,B
A,I,C,G,E,D,H,B,F
A,I,C,G,E,D,H,F,B
A,I,C,G,E,F,B,D,H
A,I,C,G,E,F,B,H,D
A,I,C,G,E,F,D,B,H
A,I,C,G,E,F,D,H,B
A,I,C,G,E,F,H,B,D
A,I,C,G,E,F,H,D,B
A,I,C,G,E,H,B,D,F
A,I,C,G,E,H,B,F,D
A,I,C,G,E,H,D,B,F
A,I,C,G,E,H,D,F,B
A,I,C,G,E,H,F,B,D
A,I,C,G,E,H,F,D,B
A,I,C,G,F,B,D,E,H
A,I,C,G,F,B,D,H,E
A,I,C,G,F,B,E,D,H
A,I,C,G,F,B,E,H,D
A,I,C,G,F,B,H,D,E
A,I,C,G,F,B,H,E,D
A,I,C,G,F,D,B,E,H
A,I,C,G,F,D,B,H,E
A,I,C,G,F,D,E,B,H
A,I,C,G,F,D,E,H,B
A,I,C,G,F,D,H,B,E
A,I,C,G,F,D,H,E,B
A,I,C,G,F,E,B,D,H
A,I,C,G,F,E,B,H,D
A,I,C,G,F,E,D,B,H
A,I,C,G,F,E,D,H,B
A,I,C,G,F,E,H,B,D
A,I,C,G,F,E,H,D,B
A,I,C,G,F,H,B,D,E
A,I,C,G,F,H,B,E,D
A,I,C,G,F,H,D,B,E
A,I,C,G,F,H,D,E,B
A,I,C,G,F,H,E,B,D
A,I,C,G,F,H,E,D,B
A,I,C,G,H,B,D,E,F
A,I,C,G,H,B,D,F,E
A,I,C,G,H,B,E,D,F
A,I,C,G,H,B,E,F,D
A,I,C,G,H,B,F,D,E
A,I,C,G,H,B,F,E,D
A,I,C,G,H,D,B,E,F
A,I,C,G,H,D,B,F,E
A,I,C,G,H,D,E,B,F
A,I,C,G,H,D,E,F,B
A,I,C,G,H,D,F,B,E
A,I,C,G,H,D,F,E,B
A,I,C,G,H,E,B,D,F
A,I,C,G,H,E,B,F,D
A,I,C,G,H,E,D,B,F
A,I,C,G,H,E,D,F,B
A,I,C,G,H,E,F,B,D
A,I,C,G,H,E,F,D,B
A,I,C,G,H,F,B,D,E
A,I,C,G,H,F,B,E,D
A,I,C,G,H,F,D,B,E
A,I,C,G,H,F,D,E,B
A,I,C,G,H,F,E,B,D
A,I,C,G,H,F,E,D,B
A,I,C,H,B,D,E,F,G
A,I,C,H,B,D,E,G,F
A,I,C,H,B,D,F,E,G
A,I,C,H,B,D,F,G,E
A,I,C,H,B,D,G,E,F
A,I,C,H,B,D,G,F,E
A,I,C,H,B,E,D,F,G
A,I,C,H,B,E,D,G,F
A,I,C,H,B,E,F,D,G
A,I,C,H,B,E,F,G,D
A,I,C,H,B,E,G,D,F
A,I,C,H,B,E,G,F,D
A,I,C,H,B,F,D,E,G
A,I,C,H,B,F,D,G,E
A,I,C,H,B,F,E,D,G
A,I,C,H,B,F,E,G,D
A,I,C,H,B,F,G,D,E
A,I,C,H,B,F,G,E,D
A,I,C,H,B,G,D,E,F
A,I,C,H,B,G,D,F,E
A,I,C,H,B,G,E,D,F
A,I,C,H,B,G,E,F,D
A,I,C,H,B,G,F,D,E
A,I,C,H,B,G,F,E,D
A,I,C,H,D,B,E,F,G
A,I,C,H,D,B,E,G,F
A,I,C,H,D,B,F,E,G
A,I,C,H,D,B,F,G,E
A,I,C,H,D,B,G,E,F
A,I,C,H,D,B,G,F,E
A,I,C,H,D,E,B,F,G
A,I,C,H,D,E,B,G,F
A,I,C,H,D,E,F,B,G
A,I,C,H,D,E,F,G,B
A,I,C,H,D,E,G,B,F
A,I,C,H,D,E,G,F,B
A,I,C,H,D,F,B,E,G
A,I,C,H,D,F,B,G,E
A,I,C,H,D,F,E,B,G
A,I,C,H,D,F,E,G,B
A,I,C,H,D,F,G,B,E
A,I,C,H,D,F,G,E,B
A,I,C,H,D,G,B,E,F
A,I,C,H,D,G,B,F,E
A,I,C,H,D,G,E,B,F
A,I,C,H,D,G,E,F,B
A,I,C,H,D,G,F,B,E
A,I,C,H,D,G,F,E,B
A,I,C,H,E,B,D,F,G
A,I,C,H,E,B,D,G,F
A,I,C,H,E,B,F,D,G
A,I,C,H,E,B,F,G,D
A,I,C,H,E,B,G,D,F
A,I,C,H,E,B,G,F,D
A,I,C,H,E,D,B,F,G
A,I,C,H,E,D,B,G,F
A,I,C,H,E,D,F,B,G
A,I,C,H,E,D,F,G,B
A,I,C,H,E,D,G,B,F
A,I,C,H,E,D,G,F,B
A,I,C,H,E,F,B,D,G
A,I,C,H,E,F,B,G,D
A,I,C,H,E,F,D,B,G
A,I,C,H,E,F,D,G,B
A,I,C,H,E,F,G,B,D
A,I,C,H,E,F,G,D,B
A,I,C,H,E,G,B,D,F
A,I,C,H,E,G,B,F,D
A,I,C,H,E,G,D,B,F
A,I,C,H,E,G,D,F,B
A,I,C,H,E,G,F,B,D
A,I,C,H,E,G,F,D,B
A,I,C,H,F,B,D,E,G
A,I,C,H,F,B,D,G,E
A,I,C,H,F,B,E,D,G
A,I,C,H,F,B,E,G,D
A,I,C,H,F,B,G,D,E
A,I,C,H,F,B,G,E,D
A,I,C,H,F,D,B,E,G
A,I,C,H,F,D,B,G,E
A,I,C,H,F,D,E,B,G
A,I,C,H,F,D,E,G,B
A,I,C,H,F,D,G,B,E
A,I,C,H,F,D,G,E,B
A,I,C,H,F,E,B,D,G
A,I,C,H,F,E,B,G,D
A,I,C,H,F,E,D,B,G
A,I,C,H,F,E,D,G,B
A,I,C,H,F,E,G,B,D
A,I,C,H,F,E,G,D,B
A,I,C,H,F,G,B,D,E
A,I,C,H,F,G,B,E,D
A,I,C,H,F,G,D,B,E
A,I,C,H,F,G,D,E,B
A,I,C,H,F,G,E,B,D
A,I,C,H,F,G,E,D,B
A,I,C,H,G,B,D,E,F
A,I,C,H,G,B,D,F,E
A,I,C,H,G,B,E,D,F
A,I,C,H,G,B,E,F,D
A,I,C,H,G,B,F,D,E
A,I,C,H,G,B,F,E,D
A,I,C,H,G,D,B,E,F
A,I,C,H,G,D,B,F,E
A,I,C,H,G,D,E,B,F
A,I,C,H,G,D,E,F,B
A,I,C,H,G,D,F,B,E
A,I,C,H,G,D,F,E,B
A,I,C,H,G,E,B,D,F
A,I,C,H,G,E,B,F,D
A,I,C,H,G,E,D,B,F
A,I,C,H,G,E,D,F,B
A,I,C,H,G,E,F,B,D
A,I,C,H,G,E,F,D,B
A,I,C,H,G,F,B,D,E
A,I,C,H,G,F,B,E,D
A,I,C,H,G,F,D,B,E
A,I,C,H,G,F,D,E,B
A,I,C,H,G,F,E,B,D
A,I,C,H,G,F,E,D,B
A,I,D,B,C,E,F,G,H
A,I,D,B,C,E,F,H,G
A,I,D,B,C,E,G,F,H
A,I,D,B,C,E,G,H,F
A,I,D,B,C,E,H,F,G
A,I,D,B,C,E,H,G,F
A,I,D,B,C,F,E,G,H
A,I,D,B,C,F,E,H,G
A,I,D,B,C,F,G,E,H
A,I,D,B,C,F,G,H,E
A,I,D,B,C,F,H,E,G
A,I,D,B,C,F,H,G,E
A,I,D,B,C,G,E,F,H
A,I,D,B,C,G,E,H,F
A,I,D,B,C,G,F,E,H
A,I,D,B,C,G,F,H,E
A,I,D,B,C,G,H,E,F
A,I,D,B,C,G,H,F,E
A,I,D,B,C,H,E,F,G
A,I,D,B,C,H,E,G,F
A,I,D,B,C,H,F,E,G
A,I,D,B,C,H,F,G,E
A,I,D,B,C,H,G,E,F
A,I,D,B,C,H,G,F,E
A,I,D,B,E,C,F,G,H
A,I,D,B,E,C,F,H,G
A,I,D,B,E,C,G,F,H
A,I,D,B,E,C,G,H,F
A,I,D,B,E,C,H,F,G
A,I,D,B,E,C,H,G,F
A,I,D,B,E,F,C,G,H
A,I,D,B,E,F,C,H,G
A,I,D,B,E,F,G,C,H
A,I,D,B,E,F,G,H,C
A,I,D,B,E,F,H,C,G
A,I,D,B,E,F,H,G,C
A,I,D,B,E,G,C,F,H
A,I,D,B,E,G,C,H,F
A,I,D,B,E,G,F,C,H
A,I,D,B,E,G,F,H,C
A,I,D,B,E,G,H,C,F
A,I,D,B,E,G,H,F,C
A,I,D,B,E,H,C,F,G
A,I,D,B,E,H,C,G,F
A,I,D,B,E,H,F,C,G
A,I,D,B,E,H,F,G,C
A,I,D,B,E,H,G,C,F
A,I,D,B,E,H,G,F,C
A,I,D,B,F,C,E,G,H
A,I,D,B,F,C,E,H,G
A,I,D,B,F,C,G,E,H
A,I,D,B,F,C,G,H,E
A,I,D,B,F,C,H,E,G
A,I,D,B,F,C,H,G,E
A,I,D,B,F,E,C,G,H
A,I,D,B,F,E,C,H,G
A,I,D,B,F,E,G,C,H
A,I,D,B,F,E,G,H,C
A,I,D,B,F,E,H,C,G
A,I,D,B,F,E,H,G,C
A,I,D,B,F,G,C,E,H
A,I,D,B,F,G,C,H,E
A,I,D,B,F,G,E,C,H
A,I,D,B,F,G,E,H,C
A,I,D,B,F,G,H,C,E
A,I,D,B,F,G,H,E,C
A,I,D,B,F,H,C,E,G
A,I,D,B,F,H,C,G,E
A,I,D,B,F,H,E,C,G
A,I,D,B,F,H,E,G,C
A,I,D,B,F,H,G,C,E
A,I,D,B,F,H,G,E,C
A,I,D,B,G,C,E,F,H
A,I,D,B,G,C,E,H,F
A,I,D,B,G,C,F,E,H
A,I,D,B,G,C,F,H,E
A,I,D,B,G,C,H,E,F
A,I,D,B,G,C,H,F,E
A,I,D,B,G,E,C,F,H
A,I,D,B,G,E,C,H,F
A,I,D,B,G,E,F,C,H
A,I,D,B,G,E,F,H,C
A,I,D,B,G,E,H,C,F
A,I,D,B,G,E,H,F,C
A,I,D,B,G,F,C,E,H
A,I,D,B,G,F,C,H,E
A,I,D,B,G,F,E,C,H
A,I,D,B,G,F,E,H,C
A,I,D,B,G,F,H,C,E
A,I,D,B,G,F,H,E,C
A,I,D,B,G,H,C,E,F
A,I,D,B,G,H,C,F,E
A,I,D,B,G,H,E,C,F
A,I,D,B,G,H,E,F,C
A,I,D,B,G,H,F,C,E
A,I,D,B,G,H,F,E,C
A,I,D,B,H,C,E,F,G
A,I,D,B,H,C,E,G,F
A,I,D,B,H,C,F,E,G
A,I,D,B,H,C,F,G,E
A,I,D,B,H,C,G,E,F
A,I,D,B,H,C,G,F,E
A,I,D,B,H,E,C,F,G
A,I,D,B,H,E,C,G,F
A,I,D,B,H,E,F,C,G
A,I,D,B,H,E,F,G,C
A,I,D,B,H,E,G,C,F
A,I,D,B,H,E,G,F,C
A,I,D,B,H,F,C,E,G
A,I,D,B,H,F,C,G,E
A,I,D,B,H,F,E,C,G
A,I,D,B,H,F,E,G,C
A,I,D,B,H,F,G,C,E
A,I,D,B,H,F,G,E,C
A,I,D,B,H,G,C,E,F
A,I,D,B,H,G,C,F,E
A,I,D,B,H,G,E,C,F
A,I,D,B,H,G,E,F,C
A,I,D,B,H,G,F,C,E
A,I,D,B,H,G,F,E,C
A,I,D,C,B,E,F,G,H
A,I,D,C,B,E,F,H,G
A,I,D,C,B,E,G,F,H
A,I,D,C,B,E,G,H,F
A,I,D,C,B,E,H,F,G
A,I,D,C,B,E,H,G,F
A,I,D,C,B,F,E,G,H
A,I,D,C,B,F,E,H,G
A,I,D,C,B,F,G,E,H
A,I,D,C,B,F,G,H,E
A,I,D,C,B,F,H,E,G
A,I,D,C,B,F,H,G,E
A,I,D,C,B,G,E,F,H
A,I,D,C,B,G,E,H,F
A,I,D,C,B,G,F,E,H
A,I,D,C,B,G,F,H,E
A,I,D,C,B,G,H,E,F
A,I,D,C,B,G,H,F,E
A,I,D,C,B,H,E,F,G
A,I,D,C,B,H,E,G,F
A,I,D,C,B,H,F,E,G
A,I,D,C,B,H,F,G,E
A,I,D,C,B,H,G,E,F
A,I,D,C,B,H,G,F,E
A,I,D,C,E,B,F,G,H
A,I,D,C,E,B,F,H,G
A,I,D,C,E,B,G,F,H
A,I,D,C,E,B,G,H,F
A,I,D,C,E,B,H,F,G
A,I,D,C,E,B,H,G,F
A,I,D,C,E,F,B,G,H
A,I,D,C,E,F,B,H,G
A,I,D,C,E,F,G,B,H
A,I,D,C,E,F,G,H,B
A,I,D,C,E,F,H,B,G
A,I,D,C,E,F,H,G,B
A,I,D,C,E,G,B,F,H
A,I,D,C,E,G,B,H,F
A,I,D,C,E,G,F,B,H
A,I,D,C,E,G,F,H,B
A,I,D,C,E,G,H,B,F
A,I,D,C,E,G,H,F,B
A,I,D,C,E,H,B,F,G
A,I,D,C,E,H,B,G,F
A,I,D,C,E,H,F,B,G
A,I,D,C,E,H,F,G,B
A,I,D,C,E,H,G,B,F
A,I,D,C,E,H,G,F,B
A,I,D,C,F,B,E,G,H
A,I,D,C,F,B,E,H,G
A,I,D,C,F,B,G,E,H
A,I,D,C,F,B,G,H,E
A,I,D,C,F,B,H,E,G
A,I,D,C,F,B,H,G,E
A,I,D,C,F,E,B,G,H
A,I,D,C,F,E,B,H,G
A,I,D,C,F,E,G,B,H
A,I,D,C,F,E,G,H,B
A,I,D,C,F,E,H,B,G
A,I,D,C,F,E,H,G,B
A,I,D,C,F,G,B,E,H
A,I,D,C,F,G,B,H,E
A,I,D,C,F,G,E,B,H
A,I,D,C,F,G,E,H,B
A,I,D,C,F,G,H,B,E
A,I,D,C,F,G,H,E,B
A,I,D,C,F,H,B,E,G
A,I,D,C,F,H,B,G,E
A,I,D,C,F,H,E,B,G
A,I,D,C,F,H,E,G,B
A,I,D,C,F,H,G,B,E
A,I,D,C,F,H,G,E,B
A,I,D,C,G,B,E,F,H
A,I,D,C,G,B,E,H,F
A,I,D,C,G,B,F,E,H
A,I,D,C,G,B,F,H,E
A,I,D,C,G,B,H,E,F
A,I,D,C,G,B,H,F,E
A,I,D,C,G,E,B,F,H
A,I,D,C,G,E,B,H,F
A,I,D,C,G,E,F,B,H
A,I,D,C,G,E,F,H,B
A,I,D,C,G,E,H,B,F
A,I,D,C,G,E,H,F,B
A,I,D,C,G,F,B,E,H
A,I,D,C,G,F,B,H,E
A,I,D,C,G,F,E,B,H
A,I,D,C,G,F,E,H,B
A,I,D,C,G,F,H,B,E
A,I,D,C,G,F,H,E,B
A,I,D,C,G,H,B,E,F
A,I,D,C,G,H,B,F,E
A,I,D,C,G,H,E,B,F
A,I,D,C,G,H,E,F,B
A,I,D,C,G,H,F,B,E
A,I,D,C,G,H,F,E,B
A,I,D,C,H,B,E,F,G
A,I,D,C,H,B,E,G,F
A,I,D,C,H,B,F,E,G
A,I,D,C,H,B,F,G,E
A,I,D,C,H,B,G,E,F
A,I,D,C,H,B,G,F,E
A,I,D,C,H,E,B,F,G
A,I,D,C,H,E,B,G,F
A,I,D,C,H,E,F,B,G
A,I,D,C,H,E,F,G,B
A,I,D,C,H,E,G,B,F
A,I,D,C,H,E,G,F,B
A,I,D,C,H,F,B,E,G
A,I,D,C,H,F,B,G,E
A,I,D,C,H,F,E,B,G
A,I,D,C,H,F,E,G,B
A,I,D,C,H,F,G,B,E
A,I,D,C,H,F,G,E,B
A,I,D,C,H,G,B,E,F
A,I,D,C,H,G,B,F,E
A,I,D,C,H,G,E,B,F
A,I,D,C,H,G,E,F,B
A,I,D,C,H,G,F,B,E
A,I,D,C,H,G,F,E,B
A,I,D,E,B,C,F,G,H
A,I,D,E,B,C,F,H,G
A,I,D,E,B,C,G,F,H
A,I,D,E,B,C,G,H,F
A,I,D,E,B,C,H,F,G
A,I,D,E,B,C,H,G,F
A,I,D,E,B,F,C,G,H
A,I,D,E,B,F,C,H,G
A,I,D,E,B,F,G,C,H
A,I,D,E,B,F,G,H,C
A,I,D,E,B,F,H,C,G
A,I,D,E,B,F,H,G,C
A,I,D,E,B,G,C,F,H
A,I,D,E,B,G,C,H,F
A,I,D,E,B,G,F,C,H
A,I,D,E,B,G,F,H,C
A,I,D,E,B,G,H,C,F
A,I,D,E,B,G,H,F,C
A,I,D,E,B,H,C,F,G
A,I,D,E,B,H,C,G,F
A,I,D,E,B,H,F,C,G
A,I,D,E,B,H,F,G,C
A,I,D,E,B,H,G,C,F
A,I,D,E,B,H,G,F,C
A,I,D,E,C,B,F,G,H
A,I,D,E,C,B,F,H,G
A,I,D,E,C,B,G,F,H
A,I,D,E,C,B,G,H,F
A,I,D,E,C,B,H,F,G
A,I,D,E,C,B,H,G,F
A,I,D,E,C,F,B,G,H
A,I,D,E,C,F,B,H,G
A,I,D,E,C,F,G,B,H
A,I,D,E,C,F,G,H,B
A,I,D,E,C,F,H,B,G
A,I,D,E,C,F,H,G,B
A,I,D,E,C,G,B,F,H
A,I,D,E,C,G,B,H,F
A,I,D,E,C,G,F,B,H
A,I,D,E,C,G,F,H,B
A,I,D,E,C,G,H,B,F
A,I,D,E,C,G,H,F,B
A,I,D,E,C,H,B,F,G
A,I,D,E,C,H,B,G,F
A,I,D,E,C,H,F,B,G
A,I,D,E,C,H,F,G,B
A,I,D,E,C,H,G,B,F
A,I,D,E,C,H,G,F,B
A,I,D,E,F,B,C,G,H
A,I,D,E,F,B,C,H,G
A,I,D,E,F,B,G,C,H
A,I,D,E,F,B,G,H,C
A,I,D,E,F,B,H,C,G
A,I,D,E,F,B,H,G,C
A,I,D,E,F,C,B,G,H
A,I,D,E,F,C,B,H,G
A,I,D,E,F,C,G,B,H
A,I,D,E,F,C,G,H,B
A,I,D,E,F,C,H,B,G
A,I,D,E,F,C,H,G,B
A,I,D,E,F,G,B,C,H
A,I,D,E,F,G,B,H,C
A,I,D,E,F,G,C,B,H
A,I,D,E,F,G,C,H,B
A,I,D,E,F,G,H,B,C
A,I,D,E,F,G,H,C,B
A,I,D,E,F,H,B,C,G
A,I,D,E,F,H,B,G,C
A,I,D,E,F,H,C,B,G
A,I,D,E,F,H,C,G,B
A,I,D,E,F,H,G,B,C
A,I,D,E,F,H,G,C,B
A,I,D,E,G,B,C,F,H
A,I,D,E,G,B,C,H,F
A,I,D,E,G,B,F,C,H
A,I,D,E,G,B,F,H,C
A,I,D,E,G,B,H,C,F
A,I,D,E,G,B,H,F,C
A,I,D,E,G,C,B,F,H
A,I,D,E,G,C,B,H,F
A,I,D,E,G,C,F,B,H
A,I,D,E,G,C,F,H,B
A,I,D,E,G,C,H,B,F
A,I,D,E,G,C,H,F,B
A,I,D,E,G,F,B,C,H
A,I,D,E,G,F,B,H,C
A,I,D,E,G,F,C,B,H
A,I,D,E,G,F,C,H,B
A,I,D,E,G,F,H,B,C
A,I,D,E,G,F,H,C,B
A,I,D,E,G,H,B,C,F
A,I,D,E,G,H,B,F,C
A,I,D,E,G,H,C,B,F
A,I,D,E,G,H,C,F,B
A,I,D,E,G,H,F,B,C
A,I,D,E,G,H,F,C,B
A,I,D,E,H,B,C,F,G
A,I,D,E,H,B,C,G,F
A,I,D,E,H,B,F,C,G
A,I,D,E,H,B,F,G,C
A,I,D,E,H,B,G,C,F
A,I,D,E,H,B,G,F,C
A,I,D,E,H,C,B,F,G
A,I,D,E,H,C,B,G,F
A,I,D,E,H,C,F,B,G
A,I,D,E,H,C,F,G,B
A,I,D,E,H,C,G,B,F
A,I,D,E,H,C,G,F,B
A,I,D,E,H,F,B,C,G
A,I,D,E,H,F,B,G,C
A,I,D,E,H,F,C,B,G
A,I,D,E,H,F,C,G,B
A,I,D,E,H,F,G,B,C
A,I,D,E,H,F,G,C,B
A,I,D,E,H,G,B,C,F
A,I,D,E,H,G,B,F,C
A,I,D,E,H,G,C,B,F
A,I,D,E,H,G,C,F,B
A,I,D,E,H,G,F,B,C
A,I,D,E,H,G,F,C,B
A,I,D,F,B,C,E,G,H
A,I,D,F,B,C,E,H,G
A,I,D,F,B,C,G,E,H
A,I,D,F,B,C,G,H,E
A,I,D,F,B,C,H,E,G
A,I,D,F,B,C,H,G,E
A,I,D,F,B,E,C,G,H
A,I,D,F,B,E,C,H,G
A,I,D,F,B,E,G,C,H
A,I,D,F,B,E,G,H,C
A,I,D,F,B,E,H,C,G
A,I,D,F,B,E,H,G,C
A,I,D,F,B,G,C,E,H
A,I,D,F,B,G,C,H,E
A,I,D,F,B,G,E,C,H
A,I,D,F,B,G,E,H,C
A,I,D,F,B,G,H,C,E
A,I,D,F,B,G,H,E,C
A,I,D,F,B,H,C,E,G
A,I,D,F,B,H,C,G,E
A,I,D,F,B,H,E,C,G
A,I,D,F,B,H,E,G,C
A,I,D,F,B,H,G,C,E
A,I,D,F,B,H,G,E,C
A,I,D,F,C,B,E,G,H
A,I,D,F,C,B,E,H,G
A,I,D,F,C,B,G,E,H
A,I,D,F,C,B,G,H,E
A,I,D,F,C,B,H,E,G
A,I,D,F,C,B,H,G,E
A,I,D,F,C,E,B,G,H
A,I,D,F,C,E,B,H,G
A,I,D,F,C,E,G,B,H
A,I,D,F,C,E,G,H,B
A,I,D,F,C,E,H,B,G
A,I,D,F,C,E,H,G,B
A,I,D,F,C,G,B,E,H
A,I,D,F,C,G,B,H,E
A,I,D,F,C,G,E,B,H
A,I,D,F,C,G,E,H,B
A,I,D,F,C,G,H,B,E
A,I,D,F,C,G,H,E,B
A,I,D,F,C,H,B,E,G
A,I,D,F,C,H,B,G,E
A,I,D,F,C,H,E,B,G
A,I,D,F,C,H,E,G,B
A,I,D,F,C,H,G,B,E
A,I,D,F,C,H,G,E,B
A,I,D,F,E,B,C,G,H
A,I,D,F,E,B,C,H,G
A,I,D,F,E,B,G,C,H
A,I,D,F,E,B,G,H,C
A,I,D,F,E,B,H,C,G
A,I,D,F,E,B,H,G,C
A,I,D,F,E,C,B,G,H
A,I,D,F,E,C,B,H,G
A,I,D,F,E,C,G,B,H
A,I,D,F,E,C,G,H,B
A,I,D,F,E,C,H,B,G
A,I,D,F,E,C,H,G,B
A,I,D,F,E,G,B,C,H
A,I,D,F,E,G,B,H,C
A,I,D,F,E,G,C,B,H
A,I,D,F,E,G,C,H,B
A,I,D,F,E,G,H,B,C
A,I,D,F,E,G,H,C,B
A,I,D,F,E,H,B,C,G
A,I,D,F,E,H,B,G,C
A,I,D,F,E,H,C,B,G
A,I,D,F,E,H,C,G,B
A,I,D,F,E,H,G,B,C
A,I,D,F,E,H,G,C,B
A,I,D,F,G,B,C,E,H
A,I,D,F,G,B,C,H,E
A,I,D,F,G,B,E,C,H
A,I,D,F,G,B,E,H,C
A,I,D,F,G,B,H,C,E
A,I,D,F,G,B,H,E,C
A,I,D,F,G,C,B,E,H
A,I,D,F,G,C,B,H,E
A,I,D,F,G,C,E,B,H
A,I,D,F,G,C,E,H,B
A,I,D,F,G,C,H,B,E
A,I,D,F,G,C,H,E,B
A,I,D,F,G,E,B,C,H
A,I,D,F,G,E,B,H,C
A,I,D,F,G,E,C,B,H
A,I,D,F,G,E,C,H,B
A,I,D,F,G,E,H,B,C
A,I,D,F,G,E,H,C,B
A,I,D,F,G,H,B,C,E
A,I,D,F,G,H,B,E,C
A,I,D,F,G,H,C,B,E
A,I,D,F,G,H,C,E,B
A,I,D,F,G,H,E,B,C
A,I,D,F,G,H,E,C,B
A,I,D,F,H,B,C,E,G
A,I,D,F,H,B,C,G,E
A,I,D,F,H,B,E,C,G
A,I,D,F,H,B,E,G,C
A,I,D,F,H,B,G,C,E
A,I,D,F,H,B,G,E,C
A,I,D,F,H,C,B,E,G
A,I,D,F,H,C,B,G,E
A,I,D,F,H,C,E,B,G
A,I,D,F,H,C,E,G,B
A,I,D,F,H,C,G,B,E
A,I,D,F,H,C,G,E,B
A,I,D,F,H,E,B,C,G
A,I,D,F,H,E,B,G,C
A,I,D,F,H,E,C,B,G
A,I,D,F,H,E,C,G,B
A,I,D,F,H,E,G,B,C
A,I,D,F,H,E,G,C,B
A,I,D,F,H,G,B,C,E
A,I,D,F,H,G,B,E,C
A,I,D,F,H,G,C,B,E
A,I,D,F,H,G,C,E,B
A,I,D,F,H,G,E,B,C
A,I,D,F,H,G,E,C,B
A,I,D,G,B,C,E,F,H
A,I,D,G,B,C,E,H,F
A,I,D,G,B,C,F,E,H
A,I,D,G,B,C,F,H,E
A,I,D,G,B,C,H,E,F
A,I,D,G,B,C,H,F,E
A,I,D,G,B,E,C,F,H
A,I,D,G,B,E,C,H,F
A,I,D,G,B,E,F,C,H
A,I,D,G,B,E,F,H,C
A,I,D,G,B,E,H,C,F
A,I,D,G,B,E,H,F,C
A,I,D,G,B,F,C,E,H
A,I,D,G,B,F,C,H,E
A,I,D,G,B,F,E,C,H
A,I,D,G,B,F,E,H,C
A,I,D,G,B,F,H,C,E
A,I,D,G,B,F,H,E,C
A,I,D,G,B,H,C,E,F
A,I,D,G,B,H,C,F,E
A,I,D,G,B,H,E,C,F
A,I,D,G,B,H,E,F,C
A,I,D,G,B,H,F,C,E
A,I,D,G,B,H,F,E,C
A,I,D,G,C,B,E,F,H
A,I,D,G,C,B,E,H,F
A,I,D,G,C,B,F,E,H
A,I,D,G,C,B,F,H,E
A,I,D,G,C,B,H,E,F
A,I,D,G,C,B,H,F,E
A,I,D,G,C,E,B,F,H
A,I,D,G,C,E,B,H,F
A,I,D,G,C,E,F,B,H
A,I,D,G,C,E,F,H,B
A,I,D,G,C,E,H,B,F
A,I,D,G,C,E,H,F,B
A,I,D,G,C,F,B,E,H
A,I,D,G,C,F,B,H,E
A,I,D,G,C,F,E,B,H
A,I,D,G,C,F,E,H,B
A,I,D,G,C,F,H,B,E
A,I,D,G,C,F,H,E,B
A,I,D,G,C,H,B,E,F
A,I,D,G,C,H,B,F,E
A,I,D,G,C,H,E,B,F
A,I,D,G,C,H,E,F,B
A,I,D,G,C,H,F,B,E
A,I,D,G,C,H,F,E,B
A,I,D,G,E,B,C,F,H
A,I,D,G,E,B,C,H,F
A,I,D,G,E,B,F,C,H
A,I,D,G,E,B,F,H,C
A,I,D,G,E,B,H,C,F
A,I,D,G,E,B,H,F,C
A,I,D,G,E,C,B,F,H
A,I,D,G,E,C,B,H,F
A,I,D,G,E,C,F,B,H
A,I,D,G,E,C,F,H,B
A,I,D,G,E,C,H,B,F
A,I,D,G,E,C,H,F,B
A,I,D,G,E,F,B,C,H
A,I,D,G,E,F,B,H,C
A,I,D,G,E,F,C,B,H
A,I,D,G,E,F,C,H,B
A,I,D,G,E,F,H,B,C
A,I,D,G,E,F,H,C,B
A,I,D,G,E,H,B,C,F
A,I,D,G,E,H,B,F,C
A,I,D,G,E,H,C,B,F
A,I,D,G,E,H,C,F,B
A,I,D,G,E,H,F,B,C
A,I,D,G,E,H,F,C,B
A,I,D,G,F,B,C,E,H
A,I,D,G,F,B,C,H,E
A,I,D,G,F,B,E,C,H
A,I,D,G,F,B,E,H,C
A,I,D,G,F,B,H,C,E
A,I,D,G,F,B,H,E,C
A,I,D,G,F,C,B,E,H
A,I,D,G,F,C,B,H,E
A,I,D,G,F,C,E,B,H
A,I,D,G,F,C,E,H,B
A,I,D,G,F,C,H,B,E
A,I,D,G,F,C,H,E,B
A,I,D,G,F,E,B,C,H
A,I,D,G,F,E,B,H,C
A,I,D,G,F,E,C,B,H
A,I,D,G,F,E,C,H,B
A,I,D,G,F,E,H,B,C
A,I,D,G,F,E,H,C,B
A,I,D,G,F,H,B,C,E
A,I,D,G,F,H,B,E,C
A,I,D,G,F,H,C,B,E
A,I,D,G,F,H,C,E,B
A,I,D,G,F,H,E,B,C
A,I,D,G,F,H,E,C,B
A,I,D,G,H,B,C,E,F
A,I,D,G,H,B,C,F,E
A,I,D,G,H,B,E,C,F
A,I,D,G,H,B,E,F,C
A,I,D,G,H,B,F,C,E
A,I,D,G,H,B,F,E,C
A,I,D,G,H,C,B,E,F
A,I,D,G,H,C,B,F,E
A,I,D,G,H,C,E,B,F
A,I,D,G,H,C,E,F,B
A,I,D,G,H,C,F,B,E
A,I,D,G,H,C,F,E,B
A,I,D,G,H,E,B,C,F
A,I,D,G,H,E,B,F,C
A,I,D,G,H,E,C,B,F
A,I,D,G,H,E,C,F,B
A,I,D,G,H,E,F,B,C
A,I,D,G,H,E,F,C,B
A,I,D,G,H,F,B,C,E
A,I,D,G,H,F,B,E,C
A,I,D,G,H,F,C,B,E
A,I,D,G,H,F,C,E,B
A,I,D,G,H,F,E,B,C
A,I,D,G,H,F,E,C,B
A,I,D,H,B,C,E,F,G
A,I,D,H,B,C,E,G,F
A,I,D,H,B,C,F,E,G
A,I,D,H,B,C,F,G,E
A,I,D,H,B,C,G,E,F
A,I,D,H,B,C,G,F,E
A,I,D,H,B,E,C,F,G
A,I,D,H,B,E,C,G,F
A,I,D,H,B,E,F,C,G
A,I,D,H,B,E,F,G,C
A,I,D,H,B,E,G,C,F
A,I,D,H,B,E,G,F,C
A,I,D,H,B,F,C,E,G
A,I,D,H,B,F,C,G,E
A,I,D,H,B,F,E,C,G
A,I,D,H,B,F,E,G,C
A,I,D,H,B,F,G,C,E
A,I,D,H,B,F,G,E,C
A,I,D,H,B,G,C,E,F
A,I,D,H,B,G,C,F,E
A,I,D,H,B,G,E,C,F
A,I,D,H,B,G,E,F,C
A,I,D,H,B,G,F,C,E
A,I,D,H,B,G,F,E,C
A,I,D,H,C,B,E,F,G
A,I,D,H,C,B,E,G,F
A,I,D,H,C,B,F,E,G
A,I,D,H,C,B,F,G,E
A,I,D,H,C,B,G,E,F
A,I,D,H,C,B,G,F,E
A,I,D,H,C,E,B,F,G
A,I,D,H,C,E,B,G,F
A,I,D,H,C,E,F,B,G
A,I,D,H,C,E,F,G,B
A,I,D,H,C,E,G,B,F
A,I,D,H,C,E,G,F,B
A,I,D,H,C,F,B,E,G
A,I,D,H,C,F,B,G,E
A,I,D,H,C,F,E,B,G
A,I,D,H,C,F,E,G,B
A,I,D,H,C,F,G,B,E
A,I,D,H,C,F,G,E,B
A,I,D,H,C,G,B,E,F
A,I,D,H,C,G,B,F,E
A,I,D,H,C,G,E,B,F
A,I,D,H,C,G,E,F,B
A,I,D,H,C,G,F,B,E
A,I,D,H,C,G,F,E,B
A,I,D,H,E,B,C,F,G
A,I,D,H,E,B,C,G,F
A,I,D,H,E,B,F,C,G
A,I,D,H,E,B,F,G,C
A,I,D,H,E,B,G,C,F
A,I,D,H,E,B,G,F,C
A,I,D,H,E,C,B,F,G
A,I,D,H,E,C,B,G,F
A,I,D,H,E,C,F,B,G
A,I,D,H,E,C,F,G,B
A,I,D,H,E,C,G,B,F
A,I,D,H,E,C,G,F,B
A,I,D,H,E,F,B,C,G
A,I,D,H,E,F,B,G,C
A,I,D,H,E,F,C,B,G
A,I,D,H,E,F,C,G,B
A,I,D,H,E,F,G,B,C
A,I,D,H,E,F,G,C,B
A,I,D,H,E,G,B,C,F
A,I,D,H,E,G,B,F,C
A,I,D,H,E,G,C,B,F
A,I,D,H,E,G,C,F,B
A,I,D,H,E,G,F,B,C
A,I,D,H,E,G,F,C,B
A,I,D,H,F,B,C,E,G
A,I,D,H,F,B,C,G,E
A,I,D,H,F,B,E,C,G
A,I,D,H,F,B,E,G,C
A,I,D,H,F,B,G,C,E
A,I,D,H,F,B,G,E,C
A,I,D,H,F,C,B,E,G
A,I,D,H,F,C,B,G,E
A,I,D,H,F,C,E,B,G
A,I,D,H,F,C,E,G,B
A,I,D,H,F,C,G,B,E
A,I,D,H,F,C,G,E,B
A,I,D,H,F,E,B,C,G
A,I,D,H,F,E,B,G,C
A,I,D,H,F,E,C,B,G
A,I,D,H,F,E,C,G,B
A,I,D,H,F,E,G,B,C
A,I,D,H,F,E,G,C,B
A,I,D,H,F,G,B,C,E
A,I,D,H,F,G,B,E,C
A,I,D,H,F,G,C,B,E
A,I,D,H,F,G,C,E,B
A,I,D,H,F,G,E,B,C
A,I,D,H,F,G,E,C,B
A,I,D,H,G,B,C,E,F
A,I,D,H,G,B,C,F,E
A,I,D,H,G,B,E,C,F
A,I,D,H,G,B,E,F,C
A,I,D,H,G,B,F,C,E
A,I,D,H,G,B,F,E,C
A,I,D,H,G,C,B,E,F
A,I,D,H,G,C,B,F,E
A,I,D,H,G,C,E,B,F
A,I,D,H,G,C,E,F,B
A,I,D,H,G,C,F,B,E
A,I,D,H,G,C,F,E,B
A,I,D,H,G,E,B,C,F
A,I,D,H,G,E,B,F,C
A,I,D,H,G,E,C,B,F
A,I,D,H,G,E,C,F,B
A,I,D,H,G,E,F,B,C
A,I,D,H,G,E,F,C,B
A,I,D,H,G,F,B,C,E
A,I,D,H,G,F,B,E,C
A,I,D,H,G,F,C,B,E
A,I,D,H,G,F,C,E,B
A,I,D,H,G,F,E,B,C
A,I,D,H,G,F,E,C,B
A,I,E,B,C,D,F,G,H
A,I,E,B,C,D,F,H,G
A,I,E,B,C,D,G,F,H
A,I,E,B,C,D,G,H,F
A,I,E,B,C,D,H,F,G
A,I,E,B,C,D,H,G,F
A,I,E,B,C,F,D,G,H
A,I,E,B,C,F,D,H,G
A,I,E,B,C,F,G,D,H
A,I,E,B,C,F,G,H,D
A,I,E,B,C,F,H,D,G
A,I,E,B,C,F,H,G,D
A,I,E,B,C,G,D,F,H
A,I,E,B,C,G,D,H,F
A,I,E,B,C,G,F,D,H
A,I,E,B,C,G,F,H,D
A,I,E,B,C,G,H,D,F
A,I,E,B,C,G,H,F,D
A,I,E,B,C,H,D,F,G
A,I,E,B,C,H,D,G,F
A,I,E,B,C,H,F,D,G
A,I,E,B,C,H,F,G,D
A,I,E,B,C,H,G,D,F
A,I,E,B,C,H,G,F,D
A,I,E,B,D,C,F,G,H
A,I,E,B,D,C,F,H,G
A,I,E,B,D,C,G,F,H
A,I,E,B,D,C,G,H,F
A,I,E,B,D,C,H,F,G
A,I,E,B,D,C,H,G,F
A,I,E,B,D,F,C,G,H
A,I,E,B,D,F,C,H,G
A,I,E,B,D,F,G,C,H
A,I,E,B,D,F,G,H,C
A,I,E,B,D,F,H,C,G
A,I,E,B,D,F,H,G,C
A,I,E,B,D,G,C,F,H
A,I,E,B,D,G,C,H,F
A,I,E,B,D,G,F,C,H
A,I,E,B,D,G,F,H,C
A,I,E,B,D,G,H,C,F
A,I,E,B,D,G,H,F,C
A,I,E,B,D,H,C,F,G
A,I,E,B,D,H,C,G,F
A,I,E,B,D,H,F,C,G
A,I,E,B,D,H,F,G,C
A,I,E,B,D,H,G,C,F
A,I,E,B,D,H,G,F,C
A,I,E,B,F,C,D,G,H
A,I,E,B,F,C,D,H,G
A,I,E,B,F,C,G,D,H
A,I,E,B,F,C,G,H,D
A,I,E,B,F,C,H,D,G
A,I,E,B,F,C,H,G,D
A,I,E,B,F,D,C,G,H
A,I,E,B,F,D,C,H,G
A,I,E,B,F,D,G,C,H
A,I,E,B,F,D,G,H,C
A,I,E,B,F,D,H,C,G
A,I,E,B,F,D,H,G,C
A,I,E,B,F,G,C,D,H
A,I,E,B,F,G,C,H,D
A,I,E,B,F,G,D,C,H
A,I,E,B,F,G,D,H,C
A,I,E,B,F,G,H,C,D
A,I,E,B,F,G,H,D,C
A,I,E,B,F,H,C,D,G
A,I,E,B,F,H,C,G,D
A,I,E,B,F,H,D,C,G
A,I,E,B,F,H,D,G,C
A,I,E,B,F,H,G,C,D
A,I,E,B,F,H,G,D,C
A,I,E,B,G,C,D,F,H
A,I,E,B,G,C,D,H,F
A,I,E,B,G,C,F,D,H
A,I,E,B,G,C,F,H,D
A,I,E,B,G,C,H,D,F
A,I,E,B,G,C,H,F,D
A,I,E,B,G,D,C,F,H
A,I,E,B,G,D,C,H,F
A,I,E,B,G,D,F,C,H
A,I,E,B,G,D,F,H,C
A,I,E,B,G,D,H,C,F
A,I,E,B,G,D,H,F,C
A,I,E,B,G,F,C,D,H
A,I,E,B,G,F,C,H,D
A,I,E,B,G,F,D,C,H
A,I,E,B,G,F,D,H,C
A,I,E,B,G,F,H,C,D
A,I,E,B,G,F,H,D,C
A,I,E,B,G,H,C,D,F
A,I,E,B,G,H,C,F,D
A,I,E,B,G,H,D,C,F
A,I,E,B,G,H,D,F,C
A,I,E,B,G,H,F,C,D
A,I,E,B,G,H,F,D,C
A,I,E,B,H,C,D,F,G
A,I,E,B,H,C,D,G,F
A,I,E,B,H,C,F,D,G
A,I,E,B,H,C,F,G,D
A,I,E,B,H,C,G,D,F
A,I,E,B,H,C,G,F,D
A,I,E,B,H,D,C,F,G
A,I,E,B,H,D,C,G,F
A,I,E,B,H,D,F,C,G
A,I,E,B,H,D,F,G,C
A,I,E,B,H,D,G,C,F
A,I,E,B,H,D,G,F,C
A,I,E,B,H,F,C,D,G
A,I,E,B,H,F,C,G,D
A,I,E,B,H,F,D,C,G
A,I,E,B,H,F,D,G,C
A,I,E,B,H,F,G,C,D
A,I,E,B,H,F,G,D,C
A,I,E,B,H,G,C,D,F
A,I,E,B,H,G,C,F,D
A,I,E,B,H,G,D,C,F
A,I,E,B,H,G,D,F,C
A,I,E,B,H,G,F,C,D
A,I,E,B,H,G,F,D,C
A,I,E,C,B,D,F,G,H
A,I,E,C,B,D,F,H,G
A,I,E,C,B,D,G,F,H
A,I,E,C,B,D,G,H,F
A,I,E,C,B,D,H,F,G
A,I,E,C,B,D,H,G,F
A,I,E,C,B,F,D,G,H
A,I,E,C,B,F,D,H,G
A,I,E,C,B,F,G,D,H
A,I,E,C,B,F,G,H,D
A,I,E,C,B,F,H,D,G
A,I,E,C,B,F,H,G,D
A,I,E,C,B,G,D,F,H
A,I,E,C,B,G,D,H,F
A,I,E,C,B,G,F,D,H
A,I,E,C,B,G,F,H,D
A,I,E,C,B,G,H,D,F
A,I,E,C,B,G,H,F,D
A,I,E,C,B,H,D,F,G
A,I,E,C,B,H,D,G,F
A,I,E,C,B,H,F,D,G
A,I,E,C,B,H,F,G,D
A,I,E,C,B,H,G,D,F
A,I,E,C,B,H,G,F,D
A,I,E,C,D,B,F,G,H
A,I,E,C,D,B,F,H,G
A,I,E,C,D,B,G,F,H
A,I,E,C,D,B,G,H,F
A,I,E,C,D,B,H,F,G
A,I,E,C,D,B,H,G,F
A,I,E,C,D,F,B,G,H
A,I,E,C,D,F,B,H,G
A,I,E,C,D,F,G,B,H
A,I,E,C,D,F,G,H,B
A,I,E,C,D,F,H,B,G
A,I,E,C,D,F,H,G,B
A,I,E,C,D,G,B,F,H
A,I,E,C,D,G,B,H,F
A,I,E,C,D,G,F,B,H
A,I,E,C,D,G,F,H,B
A,I,E,C,D,G,H,B,F
A,I,E,C,D,G,H,F,B
A,I,E,C,D,H,B,F,G
A,I,E,C,D,H,B,G,F
A,I,E,C,D,H,F,B,G
A,I,E,C,D,H,F,G,B
A,I,E,C,D,H,G,B,F
A,I,E,C,D,H,G,F,B
A,I,E,C,F,B,D,G,H
A,I,E,C,F,B,D,H,G
A,I,E,C,F,B,G,D,H
A,I,E,C,F,B,G,H,D
A,I,E,C,F,B,H,D,G
A,I,E,C,F,B,H,G,D
A,I,E,C,F,D,B,G,H
A,I,E,C,F,D,B,H,G
A,I,E,C,F,D,G,B,H
A,I,E,C,F,D,G,H,B
A,I,E,C,F,D,H,B,G
A,I,E,C,F,D,H,G,B
A,I,E,C,F,G,B,D,H
A,I,E,C,F,G,B,H,D
A,I,E,C,F,G,D,B,H
A,I,E,C,F,G,D,H,B
A,I,E,C,F,G,H,B,D
A,I,E,C,F,G,H,D,B
A,I,E,C,F,H,B,D,G
A,I,E,C,F,H,B,G,D
A,I,E,C,F,H,D,B,G
A,I,E,C,F,H,D,G,B
A,I,E,C,F,H,G,B,D
A,I,E,C,F,H,G,D,B
A,I,E,C,G,B,D,F,H
A,I,E,C,G,B,D,H,F
A,I,E,C,G,B,F,D,H
A,I,E,C,G,B,F,H,D
A,I,E,C,G,B,H,D,F
A,I,E,C,G,B,H,F,D
A,I,E,C,G,D,B,F,H
A,I,E,C,G,D,B,H,F
A,I,E,C,G,D,F,B,H
A,I,E,C,G,D,F,H,B
A,I,E,C,G,D,H,B,F
A,I,E,C,G,D,H,F,B
A,I,E,C,G,F,B,D,H
A,I,E,C,G,F,B,H,D
A,I,E,C,G,F,D,B,H
A,I,E,C,G,F,D,H,B
A,I,E,C,G,F,H,B,D
A,I,E,C,G,F,H,D,B
A,I,E,C,G,H,B,D,F
A,I,E,C,G,H,B,F,D
A,I,E,C,G,H,D,B,F
A,I,E,C,G,H,D,F,B
A,I,E,C,G,H,F,B,D
A,I,E,C,G,H,F,D,B
A,I,E,C,H,B,D,F,G
A,I,E,C,H,B,D,G,F
A,I,E,C,H,B,F,D,G
A,I,E,C,H,B,F,G,D
A,I,E,C,H,B,G,D,F
A,I,E,C,H,B,G,F,D
A,I,E,C,H,D,B,F,G
A,I,E,C,H,D,B,G,F
A,I,E,C,H,D,F,B,G
A,I,E,C,H,D,F,G,B
A,I,E,C,H,D,G,B,F
A,I,E,C,H,D,G,F,B
A,I,E,C,H,F,B,D,G
A,I,E,C,H,F,B,G,D
A,I,E,C,H,F,D,B,G
A,I,E,C,H,F,D,G,B
A,I,E,C,H,F,G,B,D
A,I,E,C,H,F,G,D,B
A,I,E,C,H,G,B,D,F
A,I,E,C,H,G,B,F,D
A,I,E,C,H,G,D,B,F
A,I,E,C,H,G,D,F,B
A,I,E,C,H,G,F,B,D
A,I,E,C,H,G,F,D,B
A,I,E,D,B,C,F,G,H
A,I,E,D,B,C,F,H,G
A,I,E,D,B,C,G,F,H
A,I,E,D,B,C,G,H,F
A,I,E,D,B,C,H,F,G
A,I,E,D,B,C,H,G,F
A,I,E,D,B,F,C,G,H
A,I,E,D,B,F,C,H,G
A,I,E,D,B,F,G,C,H
A,I,E,D,B,F,G,H,C
A,I,E,D,B,F,H,C,G
A,I,E,D,B,F,H,G,C
A,I,E,D,B,G,C,F,H
A,I,E,D,B,G,C,H,F
A,I,E,D,B,G,F,C,H
A,I,E,D,B,G,F,H,C
A,I,E,D,B,G,H,C,F
A,I,E,D,B,G,H,F,C
A,I,E,D,B,H,C,F,G
A,I,E,D,B,H,C,G,F
A,I,E,D,B,H,F,C,G
A,I,E,D,B,H,F,G,C
A,I,E,D,B,H,G,C,F
A,I,E,D,B,H,G,F,C
A,I,E,D,C,B,F,G,H
A,I,E,D,C,B,F,H,G
A,I,E,D,C,B,G,F,H
A,I,E,D,C,B,G,H,F
A,I,E,D,C,B,H,F,G
A,I,E,D,C,B,H,G,F
A,I,E,D,C,F,B,G,H
A,I,E,D,C,F,B,H,G
A,I,E,D,C,F,G,B,H
A,I,E,D,C,F,G,H,B
A,I,E,D,C,F,H,B,G
A,I,E,D,C,F,H,G,B
A,I,E,D,C,G,B,F,H
A,I,E,D,C,G,B,H,F
A,I,E,D,C,G,F,B,H
A,I,E,D,C,G,F,H,B
A,I,E,D,C,G,H,B,F
A,I,E,D,C,G,H,F,B
A,I,E,D,C,H,B,F,G
A,I,E,D,C,H,B,G,F
A,I,E,D,C,H,F,B,G
A,I,E,D,C,H,F,G,B
A,I,E,D,C,H,G,B,F
A,I,E,D,C,H,G,F,B
A,I,E,D,F,B,C,G,H
A,I,E,D,F,B,C,H,G
A,I,E,D,F,B,G,C,H
A,I,E,D,F,B,G,H,C
A,I,E,D,F,B,H,C,G
A,I,E,D,F,B,H,G,C
A,I,E,D,F,C,B,G,H
A,I,E,D,F,C,B,H,G
A,I,E,D,F,C,G,B,H
A,I,E,D,F,C,G,H,B
A,I,E,D,F,C,H,B,G
A,I,E,D,F,C,H,G,B
A,I,E,D,F,G,B,C,H
A,I,E,D,F,G,B,H,C
A,I,E,D,F,G,C,B,H
A,I,E,D,F,G,C,H,B
A,I,E,D,F,G,H,B,C
A,I,E,D,F,G,H,C,B
A,I,E,D,F,H,B,C,G
A,I,E,D,F,H,B,G,C
A,I,E,D,F,H,C,B,G
A,I,E,D,F,H,C,G,B
A,I,E,D,F,H,G,B,C
A,I,E,D,F,H,G,C,B
A,I,E,D,G,B,C,F,H
A,I,E,D,G,B,C,H,F
A,I,E,D,G,B,F,C,H
A,I,E,D,G,B,F,H,C
A,I,E,D,G,B,H,C,F
A,I,E,D,G,B,H,F,C
A,I,E,D,G,C,B,F,H
A,I,E,D,G,C,B,H,F
A,I,E,D,G,C,F,B,H
A,I,E,D,G,C,F,H,B
A,I,E,D,G,C,H,B,F
A,I,E,D,G,C,H,F,B
A,I,E,D,G,F,B,C,H
A,I,E,D,G,F,B,H,C
A,I,E,D,G,F,C,B,H
A,I,E,D,G,F,C,H,B
A,I,E,D,G,F,H,B,C
A,I,E,D,G,F,H,C,B
A,I,E,D,G,H,B,C,F
A,I,E,D,G,H,B,F,C
A,I,E,D,G,H,C,B,F
A,I,E,D,G,H,C,F,B
A,I,E,D,G,H,F,B,C
A,I,E,D,G,H,F,C,B
A,I,E,D,H,B,C,F,G
A,I,E,D,H,B,C,G,F
A,I,E,D,H,B,F,C,G
A,I,E,D,H,B,F,G,C
A,I,E,D,H,B,G,C,F
A,I,E,D,H,B,G,F,C
A,I,E,D,H,C,B,F,G
A,I,E,D,H,C,B,G,F
A,I,E,D,H,C,F,B,G
A,I,E,D,H,C,F,G,B
A,I,E,D,H,C,G,B,F
A,I,E,D,H,C,G,F,B
A,I,E,D,H,F,B,C,G
A,I,E,D,H,F,B,G,C
A,I,E,D,H,F,C,B,G
A,I,E,D,H,F,C,G,B
A,I,E,D,H,F,G,B,C
A,I,E,D,H,F,G,C,B
A,I,E,D,H,G,B,C,F
A,I,E,D,H,G,B,F,C
A,I,E,D,H,G,C,B,F
A,I,E,D,H,G,C,F,B
A,I,E,D,H,G,F,B,C
A,I,E,D,H,G,F,C,B
A,I,E,F,B,C,D,G,H
A,I,E,F,B,C,D,H,G
A,I,E,F,B,C,G,D,H
A,I,E,F,B,C,G,H,D
A,I,E,F,B,C,H,D,G
A,I,E,F,B,C,H,G,D
A,I,E,F,B,D,C,G,H
A,I,E,F,B,D,C,H,G
A,I,E,F,B,D,G,C,H
A,I,E,F,B,D,G,H,C
A,I,E,F,B,D,H,C,G
A,I,E,F,B,D,H,G,C
A,I,E,F,B,G,C,D,H
A,I,E,F,B,G,C,H,D
A,I,E,F,B,G,D,C,H
A,I,E,F,B,G,D,H,C
A,I,E,F,B,G,H,C,D
A,I,E,F,B,G,H,D,C
A,I,E,F,B,H,C,D,G
A,I,E,F,B,H,C,G,D
A,I,E,F,B,H,D,C,G
A,I,E,F,B,H,D,G,C
A,I,E,F,B,H,G,C,D
A,I,E,F,B,H,G,D,C
A,I,E,F,C,B,D,G,H
A,I,E,F,C,B,D,H,G
A,I,E,F,C,B,G,D,H
A,I,E,F,C,B,G,H,D
A,I,E,F,C,B,H,D,G
A,I,E,F,C,B,H,G,D
A,I,E,F,C,D,B,G,H
A,I,E,F,C,D,B,H,G
A,I,E,F,C,D,G,B,H
A,I,E,F,C,D,G,H,B
A,I,E,F,C,D,H,B,G
A,I,E,F,C,D,H,G,B
A,I,E,F,C,G,B,D,H
A,I,E,F,C,G,B,H,D
A,I,E,F,C,G,D,B,H
A,I,E,F,C,G,D,H,B
A,I,E,F,C,G,H,B,D
A,I,E,F,C,G,H,D,B
A,I,E,F,C,H,B,D,G
A,I,E,F,C,H,B,G,D
A,I,E,F,C,H,D,B,G
A,I,E,F,C,H,D,G,B
A,I,E,F,C,H,G,B,D
A,I,E,F,C,H,G,D,B
A,I,E,F,D,B,C,G,H
A,I,E,F,D,B,C,H,G
A,I,E,F,D,B,G,C,H
A,I,E,F,D,B,G,H,C
A,I,E,F,D,B,H,C,G
A,I,E,F,D,B,H,G,C
A,I,E,F,D,C,B,G,H
A,I,E,F,D,C,B,H,G
A,I,E,F,D,C,G,B,H
A,I,E,F,D,C,G,H,B
A,I,E,F,D,C,H,B,G
A,I,E,F,D,C,H,G,B
A,I,E,F,D,G,B,C,H
A,I,E,F,D,G,B,H,C
A,I,E,F,D,G,C,B,H
A,I,E,F,D,G,C,H,B
A,I,E,F,D,G,H,B,C
A,I,E,F,D,G,H,C,B
A,I,E,F,D,H,B,C,G
A,I,E,F,D,H,B,G,C
A,I,E,F,D,H,C,B,G
A,I,E,F,D,H,C,G,B
A,I,E,F,D,H,G,B,C
A,I,E,F,D,H,G,C,B
A,I,E,F,G,B,C,D,H
A,I,E,F,G,B,C,H,D
A,I,E,F,G,B,D,C,H
A,I,E,F,G,B,D,H,C
A,I,E,F,G,B,H,C,D
A,I,E,F,G,B,H,D,C
A,I,E,F,G,C,B,D,H
A,I,E,F,G,C,B,H,D
A,I,E,F,G,C,D,B,H
A,I,E,F,G,C,D,H,B
A,I,E,F,G,C,H,B,D
A,I,E,F,G,C,H,D,B
A,I,E,F,G,D,B,C,H
A,I,E,F,G,D,B,H,C
A,I,E,F,G,D,C,B,H
A,I,E,F,G,D,C,H,B
A,I,E,F,G,D,H,B,C
A,I,E,F,G,D,H,C,B
A,I,E,F,G,H,B,C,D
A,I,E,F,G,H,B,D,C
A,I,E,F,G,H,C,B,D
A,I,E,F,G,H,C,D,B
A,I,E,F,G,H,D,B,C
A,I,E,F,G,H,D,C,B
A,I,E,F,H,B,C,D,G
A,I,E,F,H,B,C,G,D
A,I,E,F,H,B,D,C,G
A,I,E,F,H,B,D,G,C
A,I,E,F,H,B,G,C,D
A,I,E,F,H,B,G,D,C
A,I,E,F,H,C,B,D,G
A,I,E,F,H,C,B,G,D
A,I,E,F,H,C,D,B,G
A,I,E,F,H,C,D,G,B
A,I,E,F,H,C,G,B,D
A,I,E,F,H,C,G,D,B
A,I,E,F,H,D,B,C,G
A,I,E,F,H,D,B,G,C
A,I,E,F,H,D,C,B,G
A,I,E,F,H,D,C,G,B
A,I,E,F,H,D,G,B,C
A,I,E,F,H,D,G,C,B
A,I,E,F,H,G,B,C,D
A,I,E,F,H,G,B,D,C
A,I,E,F,H,G,C,B,D
A,I,E,F,H,G,C,D,B
A,I,E,F,H,G,D,B,C
A,I,E,F,H,G,D,C,B
A,I,E,G,B,C,D,F,H
A,I,E,G,B,C,D,H,F
A,I,E,G,B,C,F,D,H
A,I,E,G,B,C,F,H,D
A,I,E,G,B,C,H,D,F
A,I,E,G,B,C,H,F,D
A,I,E,G,B,D,C,F,H
A,I,E,G,B,D,C,H,F
A,I,E,G,B,D,F,C,H
A,I,E,G,B,D,F,H,C
A,I,E,G,B,D,H,C,F
A,I,E,G,B,D,H,F,C
A,I,E,G,B,F,C,D,H
A,I,E,G,B,F,C,H,D
A,I,E,G,B,F,D,C,H
A,I,E,G,B,F,D,H,C
A,I,E,G,B,F,H,C,D
A,I,E,G,B,F,H,D,C
A,I,E,G,B,H,C,D,F
A,I,E,G,B,H,C,F,D
A,I,E,G,B,H,D,C,F
A,I,E,G,B,H,D,F,C
A,I,E,G,B,H,F,C,D
A,I,E,G,B,H,F,D,C
A,I,E,G,C,B,D,F,H
A,I,E,G,C,B,D,H,F
A,I,E,G,C,B,F,D,H
A,I,E,G,C,B,F,H,D
A,I,E,G,C,B,H,D,F
A,I,E,G,C,B,H,F,D
A,I,E,G,C,D,B,F,H
A,I,E,G,C,D,B,H,F
A,I,E,G,C,D,F,B,H
A,I,E,G,C,D,F,H,B
A,I,E,G,C,D,H,B,F
A,I,E,G,C,D,H,F,B
A,I,E,G,C,F,B,D,H
A,I,E,G,C,F,B,H,D
A,I,E,G,C,F,D,B,H
A,I,E,G,C,F,D,H,B
A,I,E,G,C,F,H,B,D
A,I,E,G,C,F,H,D,B
A,I,E,G,C,H,B,D,F
A,I,E,G,C,H,B,F,D
A,I,E,G,C,H,D,B,F
A,I,E,G,C,H,D,F,B
A,I,E,G,C,H,F,B,D
A,I,E,G,C,H,F,D,B
A,I,E,G,D,B,C,F,H
A,I,E,G,D,B,C,H,F
A,I,E,G,D,B,F,C,H
A,I,E,G,D,B,F,H,C
A,I,E,G,D,B,H,C,F
A,I,E,G,D,B,H,F,C
A,I,E,G,D,C,B,F,H
A,I,E,G,D,C,B,H,F
A,I,E,G,D,C,F,B,H
A,I,E,G,D,C,F,H,B
A,I,E,G,D,C,H,B,F
A,I,E,G,D,C,H,F,B
A,I,E,G,D,F,B,C,H
A,I,E,G,D,F,B,H,C
A,I,E,G,D,F,C,B,H
A,I,E,G,D,F,C,H,B
A,I,E,G,D,F,H,B,C
A,I,E,G,D,F,H,C,B
A,I,E,G,D,H,B,C,F
A,I,E,G,D,H,B,F,C
A,I,E,G,D,H,C,B,F
A,I,E,G,D,H,C,F,B
A,I,E,G,D,H,F,B,C
A,I,E,G,D,H,F,C,B
A,I,E,G,F,B,C,D,H
A,I,E,G,F,B,C,H,D
A,I,E,G,F,B,D,C,H
A,I,E,G,F,B,D,H,C
A,I,E,G,F,B,H,C,D
A,I,E,G,F,B,H,D,C
A,I,E,G,F,C,B,D,H
A,I,E,G,F,C,B,H,D
A,I,E,G,F,C,D,B,H
A,I,E,G,F,C,D,H,B
A,I,E,G,F,C,H,B,D
A,I,E,G,F,C,H,D,B
A,I,E,G,F,D,B,C,H
A,I,E,G,F,D,B,H,C
A,I,E,G,F,D,C,B,H
A,I,E,G,F,D,C,H,B
A,I,E,G,F,D,H,B,C
A,I,E,G,F,D,H,C,B
A,I,E,G,F,H,B,C,D
A,I,E,G,F,H,B,D,C
A,I,E,G,F,H,C,B,D
A,I,E,G,F,H,C,D,B
A,I,E,G,F,H,D,B,C
A,I,E,G,F,H,D,C,B
A,I,E,G,H,B,C,D,F
A,I,E,G,H,B,C,F,D
A,I,E,G,H,B,D,C,F
A,I,E,G,H,B,D,F,C
A,I,E,G,H,B,F,C,D
A,I,E,G,H,B,F,D,C
A,I,E,G,H,C,B,D,F
A,I,E,G,H,C,B,F,D
A,I,E,G,H,C,D,B,F
A,I,E,G,H,C,D,F,B
A,I,E,G,H,C,F,B,D
A,I,E,G,H,C,F,D,B
A,I,E,G,H,D,B,C,F
A,I,E,G,H,D,B,F,C
A,I,E,G,H,D,C,B,F
A,I,E,G,H,D,C,F,B
A,I,E,G,H,D,F,B,C
A,I,E,G,H,D,F,C,B
A,I,E,G,H,F,B,C,D
A,I,E,G,H,F,B,D,C
A,I,E,G,H,F,C,B,D
A,I,E,G,H,F,C,D,B
A,I,E,G,H,F,D,B,C
A,I,E,G,H,F,D,C,B
A,I,E,H,B,C,D,F,G
A,I,E,H,B,C,D,G,F
A,I,E,H,B,C,F,D,G
A,I,E,H,B,C,F,G,D
A,I,E,H,B,C,G,D,F
A,I,E,H,B,C,G,F,D
A,I,E,H,B,D,C,F,G
A,I,E,H,B,D,C,G,F
A,I,E,H,B,D,F,C,G
A,I,E,H,B,D,F,G,C
A,I,E,H,B,D,G,C,F
A,I,E,H,B,D,G,F,C
A,I,E,H,B,F,C,D,G
A,I,E,H,B,F,C,G,D
A,I,E,H,B,F,D,C,G
A,I,E,H,B,F,D,G,C
A,I,E,H,B,F,G,C,D
A,I,E,H,B,F,G,D,C
A,I,E,H,B,G,C,D,F
A,I,E,H,B,G,C,F,D
A,I,E,H,B,G,D,C,F
A,I,E,H,B,G,D,F,C
A,I,E,H,B,G,F,C,D
A,I,E,H,B,G,F,D,C
A,I,E,H,C,B,D,F,G
A,I,E,H,C,B,D,G,F
A,I,E,H,C,B,F,D,G
A,I,E,H,C,B,F,G,D
A,I,E,H,C,B,G,D,F
A,I,E,H,C,B,G,F,D
A,I,E,H,C,D,B,F,G
A,I,E,H,C,D,B,G,F
A,I,E,H,C,D,F,B,G
A,I,E,H,C,D,F,G,B
A,I,E,H,C,D,G,B,F
A,I,E,H,C,D,G,F,B
A,I,E,H,C,F,B,D,G
A,I,E,H,C,F,B,G,D
A,I,E,H,C,F,D,B,G
A,I,E,H,C,F,D,G,B
A,I,E,H,C,F,G,B,D
A,I,E,H,C,F,G,D,B
A,I,E,H,C,G,B,D,F
A,I,E,H,C,G,B,F,D
A,I,E,H,C,G,D,B,F
A,I,E,H,C,G,D,F,B
A,I,E,H,C,G,F,B,D
A,I,E,H,C,G,F,D,B
A,I,E,H,D,B,C,F,G
A,I,E,H,D,B,C,G,F
A,I,E,H,D,B,F,C,G
A,I,E,H,D,B,F,G,C
A,I,E,H,D,B,G,C,F
A,I,E,H,D,B,G,F,C
A,I,E,H,D,C,B,F,G
A,I,E,H,D,C,B,G,F
A,I,E,H,D,C,F,B,G
A,I,E,H,D,C,F,G,B
A,I,E,H,D,C,G,B,F
A,I,E,H,D,C,G,F,B
A,I,E,H,D,F,B,C,G
A,I,E,H,D,F,B,G,C
A,I,E,H,D,F,C,B,G
A,I,E,H,D,F,C,G,B
A,I,E,H,D,F,G,B,C
A,I,E,H,D,F,G,C,B
A,I,E,H,D,G,B,C,F
A,I,E,H,D,G,B,F,C
A,I,E,H,D,G,C,B,F
A,I,E,H,D,G,C,F,B
A,I,E,H,D,G,F,B,C
A,I,E,H,D,G,F,C,B
A,I,E,H,F,B,C,D,G
A,I,E,H,F,B,C,G,D
A,I,E,H,F,B,D,C,G
A,I,E,H,F,B,D,G,C
A,I,E,H,F,B,G,C,D
A,I,E,H,F,B,G,D,C
A,I,E,H,F,C,B,D,G
A,I,E,H,F,C,B,G,D
A,I,E,H,F,C,D,B,G
A,I,E,H,F,C,D,G,B
A,I,E,H,F,C,G,B,D
A,I,E,H,F,C,G,D,B
A,I,E,H,F,D,B,C,G
A,I,E,H,F,D,B,G,C
A,I,E,H,F,D,C,B,G
A,I,E,H,F,D,C,G,B
A,I,E,H,F,D,G,B,C
A,I,E,H,F,D,G,C,B
A,I,E,H,F,G,B,C,D
A,I,E,H,F,G,B,D,C
A,I,E,H,F,G,C,B,D
A,I,E,H,F,G,C,D,B
A,I,E,H,F,G,D,B,C
A,I,E,H,F,G,D,C,B
A,I,E,H,G,B,C,D,F
A,I,E,H,G,B,C,F,D
A,I,E,H,G,B,D,C,F
A,I,E,H,G,B,D,F,C
A,I,E,H,G,B,F,C,D
A,I,E,H,G,B,F,D,C
A,I,E,H,G,C,B,D,F
A,I,E,H,G,C,B,F,D
A,I,E,H,G,C,D,B,F
A,I,E,H,G,C,D,F,B
A,I,E,H,G,C,F,B,D
A,I,E,H,G,C,F,D,B
A,I,E,H,G,D,B,C,F
A,I,E,H,G,D,B,F,C
A,I,E,H,G,D,C,B,F
A,I,E,H,G,D,C,F,B
A,I,E,H,G,D,F,B,C
A,I,E,H,G,D,F,C,B
A,I,E,H,G,F,B,C,D
A,I,E,H,G,F,B,D,C
A,I,E,H,G,F,C,B,D
A,I,E,H,G,F,C,D,B
A,I,E,H,G,F,D,B,C
A,I,E,H,G,F,D,C,B
A,I,F,B,C,D,E,G,H
A,I,F,B,C,D,E,H,G
A,I,F,B,C,D,G,E,H
A,I,F,B,C,D,G,H,E
A,I,F,B,C,D,H,E,G
A,I,F,B,C,D,H,G,E
A,I,F,B,C,E,D,G,H
A,I,F,B,C,E,D,H,G
A,I,F,B,C,E,G,D,H
A,I,F,B,C,E,G,H,D
A,I,F,B,C,E,H,D,G
A,I,F,B,C,E,H,G,D
A,I,F,B,C,G,D,E,H
A,I,F,B,C,G,D,H,E
A,I,F,B,C,G,E,D,H
A,I,F,B,C,G,E,H,D
A,I,F,B,C,G,H,D,E
A,I,F,B,C,G,H,E,D
A,I,F,B,C,H,D,E,G
A,I,F,B,C,H,D,G,E
A,I,F,B,C,H,E,D,G
A,I,F,B,C,H,E,G,D
A,I,F,B,C,H,G,D,E
A,I,F,B,C,H,G,E,D
A,I,F,B,D,C,E,G,H
A,I,F,B,D,C,E,H,G
A,I,F,B,D,C,G,E,H
A,I,F,B,D,C,G,H,E
A,I,F,B,D,C,H,E,G
A,I,F,B,D,C,H,G,E
A,I,F,B,D,E,C,G,H
A,I,F,B,D,E,C,H,G
A,I,F,B,D,E,G,C,H
A,I,F,B,D,E,G,H,C
A,I,F,B,D,E,H,C,G
A,I,F,B,D,E,H,G,C
A,I,F,B,D,G,C,E,H
A,I,F,B,D,G,C,H,E
A,I,F,B,D,G,E,C,H
A,I,F,B,D,G,E,H,C
A,I,F,B,D,G,H,C,E
A,I,F,B,D,G,H,E,C
A,I,F,B,D,H,C,E,G
A,I,F,B,D,H,C,G,E
A,I,F,B,D,H,E,C,G
A,I,F,B,D,H,E,G,C
A,I,F,B,D,H,G,C,E
A,I,F,B,D,H,G,E,C
A,I,F,B,E,C,D,G,H
A,I,F,B,E,C,D,H,G
A,I,F,B,E,C,G,D,H
A,I,F,B,E,C,G,H,D
A,I,F,B,E,C,H,D,G
A,I,F,B,E,C,H,G,D
A,I,F,B,E,D,C,G,H
A,I,F,B,E,D,C,H,G
A,I,F,B,E,D,G,C,H
A,I,F,B,E,D,G,H,C
A,I,F,B,E,D,H,C,G
A,I,F,B,E,D,H,G,C
A,I,F,B,E,G,C,D,H
A,I,F,B,E,G,C,H,D
A,I,F,B,E,G,D,C,H
A,I,F,B,E,G,D,H,C
A,I,F,B,E,G,H,C,D
A,I,F,B,E,G,H,D,C
A,I,F,B,E,H,C,D,G
A,I,F,B,E,H,C,G,D
A,I,F,B,E,H,D,C,G
A,I,F,B,E,H,D,G,C
A,I,F,B,E,H,G,C,D
A,I,F,B,E,H,G,D,C
A,I,F,B,G,C,D,E,H
A,I,F,B,G,C,D,H,E
A,I,F,B,G,C,E,D,H
A,I,F,B,G,C,E,H,D
A,I,F,B,G,C,H,D,E
A,I,F,B,G,C,H,E,D
A,I,F,B,G,D,C,E,H
A,I,F,B,G,D,C,H,E
A,I,F,B,G,D,E,C,H
A,I,F,B,G,D,E,H,C
A,I,F,B,G,D,H,C,E
A,I,F,B,G,D,H,E,C
A,I,F,B,G,E,C,D,H
A,I,F,B,G,E,C,H,D
A,I,F,B,G,E,D,C,H
A,I,F,B,G,E,D,H,C
A,I,F,B,G,E,H,C,D
A,I,F,B,G,E,H,D,C
A,I,F,B,G,H,C,D,E
A,I,F,B,G,H,C,E,D
A,I,F,B,G,H,D,C,E
A,I,F,B,G,H,D,E,C
A,I,F,B,G,H,E,C,D
A,I,F,B,G,H,E,D,C
A,I,F,B,H,C,D,E,G
A,I,F,B,H,C,D,G,E
A,I,F,B,H,C,E,D,G
A,I,F,B,H,C,E,G,D
A,I,F,B,H,C,G,D,E
A,I,F,B,H,C,G,E,D
A,I,F,B,H,D,C,E,G
A,I,F,B,H,D,C,G,E
A,I,F,B,H,D,E,C,G
A,I,F,B,H,D,E,G,C
A,I,F,B,H,D,G,C,E
A,I,F,B,H,D,G,E,C
A,I,F,B,H,E,C,D,G
A,I,F,B,H,E,C,G,D
A,I,F,B,H,E,D,C,G
A,I,F,B,H,E,D,G,C
A,I,F,B,H,E,G,C,D
A,I,F,B,H,E,G,D,C
A,I,F,B,H,G,C,D,E
A,I,F,B,H,G,C,E,D
A,I,F,B,H,G,D,C,E
A,I,F,B,H,G,D,E,C
A,I,F,B,H,G,E,C,D
A,I,F,B,H,G,E,D,C
A,I,F,C,B,D,E,G,H
A,I,F,C,B,D,E,H,G
A,I,F,C,B,D,G,E,H
A,I,F,C,B,D,G,H,E
A,I,F,C,B,D,H,E,G
A,I,F,C,B,D,H,G,E
A,I,F,C,B,E,D,G,H
A,I,F,C,B,E,D,H,G
A,I,F,C,B,E,G,D,H
A,I,F,C,B,E,G,H,D
A,I,F,C,B,E,H,D,G
A,I,F,C,B,E,H,G,D
A,I,F,C,B,G,D,E,H
A,I,F,C,B,G,D,H,E
A,I,F,C,B,G,E,D,H
A,I,F,C,B,G,E,H,D
A,I,F,C,B,G,H,D,E
A,I,F,C,B,G,H,E,D
A,I,F,C,B,H,D,E,G
A,I,F,C,B,H,D,G,E
A,I,F,C,B,H,E,D,G
A,I,F,C,B,H,E,G,D
A,I,F,C,B,H,G,D,E
A,I,F,C,B,H,G,E,D
A,I,F,C,D,B,E,G,H
A,I,F,C,D,B,E,H,G
A,I,F,C,D,B,G,E,H
A,I,F,C,D,B,G,H,E
A,I,F,C,D,B,H,E,G
A,I,F,C,D,B,H,G,E
A,I,F,C,D,E,B,G,H
A,I,F,C,D,E,B,H,G
A,I,F,C,D,E,G,B,H
A,I,F,C,D,E,G,H,B
A,I,F,C,D,E,H,B,G
A,I,F,C,D,E,H,G,B
A,I,F,C,D,G,B,E,H
A,I,F,C,D,G,B,H,E
A,I,F,C,D,G,E,B,H
A,I,F,C,D,G,E,H,B
A,I,F,C,D,G,H,B,E
A,I,F,C,D,G,H,E,B
A,I,F,C,D,H,B,E,G
A,I,F,C,D,H,B,G,E
A,I,F,C,D,H,E,B,G
A,I,F,C,D,H,E,G,B
A,I,F,C,D,H,G,B,E
A,I,F,C,D,H,G,E,B
A,I,F,C,E,B,D,G,H
A,I,F,C,E,B,D,H,G
A,I,F,C,E,B,G,D,H
A,I,F,C,E,B,G,H,D
A,I,F,C,E,B,H,D,G
A,I,F,C,E,B,H,G,D
A,I,F,C,E,D,B,G,H
A,I,F,C,E,D,B,H,G
A,I,F,C,E,D,G,B,H
A,I,F,C,E,D,G,H,B
A,I,F,C,E,D,H,B,G
A,I,F,C,E,D,H,G,B
A,I,F,C,E,G,B,D,H
A,I,F,C,E,G,B,H,D
A,I,F,C,E,G,D,B,H
A,I,F,C,E,G,D,H,B
A,I,F,C,E,G,H,B,D
A,I,F,C,E,G,H,D,B
A,I,F,C,E,H,B,D,G
A,I,F,C,E,H,B,G,D
A,I,F,C,E,H,D,B,G
A,I,F,C,E,H,D,G,B
A,I,F,C,E,H,G,B,D
A,I,F,C,E,H,G,D,B
A,I,F,C,G,B,D,E,H
A,I,F,C,G,B,D,H,E
A,I,F,C,G,B,E,D,H
A,I,F,C,G,B,E,H,D
A,I,F,C,G,B,H,D,E
A,I,F,C,G,B,H,E,D
A,I,F,C,G,D,B,E,H
A,I,F,C,G,D,B,H,E
A,I,F,C,G,D,E,B,H
A,I,F,C,G,D,E,H,B
A,I,F,C,G,D,H,B,E
A,I,F,C,G,D,H,E,B
A,I,F,C,G,E,B,D,H
A,I,F,C,G,E,B,H,D
A,I,F,C,G,E,D,B,H
A,I,F,C,G,E,D,H,B
A,I,F,C,G,E,H,B,D
A,I,F,C,G,E,H,D,B
A,I,F,C,G,H,B,D,E
A,I,F,C,G,H,B,E,D
A,I,F,C,G,H,D,B,E
A,I,F,C,G,H,D,E,B
A,I,F,C,G,H,E,B,D
A,I,F,C,G,H,E,D,B
A,I,F,C,H,B,D,E,G
A,I,F,C,H,B,D,G,E
A,I,F,C,H,B,E,D,G
A,I,F,C,H,B,E,G,D
A,I,F,C,H,B,G,D,E
A,I,F,C,H,B,G,E,D
A,I,F,C,H,D,B,E,G
A,I,F,C,H,D,B,G,E
A,I,F,C,H,D,E,B,G
A,I,F,C,H,D,E,G,B
A,I,F,C,H,D,G,B,E
A,I,F,C,H,D,G,E,B
A,I,F,C,H,E,B,D,G
A,I,F,C,H,E,B,G,D
A,I,F,C,H,E,D,B,G
A,I,F,C,H,E,D,G,B
A,I,F,C,H,E,G,B,D
A,I,F,C,H,E,G,D,B
A,I,F,C,H,G,B,D,E
A,I,F,C,H,G,B,E,D
A,I,F,C,H,G,D,B,E
A,I,F,C,H,G,D,E,B
A,I,F,C,H,G,E,B,D
A,I,F,C,H,G,E,D,B
A,I,F,D,B,C,E,G,H
A,I,F,D,B,C,E,H,G
A,I,F,D,B,C,G,E,H
A,I,F,D,B,C,G,H,E
A,I,F,D,B,C,H,E,G
A,I,F,D,B,C,H,G,E
A,I,F,D,B,E,C,G,H
A,I,F,D,B,E,C,H,G
A,I,F,D,B,E,G,C,H
A,I,F,D,B,E,G,H,C
A,I,F,D,B,E,H,C,G
A,I,F,D,B,E,H,G,C
A,I,F,D,B,G,C,E,H
A,I,F,D,B,G,C,H,E
A,I,F,D,B,G,E,C,H
A,I,F,D,B,G,E,H,C
A,I,F,D,B,G,H,C,E
A,I,F,D,B,G,H,E,C
A,I,F,D,B,H,C,E,G
A,I,F,D,B,H,C,G,E
A,I,F,D,B,H,E,C,G
A,I,F,D,B,H,E,G,C
A,I,F,D,B,H,G,C,E
A,I,F,D,B,H,G,E,C
A,I,F,D,C,B,E,G,H
A,I,F,D,C,B,E,H,G
A,I,F,D,C,B,G,E,H
A,I,F,D,C,B,G,H,E
A,I,F,D,C,B,H,E,G
A,I,F,D,C,B,H,G,E
A,I,F,D,C,E,B,G,H
A,I,F,D,C,E,B,H,G
A,I,F,D,C,E,G,B,H
A,I,F,D,C,E,G,H,B
A,I,F,D,C,E,H,B,G
A,I,F,D,C,E,H,G,B
A,I,F,D,C,G,B,E,H
A,I,F,D,C,G,B,H,E
A,I,F,D,C,G,E,B,H
A,I,F,D,C,G,E,H,B
A,I,F,D,C,G,H,B,E
A,I,F,D,C,G,H,E,B
A,I,F,D,C,H,B,E,G
A,I,F,D,C,H,B,G,E
A,I,F,D,C,H,E,B,G
A,I,F,D,C,H,E,G,B
A,I,F,D,C,H,G,B,E
A,I,F,D,C,H,G,E,B
A,I,F,D,E,B,C,G,H
A,I,F,D,E,B,C,H,G
A,I,F,D,E,B,G,C,H
A,I,F,D,E,B,G,H,C
A,I,F,D,E,B,H,C,G
A,I,F,D,E,B,H,G,C
A,I,F,D,E,C,B,G,H
A,I,F,D,E,C,B,H,G
A,I,F,D,E,C,G,B,H
A,I,F,D,E,C,G,H,B
A,I,F,D,E,C,H,B,G
A,I,F,D,E,C,H,G,B
A,I,F,D,E,G,B,C,H
A,I,F,D,E,G,B,H,C
A,I,F,D,E,G,C,B,H
A,I,F,D,E,G,C,H,B
A,I,F,D,E,G,H,B,C
A,I,F,D,E,G,H,C,B
A,I,F,D,E,H,B,C,G
A,I,F,D,E,H,B,G,C
A,I,F,D,E,H,C,B,G
A,I,F,D,E,H,C,G,B
A,I,F,D,E,H,G,B,C
A,I,F,D,E,H,G,C,B
A,I,F,D,G,B,C,E,H
A,I,F,D,G,B,C,H,E
A,I,F,D,G,B,E,C,H
A,I,F,D,G,B,E,H,C
A,I,F,D,G,B,H,C,E
A,I,F,D,G,B,H,E,C
A,I,F,D,G,C,B,E,H
A,I,F,D,G,C,B,H,E
A,I,F,D,G,C,E,B,H
A,I,F,D,G,C,E,H,B
A,I,F,D,G,C,H,B,E
A,I,F,D,G,C,H,E,B
A,I,F,D,G,E,B,C,H
A,I,F,D,G,E,B,H,C
A,I,F,D,G,E,C,B,H
A,I,F,D,G,E,C,H,B
A,I,F,D,G,E,H,B,C
A,I,F,D,G,E,H,C,B
A,I,F,D,G,H,B,C,E
A,I,F,D,G,H,B,E,C
A,I,F,D,G,H,C,B,E
A,I,F,D,G,H,C,E,B
A,I,F,D,G,H,E,B,C
A,I,F,D,G,H,E,C,B
A,I,F,D,H,B,C,E,G
A,I,F,D,H,B,C,G,E
A,I,F,D,H,B,E,C,G
A,I,F,D,H,B,E,G,C
A,I,F,D,H,B,G,C,E
A,I,F,D,H,B,G,E,C
A,I,F,D,H,C,B,E,G
A,I,F,D,H,C,B,G,E
A,I,F,D,H,C,E,B,G
A,I,F,D,H,C,E,G,B
A,I,F,D,H,C,G,B,E
A,I,F,D,H,C,G,E,B
A,I,F,D,H,E,B,C,G
A,I,F,D,H,E,B,G,C
A,I,F,D,H,E,C,B,G
A,I,F,D,H,E,C,G,B
A,I,F,D,H,E,G,B,C
A,I,F,D,H,E,G,C,B
A,I,F,D,H,G,B,C,E
A,I,F,D,H,G,B,E,C
A,I,F,D,H,G,C,B,E
A,I,F,D,H,G,C,E,B
A,I,F,D,H,G,E,B,C
A,I,F,D,H,G,E,C,B
A,I,F,E,B,C,D,G,H
A,I,F,E,B,C,D,H,G
A,I,F,E,B,C,G,D,H
A,I,F,E,B,C,G,H,D
A,I,F,E,B,C,H,D,G
A,I,F,E,B,C,H,G,D
A,I,F,E,B,D,C,G,H
A,I,F,E,B,D,C,H,G
A,I,F,E,B,D,G,C,H
A,I,F,E,B,D,G,H,C
A,I,F,E,B,D,H,C,G
A,I,F,E,B,D,H,G,C
A,I,F,E,B,G,C,D,H
A,I,F,E,B,G,C,H,D
A,I,F,E,B,G,D,C,H
A,I,F,E,B,G,D,H,C
A,I,F,E,B,G,H,C,D
A,I,F,E,B,G,H,D,C
A,I,F,E,B,H,C,D,G
A,I,F,E,B,H,C,G,D
A,I,F,E,B,H,D,C,G
A,I,F,E,B,H,D,G,C
A,I,F,E,B,H,G,C,D
A,I,F,E,B,H,G,D,C
A,I,F,E,C,B,D,G,H
A,I,F,E,C,B,D,H,G
A,I,F,E,C,B,G,D,H
A,I,F,E,C,B,G,H,D
A,I,F,E,C,B,H,D,G
A,I,F,E,C,B,H,G,D
A,I,F,E,C,D,B,G,H
A,I,F,E,C,D,B,H,G
A,I,F,E,C,D,G,B,H
A,I,F,E,C,D,G,H,B
A,I,F,E,C,D,H,B,G
A,I,F,E,C,D,H,G,B
A,I,F,E,C,G,B,D,H
A,I,F,E,C,G,B,H,D
A,I,F,E,C,G,D,B,H
A,I,F,E,C,G,D,H,B
A,I,F,E,C,G,H,B,D
A,I,F,E,C,G,H,D,B
A,I,F,E,C,H,B,D,G
A,I,F,E,C,H,B,G,D
A,I,F,E,C,H,D,B,G
A,I,F,E,C,H,D,G,B
A,I,F,E,C,H,G,B,D
A,I,F,E,C,H,G,D,B
A,I,F,E,D,B,C,G,H
A,I,F,E,D,B,C,H,G
A,I,F,E,D,B,G,C,H
A,I,F,E,D,B,G,H,C
A,I,F,E,D,B,H,C,G
A,I,F,E,D,B,H,G,C
A,I,F,E,D,C,B,G,H
A,I,F,E,D,C,B,H,G
A,I,F,E,D,C,G,B,H
A,I,F,E,D,C,G,H,B
A,I,F,E,D,C,H,B,G
A,I,F,E,D,C,H,G,B
A,I,F,E,D,G,B,C,H
A,I,F,E,D,G,B,H,C
A,I,F,E,D,G,C,B,H
A,I,F,E,D,G,C,H,B
A,I,F,E,D,G,H,B,C
A,I,F,E,D,G,H,C,B
A,I,F,E,D,H,B,C,G
A,I,F,E,D,H,B,G,C
A,I,F,E,D,H,C,B,G
A,I,F,E,D,H,C,G,B
A,I,F,E,D,H,G,B,C
A,I,F,E,D,H,G,C,B
A,I,F,E,G,B,C,D,H
A,I,F,E,G,B,C,H,D
A,I,F,E,G,B,D,C,H
A,I,F,E,G,B,D,H,C
A,I,F,E,G,B,H,C,D
A,I,F,E,G,B,H,D,C
A,I,F,E,G,C,B,D,H
A,I,F,E,G,C,B,H,D
A,I,F,E,G,C,D,B,H
A,I,F,E,G,C,D,H,B
A,I,F,E,G,C,H,B,D
A,I,F,E,G,C,H,D,B
A,I,F,E,G,D,B,C,H
A,I,F,E,G,D,B,H,C
A,I,F,E,G,D,C,B,H
A,I,F,E,G,D,C,H,B
A,I,F,E,G,D,H,B,C
A,I,F,E,G,D,H,C,B
A,I,F,E,G,H,B,C,D
A,I,F,E,G,H,B,D,C
A,I,F,E,G,H,C,B,D
A,I,F,E,G,H,C,D,B
A,I,F,E,G,H,D,B,C
A,I,F,E,G,H,D,C,B
A,I,F,E,H,B,C,D,G
A,I,F,E,H,B,C,G,D
A,I,F,E,H,B,D,C,G
A,I,F,E,H,B,D,G,C
A,I,F,E,H,B,G,C,D
A,I,F,E,H,B,G,D,C
A,I,F,E,H,C,B,D,G
A,I,F,E,H,C,B,G,D
A,I,F,E,H,C,D,B,G
A,I,F,E,H,C,D,G,B
A,I,F,E,H,C,G,B,D
A,I,F,E,H,C,G,D,B
A,I,F,E,H,D,B,C,G
A,I,F,E,H,D,B,G,C
A,I,F,E,H,D,C,B,G
A,I,F,E,H,D,C,G,B
A,I,F,E,H,D,G,B,C
A,I,F,E,H,D,G,C,B
A,I,F,E,H,G,B,C,D
A,I,F,E,H,G,B,D,C
A,I,F,E,H,G,C,B,D
A,I,F,E,H,G,C,D,B
A,I,F,E,H,G,D,B,C
A,I,F,E,H,G,D,C,B
A,I,F,G,B,C,D,E,H
A,I,F,G,B,C,D,H,E
A,I,F,G,B,C,E,D,H
A,I,F,G,B,C,E,H,D
A,I,F,G,B,C,H,D,E
A,I,F,G,B,C,H,E,D
A,I,F,G,B,D,C,E,H
A,I,F,G,B,D,C,H,E
A,I,F,G,B,D,E,C,H
A,I,F,G,B,D,E,H,C
A,I,F,G,B,D,H,C,E
A,I,F,G,B,D,H,E,C
A,I,F,G,B,E,C,D,H
A,I,F,G,B,E,C,H,D
A,I,F,G,B,E,D,C,H
A,I,F,G,B,E,D,H,C
A,I,F,G,B,E,H,C,D
A,I,F,G,B,E,H,D,C
A,I,F,G,B,H,C,D,E
A,I,F,G,B,H,C,E,D
A,I,F,G,B,H,D,C,E
A,I,F,G,B,H,D,E,C
A,I,F,G,B,H,E,C,D
A,I,F,G,B,H,E,D,C
A,I,F,G,C,B,D,E,H
A,I,F,G,C,B,D,H,E
A,I,F,G,C,B,E,D,H
A,I,F,G,C,B,E,H,D
A,I,F,G,C,B,H,D,E
A,I,F,G,C,B,H,E,D
A,I,F,G,C,D,B,E,H
A,I,F,G,C,D,B,H,E
A,I,F,G,C,D,E,B,H
A,I,F,G,C,D,E,H,B
A,I,F,G,C,D,H,B,E
A,I,F,G,C,D,H,E,B
A,I,F,G,C,E,B,D,H
A,I,F,G,C,E,B,H,D
A,I,F,G,C,E,D,B,H
A,I,F,G,C,E,D,H,B
A,I,F,G,C,E,H,B,D
A,I,F,G,C,E,H,D,B
A,I,F,G,C,H,B,D,E
A,I,F,G,C,H,B,E,D
A,I,F,G,C,H,D,B,E
A,I,F,G,C,H,D,E,B
A,I,F,G,C,H,E,B,D
A,I,F,G,C,H,E,D,B
A,I,F,G,D,B,C,E,H
A,I,F,G,D,B,C,H,E
A,I,F,G,D,B,E,C,H
A,I,F,G,D,B,E,H,C
A,I,F,G,D,B,H,C,E
A,I,F,G,D,B,H,E,C
A,I,F,G,D,C,B,E,H
A,I,F,G,D,C,B,H,E
A,I,F,G,D,C,E,B,H
A,I,F,G,D,C,E,H,B
A,I,F,G,D,C,H,B,E
A,I,F,G,D,C,H,E,B
A,I,F,G,D,E,B,C,H
A,I,F,G,D,E,B,H,C
A,I,F,G,D,E,C,B,H
A,I,F,G,D,E,C,H,B
A,I,F,G,D,E,H,B,C
A,I,F,G,D,E,H,C,B
A,I,F,G,D,H,B,C,E
A,I,F,G,D,H,B,E,C
A,I,F,G,D,H,C,B,E
A,I,F,G,D,H,C,E,B
A,I,F,G,D,H,E,B,C
A,I,F,G,D,H,E,C,B
A,I,F,G,E,B,C,D,H
A,I,F,G,E,B,C,H,D
A,I,F,G,E,B,D,C,H
A,I,F,G,E,B,D,H,C
A,I,F,G,E,B,H,C,D
A,I,F,G,E,B,H,D,C
A,I,F,G,E,C,B,D,H
A,I,F,G,E,C,B,H,D
A,I,F,G,E,C,D,B,H
A,I,F,G,E,C,D,H,B
A,I,F,G,E,C,H,B,D
A,I,F,G,E,C,H,D,B
A,I,F,G,E,D,B,C,H
A,I,F,G,E,D,B,H,C
A,I,F,G,E,D,C,B,H
A,I,F,G,E,D,C,H,B
A,I,F,G,E,D,H,B,C
A,I,F,G,E,D,H,C,B
A,I,F,G,E,H,B,C,D
A,I,F,G,E,H,B,D,C
A,I,F,G,E,H,C,B,D
A,I,F,G,E,H,C,D,B
A,I,F,G,E,H,D,B,C
A,I,F,G,E,H,D,C,B
A,I,F,G,H,B,C,D,E
A,I,F,G,H,B,C,E,D
A,I,F,G,H,B,D,C,E
A,I,F,G,H,B,D,E,C
A,I,F,G,H,B,E,C,D
A,I,F,G,H,B,E,D,C
A,I,F,G,H,C,B,D,E
A,I,F,G,H,C,B,E,D
A,I,F,G,H,C,D,B,E
A,I,F,G,H,C,D,E,B
A,I,F,G,H,C,E,B,D
A,I,F,G,H,C,E,D,B
A,I,F,G,H,D,B,C,E
A,I,F,G,H,D,B,E,C
A,I,F,G,H,D,C,B,E
A,I,F,G,H,D,C,E,B
A,I,F,G,H,D,E,B,C
A,I,F,G,H,D,E,C,B
A,I,F,G,H,E,B,C,D
A,I,F,G,H,E,B,D,C
A,I,F,G,H,E,C,B,D
A,I,F,G,H,E,C,D,B
A,I,F,G,H,E,D,B,C
A,I,F,G,H,E,D,C,B
A,I,F,H,B,C,D,E,G
A,I,F,H,B,C,D,G,E
A,I,F,H,B,C,E,D,G
A,I,F,H,B,C,E,G,D
A,I,F,H,B,C,G,D,E
A,I,F,H,B,C,G,E,D
A,I,F,H,B,D,C,E,G
A,I,F,H,B,D,C,G,E
A,I,F,H,B,D,E,C,G
A,I,F,H,B,D,E,G,C
A,I,F,H,B,D,G,C,E
A,I,F,H,B,D,G,E,C
A,I,F,H,B,E,C,D,G
A,I,F,H,B,E,C,G,D
A,I,F,H,B,E,D,C,G
A,I,F,H,B,E,D,G,C
A,I,F,H,B,E,G,C,D
A,I,F,H,B,E,G,D,C
A,I,F,H,B,G,C,D,E
A,I,F,H,B,G,C,E,D
A,I,F,H,B,G,D,C,E
A,I,F,H,B,G,D,E,C
A,I,F,H,B,G,E,C,D
A,I,F,H,B,G,E,D,C
A,I,F,H,C,B,D,E,G
A,I,F,H,C,B,D,G,E
A,I,F,H,C,B,E,D,G
A,I,F,H,C,B,E,G,D
A,I,F,H,C,B,G,D,E
A,I,F,H,C,B,G,E,D
A,I,F,H,C,D,B,E,G
A,I,F,H,C,D,B,G,E
A,I,F,H,C,D,E,B,G
A,I,F,H,C,D,E,G,B
A,I,F,H,C,D,G,B,E
A,I,F,H,C,D,G,E,B
A,I,F,H,C,E,B,D,G
A,I,F,H,C,E,B,G,D
A,I,F,H,C,E,D,B,G
A,I,F,H,C,E,D,G,B
A,I,F,H,C,E,G,B,D
A,I,F,H,C,E,G,D,B
A,I,F,H,C,G,B,D,E
A,I,F,H,C,G,B,E,D
A,I,F,H,C,G,D,B,E
A,I,F,H,C,G,D,E,B
A,I,F,H,C,G,E,B,D
A,I,F,H,C,G,E,D,B
A,I,F,H,D,B,C,E,G
A,I,F,H,D,B,C,G,E
A,I,F,H,D,B,E,C,G
A,I,F,H,D,B,E,G,C
A,I,F,H,D,B,G,C,E
A,I,F,H,D,B,G,E,C
A,I,F,H,D,C,B,E,G
A,I,F,H,D,C,B,G,E
A,I,F,H,D,C,E,B,G
A,I,F,H,D,C,E,G,B
A,I,F,H,D,C,G,B,E
A,I,F,H,D,C,G,E,B
A,I,F,H,D,E,B,C,G
A,I,F,H,D,E,B,G,C
A,I,F,H,D,E,C,B,G
A,I,F,H,D,E,C,G,B
A,I,F,H,D,E,G,B,C
A,I,F,H,D,E,G,C,B
A,I,F,H,D,G,B,C,E
A,I,F,H,D,G,B,E,C
A,I,F,H,D,G,C,B,E
A,I,F,H,D,G,C,E,B
A,I,F,H,D,G,E,B,C
A,I,F,H,D,G,E,C,B
A,I,F,H,E,B,C,D,G
A,I,F,H,E,B,C,G,D
A,I,F,H,E,B,D,C,G
A,I,F,H,E,B,D,G,C
A,I,F,H,E,B,G,C,D
A,I,F,H,E,B,G,D,C
A,I,F,H,E,C,B,D,G
A,I,F,H,E,C,B,G,D
A,I,F,H,E,C,D,B,G
A,I,F,H,E,C,D,G,B
A,I,F,H,E,C,G,B,D
A,I,F,H,E,C,G,D,B
A,I,F,H,E,D,B,C,G
A,I,F,H,E,D,B,G,C
A,I,F,H,E,D,C,B,G
A,I,F,H,E,D,C,G,B
A,I,F,H,E,D,G,B,C
A,I,F,H,E,D,G,C,B
A,I,F,H,E,G,B,C,D
A,I,F,H,E,G,B,D,C
A,I,F,H,E,G,C,B,D
A,I,F,H,E,G,C,D,B
A,I,F,H,E,G,D,B,C
A,I,F,H,E,G,D,C,B
A,I,F,H,G,B,C,D,E
A,I,F,H,G,B,C,E,D
A,I,F,H,G,B,D,C,E
A,I,F,H,G,B,D,E,C
A,I,F,H,G,B,E,C,D
A,I,F,H,G,B,E,D,C
A,I,F,H,G,C,B,D,E
A,I,F,H,G,C,B,E,D
A,I,F,H,G,C,D,B,E
A,I,F,H,G,C,D,E,B
A,I,F,H,G,C,E,B,D
A,I,F,H,G,C,E,D,B
A,I,F,H,G,D,B,C,E
A,I,F,H,G,D,B,E,C
A,I,F,H,G,D,C,B,E
A,I,F,H,G,D,C,E,B
A,I,F,H,G,D,E,B,C
A,I,F,H,G,D,E,C,B
A,I,F,H,G,E,B,C,D
A,I,F,H,G,E,B,D,C
A,I,F,H,G,E,C,B,D
A,I,F,H,G,E,C,D,B
A,I,F,H,G,E,D,B,C
A,I,F,H,G,E,D,C,B
A,I,G,B,C,D,E,F,H
A,I,G,B,C,D,E,H,F
A,I,G,B,C,D,F,E,H
A,I,G,B,C,D,F,H,E
A,I,G,B,C,D,H,E,F
A,I,G,B,C,D,H,F,E
A,I,G,B,C,E,D,F,H
A,I,G,B,C,E,D,H,F
A,I,G,B,C,E,F,D,H
A,I,G,B,C,E,F,H,D
A,I,G,B,C,E,H,D,F
A,I,G,B,C,E,H,F,D
A,I,G,B,C,F,D,E,H
A,I,G,B,C,F,D,H,E
A,I,G,B,C,F,E,D,H
A,I,G,B,C,F,E,H,D
A,I,G,B,C,F,H,D,E
A,I,G,B,C,F,H,E,D
A,I,G,B,C,H,D,E,F
A,I,G,B,C,H,D,F,E
A,I,G,B,C,H,E,D,F
A,I,G,B,C,H,E,F,D
A,I,G,B,C,H,F,D,E
A,I,G,B,C,H,F,E,D
A,I,G,B,D,C,E,F,H
A,I,G,B,D,C,E,H,F
A,I,G,B,D,C,F,E,H
A,I,G,B,D,C,F,H,E
A,I,G,B,D,C,H,E,F
A,I,G,B,D,C,H,F,E
A,I,G,B,D,E,C,F,H
A,I,G,B,D,E,C,H,F
A,I,G,B,D,E,F,C,H
A,I,G,B,D,E,F,H,C
A,I,G,B,D,E,H,C,F
A,I,G,B,D,E,H,F,C
A,I,G,B,D,F,C,E,H
A,I,G,B,D,F,C,H,E
A,I,G,B,D,F,E,C,H
A,I,G,B,D,F,E,H,C
A,I,G,B,D,F,H,C,E
A,I,G,B,D,F,H,E,C
A,I,G,B,D,H,C,E,F
A,I,G,B,D,H,C,F,E
A,I,G,B,D,H,E,C,F
A,I,G,B,D,H,E,F,C
A,I,G,B,D,H,F,C,E
A,I,G,B,D,H,F,E,C
A,I,G,B,E,C,D,F,H
A,I,G,B,E,C,D,H,F
A,I,G,B,E,C,F,D,H
A,I,G,B,E,C,F,H,D
A,I,G,B,E,C,H,D,F
A,I,G,B,E,C,H,F,D
A,I,G,B,E,D,C,F,H
A,I,G,B,E,D,C,H,F
A,I,G,B,E,D,F,C,H
A,I,G,B,E,D,F,H,C
A,I,G,B,E,D,H,C,F
A,I,G,B,E,D,H,F,C
A,I,G,B,E,F,C,D,H
A,I,G,B,E,F,C,H,D
A,I,G,B,E,F,D,C,H
A,I,G,B,E,F,D,H,C
A,I,G,B,E,F,H,C,D
A,I,G,B,E,F,H,D,C
A,I,G,B,E,H,C,D,F
A,I,G,B,E,H,C,F,D
A,I,G,B,E,H,D,C,F
A,I,G,B,E,H,D,F,C
A,I,G,B,E,H,F,C,D
A,I,G,B,E,H,F,D,C
A,I,G,B,F,C,D,E,H
A,I,G,B,F,C,D,H,E
A,I,G,B,F,C,E,D,H
A,I,G,B,F,C,E,H,D
A,I,G,B,F,C,H,D,E
A,I,G,B,F,C,H,E,D
A,I,G,B,F,D,C,E,H
A,I,G,B,F,D,C,H,E
A,I,G,B,F,D,E,C,H
A,I,G,B,F,D,E,H,C
A,I,G,B,F,D,H,C,E
A,I,G,B,F,D,H,E,C
A,I,G,B,F,E,C,D,H
A,I,G,B,F,E,C,H,D
A,I,G,B,F,E,D,C,H
A,I,G,B,F,E,D,H,C
A,I,G,B,F,E,H,C,D
A,I,G,B,F,E,H,D,C
A,I,G,B,F,H,C,D,E
A,I,G,B,F,H,C,E,D
A,I,G,B,F,H,D,C,E
A,I,G,B,F,H,D,E,C
A,I,G,B,F,H,E,C,D
A,I,G,B,F,H,E,D,C
A,I,G,B,H,C,D,E,F
A,I,G,B,H,C,D,F,E
A,I,G,B,H,C,E,D,F
A,I,G,B,H,C,E,F,D
A,I,G,B,H,C,F,D,E
A,I,G,B,H,C,F,E,D
A,I,G,B,H,D,C,E,F
A,I,G,B,H,D,C,F,E
A,I,G,B,H,D,E,C,F
A,I,G,B,H,D,E,F,C
A,I,G,B,H,D,F,C,E
A,I,G,B,H,D,F,E,C
A,I,G,B,H,E,C,D,F
A,I,G,B,H,E,C,F,D
A,I,G,B,H,E,D,C,F
A,I,G,B,H,E,D,F,C
A,I,G,B,H,E,F,C,D
A,I,G,B,H,E,F,D,C
A,I,G,B,H,F,C,D,E
A,I,G,B,H,F,C,E,D
A,I,G,B,H,F,D,C,E
A,I,G,B,H,F,D,E,C
A,I,G,B,H,F,E,C,D
A,I,G,B,H,F,E,D,C
A,I,G,C,B,D,E,F,H
A,I,G,C,B,D,E,H,F
A,I,G,C,B,D,F,E,H
A,I,G,C,B,D,F,H,E
A,I,G,C,B,D,H,E,F
A,I,G,C,B,D,H,F,E
A,I,G,C,B,E,D,F,H
A,I,G,C,B,E,D,H,F
A,I,G,C,B,E,F,D,H
A,I,G,C,B,E,F,H,D
A,I,G,C,B,E,H,D,F
A,I,G,C,B,E,H,F,D
A,I,G,C,B,F,D,E,H
A,I,G,C,B,F,D,H,E
A,I,G,C,B,F,E,D,H
A,I,G,C,B,F,E,H,D
A,I,G,C,B,F,H,D,E
A,I,G,C,B,F,H,E,D
A,I,G,C,B,H,D,E,F
A,I,G,C,B,H,D,F,E
A,I,G,C,B,H,E,D,F
A,I,G,C,B,H,E,F,D
A,I,G,C,B,H,F,D,E
A,I,G,C,B,H,F,E,D
A,I,G,C,D,B,E,F,H
A,I,G,C,D,B,E,H,F
A,I,G,C,D,B,F,E,H
A,I,G,C,D,B,F,H,E
A,I,G,C,D,B,H,E,F
A,I,G,C,D,B,H,F,E
A,I,G,C,D,E,B,F,H
A,I,G,C,D,E,B,H,F
A,I,G,C,D,E,F,B,H
A,I,G,C,D,E,F,H,B
A,I,G,C,D,E,H,B,F
A,I,G,C,D,E,H,F,B
A,I,G,C,D,F,B,E,H
A,I,G,C,D,F,B,H,E
A,I,G,C,D,F,E,B,H
A,I,G,C,D,F,E,H,B
A,I,G,C,D,F,H,B,E
A,I,G,C,D,F,H,E,B
A,I,G,C,D,H,B,E,F
A,I,G,C,D,H,B,F,E
A,I,G,C,D,H,E,B,F
A,I,G,C,D,H,E,F,B
A,I,G,C,D,H,F,B,E
A,I,G,C,D,H,F,E,B
A,I,G,C,E,B,D,F,H
A,I,G,C,E,B,D,H,F
A,I,G,C,E,B,F,D,H
A,I,G,C,E,B,F,H,D
A,I,G,C,E,B,H,D,F
A,I,G,C,E,B,H,F,D
A,I,G,C,E,D,B,F,H
A,I,G,C,E,D,B,H,F
A,I,G,C,E,D,F,B,H
A,I,G,C,E,D,F,H,B
A,I,G,C,E,D,H,B,F
A,I,G,C,E,D,H,F,B
A,I,G,C,E,F,B,D,H
A,I,G,C,E,F,B,H,D
A,I,G,C,E,F,D,B,H
A,I,G,C,E,F,D,H,B
A,I,G,C,E,F,H,B,D
A,I,G,C,E,F,H,D,B
A,I,G,C,E,H,B,D,F
A,I,G,C,E,H,B,F,D
A,I,G,C,E,H,D,B,F
A,I,G,C,E,H,D,F,B
A,I,G,C,E,H,F,B,D
A,I,G,C,E,H,F,D,B
A,I,G,C,F,B,D,E,H
A,I,G,C,F,B,D,H,E
A,I,G,C,F,B,E,D,H
A,I,G,C,F,B,E,H,D
A,I,G,C,F,B,H,D,E
A,I,G,C,F,B,H,E,D
A,I,G,C,F,D,B,E,H
A,I,G,C,F,D,B,H,E
A,I,G,C,F,D,E,B,H
A,I,G,C,F,D,E,H,B
A,I,G,C,F,D,H,B,E
A,I,G,C,F,D,H,E,B
A,I,G,C,F,E,B,D,H
A,I,G,C,F,E,B,H,D
A,I,G,C,F,E,D,B,H
A,I,G,C,F,E,D,H,B
A,I,G,C,F,E,H,B,D
A,I,G,C,F,E,H,D,B
A,I,G,C,F,H,B,D,E
A,I,G,C,F,H,B,E,D
A,I,G,C,F,H,D,B,E
A,I,G,C,F,H,D,E,B
A,I,G,C,F,H,E,B,D
A,I,G,C,F,H,E,D,B
A,I,G,C,H,B,D,E,F
A,I,G,C,H,B,D,F,E
A,I,G,C,H,B,E,D,F
A,I,G,C,H,B,E,F,D
A,I,G,C,H,B,F,D,E
A,I,G,C,H,B,F,E,D
A,I,G,C,H,D,B,E,F
A,I,G,C,H,D,B,F,E
A,I,G,C,H,D,E,B,F
A,I,G,C,H,D,E,F,B
A,I,G,C,H,D,F,B,E
A,I,G,C,H,D,F,E,B
A,I,G,C,H,E,B,D,F
A,I,G,C,H,E,B,F,D
A,I,G,C,H,E,D,B,F
A,I,G,C,H,E,D,F,B
A,I,G,C,H,E,F,B,D
A,I,G,C,H,E,F,D,B
A,I,G,C,H,F,B,D,E
A,I,G,C,H,F,B,E,D
A,I,G,C,H,F,D,B,E
A,I,G,C,H,F,D,E,B
A,I,G,C,H,F,E,B,D
A,I,G,C,H,F,E,D,B
A,I,G,D,B,C,E,F,H
A,I,G,D,B,C,E,H,F
A,I,G,D,B,C,F,E,H
A,I,G,D,B,C,F,H,E
A,I,G,D,B,C,H,E,F
A,I,G,D,B,C,H,F,E
A,I,G,D,B,E,C,F,H
A,I,G,D,B,E,C,H,F
A,I,G,D,B,E,F,C,H
A,I,G,D,B,E,F,H,C
A,I,G,D,B,E,H,C,F
A,I,G,D,B,E,H,F,C
A,I,G,D,B,F,C,E,H
A,I,G,D,B,F,C,H,E
A,I,G,D,B,F,E,C,H
A,I,G,D,B,F,E,H,C
A,I,G,D,B,F,H,C,E
A,I,G,D,B,F,H,E,C
A,I,G,D,B,H,C,E,F
A,I,G,D,B,H,C,F,E
A,I,G,D,B,H,E,C,F
A,I,G,D,B,H,E,F,C
A,I,G,D,B,H,F,C,E
A,I,G,D,B,H,F,E,C
A,I,G,D,C,B,E,F,H
A,I,G,D,C,B,E,H,F
A,I,G,D,C,B,F,E,H
A,I,G,D,C,B,F,H,E
A,I,G,D,C,B,H,E,F
A,I,G,D,C,B,H,F,E
A,I,G,D,C,E,B,F,H
A,I,G,D,C,E,B,H,F
A,I,G,D,C,E,F,B,H
A,I,G,D,C,E,F,H,B
A,I,G,D,C,E,H,B,F
A,I,G,D,C,E,H,F,B
A,I,G,D,C,F,B,E,H
A,I,G,D,C,F,B,H,E
A,I,G,D,C,F,E,B,H
A,I,G,D,C,F,E,H,B
A,I,G,D,C,F,H,B,E
A,I,G,D,C,F,H,E,B
A,I,G,D,C,H,B,E,F
A,I,G,D,C,H,B,F,E
A,I,G,D,C,H,E,B,F
A,I,G,D,C,H,E,F,B
A,I,G,D,C,H,F,B,E
A,I,G,D,C,H,F,E,B
A,I,G,D,E,B,C,F,H
A,I,G,D,E,B,C,H,F
A,I,G,D,E,B,F,C,H
A,I,G,D,E,B,F,H,C
A,I,G,D,E,B,H,C,F
A,I,G,D,E,B,H,F,C
A,I,G,D,E,C,B,F,H
A,I,G,D,E,C,B,H,F
A,I,G,D,E,C,F,B,H
A,I,G,D,E,C,F,H,B
A,I,G,D,E,C,H,B,F
A,I,G,D,E,C,H,F,B
A,I,G,D,E,F,B,C,H
A,I,G,D,E,F,B,H,C
A,I,G,D,E,F,C,B,H
A,I,G,D,E,F,C,H,B
A,I,G,D,E,F,H,B,C
A,I,G,D,E,F,H,C,B
A,I,G,D,E,H,B,C,F
A,I,G,D,E,H,B,F,C
A,I,G,D,E,H,C,B,F
A,I,G,D,E,H,C,F,B
A,I,G,D,E,H,F,B,C
A,I,G,D,E,H,F,C,B
A,I,G,D,F,B,C,E,H
A,I,G,D,F,B,C,H,E
A,I,G,D,F,B,E,C,H
A,I,G,D,F,B,E,H,C
A,I,G,D,F,B,H,C,E
A,I,G,D,F,B,H,E,C
A,I,G,D,F,C,B,E,H
A,I,G,D,F,C,B,H,E
A,I,G,D,F,C,E,B,H
A,I,G,D,F,C,E,H,B
A,I,G,D,F,C,H,B,E
A,I,G,D,F,C,H,E,B
A,I,G,D,F,E,B,C,H
A,I,G,D,F,E,B,H,C
A,I,G,D,F,E,C,B,H
A,I,G,D,F,E,C,H,B
A,I,G,D,F,E,H,B,C
A,I,G,D,F,E,H,C,B
A,I,G,D,F,H,B,C,E
A,I,G,D,F,H,B,E,C
A,I,G,D,F,H,C,B,E
A,I,G,D,F,H,C,E,B
A,I,G,D,F,H,E,B,C
A,I,G,D,F,H,E,C,B
A,I,G,D,H,B,C,E,F
A,I,G,D,H,B,C,F,E
A,I,G,D,H,B,E,C,F
A,I,G,D,H,B,E,F,C
A,I,G,D,H,B,F,C,E
A,I,G,D,H,B,F,E,C
A,I,G,D,H,C,B,E,F
A,I,G,D,H,C,B,F,E
A,I,G,D,H,C,E,B,F
A,I,G,D,H,C,E,F,B
A,I,G,D,H,C,F,B,E
A,I,G,D,H,C,F,E,B
A,I,G,D,H,E,B,C,F
A,I,G,D,H,E,B,F,C
A,I,G,D,H,E,C,B,F
A,I,G,D,H,E,C,F,B
A,I,G,D,H,E,F,B,C
A,I,G,D,H,E,F,C,B
A,I,G,D,H,F,B,C,E
A,I,G,D,H,F,B,E,C
A,I,G,D,H,F,C,B,E
A,I,G,D,H,F,C,E,B
A,I,G,D,H,F,E,B,C
A,I,G,D,H,F,E,C,B
A,I,G,E,B,C,D,F,H
A,I,G,E,B,C,D,H,F
A,I,G,E,B,C,F,D,H
A,I,G,E,B,C,F,H,D
A,I,G,E,B,C,H,D,F
A,I,G,E,B,C,H,F,D
A,I,G,E,B,D,C,F,H
A,I,G,E,B,D,C,H,F
A,I,G,E,B,D,F,C,H
A,I,G,E,B,D,F,H,C
A,I,G,E,B,D,H,C,F
A,I,G,E,B,D,H,F,C
A,I,G,E,B,F,C,D,H
A,I,G,E,B,F,C,H,D
A,I,G,E,B,F,D,C,H
A,I,G,E,B,F,D,H,C
A,I,G,E,B,F,H,C,D
A,I,G,E,B,F,H,D,C
A,I,G,E,B,H,C,D,F
A,I,G,E,B,H,C,F,D
A,I,G,E,B,H,D,C,F
A,I,G,E,B,H,D,F,C
A,I,G,E,B,H,F,C,D
A,I,G,E,B,H,F,D,C
A,I,G,E,C,B,D,F,H
A,I,G,E,C,B,D,H,F
A,I,G,E,C,B,F,D,H
A,I,G,E,C,B,F,H,D
A,I,G,E,C,B,H,D,F
A,I,G,E,C,B,H,F,D
A,I,G,E,C,D,B,F,H
A,I,G,E,C,D,B,H,F
A,I,G,E,C,D,F,B,H
A,I,G,E,C,D,F,H,B
A,I,G,E,C,D,H,B,F
A,I,G,E,C,D,H,F,B
A,I,G,E,C,F,B,D,H
A,I,G,E,C,F,B,H,D
A,I,G,E,C,F,D,B,H
A,I,G,E,C,F,D,H,B
A,I,G,E,C,F,H,B,D
A,I,G,E,C,F,H,D,B
A,I,G,E,C,H,B,D,F
A,I,G,E,C,H,B,F,D
A,I,G,E,C,H,D,B,F
A,I,G,E,C,H,D,F,B
A,I,G,E,C,H,F,B,D
A,I,G,E,C,H,F,D,B
A,I,G,E,D,B,C,F,H
A,I,G,E,D,B,C,H,F
A,I,G,E,D,B,F,C,H
A,I,G,E,D,B,F,H,C
A,I,G,E,D,B,H,C,F
A,I,G,E,D,B,H,F,C
A,I,G,E,D,C,B,F,H
A,I,G,E,D,C,B,H,F
A,I,G,E,D,C,F,B,H
A,I,G,E,D,C,F,H,B
A,I,G,E,D,C,H,B,F
A,I,G,E,D,C,H,F,B
A,I,G,E,D,F,B,C,H
A,I,G,E,D,F,B,H,C
A,I,G,E,D,F,C,B,H
A,I,G,E,D,F,C,H,B
A,I,G,E,D,F,H,B,C
A,I,G,E,D,F,H,C,B
A,I,G,E,D,H,B,C,F
A,I,G,E,D,H,B,F,C
A,I,G,E,D,H,C,B,F
A,I,G,E,D,H,C,F,B
A,I,G,E,D,H,F,B,C
A,I,G,E,D,H,F,C,B
A,I,G,E,F,B,C,D,H
A,I,G,E,F,B,C,H,D
A,I,G,E,F,B,D,C,H
A,I,G,E,F,B,D,H,C
A,I,G,E,F,B,H,C,D
A,I,G,E,F,B,H,D,C
A,I,G,E,F,C,B,D,H
A,I,G,E,F,C,B,H,D
A,I,G,E,F,C,D,B,H
A,I,G,E,F,C,D,H,B
A,I,G,E,F,C,H,B,D
A,I,G,E,F,C,H,D,B
A,I,G,E,F,D,B,C,H
A,I,G,E,F,D,B,H,C
A,I,G,E,F,D,C,B,H
A,I,G,E,F,D,C,H,B
A,I,G,E,F,D,H,B,C
A,I,G,E,F,D,H,C,B
A,I,G,E,F,H,B,C,D
A,I,G,E,F,H,B,D,C
A,I,G,E,F,H,C,B,D
A,I,G,E,F,H,C,D,B
A,I,G,E,F,H,D,B,C
A,I,G,E,F,H,D,C,B
A,I,G,E,H,B,C,D,F
A,I,G,E,H,B,C,F,D
A,I,G,E,H,B,D,C,F
A,I,G,E,H,B,D,F,C
A,I,G,E,H,B,F,C,D
A,I,G,E,H,B,F,D,C
A,I,G,E,H,C,B,D,F
A,I,G,E,H,C,B,F,D
A,I,G,E,H,C,D,B,F
A,I,G,E,H,C,D,F,B
A,I,G,E,H,C,F,B,D
A,I,G,E,H,C,F,D,B
A,I,G,E,H,D,B,C,F
A,I,G,E,H,D,B,F,C
A,I,G,E,H,D,C,B,F
A,I,G,E,H,D,C,F,B
A,I,G,E,H,D,F,B,C
A,I,G,E,H,D,F,C,B
A,I,G,E,H,F,B,C,D
A,I,G,E,H,F,B,D,C
A,I,G,E,H,F,C,B,D
A,I,G,E,H,F,C,D,B
A,I,G,E,H,F,D,B,C
A,I,G,E,H,F,D,C,B
A,I,G,F,B,C,D,E,H
A,I,G,F,B,C,D,H,E
A,I,G,F,B,C,E,D,H
A,I,G,F,B,C,E,H,D
A,I,G,F,B,C,H,D,E
A,I,G,F,B,C,H,E,D
A,I,G,F,B,D,C,E,H
A,I,G,F,B,D,C,H,E
A,I,G,F,B,D,E,C,H
A,I,G,F,B,D,E,H,C
A,I,G,F,B,D,H,C,E
A,I,G,F,B,D,H,E,C
A,I,G,F,B,E,C,D,H
A,I,G,F,B,E,C,H,D
A,I,G,F,B,E,D,C,H
A,I,G,F,B,E,D,H,C
A,I,G,F,B,E,H,C,D
A,I,G,F,B,E,H,D,C
A,I,G,F,B,H,C,D,E
A,I,G,F,B,H,C,E,D
A,I,G,F,B,H,D,C,E
A,I,G,F,B,H,D,E,C
A,I,G,F,B,H,E,C,D
A,I,G,F,B,H,E,D,C
A,I,G,F,C,B,D,E,H
A,I,G,F,C,B,D,H,E
A,I,G,F,C,B,E,D,H
A,I,G,F,C,B,E,H,D
A,I,G,F,C,B,H,D,E
A,I,G,F,C,B,H,E,D
A,I,G,F,C,D,B,E,H
A,I,G,F,C,D,B,H,E
A,I,G,F,C,D,E,B,H
A,I,G,F,C,D,E,H,B
A,I,G,F,C,D,H,B,E
A,I,G,F,C,D,H,E,B
A,I,G,F,C,E,B,D,H
A,I,G,F,C,E,B,H,D
A,I,G,F,C,E,D,B,H
A,I,G,F,C,E,D,H,B
A,I,G,F,C,E,H,B,D
A,I,G,F,C,E,H,D,B
A,I,G,F,C,H,B,D,E
A,I,G,F,C,H,B,E,D
A,I,G,F,C,H,D,B,E
A,I,G,F,C,H,D,E,B
A,I,G,F,C,H,E,B,D
A,I,G,F,C,H,E,D,B
A,I,G,F,D,B,C,E,H
A,I,G,F,D,B,C,H,E
A,I,G,F,D,B,E,C,H
A,I,G,F,D,B,E,H,C
A,I,G,F,D,B,H,C,E
A,I,G,F,D,B,H,E,C
A,I,G,F,D,C,B,E,H
A,I,G,F,D,C,B,H,E
A,I,G,F,D,C,E,B,H
A,I,G,F,D,C,E,H,B
A,I,G,F,D,C,H,B,E
A,I,G,F,D,C,H,E,B
A,I,G,F,D,E,B,C,H
A,I,G,F,D,E,B,H,C
A,I,G,F,D,E,C,B,H
A,I,G,F,D,E,C,H,B
A,I,G,F,D,E,H,B,C
A,I,G,F,D,E,H,C,B
A,I,G,F,D,H,B,C,E
A,I,G,F,D,H,B,E,C
A,I,G,F,D,H,C,B,E
A,I,G,F,D,H,C,E,B
A,I,G,F,D,H,E,B,C
A,I,G,F,D,H,E,C,B
A,I,G,F,E,B,C,D,H
A,I,G,F,E,B,C,H,D
A,I,G,F,E,B,D,C,H
A,I,G,F,E,B,D,H,C
A,I,G,F,E,B,H,C,D
A,I,G,F,E,B,H,D,C
A,I,G,F,E,C,B,D,H
A,I,G,F,E,C,B,H,D
A,I,G,F,E,C,D,B,H
A,I,G,F,E,C,D,H,B
A,I,G,F,E,C,H,B,D
A,I,G,F,E,C,H,D,B
A,I,G,F,E,D,B,C,H
A,I,G,F,E,D,B,H,C
A,I,G,F,E,D,C,B,H
A,I,G,F,E,D,C,H,B
A,I,G,F,E,D,H,B,C
A,I,G,F,E,D,H,C,B
A,I,G,F,E,H,B,C,D
A,I,G,F,E,H,B,D,C
A,I,G,F,E,H,C,B,D
A,I,G,F,E,H,C,D,B
A,I,G,F,E,H,D,B,C
A,I,G,F,E,H,D,C,B
A,I,G,F,H,B,C,D,E
A,I,G,F,H,B,C,E,D
A,I,G,F,H,B,D,C,E
A,I,G,F,H,B,D,E,C
A,I,G,F,H,B,E,C,D
A,I,G,F,H,B,E,D,C
A,I,G,F,H,C,B,D,E
A,I,G,F,H,C,B,E,D
A,I,G,F,H,C,D,B,E
A,I,G,F,H,C,D,E,B
A,I,G,F,H,C,E,B,D
A,I,G,F,H,C,E,D,B
A,I,G,F,H,D,B,C,E
A,I,G,F,H,D,B,E,C
A,I,G,F,H,D,C,B,E
A,I,G,F,H,D,C,E,B
A,I,G,F,H,D,E,B,C
A,I,G,F,H,D,E,C,B
A,I,G,F,H,E,B,C,D
A,I,G,F,H,E,B,D,C
A,I,G,F,H,E,C,B,D
A,I,G,F,H,E,C,D,B
A,I,G,F,H,E,D,B,C
A,I,G,F,H,E,D,C,B
A,I,G,H,B,C,D,E,F
A,I,G,H,B,C,D,F,E
A,I,G,H,B,C,E,D,F
A,I,G,H,B,C,E,F,D
A,I,G,H,B,C,F,D,E
A,I,G,H,B,C,F,E,D
A,I,G,H,B,D,C,E,F
A,I,G,H,B,D,C,F,E
A,I,G,H,B,D,E,C,F
A,I,G,H,B,D,E,F,C
A,I,G,H,B,D,F,C,E
A,I,G,H,B,D,F,E,C
A,I,G,H,B,E,C,D,F
A,I,G,H,B,E,C,F,D
A,I,G,H,B,E,D,C,F
A,I,G,H,B,E,D,F,C
A,I,G,H,B,E,F,C,D
A,I,G,H,B,E,F,D,C
A,I,G,H,B,F,C,D,E
A,I,G,H,B,F,C,E,D
A,I,G,H,B,F,D,C,E
A,I,G,H,B,F,D,E,C
A,I,G,H,B,F,E,C,D
A,I,G,H,B,F,E,D,C
A,I,G,H,C,B,D,E,F
A,I,G,H,C,B,D,F,E
A,I,G,H,C,B,E,D,F
A,I,G,H,C,B,E,F,D
A,I,G,H,C,B,F,D,E
A,I,G,H,C,B,F,E,D
A,I,G,H,C,D,B,E,F
A,I,G,H,C,D,B,F,E
A,I,G,H,C,D,E,B,F
A,I,G,H,C,D,E,F,B
A,I,G,H,C,D,F,B,E
A,I,G,H,C,D,F,E,B
A,I,G,H,C,E,B,D,F
A,I,G,H,C,E,B,F,D
A,I,G,H,C,E,D,B,F
A,I,G,H,C,E,D,F,B
A,I,G,H,C,E,F,B,D
A,I,G,H,C,E,F,D,B
A,I,G,H,C,F,B,D,E
A,I,G,H,C,F,B,E,D
A,I,G,H,C,F,D,B,E
A,I,G,H,C,F,D,E,B
A,I,G,H,C,F,E,B,D
A,I,G,H,C,F,E,D,B
A,I,G,H,D,B,C,E,F
A,I,G,H,D,B,C,F,E
A,I,G,H,D,B,E,C,F
A,I,G,H,D,B,E,F,C
A,I,G,H,D,B,F,C,E
A,I,G,H,D,B,F,E,C
A,I,G,H,D,C,B,E,F
A,I,G,H,D,C,B,F,E
A,I,G,H,D,C,E,B,F
A,I,G,H,D,C,E,F,B
A,I,G,H,D,C,F,B,E
A,I,G,H,D,C,F,E,B
A,I,G,H,D,E,B,C,F
A,I,G,H,D,E,B,F,C
A,I,G,H,D,E,C,B,F
A,I,G,H,D,E,C,F,B
A,I,G,H,D,E,F,B,C
A,I,G,H,D,E,F,C,B
A,I,G,H,D,F,B,C,E
A,I,G,H,D,F,B,E,C
A,I,G,H,D,F,C,B,E
A,I,G,H,D,F,C,E,B
A,I,G,H,D,F,E,B,C
A,I,G,H,D,F,E,C,B
A,I,G,H,E,B,C,D,F
A,I,G,H,E,B,C,F,D
A,I,G,H,E,B,D,C,F
A,I,G,H,E,B,D,F,C
A,I,G,H,E,B,F,C,D
A,I,G,H,E,B,F,D,C
A,I,G,H,E,C,B,D,F
A,I,G,H,E,C,B,F,D
A,I,G,H,E,C,D,B,F
A,I,G,H,E,C,D,F,B
A,I,G,H,E,C,F,B,D
A,I,G,H,E,C,F,D,B
A,I,G,H,E,D,B,C,F
A,I,G,H,E,D,B,F,C
A,I,G,H,E,D,C,B,F
A,I,G,H,E,D,C,F,B
A,I,G,H,E,D,F,B,C
A,I,G,H,E,D,F,C,B
A,I,G,H,E,F,B,C,D
A,I,G,H,E,F,B,D,C
A,I,G,H,E,F,C,B,D
A,I,G,H,E,F,C,D,B
A,I,G,H,E,F,D,B,C
A,I,G,H,E,F,D,C,B
A,I,G,H,F,B,C,D,E
A,I,G,H,F,B,C,E,D
A,I,G,H,F,B,D,C,E
A,I,G,H,F,B,D,E,C
A,I,G,H,F,B,E,C,D
A,I,G,H,F,B,E,D,C
A,I,G,H,F,C,B,D,E
A,I,G,H,F,C,B,E,D
A,I,G,H,F,C,D,B,E
A,I,G,H,F,C,D,E,B
A,I,G,H,F,C,E,B,D
A,I,G,H,F,C,E,D,B
A,I,G,H,F,D,B,C,E
A,I,G,H,F,D,B,E,C
A,I,G,H,F,D,C,B,E
A,I,G,H,F,D,C,E,B
A,I,G,H,F,D,E,B,C
A,I,G,H,F,D,E,C,B
A,I,G,H,F,E,B,C,D
A,I,G,H,F,E,B,D,C
A,I,G,H,F,E,C,B,D
A,I,G,H,F,E,C,D,B
A,I,G,H,F,E,D,B,C
A,I,G,H,F,E,D,C,B
A,I,H,B,C,D,E,F,G
A,I,H,B,C,D,E,G,F
A,I,H,B,C,D,F,E,G
A,I,H,B,C,D,F,G,E
A,I,H,B,C,D,G,E,F
A,I,H,B,C,D,G,F,E
A,I,H,B,C,E,D,F,G
A,I,H,B,C,E,D,G,F
A,I,H,B,C,E,F,D,G
A,I,H,B,C,E,F,G,D
A,I,H,B,C,E,G,D,F
A,I,H,B,C,E,G,F,D
A,I,H,B,C,F,D,E,G
A,I,H,B,C,F,D,G,E
A,I,H,B,C,F,E,D,G
A,I,H,B,C,F,E,G,D
A,I,H,B,C,F,G,D,E
A,I,H,B,C,F,G,E,D
A,I,H,B,C,G,D,E,F
A,I,H,B,C,G,D,F,E
A,I,H,B,C,G,E,D,F
A,I,H,B,C,G,E,F,D
A,I,H,B,C,G,F,D,E
A,I,H,B,C,G,F,E,D
A,I,H,B,D,C,E,F,G
A,I,H,B,D,C,E,G,F
A,I,H,B,D,C,F,E,G
A,I,H,B,D,C,F,G,E
A,I,H,B,D,C,G,E,F
A,I,H,B,D,C,G,F,E
A,I,H,B,D,E,C,F,G
A,I,H,B,D,E,C,G,F
A,I,H,B,D,E,F,C,G
A,I,H,B,D,E,F,G,C
A,I,H,B,D,E,G,C,F
A,I,H,B,D,E,G,F,C
A,I,H,B,D,F,C,E,G
A,I,H,B,D,F,C,G,E
A,I,H,B,D,F,E,C,G
A,I,H,B,D,F,E,G,C
A,I,H,B,D,F,G,C,E
A,I,H,B,D,F,G,E,C
A,I,H,B,D,G,C,E,F
A,I,H,B,D,G,C,F,E
A,I,H,B,D,G,E,C,F
A,I,H,B,D,G,E,F,C
A,I,H,B,D,G,F,C,E
A,I,H,B,D,G,F,E,C
A,I,H,B,E,C,D,F,G
A,I,H,B,E,C,D,G,F
A,I,H,B,E,C,F,D,G
A,I,H,B,E,C,F,G,D
A,I,H,B,E,C,G,D,F
A,I,H,B,E,C,G,F,D
A,I,H,B,E,D,C,F,G
A,I,H,B,E,D,C,G,F
A,I,H,B,E,D,F,C,G
A,I,H,B,E,D,F,G,C
A,I,H,B,E,D,G,C,F
A,I,H,B,E,D,G,F,C
A,I,H,B,E,F,C,D,G
A,I,H,B,E,F,C,G,D
A,I,H,B,E,F,D,C,G
A,I,H,B,E,F,D,G,C
A,I,H,B,E,F,G,C,D
A,I,H,B,E,F,G,D,C
A,I,H,B,E,G,C,D,F
A,I,H,B,E,G,C,F,D
A,I,H,B,E,G,D,C,F
A,I,H,B,E,G,D,F,C
A,I,H,B,E,G,F,C,D
A,I,H,B,E,G,F,D,C
A,I,H,B,F,C,D,E,G
A,I,H,B,F,C,D,G,E
A,I,H,B,F,C,E,D,G
A,I,H,B,F,C,E,G,D
A,I,H,B,F,C,G,D,E
A,I,H,B,F,C,G,E,D
A,I,H,B,F,D,C,E,G
A,I,H,B,F,D,C,G,E
A,I,H,B,F,D,E,C,G
A,I,H,B,F,D,E,G,C
A,I,H,B,F,D,G,C,E
A,I,H,B,F,D,G,E,C
A,I,H,B,F,E,C,D,G
A,I,H,B,F,E,C,G,D
A,I,H,B,F,E,D,C,G
A,I,H,B,F,E,D,G,C
A,I,H,B,F,E,G,C,D
A,I,H,B,F,E,G,D,C
A,I,H,B,F,G,C,D,E
A,I,H,B,F,G,C,E,D
A,I,H,B,F,G,D,C,E
A,I,H,B,F,G,D,E,C
A,I,H,B,F,G,E,C,D
A,I,H,B,F,G,E,D,C
A,I,H,B,G,C,D,E,F
A,I,H,B,G,C,D,F,E
A,I,H,B,G,C,E,D,F
A,I,H,B,G,C,E,F,D
A,I,H,B,G,C,F,D,E
A,I,H,B,G,C,F,E,D
A,I,H,B,G,D,C,E,F
A,I,H,B,G,D,C,F,E
A,I,H,B,G,D,E,C,F
A,I,H,B,G,D,E,F,C
A,I,H,B,G,D,F,C,E
A,I,H,B,G,D,F,E,C
A,I,H,B,G,E,C,D,F
A,I,H,B,G,E,C,F,D
A,I,H,B,G,E,D,C,F
A,I,H,B,G,E,D,F,C
A,I,H,B,G,E,F,C,D
A,I,H,B,G,E,F,D,C
A,I,H,B,G,F,C,D,E
A,I,H,B,G,F,C,E,D
A,I,H,B,G,F,D,C,E
A,I,H,B,G,F,D,E,C
A,I,H,B,G,F,E,C,D
A,I,H,B,G,F,E,D,C
A,I,H,C,B,D,E,F,G
A,I,H,C,B,D,E,G,F
A,I,H,C,B,D,F,E,G
A,I,H,C,B,D,F,G,E
A,I,H,C,B,D,G,E,F
A,I,H,C,B,D,G,F,E
A,I,H,C,B,E,D,F,G
A,I,H,C,B,E,D,G,F
A,I,H,C,B,E,F,D,G
A,I,H,C,B,E,F,G,D
A,I,H,C,B,E,G,D,F
A,I,H,C,B,E,G,F,D
A,I,H,C,B,F,D,E,G
A,I,H,C,B,F,D,G,E
A,I,H,C,B,F,E,D,G
A,I,H,C,B,F,E,G,D
A,I,H,C,B,F,G,D,E
A,I,H,C,B,F,G,E,D
A,I,H,C,B,G,D,E,F
A,I,H,C,B,G,D,F,E
A,I,H,C,B,G,E,D,F
A,I,H,C,B,G,E,F,D
A,I,H,C,B,G,F,D,E
A,I,H,C,B,G,F,E,D
A,I,H,C,D,B,E,F,G
A,I,H,C,D,B,E,G,F
A,I,H,C,D,B,F,E,G
A,I,H,C,D,B,F,G,E
A,I,H,C,D,B,G,E,F
A,I,H,C,D,B,G,F,E
A,I,H,C,D,E,B,F,G
A,I,H,C,D,E,B,G,F
A,I,H,C,D,E,F,B,G
A,I,H,C,D,E,F,G,B
A,I,H,C,D,E,G,B,F
A,I,H,C,D,E,G,F,B
A,I,H,C,D,F,B,E,G
A,I,H,C,D,F,B,G,E
A,I,H,C,D,F,E,B,G
A,I,H,C,D,F,E,G,B
A,I,H,C,D,F,G,B,E
A,I,H,C,D,F,G,E,B
A,I,H,C,D,G,B,E,F
A,I,H,C,D,G,B,F,E
A,I,H,C,D,G,E,B,F
A,I,H,C,D,G,E,F,B
A,I,H,C,D,G,F,B,E
A,I,H,C,D,G,F,E,B
A,I,H,C,E,B,D,F,G
A,I,H,C,E,B,D,G,F
A,I,H,C,E,B,F,D,G
A,I,H,C,E,B,F,G,D
A,I,H,C,E,B,G,D,F
A,I,H,C,E,B,G,F,D
A,I,H,C,E,D,B,F,G
A,I,H,C,E,D,B,G,F
A,I,H,C,E,D,F,B,G
A,I,H,C,E,D,F,G,B
A,I,H,C,E,D,G,B,F
A,I,H,C,E,D,G,F,B
A,I,H,C,E,F,B,D,G
A,I,H,C,E,F,B,G,D
A,I,H,C,E,F,D,B,G
A,I,H,C,E,F,D,G,B
A,I,H,C,E,F,G,B,D
A,I,H,C,E,F,G,D,B
A,I,H,C,E,G,B,D,F
A,I,H,C,E,G,B,F,D
A,I,H,C,E,G,D,B,F
A,I,H,C,E,G,D,F,B
A,I,H,C,E,G,F,B,D
A,I,H,C,E,G,F,D,B
A,I,H,C,F,B,D,E,G
A,I,H,C,F,B,D,G,E
A,I,H,C,F,B,E,D,G
A,I,H,C,F,B,E,G,D
A,I,H,C,F,B,G,D,E
A,I,H,C,F,B,G,E,D
A,I,H,C,F,D,B,E,G
A,I,H,C,F,D,B,G,E
A,I,H,C,F,D,E,B,G
A,I,H,C,F,D,E,G,B
A,I,H,C,F,D,G,B,E
A,I,H,C,F,D,G,E,B
A,I,H,C,F,E,B,D,G
A,I,H,C,F,E,B,G,D
A,I,H,C,F,E,D,B,G
A,I,H,C,F,E,D,G,B
A,I,H,C,F,E,G,B,D
A,I,H,C,F,E,G,D,B
A,I,H,C,F,G,B,D,E
A,I,H,C,F,G,B,E,D
A,I,H,C,F,G,D,B,E
A,I,H,C,F,G,D,E,B
A,I,H,C,F,G,E,B,D
A,I,H,C,F,G,E,D,B
A,I,H,C,G,B,D,E,F
A,I,H,C,G,B,D,F,E
A,I,H,C,G,B,E,D,F
A,I,H,C,G,B,E,F,D
A,I,H,C,G,B,F,D,E
A,I,H,C,G,B,F,E,D
A,I,H,C,G,D,B,E,F
A,I,H,C,G,D,B,F,E
A,I,H,C,G,D,E,B,F
A,I,H,C,G,D,E,F,B
A,I,H,C,G,D,F,B,E
A,I,H,C,G,D,F,E,B
A,I,H,C,G,E,B,D,F
A,I,H,C,G,E,B,F,D
A,I,H,C,G,E,D,B,F
A,I,H,C,G,E,D,F,B
A,I,H,C,G,E,F,B,D
A,I,H,C,G,E,F,D,B
A,I,H,C,G,F,B,D,E
A,I,H,C,G,F,B,E,D
A,I,H,C,G,F,D,B,E
A,I,H,C,G,F,D,E,B
A,I,H,C,G,F,E,B,D
A,I,H,C,G,F,E,D,B
A,I,H,D,B,C,E,F,G
A,I,H,D,B,C,E,G,F
A,I,H,D,B,C,F,E,G
A,I,H,D,B,C,F,G,E
A,I,H,D,B,C,G,E,F
A,I,H,D,B,C,G,F,E
A,I,H,D,B,E,C,F,G
A,I,H,D,B,E,C,G,F
A,I,H,D,B,E,F,C,G
A,I,H,D,B,E,F,G,C
A,I,H,D,B,E,G,C,F
A,I,H,D,B,E,G,F,C
A,I,H,D,B,F,C,E,G
A,I,H,D,B,F,C,G,E
A,I,H,D,B,F,E,C,G
A,I,H,D,B,F,E,G,C
A,I,H,D,B,F,G,C,E
A,I,H,D,B,F,G,E,C
A,I,H,D,B,G,C,E,F
A,I,H,D,B,G,C,F,E
A,I,H,D,B,G,E,C,F
A,I,H,D,B,G,E,F,C
A,I,H,D,B,G,F,C,E
A,I,H,D,B,G,F,E,C
A,I,H,D,C,B,E,F,G
A,I,H,D,C,B,E,G,F
A,I,H,D,C,B,F,E,G
A,I,H,D,C,B,F,G,E
A,I,H,D,C,B,G,E,F
A,I,H,D,C,B,G,F,E
A,I,H,D,C,E,B,F,G
A,I,H,D,C,E,B,G,F
A,I,H,D,C,E,F,B,G
A,I,H,D,C,E,F,G,B
A,I,H,D,C,E,G,B,F
A,I,H,D,C,E,G,F,B
A,I,H,D,C,F,B,E,G
A,I,H,D,C,F,B,G,E
A,I,H,D,C,F,E,B,G
A,I,H,D,C,F,E,G,B
A,I,H,D,C,F,G,B,E
A,I,H,D,C,F,G,E,B
A,I,H,D,C,G,B,E,F
A,I,H,D,C,G,B,F,E
A,I,H,D,C,G,E,B,F
A,I,H,D,C,G,E,F,B
A,I,H,D,C,G,F,B,E
A,I,H,D,C,G,F,E,B
A,I,H,D,E,B,C,F,G
A,I,H,D,E,B,C,G,F
A,I,H,D,E,B,F,C,G
A,I,H,D,E,B,F,G,C
A,I,H,D,E,B,G,C,F
A,I,H,D,E,B,G,F,C
A,I,H,D,E,C,B,F,G
A,I,H,D,E,C,B,G,F
A,I,H,D,E,C,F,B,G
A,I,H,D,E,C,F,G,B
A,I,H,D,E,C,G,B,F
A,I,H,D,E,C,G,F,B
A,I,H,D,E,F,B,C,G
A,I,H,D,E,F,B,G,C
A,I,H,D,E,F,C,B,G
A,I,H,D,E,F,C,G,B
A,I,H,D,E,F,G,B,C
A,I,H,D,E,F,G,C,B
A,I,H,D,E,G,B,C,F
A,I,H,D,E,G,B,F,C
A,I,H,D,E,G,C,B,F
A,I,H,D,E,G,C,F,B
A,I,H,D,E,G,F,B,C
A,I,H,D,E,G,F,C,B
A,I,H,D,F,B,C,E,G
A,I,H,D,F,B,C,G,E
A,I,H,D,F,B,E,C,G
A,I,H,D,F,B,E,G,C
A,I,H,D,F,B,G,C,E
A,I,H,D,F,B,G,E,C
A,I,H,D,F,C,B,E,G
A,I,H,D,F,C,B,G,E
A,I,H,D,F,C,E,B,G
A,I,H,D,F,C,E,G,B
A,I,H,D,F,C,G,B,E
A,I,H,D,F,C,G,E,B
A,I,H,D,F,E,B,C,G
A,I,H,D,F,E,B,G,C
A,I,H,D,F,E,C,B,G
A,I,H,D,F,E,C,G,B
A,I,H,D,F,E,G,B,C
A,I,H,D,F,E,G,C,B
A,I,H,D,F,G,B,C,E
A,I,H,D,F,G,B,E,C
A,I,H,D,F,G,C,B,E
A,I,H,D,F,G,C,E,B
A,I,H,D,F,G,E,B,C
A,I,H,D,F,G,E,C,B
A,I,H,D,G,B,C,E,F
A,I,H,D,G,B,C,F,E
A,I,H,D,G,B,E,C,F
A,I,H,D,G,B,E,F,C
A,I,H,D,G,B,F,C,E
A,I,H,D,G,B,F,E,C
A,I,H,D,G,C,B,E,F
A,I,H,D,G,C,B,F,E
A,I,H,D,G,C,E,B,F
A,I,H,D,G,C,E,F,B
A,I,H,D,G,C,F,B,E
A,I,H,D,G,C,F,E,B
A,I,H,D,G,E,B,C,F
A,I,H,D,G,E,B,F,C
A,I,H,D,G,E,C,B,F
A,I,H,D,G,E,C,F,B
A,I,H,D,G,E,F,B,C
A,I,H,D,G,E,F,C,B
A,I,H,D,G,F,B,C,E
A,I,H,D,G,F,B,E,C
A,I,H,D,G,F,C,B,E
A,I,H,D,G,F,C,E,B
A,I,H,D,G,F,E,B,C
A,I,H,D,G,F,E,C,B
A,I,H,E,B,C,D,F,G
A,I,H,E,B,C,D,G,F
A,I,H,E,B,C,F,D,G
A,I,H,E,B,C,F,G,D
A,I,H,E,B,C,G,D,F
A,I,H,E,B,C,G,F,D
A,I,H,E,B,D,C,F,G
A,I,H,E,B,D,C,G,F
A,I,H,E,B,D,F,C,G
A,I,H,E,B,D,F,G,C
A,I,H,E,B,D,G,C,F
A,I,H,E,B,D,G,F,C
A,I,H,E,B,F,C,D,G
A,I,H,E,B,F,C,G,D
A,I,H,E,B,F,D,C,G
A,I,H,E,B,F,D,G,C
A,I,H,E,B,F,G,C,D
A,I,H,E,B,F,G,D,C
A,I,H,E,B,G,C,D,F
A,I,H,E,B,G,C,F,D
A,I,H,E,B,G,D,C,F
A,I,H,E,B,G,D,F,C
A,I,H,E,B,G,F,C,D
A,I,H,E,B,G,F,D,C
A,I,H,E,C,B,D,F,G
A,I,H,E,C,B,D,G,F
A,I,H,E,C,B,F,D,G
A,I,H,E,C,B,F,G,D
A,I,H,E,C,B,G,D,F
A,I,H,E,C,B,G,F,D
A,I,H,E,C,D,B,F,G
A,I,H,E,C,D,B,G,F
A,I,H,E,C,D,F,B,G
A,I,H,E,C,D,F,G,B
A,I,H,E,C,D,G,B,F
A,I,H,E,C,D,G,F,B
A,I,H,E,C,F,B,D,G
A,I,H,E,C,F,B,G,D
A,I,H,E,C,F,D,B,G
A,I,H,E,C,F,D,G,B
A,I,H,E,C,F,G,B,D
A,I,H,E,C,F,G,D,B
A,I,H,E,C,G,B,D,F
A,I,H,E,C,G,B,F,D
A,I,H,E,C,G,D,B,F
A,I,H,E,C,G,D,F,B
A,I,H,E,C,G,F,B,D
A,I,H,E,C,G,F,D,B
A,I,H,E,D,B,C,F,G
A,I,H,E,D,B,C,G,F
A,I,H,E,D,B,F,C,G
A,I,H,E,D,B,F,G,C
A,I,H,E,D,B,G,C,F
A,I,H,E,D,B,G,F,C
A,I,H,E,D,C,B,F,G
A,I,H,E,D,C,B,G,F
A,I,H,E,D,C,F,B,G
A,I,H,E,D,C,F,G,B
A,I,H,E,D,C,G,B,F
A,I,H,E,D,C,G,F,B
A,I,H,E,D,F,B,C,G
A,I,H,E,D,F,B,G,C
A,I,H,E,D,F,C,B,G
A,I,H,E,D,F,C,G,B
A,I,H,E,D,F,G,B,C
A,I,H,E,D,F,G,C,B
A,I,H,E,D,G,B,C,F
A,I,H,E,D,G,B,F,C
A,I,H,E,D,G,C,B,F
A,I,H,E,D,G,C,F,B
A,I,H,E,D,G,F,B,C
A,I,H,E,D,G,F,C,B
A,I,H,E,F,B,C,D,G
A,I,H,E,F,B,C,G,D
A,I,H,E,F,B,D,C,G
A,I,H,E,F,B,D,G,C
A,I,H,E,F,B,G,C,D
A,I,H,E,F,B,G,D,C
A,I,H,E,F,C,B,D,G
A,I,H,E,F,C,B,G,D
A,I,H,E,F,C,D,B,G
A,I,H,E,F,C,D,G,B
A,I,H,E,F,C,G,B,D
A,I,H,E,F,C,G,D,B
A,I,H,E,F,D,B,C,G
A,I,H,E,F,D,B,G,C
A,I,H,E,F,D,C,B,G
A,I,H,E,F,D,C,G,B
A,I,H,E,F,D,G,B,C
A,I,H,E,F,D,G,C,B
A,I,H,E,F,G,B,C,D
A,I,H,E,F,G,B,D,C
A,I,H,E,F,G,C,B,D
A,I,H,E,F,G,C,D,B
A,I,H,E,F,G,D,B,C
A,I,H,E,F,G,D,C,B
A,I,H,E,G,B,C,D,F
A,I,H,E,G,B,C,F,D
A,I,H,E,G,B,D,C,F
A,I,H,E,G,B,D,F,C
A,I,H,E,G,B,F,C,D
A,I,H,E,G,B,F,D,C
A,I,H,E,G,C,B,D,F
A,I,H,E,G,C,B,F,D
A,I,H,E,G,C,D,B,F
A,I,H,E,G,C,D,F,B
A,I,H,E,G,C,F,B,D
A,I,H,E,G,C,F,D,B
A,I,H,E,G,D,B,C,F
A,I,H,E,G,D,B,F,C
A,I,H,E,G,D,C,B,F
A,I,H,E,G,D,C,F,B
A,I,H,E,G,D,F,B,C
A,I,H,E,G,D,F,C,B
A,I,H,E,G,F,B,C,D
A,I,H,E,G,F,B,D,C
A,I,H,E,G,F,C,B,D
A,I,H,E,G,F,C,D,B
A,I,H,E,G,F,D,B,C
A,I,H,E,G,F,D,C,B
A,I,H,F,B,C,D,E,G
A,I,H,F,B,C,D,G,E
A,I,H,F,B,C,E,D,G
A,I,H,F,B,C,E,G,D
A,I,H,F,B,C,G,D,E
A,I,H,F,B,C,G,E,D
A,I,H,F,B,D,C,E,G
A,I,H,F,B,D,C,G,E
A,I,H,F,B,D,E,C,G
A,I,H,F,B,D,E,G,C
A,I,H,F,B,D,G,C,E
A,I,H,F,B,D,G,E,C
A,I,H,F,B,E,C,D,G
A,I,H,F,B,E,C,G,D
A,I,H,F,B,E,D,C,G
A,I,H,F,B,E,D,G,C
A,I,H,F,B,E,G,C,D
A,I,H,F,B,E,G,D,C
A,I,H,F,B,G,C,D,E
A,I,H,F,B,G,C,E,D
A,I,H,F,B,G,D,C,E
A,I,H,F,B,G,D,E,C
A,I,H,F,B,G,E,C,D
A,I,H,F,B,G,E,D,C
A,I,H,F,C,B,D,E,G
A,I,H,F,C,B,D,G,E
A,I,H,F,C,B,E,D,G
A,I,H,F,C,B,E,G,D
A,I,H,F,C,B,G,D,E
A,I,H,F,C,B,G,E,D
A,I,H,F,C,D,B,E,G
A,I,H,F,C,D,B,G,E
A,I,H,F,C,D,E,B,G
A,I,H,F,C,D,E,G,B
A,I,H,F,C,D,G,B,E
A,I,H,F,C,D,G,E,B
A,I,H,F,C,E,B,D,G
A,I,H,F,C,E,B,G,D
A,I,H,F,C,E,D,B,G
A,I,H,F,C,E,D,G,B
A,I,H,F,C,E,G,B,D
A,I,H,F,C,E,G,D,B
A,I,H,F,C,G,B,D,E
A,I,H,F,C,G,B,E,D
A,I,H,F,C,G,D,B,E
A,I,H,F,C,G,D,E,B
A,I,H,F,C,G,E,B,D
A,I,H,F,C,G,E,D,B
A,I,H,F,D,B,C,E,G
A,I,H,F,D,B,C,G,E
A,I,H,F,D,B,E,C,G
A,I,H,F,D,B,E,G,C
A,I,H,F,D,B,G,C,E
A,I,H,F,D,B,G,E,C
A,I,H,F,D,C,B,E,G
A,I,H,F,D,C,B,G,E
A,I,H,F,D,C,E,B,G
A,I,H,F,D,C,E,G,B
A,I,H,F,D,C,G,B,E
A,I,H,F,D,C,G,E,B
A,I,H,F,D,E,B,C,G
A,I,H,F,D,E,B,G,C
A,I,H,F,D,E,C,B,G
A,I,H,F,D,E,C,G,B
A,I,H,F,D,E,G,B,C
A,I,H,F,D,E,G,C,B
A,I,H,F,D,G,B,C,E
A,I,H,F,D,G,B,E,C
A,I,H,F,D,G,C,B,E
A,I,H,F,D,G,C,E,B
A,I,H,F,D,G,E,B,C
A,I,H,F,D,G,E,C,B
A,I,H,F,E,B,C,D,G
A,I,H,F,E,B,C,G,D
A,I,H,F,E,B,D,C,G
A,I,H,F,E,B,D,G,C
A,I,H,F,E,B,G,C,D
A,I,H,F,E,B,G,D,C
A,I,H,F,E,C,B,D,G
A,I,H,F,E,C,B,G,D
A,I,H,F,E,C,D,B,G
A,I,H,F,E,C,D,G,B
A,I,H,F,E,C,G,B,D
A,I,H,F,E,C,G,D,B
A,I,H,F,E,D,B,C,G
A,I,H,F,E,D,B,G,C
A,I,H,F,E,D,C,B,G
A,I,H,F,E,D,C,G,B
A,I,H,F,E,D,G,B,C
A,I,H,F,E,D,G,C,B
A,I,H,F,E,G,B,C,D
A,I,H,F,E,G,B,D,C
A,I,H,F,E,G,C,B,D
A,I,H,F,E,G,C,D,B
A,I,H,F,E,G,D,B,C
A,I,H,F,E,G,D,C,B
A,I,H,F,G,B,C,D,E
A,I,H,F,G,B,C,E,D
A,I,H,F,G,B,D,C,E
A,I,H,F,G,B,D,E,C
A,I,H,F,G,B,E,C,D
A,I,H,F,G,B,E,D,C
A,I,H,F,G,C,B,D,E
A,I,H,F,G,C,B,E,D
A,I,H,F,G,C,D,B,E
A,I,H,F,G,C,D,E,B
A,I,H,F,G,C,E,B,D
A,I,H,F,G,C,E,D,B
A,I,H,F,G,D,B,C,E
A,I,H,F,G,D,B,E,C
A,I,H,F,G,D,C,B,E
A,I,H,F,G,D,C,E,B
A,I,H,F,G,D,E,B,C
A,I,H,F,G,D,E,C,B
A,I,H,F,G,E,B,C,D
A,I,H,F,G,E,B,D,C
A,I,H,F,G,E,C,B,D
A,I,H,F,G,E,C,D,B
A,I,H,F,G,E,D,B,C
A,I,H,F,G,E,D,C,B
A,I,H,G,B,C,D,E,F
A,I,H,G,B,C,D,F,E
A,I,H,G,B,C,E,D,F
A,I,H,G,B,C,E,F,D
A,I,H,G,B,C,F,D,E
A,I,H,G,B,C,F,E,D
A,I,H,G,B,D,C,E,F
A,I,H,G,B,D,C,F,E
A,I,H,G,B,D,E,C,F
A,I,H,G,B,D,E,F,C
A,I,H,G,B,D,F,C,E
A,I,H,G,B,D,F,E,C
A,I,H,G,B,E,C,D,F
A,I,H,G,B,E,C,F,D
A,I,H,G,B,E,D,C,F
A,I,H,G,B,E,D,F,C
A,I,H,G,B,E,F,C,D
A,I,H,G,B,E,F,D,C
A,I,H,G,B,F,C,D,E
A,I,H,G,B,F,C,E,D
A,I,H,G,B,F,D,C,E
A,I,H,G,B,F,D,E,C
A,I,H,G,B,F,E,C,D
A,I,H,G,B,F,E,D,C
A,I,H,G,C,B,D,E,F
A,I,H,G,C,B,D,F,E
A,I,H,G,C,B,E,D,F
A,I,H,G,C,B,E,F,D
A,I,H,G,C,B,F,D,E
A,I,H,G,C,B,F,E,D
A,I,H,G,C,D,B,E,F
A,I,H,G,C,D,B,F,E
A,I,H,G,C,D,E,B,F
A,I,H,G,C,D,E,F,B
A,I,H,G,C,D,F,B,E
A,I,H,G,C,D,F,E,B
A,I,H,G,C,E,B,D,F
A,I,H,G,C,E,B,F,D
A,I,H,G,C,E,D,B,F
A,I,H,G,C,E,D,F,B
A,I,H,G,C,E,F,B,D
A,I,H,G,C,E,F,D,B
A,I,H,G,C,F,B,D,E
A,I,H,G,C,F,B,E,D
A,I,H,G,C,F,D,B,E
A,I,H,G,C,F,D,E,B
A,I,H,G,C,F,E,B,D
A,I,H,G,C,F,E,D,B
A,I,H,G,D,B,C,E,F
A,I,H,G,D,B,C,F,E
A,I,H,G,D,B,E,C,F
A,I,H,G,D,B,E,F,C
A,I,H,G,D,B,F,C,E
A,I,H,G,D,B,F,E,C
A,I,H,G,D,C,B,E,F
A,I,H,G,D,C,B,F,E
A,I,H,G,D,C,E,B,F
A,I,H,G,D,C,E,F,B
A,I,H,G,D,C,F,B,E
A,I,H,G,D,C,F,E,B
A,I,H,G,D,E,B,C,F
A,I,H,G,D,E,B,F,C
A,I,H,G,D,E,C,B,F
A,I,H,G,D,E,C,F,B
A,I,H,G,D,E,F,B,C
A,I,H,G,D,E,F,C,B
A,I,H,G,D,F,B,C,E
A,I,H,G,D,F,B,E,C
A,I,H,G,D,F,C,B,E
A,I,H,G,D,F,C,E,B
A,I,H,G,D,F,E,B,C
A,I,H,G,D,F,E,C,B
A,I,H,G,E,B,C,D,F
A,I,H,G,E,B,C,F,D
A,I,H,G,E,B,D,C,F
A,I,H,G,E,B,D,F,C
A,I,H,G,E,B,F,C,D
A,I,H,G,E,B,F,D,C
A,I,H,G,E,C,B,D,F
A,I,H,G,E,C,B,F,D
A,I,H,G,E,C,D,B,F
A,I,H,G,E,C,D,F,B
A,I,H,G,E,C,F,B,D
A,I,H,G,E,C,F,D,B
A,I,H,G,E,D,B,C,F
A,I,H,G,E,D,B,F,C
A,I,H,G,E,D,C,B,F
A,I,H,G,E,D,C,F,B
A,I,H,G,E,D,F,B,C
A,I,H,G,E,D,F,C,B
A,I,H,G,E,F,B,C,D
A,I,H,G,E,F,B,D,C
A,I,H,G,E,F,C,B,D
A,I,H,G,E,F,C,D,B
A,I,H,G,E,F,D,B,C
A,I,H,G,E,F,D,C,B
A,I,H,G,F,B,C,D,E
A,I,H,G,F,B,C,E,D
A,I,H,G,F,B,D,C,E
A,I,H,G,F,B,D,E,C
A,I,H,G,F,B,E,C,D
A,I,H,G,F,B,E,D,C
A,I,H,G,F,C,B,D,E
A,I,H,G,F,C,B,E,D
A,I,H,G,F,C,D,B,E
A,I,H,G,F,C,D,E,B
A,I,H,G,F,C,E,B,D
A,I,H,G,F,C,E,D,B
A,I,H,G,F,D,B,C,E
A,I,H,G,F,D,B,E,C
A,I,H,G,F,D,C,B,E
A,I,H,G,F,D,C,E,B
A,I,H,G,F,D,E,B,C
A,I,H,G,F,D,E,C,B
A,I,H,G,F,E,B,C,D
A,I,H,G,F,E,B,D,C
A,I,H,G,F,E,C,B,D
A,I,H,G,F,E,C,D,B
A,I,H,G,F,E,D,B,C
A,I,H,G,F,E,D,C,B
