journey_id	student_id	start_dt	end_dt	bus_srvc	direction	start_stop	end_stop
J1447	S0029	2026-10-09 04:14	2026-10-09 05:11:00	143	1	20259	28211
J1159	S0024	2026-11-18 06:03	2026-11-18 06:31:00	668	1	54469	55179
J2800	S0056	2026-11-05 05:23	2026-11-05 05:32:00	65	2	76119	75009
J0547	S0011	2026-10-31 07:25	2026-10-31 07:40:00	807C	1	59431	59631
J0114	S0003	2026-10-15 07:23	2026-10-15 08:28:00	110	1	67599	67361
J0869	S0018	2026-10-25 11:57	2026-10-25 12:15:00	960e	2	40041	40081
J1884	S0038	2026-11-15 01:05	2026-11-15 01:19:00	459	2	65289	65259
J1489	S0030	2026-10-20 23:12	2026-10-20 23:55:00	967	1	46981	46629
J1120	S0023	2026-10-15 20:13	2026-10-15 20:17:00	86A	1	55039	55039
J0403	S0009	2026-11-16 06:25	2026-11-16 06:29:00	130	2	54011	54241
J0624	S0013	2026-11-18 14:28	2026-11-18 16:15:00	856	2	46519	58129
J2761	S0056	2026-10-15 06:21	2026-10-15 08:00:00	170	2	45029	41089
J1380	S0028	2026-11-04 11:19	2026-11-04 15:03:00	167	1	58029	03218
J0996	S0020	2026-10-19 16:58	2026-10-19 17:21:00	966	1	52071	83299
J0453	S0010	2026-11-16 05:48	2026-11-16 05:53:00	461	1	59041	59041
J1102	S0023	2026-11-08 22:48	2026-11-09 00:09:00	904	1	46281	46399
J0826	S0017	2026-10-14 18:06	2026-10-14 18:11:00	86	1	54241	54009
J0768	S0016	2026-10-09 06:22	2026-10-09 06:37:00	173	1	43519	43169
J0841	S0017	2026-10-17 19:35	2026-10-17 19:51:00	71A	1	53231	53251
J0324	S0007	2026-11-03 19:10	2026-11-03 19:31:00	681	2	64209	64559
J2924	S0059	2026-11-01 12:00	2026-11-01 15:28:00	502	1	28499	22199
J1105	S0023	2026-11-20 02:28	2026-11-20 04:53:00	100	2	11169	70011
J0096	S0002	2026-10-20 15:05	2026-10-20 16:25:00	61	1	70039	82221
J0306	S0007	2026-11-24 03:36	2026-11-24 04:45:00	86	1	67239	55179
J0156	S0004	2026-10-19 04:55	2026-10-19 05:29:00	40	1	84029	92159
J1639	S0033	2026-10-19 14:06	2026-10-19 14:29:00	36A	1	93019	92059
J0519	S0011	2026-11-25 13:28	2026-11-25 14:26:00	105	2	13019	52369
J0616	S0013	2026-10-29 14:21	2026-10-29 15:15:00	19	1	99019	76199
J2447	S0049	2026-11-05 14:49	2026-11-05 16:05:00	12	1	91079	05059
J0955	S0020	2026-10-11 10:16	2026-10-11 11:11:00	189	1	17139	43501
J2795	S0056	2026-10-28 21:41	2026-10-28 21:46:00	143	2	05012	05012
J0621	S0013	2026-11-05 14:26	2026-11-05 14:43:00	857A	1	55269	55051
J0556	S0012	2026-11-02 00:16	2026-11-02 00:54:00	97e	1	03222	02089
J2686	S0054	2026-10-26 09:18	2026-10-26 09:30:00	872A	1	41009	40409
J0798	S0016	2026-10-14 06:55	2026-10-14 07:09:00	976	1	44461	44131
J1440	S0029	2026-10-29 06:59	2026-10-29 07:08:00	89	1	65019	64429
J0246	S0005	2026-10-18 04:58	2026-10-18 05:29:00	117	1	59051	58609
J2199	S0044	2026-11-20 23:59	2026-11-21 00:20:00	238	1	52539	52391
J2831	S0057	2026-10-22 23:51	2026-10-23 00:59:00	121	1	06071	14279
J1481	S0030	2026-11-17 16:36	2026-11-17 17:16:00	7	1	09141	11281
J0130	S0003	2026-10-13 11:19	2026-10-13 11:30:00	984	1	44251	44641
J1258	S0026	2026-10-30 17:37	2026-10-30 19:24:00	196	2	11179	80211
J0239	S0005	2026-11-21 15:21	2026-11-21 15:41:00	166	1	19031	17171
J0638	S0013	2026-11-27 14:27	2026-11-27 15:54:00	132	1	54248	40249
J1641	S0033	2026-10-31 10:38	2026-10-31 10:57:00	661	1	78181	03241
J2611	S0053	2026-11-11 04:04	2026-11-11 05:11:00	655	2	03539	20199
J2267	S0046	2026-10-22 15:46	2026-10-22 15:50:00	225W	1	84309	84309
J2063	S0042	2026-11-08 00:08	2026-11-08 00:19:00	3A	1	77301	77311
J0526	S0011	2026-11-12 06:54	2026-11-12 06:56:00	991	1	44391	44009
J1089	S0022	2026-10-30 21:36	2026-10-30 22:19:00	518	1	04179	75231
J1843	S0037	2026-10-17 11:39	2026-10-17 12:25:00	21	2	72021	75061
J2458	S0050	2026-11-26 03:03	2026-11-26 04:57:00	31	1	85109	80111
J2558	S0052	2026-11-26 12:50	2026-11-26 13:08:00	652	1	54609	02049
J2226	S0045	2026-10-21 04:53	2026-10-21 05:55:00	991	2	30101	43409
J0977	S0020	2026-11-03 19:28	2026-11-03 20:40:00	103	1	68111	59349
J2243	S0045	2026-11-02 04:22	2026-11-02 04:33:00	143	1	20141	20259
J2283	S0046	2026-10-26 06:49	2026-10-26 07:03:00	911	1	46589	46088
J2844	S0057	2026-10-27 05:06	2026-10-27 06:56:00	120	1	10191	18011
J1926	S0039	2026-10-18 12:40	2026-10-18 12:44:00	SWA	1	67009	67009
J1237	S0025	2026-11-23 03:09	2026-11-23 04:43:00	147	2	07111	63211
J2026	S0041	2026-11-14 02:20	2026-11-14 05:17:00	143	2	17079	09212
J2831	S0057	2026-10-23 00:59	2026-10-23 01:30:00	124	2	14279	10017
J1061	S0022	2026-10-08 06:59	2026-10-08 07:13:00	969A	1	59051	59079
J2091	S0042	2026-11-03 16:41	2026-11-03 16:58:00	114	2	67481	66589
J2246	S0045	2026-10-30 08:26	2026-10-30 08:39:00	268C	1	55141	55301
J2478	S0050	2026-11-25 11:20	2026-11-25 11:24:00	229	1	94051	94051
J2423	S0049	2026-10-19 11:26	2026-10-19 11:35:00	325	1	64491	64091
J0952	S0020	2026-10-15 13:03	2026-10-15 13:34:00	50	1	67531	65301
J2389	S0048	2026-11-21 22:00	2026-11-21 22:50:00	268A	1	55159	54281
J0831	S0017	2026-10-11 23:29	2026-10-12 01:35:00	105	1	40219	28011
J0761	S0016	2026-10-14 11:25	2026-10-14 11:54:00	299	1	76119	74009
J0715	S0015	2026-10-23 01:26	2026-10-23 01:31:00	804	1	59381	59241
J1537	S0031	2026-10-27 09:47	2026-10-27 11:32:00	30	1	20291	22009
J2127	S0043	2026-11-05 23:34	2026-11-05 23:40:00	41	1	42071	42151
J1075	S0022	2026-11-22 09:51	2026-11-22 10:08:00	22	1	66031	66359
J0214	S0005	2026-11-13 23:38	2026-11-14 00:03:00	660M	2	63391	64259
J0528	S0011	2026-10-30 17:55	2026-10-30 18:01:00	S41	1	96049	96309
J2541	S0051	2026-10-18 17:35	2026-10-18 17:42:00	870	1	28621	43329
J0657	S0014	2026-11-25 04:34	2026-11-25 04:49:00	800	1	59239	59009
J1007	S0021	2026-11-17 10:42	2026-11-17 10:46:00	457	1	64239	64239
J2224	S0045	2026-11-08 03:16	2026-11-08 05:24:00	13	2	81029	55509
J0533	S0011	2026-11-26 02:12	2026-11-26 02:14:00	913M	1	46629	46629
J1227	S0025	2026-10-28 02:12	2026-10-28 03:12:00	63M	1	71201	71219
J0834	S0017	2026-10-11 20:16	2026-10-11 20:54:00	94	1	71049	83109
J0090	S0002	2026-11-15 03:44	2026-11-15 04:30:00	107M	2	62121	64009
J2333	S0047	2026-10-09 18:45	2026-10-09 20:02:00	991	1	43401	44091
J1028	S0021	2026-10-29 01:53	2026-10-29 02:47:00	58	1	70071	75311
J2139	S0043	2026-11-26 18:40	2026-11-26 18:51:00	961	1	10109	10089
J0015	S0001	2026-10-25 01:24	2026-10-25 01:58:00	183	1	17169	16059
J1223	S0025	2026-10-09 17:38	2026-10-09 17:47:00	109	1	78031	78191
J2341	S0047	2026-11-14 13:39	2026-11-14 14:51:00	167	1	58019	56059
J0516	S0011	2026-11-13 23:14	2026-11-13 23:36:00	648	1	08069	03059
J0607	S0013	2026-11-06 22:54	2026-11-06 23:59:00	43	2	62051	67619
J2370	S0048	2026-10-15 21:16	2026-10-15 22:06:00	12	2	96031	98091
J1914	S0039	2026-10-25 10:14	2026-10-25 10:57:00	131	1	14041	10009
J1092	S0022	2026-11-04 04:15	2026-11-04 04:38:00	50	2	54499	54399
J0445	S0009	2026-11-26 13:56	2026-11-26 14:09:00	S42	2	60221	04029
J0474	S0010	2026-11-06 05:55	2026-11-06 06:02:00	85A	1	67551	67541
J1209	S0025	2026-11-11 23:24	2026-11-11 23:35:00	861	1	58621	58049
J2830	S0057	2026-10-31 11:41	2026-10-31 12:50:00	265	1	54009	54248
J0582	S0012	2026-11-18 18:49	2026-11-18 18:55:00	258	1	23031	23371
J0661	S0014	2026-11-23 08:21	2026-11-23 09:34:00	182	1	25451	26211
J1588	S0032	2026-11-17 15:35	2026-11-17 15:49:00	105	1	52361	52189
J2495	S0050	2026-11-14 08:00	2026-11-14 08:06:00	42	1	83201	83201
J2013	S0041	2026-10-28 02:32	2026-10-28 03:18:00	2	1	01129	05069
J2028	S0041	2026-10-08 05:34	2026-10-08 06:07:00	25	1	72019	84011
J0584	S0012	2026-10-11 10:08	2026-10-11 10:59:00	410G	1	53289	53359
J2426	S0049	2026-10-27 08:27	2026-10-27 09:45:00	107	2	60229	63359
J0590	S0012	2026-11-25 22:14	2026-11-25 22:34:00	859A	1	58411	58281
J0527	S0011	2026-11-09 03:24	2026-11-09 04:01:00	381	1	65249	65561
J0927	S0019	2026-11-06 18:11	2026-11-06 18:45:00	861A	1	59811	59429
J0737	S0015	2026-11-20 19:01	2026-11-20 20:59:00	107M	1	63059	01629
J0671	S0014	2026-11-23 20:54	2026-11-23 21:05:00	9	1	96109	85079
J2870	S0058	2026-11-19 10:40	2026-11-19 13:18:00	961M	1	45019	11029
J0250	S0005	2026-11-11 02:50	2026-11-11 05:03:00	268	1	54221	55231
J1401	S0029	2026-10-08 17:24	2026-10-08 17:35:00	124	2	50111	50991
J1471	S0030	2026-11-15 14:43	2026-11-15 15:04:00	118B	1	75249	75291
J0464	S0010	2026-11-03 10:09	2026-11-03 10:57:00	35	1	96229	95179
J0999	S0020	2026-10-10 07:58	2026-10-10 08:00:00	861B	1	59221	59521
J0807	S0017	2026-11-09 18:25	2026-11-09 18:59:00	70	2	55089	55509
J1948	S0039	2026-11-12 23:44	2026-11-12 23:57:00	5	1	40189	13159
J2682	S0054	2026-11-14 11:22	2026-11-14 11:27:00	358	1	78089	78089
J2907	S0059	2026-10-31 01:04	2026-10-31 01:13:00	268B	1	55139	54209
J0506	S0011	2026-11-18 10:02	2026-11-18 10:08:00	84G	1	65229	65009
J1844	S0037	2026-11-25 16:42	2026-11-25 17:10:00	981	2	47091	58129
J1851	S0038	2026-10-15 18:50	2026-10-15 19:41:00	65	2	84461	76051
J0105	S0003	2026-11-19 16:47	2026-11-19 18:00:00	41	1	28691	28699
J2309	S0047	2026-11-07 22:39	2026-11-07 23:03:00	72	1	64161	74011
J2866	S0058	2026-11-17 01:44	2026-11-17 02:12:00	913	1	46511	46191
J0299	S0006	2026-11-18 21:20	2026-11-18 21:30:00	170	1	44021	43991
J1465	S0030	2026-11-05 04:19	2026-11-05 04:25:00	966	1	46531	46541
J1937	S0039	2026-10-13 21:50	2026-10-13 21:59:00	273	1	14249	14339
J2338	S0047	2026-10-12 14:25	2026-10-12 14:56:00	96	1	17099	17091
J2296	S0046	2026-11-19 08:38	2026-11-19 10:41:00	33	1	80039	18041
J2023	S0041	2026-11-18 12:19	2026-11-18 12:30:00	80	1	14071	14141
J2463	S0050	2026-10-10 22:02	2026-10-10 22:08:00	410W	1	53409	53281
J0350	S0007	2026-11-22 12:50	2026-11-22 13:05:00	660M	2	63381	64601
J2867	S0058	2026-10-30 03:58	2026-10-30 04:13:00	246	1	21569	21471
J2625	S0053	2026-10-27 20:41	2026-10-28 00:16:00	853M	1	54059	94009
J2498	S0050	2026-11-07 10:27	2026-11-07 12:02:00	298	1	76521	76199
J2878	S0058	2026-10-29 19:08	2026-10-29 20:03:00	249	1	22091	22009
J1720	S0035	2026-10-12 22:48	2026-10-12 22:53:00	175	2	17031	17251
J1753	S0036	2026-11-23 15:29	2026-11-23 17:19:00	14	1	80159	11361
J0148	S0003	2026-10-11 04:37	2026-10-11 05:39:00	856	2	47801	59009
J2838	S0057	2026-11-04 08:33	2026-11-04 08:45:00	870	1	43379	43329
J1760	S0036	2026-11-27 06:54	2026-11-27 06:58:00	129	1	52119	52499
J1031	S0021	2026-11-25 14:18	2026-11-25 14:23:00	59	2	72019	72019
J2438	S0049	2026-10-29 08:49	2026-10-29 09:43:00	901M	1	47521	46639
J1792	S0036	2026-10-22 02:00	2026-10-22 02:26:00	976	1	44861	44929
J0352	S0008	2026-10-29 21:32	2026-10-29 22:19:00	859T	1	58341	57139
J0932	S0019	2026-10-18 18:22	2026-10-18 19:05:00	963e	1	44269	43619
J1333	S0027	2026-10-09 04:24	2026-10-09 04:35:00	134	1	81209	80289
J1108	S0023	2026-11-20 12:56	2026-11-20 13:06:00	138	1	56069	56049
J1400	S0028	2026-11-02 09:29	2026-11-02 09:32:00	183	1	28679	28669
J2415	S0049	2026-11-11 10:22	2026-11-11 10:32:00	657	1	28641	28651
J0455	S0010	2026-10-22 03:46	2026-10-22 04:24:00	172	1	44079	31179
J0503	S0011	2026-10-19 08:19	2026-10-19 09:44:00	193	1	23091	25061
J2606	S0053	2026-11-22 14:00	2026-11-22 14:03:00	854e	1	71061	71071
J0175	S0004	2026-11-15 15:52	2026-11-15 15:55:00	248M	1	25781	25781
J2479	S0050	2026-11-17 20:22	2026-11-17 20:30:00	969	2	59021	59041
J2542	S0051	2026-10-19 20:27	2026-10-19 21:11:00	21	2	84601	76211
J0224	S0005	2026-11-19 11:16	2026-11-19 11:18:00	88B	1	66461	66461
J0472	S0010	2026-10-29 01:54	2026-10-29 02:26:00	650	2	08031	59639
J1651	S0034	2026-11-26 19:19	2026-11-26 19:57:00	131	1	07539	14061
J2761	S0056	2026-10-15 06:01	2026-10-15 06:21:00	927	1	45079	45029
J1239	S0025	2026-11-06 13:32	2026-11-06 15:18:00	46	2	77009	94051
J1103	S0023	2026-10-11 10:46	2026-10-11 10:51:00	831G	1	41009	41009
J1608	S0033	2026-11-22 01:17	2026-11-22 01:53:00	965	1	59073	67251
J1327	S0027	2026-11-11 07:33	2026-11-11 07:59:00	247	1	25661	25599
J2675	S0054	2026-10-22 08:02	2026-10-22 08:22:00	72A	1	64471	64559
J1613	S0033	2026-10-19 18:06	2026-10-19 18:08:00	183B	1	28701	28189
J0752	S0016	2026-10-30 19:37	2026-10-30 19:58:00	198	2	28531	21369
J1768	S0036	2026-10-16 02:26	2026-10-16 02:29:00	166	1	10021	10041
J2055	S0042	2026-10-19 08:23	2026-10-19 08:29:00	20A	1	96381	96341
J2193	S0044	2026-10-28 00:23	2026-10-28 00:29:00	180	1	22491	22009
J0121	S0003	2026-10-08 20:00	2026-10-08 20:05:00	125	1	52109	52499
J1287	S0026	2026-10-10 00:22	2026-10-10 00:59:00	680	2	40181	64259
J2489	S0050	2026-11-03 01:15	2026-11-03 01:30:00	672	2	64071	64461
J2837	S0057	2026-11-19 10:54	2026-11-19 11:56:00	62	1	80071	62229
J0017	S0001	2026-10-18 10:46	2026-10-18 11:15:00	857	1	04111	07031
J0178	S0004	2026-10-30 14:21	2026-10-30 14:37:00	117	1	59251	58519
J1216	S0025	2026-10-31 22:57	2026-11-01 01:04:00	178	1	43049	22009
J1599	S0032	2026-11-27 13:04	2026-11-27 13:12:00	106	1	03129	03239
J0436	S0009	2026-10-17 21:07	2026-10-17 22:14:00	182	1	26269	26441
J0431	S0009	2026-10-13 11:54	2026-10-13 12:53:00	964	1	46391	46931
J0982	S0020	2026-11-07 18:06	2026-11-07 18:19:00	243G	1	22249	22009
J2487	S0050	2026-10-20 13:53	2026-10-20 15:26:00	52	2	12061	53231
J0016	S0001	2026-11-18 04:29	2026-11-18 04:53:00	118	1	65009	65199
J2043	S0041	2026-11-04 13:40	2026-11-04 15:02:00	197	1	01029	18131
J2690	S0054	2026-11-13 07:59	2026-11-13 08:25:00	139	1	10431	10009
J2401	S0049	2026-11-25 22:14	2026-11-25 22:56:00	195A	1	11169	14199
J2083	S0042	2026-11-23 18:30	2026-11-23 19:22:00	296	1	75539	75121
J0641	S0013	2026-11-06 08:33	2026-11-06 08:38:00	452	2	40459	41009
J0771	S0016	2026-10-14 06:44	2026-10-14 07:24:00	14e	2	93051	84239
J1446	S0029	2026-10-27 01:39	2026-10-27 02:23:00	20	1	96139	96381
J1747	S0035	2026-11-14 20:58	2026-11-14 21:02:00	17	2	84261	84591
J0474	S0010	2026-11-06 06:02	2026-11-06 06:15:00	102B	1	67541	67401
J1236	S0025	2026-11-09 22:56	2026-11-09 23:18:00	117	1	58611	58251
J0199	S0004	2026-10-30 01:36	2026-10-30 01:39:00	86	1	54059	54049
J0349	S0007	2026-11-27 07:23	2026-11-27 07:39:00	43e	2	82071	81119
J0929	S0019	2026-11-06 09:57	2026-11-06 10:20:00	189A	1	43701	43219
J0779	S0016	2026-11-19 01:43	2026-11-19 03:26:00	74	1	53149	12069
J1482	S0030	2026-10-31 00:42	2026-10-31 01:01:00	807C	1	59431	59631
J1090	S0022	2026-11-15 09:06	2026-11-15 09:56:00	117	1	68161	59509
J2740	S0055	2026-10-22 05:51	2026-10-22 05:58:00	255	1	24631	24009
J0318	S0007	2026-10-14 11:26	2026-10-14 12:29:00	191	1	11181	11361
J1994	S0040	2026-10-12 06:33	2026-10-12 08:11:00	59	2	98139	84701
J2631	S0053	2026-11-26 00:42	2026-11-26 02:00:00	856	2	47051	59119
J0921	S0019	2026-11-23 12:13	2026-11-23 12:23:00	335	1	28259	28439
J1849	S0037	2026-11-02 03:21	2026-11-02 03:47:00	190	2	40231	44271
J1889	S0038	2026-11-03 02:54	2026-11-03 03:21:00	456	1	52049	50229
J2862	S0058	2026-10-19 21:02	2026-10-19 21:21:00	679	1	55109	03391
J2380	S0048	2026-10-11 21:58	2026-10-11 22:00:00	991A	1	43331	43341
J0844	S0017	2026-10-18 17:49	2026-10-18 18:16:00	116A	1	66101	63369
J2532	S0051	2026-10-31 11:04	2026-10-31 11:26:00	46	2	75139	76281
J0412	S0009	2026-11-24 02:24	2026-11-24 03:14:00	60T	1	72021	84309
J1052	S0022	2026-11-14 11:49	2026-11-14 11:52:00	900	1	46289	46009
J0589	S0012	2026-11-23 06:54	2026-11-23 07:43:00	861	1	59199	58009
J1500	S0030	2026-11-19 08:09	2026-11-19 09:03:00	65	2	71121	84601
J1006	S0021	2026-11-15 13:20	2026-11-15 13:44:00	167	1	03019	05521
J0761	S0016	2026-10-14 11:16	2026-10-14 11:25:00	299	1	76289	76119
J0169	S0004	2026-10-08 08:02	2026-10-08 08:33:00	10e	2	92131	93081
J0346	S0007	2026-10-19 12:09	2026-10-19 12:30:00	969	1	59059	59029
J0698	S0014	2026-11-03 10:01	2026-11-03 10:11:00	674	2	40439	40459
J2070	S0042	2026-11-02 14:14	2026-11-02 14:36:00	307A	1	45371	44531
J1041	S0021	2026-11-16 21:30	2026-11-16 21:41:00	10e	2	92141	93061
J0088	S0002	2026-11-17 10:49	2026-11-17 11:24:00	12	2	98011	78101
J1070	S0022	2026-10-14 09:27	2026-10-14 10:01:00	6	1	98199	98049
J2541	S0051	2026-10-18 17:16	2026-10-18 17:35:00	990	1	28059	28621
J0657	S0014	2026-11-25 04:28	2026-11-25 04:34:00	800	1	59239	59239
J1710	S0035	2026-10-21 08:24	2026-10-21 08:34:00	123	2	08011	08111
J2633	S0053	2026-11-27 05:16	2026-11-27 07:09:00	10	2	14169	93071
J0545	S0011	2026-11-11 08:23	2026-11-11 08:38:00	112	1	64479	64519
J0659	S0014	2026-11-19 04:49	2026-11-19 05:19:00	141	2	50029	07249
J2403	S0049	2026-11-17 15:29	2026-11-17 16:05:00	872	1	43769	28281
J1874	S0038	2026-10-26 12:03	2026-10-26 12:06:00	964	1	46289	46009
J0774	S0016	2026-11-23 12:03	2026-11-23 12:31:00	901	1	46631	47511
J0694	S0014	2026-10-31 17:30	2026-10-31 19:05:00	972M	1	09047	44221
J0557	S0012	2026-11-26 12:23	2026-11-26 13:42:00	28	2	84201	76199
J2706	S0055	2026-11-07 01:18	2026-11-07 01:25:00	174e	2	43341	21429
J1123	S0023	2026-10-10 04:34	2026-10-10 04:55:00	196A	1	80141	02119
J0956	S0020	2026-11-27 14:34	2026-11-27 14:53:00	20	1	96179	96131
J0798	S0016	2026-10-14 07:09	2026-10-14 08:04:00	976	1	44131	44929
J0237	S0005	2026-11-06 14:43	2026-11-06 14:55:00	46	2	84281	84661
J1354	S0028	2026-11-24 16:32	2026-11-24 16:40:00	163	1	52021	52361
J1162	S0024	2026-11-25 18:35	2026-11-25 19:14:00	913	1	46399	46579
J1518	S0031	2026-10-27 07:25	2026-10-27 08:05:00	3A	1	98011	77311
J2350	S0047	2026-11-14 04:31	2026-11-14 04:43:00	251	1	22549	22189
J0129	S0003	2026-11-06 03:09	2026-11-06 03:11:00	913T	1	46189	46191
J2594	S0052	2026-11-13 05:19	2026-11-13 05:21:00	179A	1	27251	27261
J1051	S0022	2026-10-19 01:00	2026-10-19 04:34:00	61	2	83101	14161
J2608	S0053	2026-11-23 13:01	2026-11-23 14:46:00	98M	1	21179	28211
J2784	S0056	2026-10-19 09:17	2026-10-19 09:20:00	118	1	75231	75231
J0182	S0004	2026-11-14 19:09	2026-11-14 20:41:00	73	1	66029	66121
J0757	S0016	2026-10-27 12:45	2026-10-27 13:47:00	111	1	09159	04111
J2563	S0052	2026-10-21 22:46	2026-10-21 23:09:00	991B	1	44539	44099
J0289	S0006	2026-10-20 18:24	2026-10-20 20:25:00	48	1	84661	41011
J0909	S0019	2026-11-10 06:58	2026-11-10 07:12:00	100	1	14131	15051
J0948	S0019	2026-11-20 03:24	2026-11-20 04:00:00	187	2	43649	44231
J1627	S0033	2026-10-08 17:04	2026-10-08 17:25:00	451	2	44071	44091
J0836	S0017	2026-11-08 16:31	2026-11-08 16:41:00	63	1	71211	71169
J1057	S0022	2026-11-15 15:08	2026-11-15 16:05:00	125	1	52499	60161
J1853	S0038	2026-11-25 10:59	2026-11-25 11:11:00	861M	1	58499	58009
J1388	S0028	2026-11-04 09:02	2026-11-04 10:51:00	4	1	76191	76209
J1439	S0029	2026-10-16 01:45	2026-10-16 02:13:00	329	1	66541	66549
J2724	S0055	2026-11-11 07:28	2026-11-11 07:36:00	974A	1	44459	44539
J0600	S0012	2026-10-12 23:05	2026-10-12 23:41:00	807B	1	59169	59439
J1397	S0028	2026-10-10 08:08	2026-10-10 08:13:00	459	2	70289	70289
J0580	S0012	2026-10-25 10:23	2026-10-25 10:46:00	95	1	11401	11181
J0856	S0018	2026-10-18 16:52	2026-10-18 17:03:00	991	1	44119	44391
J2597	S0052	2026-11-24 01:16	2026-11-24 02:32:00	401	1	83249	80279
J0134	S0003	2026-11-11 06:06	2026-11-11 06:09:00	173A	1	43739	43169
J1298	S0026	2026-10-16 08:20	2026-10-16 08:38:00	57	2	50011	51011
J1685	S0034	2026-11-24 07:05	2026-11-24 07:46:00	40	1	92141	84009
J1997	S0040	2026-11-02 06:20	2026-11-02 06:42:00	154	1	70371	82032
J0329	S0007	2026-10-10 00:10	2026-10-10 01:48:00	857	1	07518	55089
J1342	S0027	2026-10-17 01:15	2026-10-17 02:57:00	98M	1	28399	28391
J0734	S0015	2026-11-21 23:18	2026-11-21 23:39:00	983M	1	44181	44091
J2452	S0050	2026-11-02 00:20	2026-11-02 00:24:00	31A	1	96019	96019
J0502	S0011	2026-11-08 19:35	2026-11-08 19:57:00	268	1	55141	55231
J2589	S0052	2026-11-04 19:11	2026-11-04 20:08:00	25	1	72019	84101
J2106	S0043	2026-10-26 17:18	2026-10-26 17:58:00	452	1	40451	42151
J0123	S0003	2026-10-08 15:38	2026-10-08 15:51:00	189A	1	43009	43519
J2835	S0057	2026-10-17 15:06	2026-10-17 15:11:00	186	2	03218	03239
J0683	S0014	2026-10-23 23:41	2026-10-23 23:52:00	674	2	40429	40439
J1196	S0024	2026-10-20 07:45	2026-10-20 10:33:00	61	2	70379	14161
J2107	S0043	2026-10-24 00:51	2026-10-24 01:18:00	969	2	57111	47609
J2630	S0053	2026-10-16 03:53	2026-10-16 03:59:00	228	1	84489	84461
J0126	S0003	2026-10-31 00:32	2026-10-31 00:38:00	663	1	03129	03218
J1604	S0033	2026-10-13 13:37	2026-10-13 13:41:00	190A	1	09219	09219
J2184	S0044	2026-10-09 06:52	2026-10-09 07:05:00	883M	1	58521	58531
J2789	S0056	2026-11-14 18:37	2026-11-14 18:46:00	681	2	63061	64041
J1318	S0027	2026-11-08 17:25	2026-11-08 17:28:00	53M	1	62221	62221
J2179	S0044	2026-11-25 16:06	2026-11-25 16:12:00	143	1	28211	28009
J2612	S0053	2026-11-13 02:03	2026-11-13 02:17:00	29	1	97061	97081
J2241	S0045	2026-10-31 20:48	2026-10-31 20:52:00	78	1	29041	29041
J2338	S0047	2026-10-12 14:56	2026-10-12 15:00:00	183	1	17091	17151
J2927	S0059	2026-10-20 18:33	2026-10-20 18:51:00	141	2	52009	52219
J0407	S0009	2026-10-17 11:01	2026-10-17 11:10:00	648	1	02119	03019
J2718	S0055	2026-11-06 02:58	2026-11-06 03:18:00	871A	1	40401	40359
J0134	S0003	2026-11-11 05:39	2026-11-11 06:06:00	173A	1	43419	43739
J0863	S0018	2026-11-25 23:46	2026-11-25 23:49:00	125A	1	70329	70329
J0655	S0014	2026-10-23 23:24	2026-10-24 00:01:00	22	2	66351	54009
J1626	S0033	2026-10-11 18:20	2026-10-11 19:27:00	41	1	28681	42229
J0060	S0002	2026-11-22 00:30	2026-11-22 02:25:00	156	2	51091	67459
J1291	S0026	2026-10-24 06:48	2026-10-24 07:05:00	125A	1	81081	70329
J1339	S0027	2026-10-27 10:04	2026-10-27 10:06:00	282	1	17221	17221
J0072	S0002	2026-10-28 20:54	2026-10-28 22:09:00	649	1	44629	03391
J0383	S0008	2026-11-12 06:50	2026-11-12 07:38:00	27A	1	67199	75279
J0612	S0013	2026-11-07 00:13	2026-11-07 00:46:00	26	1	81029	60031
J2633	S0053	2026-11-27 02:33	2026-11-27 05:16:00	143	2	28431	14169
J1145	S0023	2026-11-04 13:36	2026-11-04 14:25:00	858	1	58211	46409
J2036	S0041	2026-10-16 13:01	2026-10-16 13:05:00	665	1	03129	03218
J1542	S0031	2026-10-12 10:53	2026-10-12 11:03:00	168	1	46229	46009
J2863	S0058	2026-11-14 14:19	2026-11-14 14:51:00	197	1	17121	28221
J1433	S0029	2026-10-18 09:34	2026-10-18 10:11:00	22	2	62149	54321
J2422	S0049	2026-10-21 13:41	2026-10-21 13:49:00	107	1	03059	03129
J0075	S0002	2026-11-02 08:34	2026-11-02 08:38:00	684	1	03071	03071
J0876	S0018	2026-10-15 10:34	2026-10-15 11:58:00	147A	1	63199	07529
J0281	S0006	2026-11-20 09:40	2026-11-20 10:42:00	960	1	45079	44201
J0172	S0004	2026-11-19 03:23	2026-11-19 03:43:00	190	1	05049	10011
J1032	S0021	2026-11-14 17:56	2026-11-14 20:07:00	985	1	44289	60139
J2383	S0048	2026-11-08 15:56	2026-11-08 16:54:00	675	1	64471	02141
J1386	S0028	2026-10-12 03:54	2026-10-12 04:10:00	975	1	34041	34049
J2255	S0046	2026-10-31 22:05	2026-10-31 22:29:00	102B	1	67631	67391
J2390	S0048	2026-11-18 06:49	2026-11-18 06:56:00	655	1	20209	20191
J1162	S0024	2026-11-25 18:11	2026-11-25 18:35:00	900	1	58439	46399
J1198	S0024	2026-10-22 02:45	2026-10-22 03:36:00	154B	1	20059	12081
J0740	S0015	2026-11-06 09:30	2026-11-06 10:39:00	8	1	75259	60089
J1607	S0033	2026-10-19 19:27	2026-10-19 19:40:00	451	1	44689	30111
J1726	S0035	2026-10-14 23:10	2026-10-14 23:19:00	74	1	19081	18141
J0171	S0004	2026-10-26 09:37	2026-10-26 09:56:00	86	2	55101	68031
J0933	S0019	2026-11-14 12:07	2026-11-14 12:14:00	100	1	11001	11009
J2380	S0048	2026-10-11 21:42	2026-10-11 21:58:00	991A	1	43009	43331
J1587	S0032	2026-11-12 03:26	2026-11-12 05:33:00	117	1	68101	58059
J2274	S0046	2026-10-26 23:35	2026-10-26 23:54:00	187	2	44261	46009
J2260	S0046	2026-11-04 21:18	2026-11-05 00:30:00	176	2	14059	43231
J2854	S0058	2026-11-27 15:12	2026-11-27 15:20:00	194	1	22011	22021
J1593	S0032	2026-10-28 18:51	2026-10-28 19:38:00	9A	1	85051	76101
J1468	S0030	2026-10-21 07:01	2026-10-21 07:09:00	903	1	46241	46319
J0745	S0015	2026-10-20 23:40	2026-10-21 00:09:00	660M	2	04121	63371
J0804	S0017	2026-10-14 09:02	2026-10-14 09:06:00	43A	1	63179	63179
J1491	S0030	2026-11-18 02:39	2026-11-18 03:14:00	72	1	73031	75121
J2528	S0051	2026-10-09 07:50	2026-10-09 07:54:00	243G	1	22249	22249
J1155	S0024	2026-10-26 14:44	2026-10-26 14:46:00	983M	1	44899	44899
J2295	S0046	2026-11-05 02:03	2026-11-05 02:13:00	184	1	44221	44249
J1878	S0038	2026-11-25 20:52	2026-11-25 21:08:00	871A	1	40401	40311
J0753	S0016	2026-11-09 01:19	2026-11-09 02:54:00	26	1	83099	60181
J2462	S0050	2026-10-18 12:47	2026-10-18 13:03:00	83T	1	65239	65159
J2126	S0043	2026-10-21 02:00	2026-10-21 02:04:00	883	1	58211	58009
J2340	S0047	2026-11-22 21:15	2026-11-22 21:46:00	48	1	85089	84671
J0945	S0019	2026-11-01 17:51	2026-11-01 17:58:00	173	2	43741	43391
J0554	S0012	2026-11-03 13:41	2026-11-03 14:03:00	72	2	64189	64139
J0372	S0008	2026-10-19 09:02	2026-10-19 10:11:00	187	2	28391	43649
J2423	S0049	2026-10-19 10:27	2026-10-19 11:05:00	683	1	04111	50061
J1480	S0030	2026-11-09 01:06	2026-11-09 01:08:00	107M	1	02089	02169
J2908	S0059	2026-10-11 12:09	2026-10-11 14:24:00	131	2	14109	52499
J0004	S0001	2026-11-22 16:15	2026-11-22 17:16:00	33	1	84009	81189
J2521	S0051	2026-11-12 19:39	2026-11-12 19:51:00	131	2	50081	50041
J1547	S0031	2026-10-10 01:57	2026-10-10 02:25:00	240	1	21621	22491
J0851	S0018	2026-10-14 22:18	2026-10-14 23:03:00	125	1	70349	50239
J1299	S0026	2026-11-19 21:55	2026-11-19 22:27:00	28	1	75009	76259
J2530	S0051	2026-10-09 07:11	2026-10-09 07:43:00	70A	1	81151	02171
J2779	S0056	2026-10-26 18:48	2026-10-26 20:44:00	963	2	28181	46499
J0395	S0008	2026-10-14 19:25	2026-10-14 19:58:00	963e	1	44259	18109
J2426	S0049	2026-10-27 11:27	2026-10-27 11:42:00	681	2	63061	64041
J1699	S0034	2026-11-14 03:30	2026-11-14 03:52:00	86B	1	55051	67021
J2654	S0054	2026-10-13 18:14	2026-10-13 18:40:00	58A	1	84709	75291
J1070	S0022	2026-10-14 10:01	2026-10-14 11:46:00	89	1	98049	64381
J2167	S0044	2026-11-03 06:28	2026-11-03 07:21:00	335	1	28341	28611
J2796	S0056	2026-10-09 10:38	2026-10-09 10:53:00	456	1	50038	52129
J2257	S0046	2026-11-12 01:10	2026-11-12 03:21:00	107M	1	63049	02169
J2281	S0046	2026-11-18 22:31	2026-11-18 23:03:00	167	2	10069	05629
J0370	S0008	2026-10-30 13:07	2026-10-30 13:32:00	67	2	42071	43071
J2295	S0046	2026-11-05 02:13	2026-11-05 03:30:00	187	1	44249	28331
J2688	S0054	2026-11-18 07:15	2026-11-18 07:18:00	972	1	44709	44709
J0321	S0007	2026-10-22 14:03	2026-10-22 15:15:00	28	2	84201	76199
J1704	S0035	2026-11-03 07:25	2026-11-03 07:51:00	963e	2	16091	44739
J0793	S0016	2026-11-05 08:55	2026-11-05 09:55:00	683	1	65269	67529
J0793	S0016	2026-11-05 07:47	2026-11-05 08:55:00	83	1	67251	65269
J0525	S0011	2026-10-12 04:39	2026-10-12 05:08:00	974A	1	44531	44259
J2914	S0059	2026-11-16 14:21	2026-11-16 14:26:00	457	1	70281	70281
J2848	S0057	2026-10-29 06:19	2026-10-29 06:33:00	12	2	78061	78101
J0775	S0016	2026-11-26 08:24	2026-11-26 08:26:00	15A	1	83119	83109
J2178	S0044	2026-10-09 15:49	2026-10-09 17:10:00	231	1	52131	52009
J0818	S0017	2026-10-17 08:00	2026-10-17 08:14:00	676	2	64311	64401
J2581	S0052	2026-11-22 02:58	2026-11-22 04:26:00	249	1	22429	22009
J0311	S0007	2026-10-14 14:43	2026-10-14 14:48:00	92B	1	15139	15139
J2248	S0045	2026-10-22 02:15	2026-10-22 02:42:00	178	1	28279	20081
J1831	S0037	2026-10-08 19:20	2026-10-08 19:49:00	113A	1	62219	63239
J2886	S0058	2026-10-12 00:40	2026-10-12 03:41:00	27	1	67249	64381
J0733	S0015	2026-11-13 09:02	2026-11-13 09:10:00	506	1	43411	43189
J1615	S0033	2026-11-08 10:05	2026-11-08 10:55:00	136	2	63151	54079
J2618	S0053	2026-11-18 04:12	2026-11-18 05:13:00	39	1	77401	58991
J2669	S0054	2026-11-12 21:12	2026-11-12 21:44:00	24	1	95151	96069
J2787	S0056	2026-10-15 15:30	2026-10-15 16:11:00	195A	1	14219	10169
J1214	S0025	2026-11-24 08:18	2026-11-24 09:09:00	86	1	67759	68019
J0988	S0020	2026-11-24 02:53	2026-11-24 02:57:00	168A	1	76149	76149
J0844	S0017	2026-10-18 16:44	2026-10-18 17:49:00	74	2	53011	66101
J0364	S0008	2026-11-16 07:34	2026-11-16 08:40:00	40	1	81099	93051
J2280	S0046	2026-10-19 21:27	2026-10-19 21:51:00	174	1	09149	09047
J2776	S0056	2026-11-25 04:54	2026-11-25 04:58:00	871	1	40429	40429
J1572	S0032	2026-10-18 08:19	2026-10-18 08:25:00	174	2	21369	22009
J1618	S0033	2026-11-16 09:27	2026-11-16 09:41:00	984	1	44119	44279
J2684	S0054	2026-10-16 17:43	2026-10-16 19:15:00	860	1	59719	54451
J1379	S0028	2026-11-22 01:55	2026-11-22 02:06:00	299	1	74959	74961
J1556	S0032	2026-11-24 11:13	2026-11-24 11:24:00	967	1	46341	46629
J1478	S0030	2026-10-13 07:52	2026-10-13 08:31:00	974	1	21379	23051
J2258	S0046	2026-11-04 08:00	2026-11-04 08:03:00	665	2	47589	46649
J1599	S0032	2026-11-27 13:00	2026-11-27 13:04:00	186	2	03129	03129
J0789	S0016	2026-11-23 00:36	2026-11-23 00:46:00	851e	2	54051	55181
J1097	S0022	2026-10-31 20:23	2026-10-31 20:39:00	10	1	85049	85019
J1046	S0021	2026-11-04 13:04	2026-11-04 13:15:00	76	1	81111	82011
J2490	S0050	2026-11-17 07:49	2026-11-17 07:58:00	117	2	65359	65489
J2339	S0047	2026-10-19 11:01	2026-10-19 11:34:00	176	2	20251	28439
J1617	S0033	2026-11-22 12:50	2026-11-22 14:21:00	985	1	43491	60139
J0140	S0003	2026-10-24 20:04	2026-10-24 20:34:00	859B	1	58349	58009
J2288	S0046	2026-11-21 03:29	2026-11-21 04:26:00	855	2	53091	59051
J1319	S0027	2026-10-12 15:40	2026-10-12 15:57:00	502	1	22481	27381
J0185	S0004	2026-11-21 13:28	2026-11-21 14:35:00	75	2	42091	44041
J1666	S0034	2026-11-14 00:34	2026-11-14 00:43:00	981	1	58259	58111
J0908	S0019	2026-10-18 12:21	2026-10-18 13:01:00	651	2	03129	27389
J1967	S0040	2026-11-20 23:01	2026-11-20 23:13:00	925M	1	49111	49189
J0009	S0001	2026-11-23 06:39	2026-11-23 06:45:00	106A	1	17179	17179
J1782	S0036	2026-10-20 11:57	2026-10-20 12:12:00	903M	1	46171	46319
J0231	S0005	2026-11-18 12:48	2026-11-18 13:01:00	922	1	44699	44619
J2719	S0055	2026-10-31 21:32	2026-10-31 21:36:00	53A	1	95129	95129
J1801	S0037	2026-10-26 11:48	2026-10-26 12:15:00	8	2	75241	76081
J0503	S0011	2026-10-19 09:44	2026-10-19 10:15:00	193	1	25061	25449
J2734	S0055	2026-11-24 05:24	2026-11-24 06:54:00	197	2	05013	82089
J0183	S0004	2026-10-11 01:53	2026-10-11 01:56:00	62A	1	70019	70019
J2544	S0051	2026-10-31 13:03	2026-10-31 14:25:00	196	1	03059	11041
J0539	S0011	2026-10-28 21:24	2026-10-28 21:47:00	104	1	64109	63369
J1409	S0029	2026-10-11 14:48	2026-10-11 15:06:00	651	1	27451	27419
J0253	S0006	2026-11-14 10:53	2026-11-14 10:58:00	973	1	45009	45009
J2435	S0049	2026-10-29 15:58	2026-10-29 16:55:00	359	1	77279	78191
J0913	S0019	2026-10-13 21:37	2026-10-13 22:34:00	684	1	44889	03071
J1131	S0023	2026-10-29 01:38	2026-10-29 02:20:00	70M	1	81109	62051
J1082	S0022	2026-10-18 22:45	2026-10-18 22:48:00	96A	1	17099	16159
J2883	S0058	2026-11-09 11:39	2026-11-09 12:14:00	967	1	46349	46341
J2173	S0044	2026-10-15 17:58	2026-10-15 18:06:00	831G	1	40449	40459
J1759	S0036	2026-10-27 03:53	2026-10-27 04:51:00	961	2	42041	44011
J0948	S0019	2026-11-20 02:51	2026-11-20 03:24:00	985	2	43439	43649
J0682	S0014	2026-11-15 19:11	2026-11-15 19:24:00	54	1	04339	04239
J1485	S0030	2026-11-11 15:03	2026-11-11 15:16:00	980	2	57111	57131
J1068	S0022	2026-11-23 03:04	2026-11-23 03:17:00	883B	1	58519	58049
J0545	S0011	2026-11-11 08:01	2026-11-11 08:23:00	675	2	63349	64479
J2238	S0045	2026-11-23 15:00	2026-11-23 15:37:00	985	2	43649	44391
J0411	S0009	2026-10-30 06:43	2026-10-30 06:50:00	30e	2	84011	84021
J1780	S0036	2026-11-03 06:09	2026-11-03 06:13:00	15A	1	72041	72051
J1511	S0031	2026-11-23 16:54	2026-11-23 17:17:00	94A	1	71079	73019
J2159	S0044	2026-11-12 00:40	2026-11-12 00:49:00	324	1	62251	64049
J1596	S0032	2026-11-19 07:45	2026-11-19 07:51:00	55	2	54379	54379
J0162	S0004	2026-11-04 05:42	2026-11-04 05:53:00	41	1	42219	42209
J0365	S0008	2026-11-14 23:26	2026-11-15 00:19:00	100	1	01339	14061
J2670	S0054	2026-10-25 09:26	2026-10-25 09:31:00	86	2	67131	67131
J0044	S0001	2026-11-10 17:31	2026-11-10 17:35:00	911T	1	46571	46561
J0710	S0015	2026-11-09 16:55	2026-11-09 20:39:00	980	2	01519	58009
J1291	S0026	2026-10-24 03:49	2026-10-24 04:18:00	91	1	18099	11189
J0634	S0013	2026-10-17 14:04	2026-10-17 14:06:00	134	1	82089	82079
J1288	S0026	2026-11-25 17:10	2026-11-25 17:31:00	980	2	50011	50041
J1440	S0029	2026-10-29 06:47	2026-10-29 06:59:00	671	2	67201	65019
J1913	S0039	2026-11-15 12:00	2026-11-15 12:11:00	154B	1	17101	12061
J0961	S0020	2026-11-03 12:31	2026-11-03 12:41:00	52	2	53399	53231
J1151	S0024	2026-10-28 07:24	2026-10-28 07:57:00	228	1	84461	84529
J0569	S0012	2026-10-26 09:24	2026-10-26 10:51:00	52	2	28009	42141
J1924	S0039	2026-11-07 02:22	2026-11-07 02:34:00	403	1	77099	77189
J1442	S0029	2026-10-31 19:15	2026-10-31 21:06:00	175	1	15149	07371
J0911	S0019	2026-11-08 13:58	2026-11-08 14:06:00	183	1	28709	28689
J1445	S0029	2026-11-12 09:55	2026-11-12 10:07:00	315	1	66119	66051
J2772	S0056	2026-11-04 16:22	2026-11-04 16:25:00	667	1	03391	03391
J1622	S0033	2026-10-10 19:35	2026-10-10 20:13:00	99	2	28469	20109
J1173	S0024	2026-10-19 07:41	2026-10-19 08:04:00	666	1	03381	02159
J0508	S0011	2026-11-04 08:39	2026-11-04 08:42:00	654	2	67641	67641
J0257	S0006	2026-11-09 18:29	2026-11-09 18:40:00	189A	1	43509	43319
J2658	S0054	2026-10-16 15:58	2026-10-16 16:27:00	960	1	40019	01019
J2781	S0056	2026-11-19 20:26	2026-11-19 21:03:00	20A	1	96449	96361
J1625	S0033	2026-11-08 01:02	2026-11-08 04:07:00	30	1	14141	21581
J2567	S0052	2026-10-17 02:52	2026-10-17 03:16:00	674	2	40409	40449
J2600	S0052	2026-11-16 22:54	2026-11-17 00:47:00	158	1	70379	90041
J0155	S0004	2026-11-01 06:45	2026-11-01 07:37:00	62	1	63289	64061
J2564	S0052	2026-10-19 23:13	2026-10-19 23:44:00	137	2	71211	81049
J0716	S0015	2026-11-18 07:18	2026-11-18 08:09:00	456	1	52451	52499
J0201	S0005	2026-10-25 05:45	2026-10-25 05:51:00	46	2	94009	94009
J2132	S0043	2026-11-08 20:59	2026-11-08 21:07:00	241A	1	22459	22529
J0910	S0019	2026-10-30 23:30	2026-10-30 23:46:00	190	2	44149	44391
J0862	S0018	2026-11-15 02:16	2026-11-15 02:56:00	36	1	09022	02151
J0595	S0012	2026-11-11 17:01	2026-11-11 17:07:00	55B	1	53221	53239
J0285	S0006	2026-11-25 21:14	2026-11-25 21:27:00	682	1	50119	09048
J2905	S0059	2026-11-01 13:57	2026-11-01 14:04:00	805	1	59281	58991
J1827	S0037	2026-11-05 08:17	2026-11-05 08:26:00	186	2	03129	03239
J0684	S0014	2026-10-10 10:50	2026-10-10 12:23:00	77	1	42039	09179
J2208	S0045	2026-11-26 21:12	2026-11-26 21:15:00	668	2	54441	54359
J0186	S0004	2026-11-22 09:40	2026-11-22 09:52:00	167	2	57051	57061
J2101	S0043	2026-10-23 15:42	2026-10-23 15:58:00	98	1	21569	21179
J0530	S0011	2026-11-19 01:07	2026-11-19 02:05:00	252	1	24599	22319
J2065	S0042	2026-10-12 07:55	2026-10-12 08:05:00	86B	1	55101	67021
J2400	S0048	2026-10-08 13:04	2026-10-08 13:28:00	804	1	59471	59381
J1979	S0040	2026-11-26 06:20	2026-11-26 06:48:00	246	1	21679	21461
J2768	S0056	2026-10-14 13:55	2026-10-14 14:05:00	72	2	74029	74019
J0405	S0009	2026-11-22 12:53	2026-11-22 13:03:00	88A	1	54659	54509
J2667	S0054	2026-11-13 20:38	2026-11-13 20:53:00	384	1	65611	65401
J2582	S0052	2026-11-04 08:21	2026-11-04 08:23:00	911T	1	46561	46561
J2176	S0044	2026-11-07 03:52	2026-11-07 03:57:00	67	1	76051	75009
J1317	S0027	2026-10-09 03:52	2026-10-09 05:07:00	43	1	62049	92249
J0155	S0004	2026-11-01 07:37	2026-11-01 11:05:00	102	1	64061	67711
J1804	S0037	2026-11-24 23:38	2026-11-24 23:40:00	9A	1	76241	76241
J0044	S0001	2026-11-10 16:57	2026-11-10 17:31:00	911T	1	46579	46571
J2428	S0049	2026-11-20 07:35	2026-11-20 08:17:00	666	2	02171	65151
J0636	S0013	2026-10-29 01:00	2026-10-29 01:04:00	855	2	59021	59031
J0728	S0015	2026-11-17 21:21	2026-11-18 00:22:00	871	1	40451	40439
J1058	S0022	2026-11-22 02:47	2026-11-22 05:19:00	157	2	28459	52501
J0432	S0009	2026-11-27 00:07	2026-11-27 00:15:00	84W	1	65229	65009
J0320	S0007	2026-11-23 17:38	2026-11-23 17:43:00	63	2	71229	71219
J2491	S0050	2026-11-22 03:33	2026-11-22 03:36:00	858	1	46469	46419
J1974	S0040	2026-11-01 08:22	2026-11-01 08:39:00	901	1	46331	46981
J1837	S0037	2026-11-10 03:39	2026-11-10 03:45:00	452	2	40459	41009
J0441	S0009	2026-10-10 18:22	2026-10-10 18:55:00	30e	1	84029	14141
J2205	S0045	2026-11-12 23:45	2026-11-12 23:50:00	181A	1	27469	27469
J0433	S0009	2026-11-10 13:28	2026-11-10 13:31:00	72B	1	54481	54481
J1777	S0036	2026-10-29 23:44	2026-10-29 23:57:00	187	1	43831	43481
J0830	S0017	2026-11-12 15:33	2026-11-12 15:38:00	670	1	03241	03111
J1272	S0026	2026-10-18 04:55	2026-10-18 06:13:00	186	1	10291	50171
J1640	S0033	2026-10-19 22:25	2026-10-19 23:37:00	258	1	27401	22521
J1178	S0024	2026-11-21 05:21	2026-11-21 06:11:00	103	2	67089	63189
J2754	S0056	2026-10-26 02:42	2026-10-26 02:52:00	70	2	67039	67019
J2617	S0053	2026-10-09 03:37	2026-10-09 03:39:00	179	1	27261	27261
J2936	S0059	2026-11-10 22:18	2026-11-11 01:02:00	961M	2	11031	44051
J0901	S0019	2026-10-09 06:47	2026-10-09 09:17:00	963	1	46009	18109
J1583	S0032	2026-10-22 08:25	2026-10-22 08:28:00	673	2	65629	65639
J1876	S0038	2026-10-11 21:09	2026-10-11 21:18:00	857A	1	55249	55031
J2457	S0050	2026-10-25 09:02	2026-10-25 10:19:00	179	1	22501	27309
J0213	S0005	2026-11-05 22:26	2026-11-05 22:32:00	137	2	84159	84121
J2406	S0049	2026-11-25 13:15	2026-11-25 13:30:00	54	2	53231	53009
J2696	S0054	2026-10-14 20:16	2026-10-14 20:38:00	965	1	67409	63009
J0934	S0019	2026-11-11 00:09	2026-11-11 00:20:00	679	1	67029	67019
J1196	S0024	2026-10-20 07:38	2026-10-20 07:45:00	S41	2	72041	70379
J2810	S0057	2026-11-06 20:34	2026-11-06 21:40:00	966A	1	46529	83119
J0662	S0014	2026-10-10 05:08	2026-10-10 07:43:00	59	2	98019	53229
J0895	S0018	2026-10-15 16:19	2026-10-15 16:32:00	45	1	54381	54479
J0824	S0017	2026-11-23 15:44	2026-11-23 17:42:00	143	2	20169	15149
J2158	S0044	2026-10-26 06:59	2026-10-26 07:45:00	272	1	10339	14241
J1226	S0025	2026-10-16 01:36	2026-10-16 02:55:00	81	1	76221	77331
J1895	S0038	2026-10-27 21:22	2026-10-27 21:32:00	912B	1	46088	46591
J2448	S0049	2026-11-10 20:34	2026-11-10 21:42:00	900	1	46689	46681
J1467	S0030	2026-11-15 22:54	2026-11-16 01:08:00	807	1	59179	59171
J1033	S0021	2026-10-16 05:59	2026-10-16 06:14:00	67	2	44449	44009
J2770	S0056	2026-10-21 23:17	2026-10-21 23:42:00	169A	1	58069	59099
J2427	S0049	2026-10-16 01:33	2026-10-16 01:38:00	17	1	84309	84009
J1045	S0021	2026-11-21 23:53	2026-11-22 01:24:00	57	2	14201	01621
J0520	S0011	2026-11-15 21:56	2026-11-15 22:58:00	98M	1	28521	21779
J1899	S0038	2026-10-20 22:08	2026-10-20 22:14:00	859	1	58251	58009
J0595	S0012	2026-11-11 17:07	2026-11-11 17:48:00	58	1	53239	62131
J0729	S0015	2026-10-24 15:20	2026-10-24 15:25:00	296	1	75481	75481
J0915	S0019	2026-10-26 11:52	2026-10-26 11:59:00	72A	1	64491	64471
J1239	S0025	2026-11-06 12:43	2026-11-06 12:55:00	118B	1	75291	75361
J1426	S0029	2026-10-29 22:51	2026-10-29 22:55:00	674	1	40389	43769
J1119	S0023	2026-11-08 08:37	2026-11-08 09:58:00	35	1	95171	84009
J1319	S0027	2026-10-12 12:52	2026-10-12 13:05:00	657	1	28329	28641
J0667	S0014	2026-11-17 10:57	2026-11-17 11:00:00	831G	1	40419	40419
J0777	S0016	2026-10-27 12:33	2026-10-27 12:51:00	860T	1	57031	57071
J2086	S0042	2026-10-21 01:59	2026-10-21 02:09:00	268A	1	54241	54281
J1454	S0030	2026-11-22 17:13	2026-11-22 17:25:00	170X	2	46109	46049
J1052	S0022	2026-11-14 11:24	2026-11-14 11:49:00	900	1	46969	46289
J0435	S0009	2026-11-03 15:28	2026-11-03 15:57:00	106	2	09111	11221
J2241	S0045	2026-10-31 20:52	2026-10-31 20:56:00	78A	1	29041	29121
J1490	S0030	2026-11-15 09:34	2026-11-15 09:49:00	14e	1	08121	09048
J2010	S0041	2026-11-18 17:49	2026-11-18 17:59:00	252	1	23171	22221
J2348	S0047	2026-10-09 17:22	2026-10-09 17:27:00	193	2	22449	22009
J2007	S0041	2026-11-06 01:57	2026-11-06 02:12:00	678	1	03151	03391
J2142	S0043	2026-10-31 23:08	2026-10-31 23:25:00	114A	1	63009	66571
J0392	S0008	2026-11-24 03:18	2026-11-24 04:56:00	975	1	44531	32071
J2186	S0044	2026-11-13 04:09	2026-11-13 04:36:00	518A	1	02049	03519
J2800	S0056	2026-11-05 04:58	2026-11-05 05:23:00	65	2	84601	76119
J0754	S0016	2026-11-11 05:52	2026-11-11 05:54:00	984	2	28299	28299
J0159	S0004	2026-10-13 22:43	2026-10-13 23:05:00	31	1	81189	80101
J1260	S0026	2026-10-19 18:55	2026-10-19 20:01:00	979	1	45399	44031
J1680	S0034	2026-10-27 02:36	2026-10-27 02:48:00	85	2	65231	65269
J0240	S0005	2026-11-01 19:16	2026-11-01 20:16:00	177	1	43251	43259
J0738	S0015	2026-10-25 17:11	2026-10-25 17:26:00	660	2	63381	64411
J1050	S0021	2026-10-17 06:29	2026-10-17 06:33:00	965	2	65061	55281
J0184	S0004	2026-10-28 06:33	2026-10-28 07:02:00	268	1	54201	55221
J1493	S0030	2026-11-06 04:23	2026-11-06 04:26:00	158A	1	90069	90069
J2327	S0047	2026-10-18 17:21	2026-10-18 18:43:00	985	1	43481	52081
J0661	S0014	2026-11-23 09:34	2026-11-23 09:58:00	182M	1	26211	26311
J1444	S0029	2026-10-31 05:43	2026-10-31 07:23:00	852	1	55209	42011
J0552	S0012	2026-11-27 18:11	2026-11-27 18:57:00	20	1	96449	96329
J1098	S0022	2026-11-07 12:03	2026-11-07 12:17:00	965	1	59279	59073
J2521	S0051	2026-11-12 19:51	2026-11-12 20:19:00	54	2	50041	53111
J0302	S0007	2026-10-31 12:41	2026-10-31 12:49:00	329	1	64471	64331
J1205	S0025	2026-10-21 00:44	2026-10-21 01:20:00	183B	1	28441	28189
J1865	S0038	2026-11-11 13:00	2026-11-11 13:04:00	61	1	82069	82221
J2251	S0046	2026-10-10 14:57	2026-10-10 15:42:00	151	2	71171	64231
J1000	S0020	2026-11-24 17:50	2026-11-24 17:53:00	458	2	67409	67409
J0109	S0003	2026-11-22 23:37	2026-11-22 23:58:00	247	1	26221	25609
J0013	S0001	2026-10-13 13:32	2026-10-13 13:46:00	88A	1	54659	54579
J0410	S0009	2026-10-12 15:24	2026-10-12 15:49:00	506	1	28281	43409
J2403	S0049	2026-11-17 16:05	2026-11-17 17:18:00	178	2	28281	43091
J0654	S0014	2026-10-16 10:34	2026-10-16 11:02:00	302	1	45439	45319
J1315	S0027	2026-11-21 06:11	2026-11-21 06:38:00	86	2	68021	67141
J0002	S0001	2026-11-14 05:00	2026-11-14 05:15:00	941	1	43361	43391
J2909	S0059	2026-10-29 18:15	2026-10-29 18:20:00	172	1	44099	44099
J1676	S0034	2026-10-12 08:01	2026-10-12 08:22:00	265	1	54239	56249
J2495	S0050	2026-11-14 08:24	2026-11-14 08:43:00	9A	1	84009	85051
J0182	S0004	2026-11-14 20:41	2026-11-14 22:13:00	315	1	66121	66359
J0946	S0019	2026-11-18 00:51	2026-11-18 01:39:00	502A	1	09169	03509
J0507	S0011	2026-11-25 20:13	2026-11-25 20:27:00	179A	1	27241	27261
J2213	S0045	2026-10-30 09:42	2026-10-30 10:09:00	181	2	27451	22449
J0591	S0012	2026-11-05 08:06	2026-11-05 08:17:00	105	2	66391	66389
J1208	S0025	2026-10-10 11:15	2026-10-10 11:17:00	182A	1	26259	26269
J0094	S0002	2026-11-13 11:33	2026-11-13 12:05:00	65	1	60099	08111
J2325	S0047	2026-11-21 08:50	2026-11-21 08:59:00	666	1	02169	02159
J1381	S0028	2026-10-30 08:58	2026-10-30 09:22:00	180A	1	44151	44259
J2288	S0046	2026-11-21 04:26	2026-11-21 04:33:00	852	2	59051	59009
J0197	S0004	2026-10-22 15:40	2026-10-22 15:50:00	88	1	52269	52009
J0674	S0014	2026-10-22 12:15	2026-10-22 12:25:00	92	1	12031	12199
J1909	S0039	2026-11-16 17:38	2026-11-16 17:54:00	183	1	28639	28009
J0965	S0020	2026-11-20 18:58	2026-11-20 19:04:00	163	2	67331	67261
J1404	S0029	2026-11-20 11:54	2026-11-20 12:21:00	976	2	45009	44831
J0767	S0016	2026-11-26 02:22	2026-11-26 02:25:00	147	2	11029	11029
J2794	S0056	2026-10-21 22:38	2026-10-21 23:34:00	63	2	70171	71091
J1893	S0038	2026-10-09 12:47	2026-10-09 13:02:00	665	1	46241	46641
J2084	S0042	2026-10-30 10:30	2026-10-30 12:45:00	151	2	12081	71069
J1487	S0030	2026-10-17 11:55	2026-10-17 12:07:00	63M	1	82069	82009
J1386	S0028	2026-10-12 02:53	2026-10-12 03:54:00	975	1	32121	34041
J1315	S0027	2026-11-21 05:32	2026-11-21 06:11:00	86B	1	55041	68021
J0439	S0009	2026-10-30 04:53	2026-10-30 06:58:00	105	2	28039	40211
J1783	S0036	2026-10-14 18:37	2026-10-14 19:06:00	188	2	43649	44469
J0971	S0020	2026-10-20 08:24	2026-10-20 08:29:00	291	1	76459	76189
J2647	S0053	2026-10-30 16:36	2026-10-30 16:48:00	13	2	54011	54051
J1444	S0029	2026-10-31 07:23	2026-10-31 09:10:00	74	1	42011	11379
J0978	S0020	2026-10-09 20:13	2026-10-09 20:17:00	180A	1	44161	44151
J2485	S0050	2026-11-06 04:13	2026-11-06 04:17:00	243W	1	27411	27401
J1816	S0037	2026-10-30 20:15	2026-10-30 20:20:00	72A	1	64559	64549
J2732	S0055	2026-11-14 16:20	2026-11-14 17:41:00	102	1	68209	67181
J0712	S0015	2026-10-25 22:52	2026-10-25 22:56:00	29	1	76199	76199
J1512	S0031	2026-10-23 17:44	2026-10-23 17:57:00	984	1	44251	44051
J2100	S0042	2026-11-03 07:06	2026-11-03 07:23:00	182A	1	25421	25441
J0084	S0002	2026-11-17 07:47	2026-11-17 08:08:00	190	1	04239	05019
J2812	S0057	2026-10-18 01:32	2026-10-18 02:09:00	35	1	96431	96479
J1456	S0030	2026-11-24 14:41	2026-11-24 14:58:00	654	1	03539	03218
J0909	S0019	2026-11-10 06:34	2026-11-10 06:58:00	100	1	14071	14131
J1284	S0026	2026-11-01 00:58	2026-11-01 02:21:00	137	1	71291	94041
J2744	S0055	2026-11-13 23:38	2026-11-14 01:10:00	16M	2	02049	93081
J1742	S0035	2026-11-17 23:11	2026-11-18 01:29:00	985	2	60161	44391
J1732	S0035	2026-11-22 07:25	2026-11-22 07:28:00	254	1	23371	24009
J2170	S0044	2026-11-18 04:13	2026-11-18 04:52:00	975B	1	31179	32151
J1509	S0031	2026-10-19 07:23	2026-10-19 07:48:00	990	1	28449	28639
J2236	S0045	2026-11-07 15:45	2026-11-07 16:01:00	63	1	80039	01229
J0695	S0014	2026-11-02 07:17	2026-11-02 07:47:00	154	2	17119	17181
J0069	S0002	2026-11-23 05:46	2026-11-23 06:08:00	173	2	43819	43249
J1384	S0028	2026-11-21 05:12	2026-11-21 05:55:00	143M	1	28431	20199
J0119	S0003	2026-11-14 14:27	2026-11-14 15:18:00	38	2	96299	76219
J0229	S0005	2026-10-11 14:00	2026-10-11 14:15:00	91	1	18059	11361
J0518	S0011	2026-11-19 05:27	2026-11-19 05:59:00	97e	1	43759	17139
J1181	S0024	2026-11-08 14:23	2026-11-08 14:32:00	190	2	44149	44281
J1429	S0029	2026-10-13 01:06	2026-10-13 01:14:00	54	1	10041	10499
J2550	S0051	2026-10-29 16:06	2026-10-29 16:31:00	855	2	53051	56021
J2247	S0045	2026-11-11 03:27	2026-11-11 04:04:00	147A	1	60209	07518
J0005	S0001	2026-11-27 22:06	2026-11-27 22:17:00	107	2	60201	61139
J0177	S0004	2026-11-06 16:10	2026-11-06 16:20:00	382	2	65339	65009
J2733	S0055	2026-10-09 05:39	2026-10-09 06:19:00	19	1	99029	76239
J2653	S0054	2026-10-13 01:26	2026-10-13 01:43:00	225G	1	84401	84651
J0695	S0014	2026-11-02 07:47	2026-11-02 08:42:00	185	2	17181	27451
J1244	S0025	2026-11-14 09:25	2026-11-14 09:29:00	457	1	70281	70281
J1976	S0040	2026-10-18 05:44	2026-10-18 06:22:00	660	1	64251	02049
J1045	S0021	2026-11-22 01:39	2026-11-22 01:43:00	961	1	01421	01341
J0959	S0020	2026-10-12 21:59	2026-10-12 22:45:00	192	2	25209	22529
J1400	S0028	2026-11-02 09:32	2026-11-02 09:37:00	41	1	28669	28639
J2047	S0041	2026-10-15 06:45	2026-10-15 06:55:00	831G	1	40509	40419
J1552	S0032	2026-11-14 23:31	2026-11-14 23:48:00	5A	1	96201	96161
J0731	S0015	2026-11-24 20:15	2026-11-24 20:35:00	70B	1	64119	63189
J1759	S0036	2026-10-27 05:17	2026-10-27 05:43:00	972A	1	44261	09047
J1446	S0029	2026-10-27 02:33	2026-10-27 03:37:00	20	1	96341	96131
J2722	S0055	2026-11-06 04:33	2026-11-06 04:39:00	137	1	94051	94009
J1296	S0026	2026-11-04 02:40	2026-11-04 03:14:00	34	1	65081	65639
J1012	S0021	2026-10-18 02:09	2026-10-18 04:54:00	197	2	28239	80051
J1626	S0033	2026-10-11 19:27	2026-10-11 19:45:00	41	1	42229	28699
J1477	S0030	2026-10-17 15:05	2026-10-17 16:48:00	30	1	16041	21571
J2880	S0058	2026-11-05 01:09	2026-11-05 01:24:00	329	1	64419	64521
J1130	S0023	2026-11-19 06:53	2026-11-19 07:04:00	883M	1	59159	59521
J2587	S0052	2026-11-08 10:05	2026-11-08 10:09:00	115	1	63221	63221
J1574	S0032	2026-11-27 02:15	2026-11-27 02:25:00	8	1	52501	52009
J0031	S0001	2026-11-14 01:42	2026-11-14 01:50:00	29A	1	76319	76231
J1919	S0039	2026-10-24 05:39	2026-10-24 05:44:00	14e	2	94041	94041
J2619	S0053	2026-10-23 00:19	2026-10-23 00:23:00	S41	2	76551	76281
J0824	S0017	2026-11-23 13:44	2026-11-23 15:44:00	78	1	29149	20169
J0979	S0020	2026-11-18 02:20	2026-11-18 03:51:00	67	2	84529	07361
J0635	S0013	2026-11-16 07:30	2026-11-16 07:42:00	663	2	03111	03071
J0053	S0002	2026-10-22 08:45	2026-10-22 09:36:00	647	2	20271	43589
J1570	S0032	2026-10-13 12:27	2026-10-13 12:34:00	900	1	46699	46009
J2400	S0048	2026-10-08 13:28	2026-10-08 13:41:00	807	1	59381	59072
J2607	S0053	2026-11-19 21:45	2026-11-19 22:07:00	241A	1	27141	22459
J2263	S0046	2026-10-17 18:19	2026-10-17 18:32:00	53M	1	63299	63269
J0631	S0013	2026-11-01 02:59	2026-11-01 03:23:00	62A	1	64371	63249
J0181	S0004	2026-10-27 07:36	2026-10-27 08:46:00	137	2	84351	71121
J1346	S0027	2026-10-31 22:21	2026-10-31 23:39:00	15	1	83101	75591
J2571	S0052	2026-11-09 01:51	2026-11-09 02:06:00	851e	1	40019	01139
J1165	S0024	2026-11-15 11:52	2026-11-15 12:07:00	10	1	93059	92139
J1637	S0033	2026-10-26 20:36	2026-10-26 21:03:00	974	1	22491	23051
J0423	S0009	2026-10-08 13:26	2026-10-08 13:28:00	181	1	40459	41009
J2141	S0043	2026-10-08 07:52	2026-10-08 08:03:00	913T	1	46071	46521
J1059	S0022	2026-10-18 01:32	2026-10-18 01:35:00	35	1	84039	84039
J1156	S0024	2026-11-10 22:28	2026-11-10 22:58:00	17A	1	84311	84271
J0615	S0013	2026-10-10 14:30	2026-10-10 15:01:00	160	1	44139	43453
J2391	S0048	2026-10-17 18:45	2026-10-17 18:55:00	153	1	63011	63031
J2632	S0053	2026-11-23 04:39	2026-11-23 05:37:00	518A	1	50069	02171
J1650	S0033	2026-10-28 08:32	2026-10-28 09:56:00	969	2	76529	47609
J0843	S0017	2026-11-19 09:28	2026-11-19 11:12:00	980	2	51051	57051
J1264	S0026	2026-10-13 07:05	2026-10-13 09:24:00	166	1	07539	17151
J1638	S0033	2026-11-01 14:58	2026-11-01 15:14:00	945	1	43589	43809
J2092	S0042	2026-11-23 15:39	2026-11-23 18:13:00	193	1	22361	25009
J0845	S0017	2026-11-22 08:04	2026-11-22 08:16:00	961M	1	60059	80009
J0228	S0005	2026-10-24 11:49	2026-10-24 12:16:00	33A	1	18109	10209
J0025	S0001	2026-10-17 03:03	2026-10-17 03:38:00	56	1	53279	52031
J0206	S0005	2026-10-18 12:06	2026-10-18 12:55:00	972A	1	45009	44691
J1425	S0029	2026-11-23 23:10	2026-11-23 23:23:00	882	1	58091	58069
J2361	S0048	2026-11-26 02:07	2026-11-26 02:09:00	225G	1	84651	84651
J2900	S0058	2026-10-11 09:22	2026-10-11 09:41:00	661	2	98091	78079
J0523	S0011	2026-11-26 09:43	2026-11-26 10:15:00	57	2	03223	01621
J0211	S0005	2026-11-01 04:16	2026-11-01 05:11:00	192	1	23379	25129
J2167	S0044	2026-11-03 06:13	2026-11-03 06:28:00	872A	1	28299	28341
J1349	S0027	2026-11-15 22:47	2026-11-15 22:59:00	74	2	64031	64049
J2181	S0044	2026-10-30 14:14	2026-10-30 15:05:00	235	1	52291	52209
J0146	S0003	2026-11-21 06:34	2026-11-21 06:42:00	54	2	53281	53271
J2279	S0046	2026-10-08 10:46	2026-10-08 11:06:00	882	1	58499	58009
J0471	S0010	2026-11-06 22:56	2026-11-06 23:19:00	46	1	75079	75131
J0298	S0006	2026-11-01 20:27	2026-11-01 20:29:00	94A	1	71099	71099
J2060	S0042	2026-11-26 13:27	2026-11-26 13:46:00	114	2	66559	67621
J0712	S0015	2026-10-25 22:56	2026-10-25 23:01:00	291	1	76199	75009
J0261	S0006	2026-11-27 12:03	2026-11-27 12:10:00	651	2	27411	27399
J1765	S0036	2026-10-28 07:39	2026-10-28 09:03:00	963	1	43161	15059
J0802	S0017	2026-11-18 17:22	2026-11-18 17:57:00	74	2	42019	53011
J2041	S0041	2026-11-01 17:48	2026-11-01 17:59:00	268B	1	54231	54261
J2631	S0053	2026-11-26 02:00	2026-11-26 02:02:00	811A	1	59119	59149
J0741	S0015	2026-11-18 22:46	2026-11-18 23:08:00	109	2	64499	63199
J1772	S0036	2026-11-24 03:14	2026-11-24 04:12:00	90	1	71041	52321
J1940	S0039	2026-11-04 22:07	2026-11-04 22:09:00	86	1	55049	55039
J1406	S0029	2026-11-19 18:45	2026-11-19 18:54:00	33B	1	82129	81189
J0342	S0007	2026-11-04 08:54	2026-11-04 11:41:00	21	2	52451	75051
J2293	S0046	2026-10-15 10:55	2026-10-15 11:00:00	856	1	58169	58149
J2544	S0051	2026-10-31 12:56	2026-10-31 13:03:00	10e	1	03019	03059
J0675	S0014	2026-11-09 04:12	2026-11-09 04:17:00	174	1	06029	10041
J0583	S0012	2026-10-26 02:56	2026-10-26 03:24:00	117A	1	59479	59729
J0705	S0015	2026-11-18 18:42	2026-11-18 18:56:00	109	2	63209	63369
J2284	S0046	2026-11-15 02:00	2026-11-15 03:27:00	16	1	92221	08031
J2168	S0044	2026-10-09 13:12	2026-10-09 14:46:00	168	1	84009	46639
J2546	S0051	2026-10-23 08:29	2026-10-23 08:47:00	114A	1	66601	66561
J0998	S0020	2026-10-25 00:15	2026-10-25 01:18:00	677	1	67371	03501
J0073	S0002	2026-10-16 18:05	2026-10-16 20:48:00	106	1	43629	03539
J2268	S0046	2026-10-26 03:50	2026-10-26 04:28:00	139	1	52401	50221
J2926	S0059	2026-11-03 06:00	2026-11-03 06:06:00	92B	1	15189	15189
J0399	S0008	2026-10-26 12:08	2026-10-26 12:19:00	12e	1	01541	04159
J0125	S0003	2026-11-12 15:16	2026-11-12 15:42:00	53	1	66059	53241
J1722	S0035	2026-11-06 23:19	2026-11-07 00:08:00	235	1	52339	52161
J1861	S0038	2026-11-10 12:41	2026-11-10 16:03:00	10	2	16069	93061
J1327	S0027	2026-11-11 07:20	2026-11-11 07:33:00	247	1	26429	25661
J1641	S0033	2026-10-31 10:02	2026-10-31 10:11:00	39B	1	77249	78049
J2490	S0050	2026-11-17 07:58	2026-11-17 08:19:00	382W	1	65489	65499
J2275	S0046	2026-10-12 07:45	2026-10-12 07:57:00	384	1	65661	65611
J2365	S0048	2026-11-24 13:27	2026-11-24 14:21:00	976	1	44141	44229
J2069	S0042	2026-10-18 05:20	2026-10-18 05:39:00	7	1	12041	17229
J2358	S0048	2026-11-12 06:22	2026-11-12 06:50:00	677	2	67379	65039
J2465	S0050	2026-11-09 15:31	2026-11-09 16:02:00	132	2	40211	53011
J0933	S0019	2026-11-14 09:47	2026-11-14 12:07:00	100	1	01429	11001
J2553	S0052	2026-10-11 04:03	2026-10-11 04:25:00	518A	1	40179	08057
J0578	S0012	2026-10-23 21:22	2026-10-23 23:49:00	193	1	22361	25429
J1079	S0022	2026-11-27 06:18	2026-11-27 06:23:00	105	2	11179	11179
J1894	S0038	2026-10-20 09:52	2026-10-20 10:53:00	855	1	56029	41119
J0531	S0011	2026-10-22 23:28	2026-10-22 23:37:00	860T	1	56081	57011
J2763	S0056	2026-10-25 12:13	2026-10-25 12:18:00	193	1	22459	22189
J2614	S0053	2026-10-10 00:05	2026-10-10 00:20:00	100A	1	70069	70049
J2475	S0050	2026-10-08 00:52	2026-10-08 01:28:00	50	1	67391	65231
J1480	S0030	2026-11-09 01:08	2026-11-09 01:12:00	673	1	02169	02141
J0116	S0003	2026-11-12 14:19	2026-11-12 14:24:00	44	2	65629	65639
J1167	S0024	2026-10-08 11:00	2026-10-08 11:25:00	655	1	20289	17029
J0129	S0003	2026-11-06 03:04	2026-11-06 03:09:00	913M	1	46189	46189
J2109	S0043	2026-11-27 03:40	2026-11-27 03:58:00	198	2	28271	28491
J1265	S0026	2026-11-13 19:54	2026-11-13 21:04:00	268	1	54271	54279
J2196	S0044	2026-10-16 09:38	2026-10-16 09:50:00	269	1	55119	54199
J0918	S0019	2026-10-26 10:25	2026-10-26 10:38:00	182M	1	25251	24509
J2220	S0045	2026-10-13 09:44	2026-10-13 10:51:00	963	2	17141	43061
J0385	S0008	2026-11-08 12:32	2026-11-08 14:01:00	99	2	22419	28069
J1592	S0032	2026-10-14 11:04	2026-10-14 11:08:00	73T	1	52501	52501
J2759	S0056	2026-10-15 06:31	2026-10-15 07:05:00	107M	2	62141	64521
J1024	S0021	2026-10-28 15:54	2026-10-28 15:57:00	225G	1	84651	84009
J0484	S0010	2026-10-24 02:55	2026-10-24 03:55:00	913M	1	46621	46189
J0826	S0017	2026-10-14 17:58	2026-10-14 18:06:00	86	1	54049	54241
J1805	S0037	2026-10-12 12:56	2026-10-12 16:26:00	81	1	78189	76249
J1333	S0027	2026-10-09 04:35	2026-10-09 07:07:00	137	1	80289	84039
J2209	S0045	2026-11-02 20:45	2026-11-02 21:35:00	50	1	67391	65301
J1129	S0023	2026-10-26 16:31	2026-10-26 16:53:00	120	1	11519	14189
J0997	S0020	2026-11-11 05:04	2026-11-11 05:08:00	455	1	45329	45299
J0654	S0014	2026-10-16 11:02	2026-10-16 11:14:00	302	1	45319	45239
J2797	S0056	2026-11-06 10:23	2026-11-06 10:48:00	682	2	50061	67541
J2015	S0041	2026-10-13 13:55	2026-10-13 14:14:00	292	1	76301	76339
J0081	S0002	2026-11-22 13:04	2026-11-22 13:13:00	668	2	55149	55139
J1775	S0036	2026-11-16 15:52	2026-11-16 16:38:00	854	2	63089	67079
J0360	S0008	2026-11-16 17:31	2026-11-16 18:05:00	157	1	52009	51079
J1834	S0037	2026-11-25 11:30	2026-11-25 12:05:00	652	2	54371	54191
J0472	S0010	2026-10-29 03:05	2026-10-29 03:11:00	650	1	02049	03019
J0716	S0015	2026-11-18 07:04	2026-11-18 07:18:00	139	1	50161	52451
J0716	S0015	2026-11-18 06:45	2026-11-18 07:04:00	130	1	51059	50161
J1423	S0029	2026-11-02 09:49	2026-11-02 10:31:00	92B	1	18241	15189
J1489	S0030	2026-10-20 23:55	2026-10-21 01:09:00	912	1	46629	46329
J0865	S0018	2026-10-12 13:39	2026-10-12 14:02:00	60	1	82061	72061
J0557	S0012	2026-11-26 11:58	2026-11-26 12:03:00	87	1	84009	84009
J1412	S0029	2026-10-31 10:02	2026-10-31 10:23:00	670	2	59109	59211
J0108	S0003	2026-10-10 17:09	2026-10-10 18:47:00	95	1	18309	16009
J0730	S0015	2026-10-10 20:19	2026-10-10 20:48:00	183	1	28709	28009
J1657	S0034	2026-10-11 16:29	2026-10-11 16:37:00	SWB	1	67708	67741
J1584	S0032	2026-10-25 17:27	2026-10-25 17:44:00	53A	1	98019	95011
J0869	S0018	2026-10-25 13:04	2026-10-25 16:23:00	145	2	11379	50189
J2708	S0055	2026-11-26 17:36	2026-11-26 17:45:00	317	1	63181	66139
J1862	S0038	2026-11-23 17:10	2026-11-23 17:55:00	853	1	59009	55209
J1685	S0034	2026-11-24 07:46	2026-11-24 08:05:00	222A	1	84009	84231
J2842	S0057	2026-10-26 12:58	2026-10-26 13:34:00	68	1	75361	77181
J1281	S0026	2026-11-09 02:53	2026-11-09 03:09:00	382	2	65489	65499
J0567	S0012	2026-10-27 03:14	2026-10-27 04:29:00	991	1	43341	44009
J2456	S0050	2026-10-11 16:38	2026-10-11 17:38:00	851	2	53161	59031
J1585	S0032	2026-11-21 08:17	2026-11-21 09:01:00	63M	1	71209	82221
J0804	S0017	2026-10-14 09:06	2026-10-14 10:41:00	70	1	63179	80169
J0287	S0006	2026-10-18 22:19	2026-10-18 22:50:00	974	1	22491	23041
J2056	S0042	2026-10-18 19:41	2026-10-18 21:02:00	858	1	59039	59061
J1790	S0036	2026-10-24 21:26	2026-10-24 21:30:00	131	1	14381	14381
J1725	S0035	2026-10-23 03:49	2026-10-23 04:03:00	170X	1	46041	46101
J0555	S0012	2026-11-07 18:41	2026-11-07 18:44:00	858A	1	59149	59073
J1507	S0031	2026-10-10 12:56	2026-10-10 13:01:00	284	1	17201	17201
J1910	S0039	2026-10-14 20:55	2026-10-14 21:10:00	168	2	84209	84651
J1864	S0038	2026-11-23 10:13	2026-11-23 10:43:00	18M	1	74951	84261
J2517	S0051	2026-10-16 20:15	2026-10-16 20:50:00	950	1	46509	46501
J0118	S0003	2026-11-22 09:32	2026-11-22 09:40:00	651	1	22239	22539
J0834	S0017	2026-10-11 20:54	2026-10-11 21:48:00	55	1	83109	94021
J0865	S0018	2026-10-12 14:02	2026-10-12 15:24:00	60	1	72061	83109
J1653	S0034	2026-11-27 22:12	2026-11-27 23:07:00	969	2	75009	59061
J1366	S0028	2026-11-09 11:13	2026-11-09 11:26:00	154	2	40249	41011
J2606	S0053	2026-11-22 13:40	2026-11-22 14:00:00	854e	1	63071	71061
J1806	S0037	2026-10-12 23:52	2026-10-13 00:10:00	136	1	65241	65009
J1128	S0023	2026-10-18 21:35	2026-10-18 21:51:00	240A	1	21581	21661
J0925	S0019	2026-10-11 00:40	2026-10-11 00:45:00	18	2	76441	76441
J1369	S0028	2026-11-05 05:42	2026-11-05 05:51:00	962	1	47579	47589
J2398	S0048	2026-11-20 07:04	2026-11-20 07:44:00	147A	1	07329	05049
J0379	S0008	2026-10-31 18:58	2026-10-31 19:03:00	33B	1	81179	81179
J1370	S0028	2026-11-14 00:30	2026-11-14 02:00:00	156	1	63009	53231
J2694	S0054	2026-10-27 06:01	2026-10-27 06:10:00	258M	1	23011	23031
J0864	S0018	2026-10-18 17:12	2026-10-18 17:20:00	904	1	47659	47591
J1999	S0040	2026-11-17 13:30	2026-11-17 13:33:00	97e	2	40459	41009
J2353	S0048	2026-10-16 07:54	2026-10-16 08:08:00	243W	1	27389	22449
J1298	S0026	2026-10-16 08:38	2026-10-16 11:00:00	167	2	51011	58031
J1817	S0037	2026-11-07 02:05	2026-11-07 02:26:00	975B	1	32151	33021
J2723	S0055	2026-11-18 04:06	2026-11-18 04:39:00	382G	1	65541	65009
J1308	S0027	2026-11-04 17:40	2026-11-04 18:10:00	831W	1	41009	43751
J1652	S0034	2026-11-20 15:55	2026-11-20 16:31:00	317	1	66291	63189
J2811	S0057	2026-11-22 09:10	2026-11-22 09:18:00	94	1	82069	82009
J2663	S0054	2026-11-17 11:14	2026-11-17 11:22:00	SWA	1	67291	67009
J0202	S0005	2026-11-27 20:32	2026-11-27 20:41:00	670	1	59131	59311
J0622	S0013	2026-11-03 12:22	2026-11-03 12:39:00	853	1	62139	61039
J2678	S0054	2026-10-24 12:57	2026-10-24 13:33:00	262	1	54061	54331
J0222	S0005	2026-11-15 20:46	2026-11-15 21:09:00	188	1	14189	14009
J2417	S0049	2026-10-14 12:21	2026-10-14 12:36:00	382	1	65441	65351
J0500	S0010	2026-10-24 23:33	2026-10-24 23:50:00	811	1	59221	57119
J1519	S0031	2026-11-01 05:33	2026-11-01 06:20:00	70M	1	63191	67029
J0711	S0015	2026-10-21 21:54	2026-10-21 22:21:00	975C	1	32141	33041
J2386	S0048	2026-10-16 12:50	2026-10-16 12:56:00	123	2	10651	10009
J0696	S0014	2026-11-15 03:03	2026-11-15 03:33:00	925	2	45131	47009
J1944	S0039	2026-11-12 23:39	2026-11-12 23:42:00	39A	1	65141	65141
J2819	S0057	2026-11-15 20:48	2026-11-15 22:04:00	143	1	16031	20161
J0564	S0012	2026-11-06 09:34	2026-11-06 09:44:00	648	2	04121	08031
J2402	S0049	2026-11-20 19:05	2026-11-20 19:07:00	804	1	59073	59009
J1880	S0038	2026-11-14 03:40	2026-11-14 03:42:00	666	1	65331	65431
J2163	S0044	2026-10-24 23:45	2026-10-24 23:58:00	665	1	03059	03218
J1757	S0036	2026-10-14 19:57	2026-10-14 20:43:00	301	1	44009	44591
J0399	S0008	2026-10-26 12:03	2026-10-26 12:08:00	S42	2	01541	01541
J0677	S0014	2026-10-25 18:11	2026-10-25 18:21:00	382A	1	65541	65531
J1343	S0027	2026-10-12 11:22	2026-10-12 11:26:00	962C	1	47541	47541
J1727	S0035	2026-10-27 14:15	2026-10-27 15:24:00	410G	1	53279	53379
J2148	S0043	2026-11-24 02:36	2026-11-24 03:17:00	925	1	46549	49101
J0981	S0020	2026-10-30 07:25	2026-10-30 09:10:00	970	1	42059	10269
J1387	S0028	2026-10-22 01:17	2026-10-22 02:22:00	649	1	44509	03111
J0214	S0005	2026-11-14 00:08	2026-11-14 00:25:00	660M	2	64091	66609
J1191	S0024	2026-10-14 05:32	2026-10-14 05:53:00	39	1	77231	65229
J1673	S0034	2026-11-08 11:30	2026-11-08 11:41:00	26	1	52089	52321
J2355	S0048	2026-11-09 13:30	2026-11-09 13:58:00	36A	1	08031	09191
J2414	S0049	2026-10-21 08:05	2026-10-21 08:17:00	28	2	62089	62069
J0887	S0018	2026-11-20 05:41	2026-11-20 05:49:00	179B	1	27311	27061
J0424	S0009	2026-10-11 20:01	2026-10-11 20:17:00	179B	1	27221	27251
J0463	S0010	2026-11-14 12:00	2026-11-14 12:02:00	159	1	52501	52009
J0341	S0007	2026-10-25 05:00	2026-10-25 05:04:00	43	1	93011	93021
J1807	S0037	2026-10-18 21:24	2026-10-18 22:06:00	163	2	67011	67331
J1498	S0030	2026-11-09 04:32	2026-11-09 05:17:00	32	2	93051	84021
J2452	S0050	2026-11-02 00:24	2026-11-02 02:51:00	31	1	96019	60181
J0080	S0002	2026-10-19 16:24	2026-10-19 16:29:00	974	1	22469	22479
J2324	S0047	2026-11-27 02:36	2026-11-27 04:00:00	86	1	68119	54039
J1616	S0033	2026-11-10 16:10	2026-11-10 16:22:00	649	2	44459	44491
J2639	S0053	2026-10-19 09:19	2026-10-19 10:31:00	502A	1	22451	08069
J1443	S0029	2026-10-24 21:14	2026-10-24 23:03:00	65	1	70241	13059
J1642	S0033	2026-10-12 05:32	2026-10-12 06:16:00	454	1	75179	75559
J2638	S0053	2026-11-13 19:14	2026-11-13 21:30:00	59	2	98139	52151
J1684	S0034	2026-11-03 12:07	2026-11-03 12:20:00	168A	1	75289	76549
J0297	S0006	2026-11-10 21:06	2026-11-10 21:18:00	253	1	23479	24009
J1688	S0034	2026-11-21 06:57	2026-11-21 07:12:00	170	1	40051	40091
J2910	S0059	2026-11-22 23:56	2026-11-23 00:10:00	502A	1	27359	27379
J1968	S0040	2026-10-19 03:56	2026-10-19 04:53:00	118	1	65141	96289
J0787	S0016	2026-11-16 15:08	2026-11-16 15:36:00	130	2	50249	50169
J2441	S0049	2026-11-25 07:11	2026-11-25 09:06:00	31	2	80051	96111
J0563	S0012	2026-10-24 03:55	2026-10-24 04:09:00	980	2	58299	58159
J2444	S0049	2026-11-07 06:07	2026-11-07 06:11:00	453	1	40401	40389
J0786	S0016	2026-10-15 19:41	2026-10-15 19:54:00	656	2	58349	58409
J2840	S0057	2026-10-29 07:44	2026-10-29 07:53:00	129B	1	62099	62089
J2317	S0047	2026-11-26 17:45	2026-11-26 17:49:00	254	1	23371	24009
J0143	S0003	2026-10-28 11:53	2026-10-28 11:59:00	991A	1	43331	43331
J0191	S0004	2026-11-24 00:26	2026-11-24 00:54:00	222	1	84039	84011
J1631	S0033	2026-11-01 00:50	2026-11-01 01:21:00	197	2	01211	81149
J0548	S0011	2026-10-09 01:11	2026-10-09 01:15:00	30	2	84011	84009
J2834	S0057	2026-10-24 00:16	2026-10-24 01:53:00	123	2	04321	11019
J1161	S0024	2026-10-27 08:28	2026-10-27 10:55:00	167	1	53049	10071
J1665	S0034	2026-10-10 08:43	2026-10-10 09:01:00	257	1	23231	23361
J1604	S0033	2026-10-13 13:41	2026-10-13 13:46:00	190A	1	09219	09047
J0489	S0010	2026-11-11 05:46	2026-11-11 05:57:00	903M	1	46171	46309
J1021	S0021	2026-11-03 14:22	2026-11-03 15:16:00	52	2	12061	53021
J1073	S0022	2026-11-03 22:26	2026-11-04 00:48:00	162	1	53059	55509
J0450	S0009	2026-10-15 22:56	2026-10-15 23:35:00	127	1	75391	76521
J2436	S0049	2026-11-07 11:01	2026-11-07 11:42:00	3A	1	76161	78111
J2480	S0050	2026-11-22 10:36	2026-11-22 11:20:00	52	1	17161	28639
J2223	S0045	2026-11-02 04:57	2026-11-02 05:18:00	88	1	53231	52279
J2732	S0055	2026-11-14 15:49	2026-11-14 16:20:00	102	1	68019	68209
J2421	S0049	2026-10-09 20:16	2026-10-09 23:06:00	47	1	96389	84109
J2676	S0054	2026-11-05 01:15	2026-11-05 01:22:00	181	1	40459	41009
J2715	S0055	2026-10-18 16:01	2026-10-18 16:38:00	656	2	03241	08031
J1659	S0034	2026-11-16 03:15	2026-11-16 03:27:00	372	1	67341	65031
J1009	S0021	2026-10-26 21:35	2026-10-26 22:10:00	242	1	22341	22419
J0597	S0012	2026-10-22 16:31	2026-10-22 17:19:00	174e	2	42171	21369
J0460	S0010	2026-11-14 10:26	2026-11-14 10:45:00	104	2	67621	67419
J0374	S0008	2026-10-09 15:28	2026-10-09 17:15:00	169	2	57041	46719
J1548	S0031	2026-11-24 03:48	2026-11-24 05:35:00	123	2	10169	11049
J2607	S0053	2026-11-19 22:07	2026-11-19 22:22:00	185	2	22459	22199
J1612	S0033	2026-10-31 17:29	2026-10-31 17:35:00	902	1	46009	46269
J0889	S0018	2026-10-29 08:53	2026-10-29 09:53:00	58B	1	77261	71089
J0116	S0003	2026-11-12 14:09	2026-11-12 14:19:00	44	2	65609	65629
J0478	S0010	2026-10-16 14:27	2026-10-16 15:33:00	139	1	52009	07329
J2817	S0057	2026-11-09 16:42	2026-11-09 17:07:00	163B	1	67019	55029
J1678	S0034	2026-11-26 01:00	2026-11-26 04:20:00	178	1	45109	21271
J1839	S0037	2026-10-14 01:01	2026-10-14 03:24:00	28	1	75349	52279
J1067	S0022	2026-10-25 01:28	2026-10-25 03:44:00	120	1	11539	10079
J1312	S0027	2026-11-16 11:06	2026-11-16 11:57:00	229	1	84129	84111
J2430	S0049	2026-10-26 21:53	2026-10-26 22:18:00	172	2	45451	44009
J1453	S0030	2026-11-04 03:38	2026-11-04 03:52:00	170	2	40279	01109
J2636	S0053	2026-10-10 21:15	2026-10-10 21:17:00	16M	1	92171	92171
J0689	S0014	2026-11-20 01:17	2026-11-20 01:48:00	62A	1	65201	67519
J0914	S0019	2026-11-15 06:08	2026-11-15 06:10:00	142	1	61101	61101
J2001	S0041	2026-10-09 13:39	2026-10-09 13:56:00	684	1	43551	40349
J2643	S0053	2026-11-15 22:59	2026-11-15 23:09:00	49	1	28099	28401
J1500	S0030	2026-11-19 06:58	2026-11-19 08:09:00	137	2	84041	71121
J0582	S0012	2026-11-18 18:45	2026-11-18 18:49:00	258	1	23031	23031
J2049	S0041	2026-11-01 10:28	2026-11-01 11:18:00	912	1	46509	46329
J1653	S0034	2026-11-27 20:52	2026-11-27 22:09:00	72	1	64131	75121
J2215	S0045	2026-11-13 23:34	2026-11-13 23:59:00	254	1	24671	23371
J0495	S0010	2026-11-09 18:39	2026-11-09 19:38:00	647	1	43831	03031
J0452	S0010	2026-11-18 05:37	2026-11-18 06:32:00	107	2	60161	63349
J1044	S0021	2026-11-06 21:33	2026-11-06 21:42:00	30e	2	14129	91081
J0956	S0020	2026-11-27 15:13	2026-11-27 15:35:00	34	1	76051	75291
J0510	S0011	2026-10-08 03:44	2026-10-08 04:03:00	299	1	76289	76051
J2235	S0045	2026-11-01 15:30	2026-11-01 15:36:00	249A	1	21309	22079
J1401	S0029	2026-10-08 17:16	2026-10-08 17:19:00	683	1	50061	50061
J1418	S0029	2026-10-31 05:14	2026-10-31 05:21:00	654	2	67159	67139
J1794	S0036	2026-11-07 17:21	2026-11-07 17:30:00	268A	1	54189	54221
J1213	S0025	2026-10-10 08:30	2026-10-10 08:33:00	159B	1	54341	54341
J0334	S0007	2026-10-28 19:53	2026-10-28 19:59:00	163	2	55051	55051
J2938	S0059	2026-10-25 04:15	2026-10-25 04:18:00	93	1	82221	82009
J2270	S0046	2026-11-12 23:45	2026-11-13 00:50:00	11	1	80191	80049
J1948	S0039	2026-11-12 23:10	2026-11-12 23:44:00	518A	1	78031	40189
J1333	S0027	2026-10-09 03:37	2026-10-09 04:24:00	134	1	92049	81209
J0760	S0016	2026-10-15 13:57	2026-10-15 14:27:00	84G	1	65691	65009
J2265	S0046	2026-10-15 19:15	2026-10-15 19:21:00	984	2	44649	44259
J0159	S0004	2026-10-13 22:33	2026-10-13 22:43:00	33B	1	81199	81189
J2696	S0054	2026-10-14 23:38	2026-10-15 01:47:00	970	1	11319	03218
J2426	S0049	2026-10-27 09:45	2026-10-27 11:27:00	325	1	63359	63061
J2356	S0048	2026-10-28 17:28	2026-10-28 17:32:00	255	1	24009	24009
J1091	S0022	2026-11-12 20:37	2026-11-12 21:00:00	870	2	28629	29009
J2788	S0056	2026-10-27 16:58	2026-10-27 19:04:00	193	1	22189	25459
J0137	S0003	2026-11-24 15:39	2026-11-24 15:44:00	178	1	21011	21011
J2942	S0059	2026-11-24 04:04	2026-11-24 05:03:00	975B	1	31199	33011
J0937	S0019	2026-10-10 18:37	2026-10-10 18:52:00	900	1	58469	46699
J1807	S0037	2026-10-18 20:52	2026-10-18 21:24:00	70	1	55311	67011
J1328	S0027	2026-10-23 04:19	2026-10-23 05:00:00	196	1	03059	10501
J1664	S0034	2026-11-08 17:25	2026-11-08 17:38:00	15	1	84489	75241
J0118	S0003	2026-11-22 09:40	2026-11-22 10:33:00	192	1	22539	25189
J2731	S0055	2026-11-21 20:37	2026-11-21 21:07:00	79T	1	21141	21539
J2121	S0043	2026-10-15 13:20	2026-10-15 13:38:00	372	1	67381	67759
J2500	S0050	2026-10-15 21:47	2026-10-15 21:50:00	84W	1	65229	65009
J2139	S0043	2026-11-26 19:19	2026-11-26 19:48:00	851	2	05012	07551
J1057	S0022	2026-11-15 17:13	2026-11-15 17:24:00	88	2	54011	54271
J1903	S0039	2026-10-15 02:27	2026-10-15 02:45:00	853	1	59019	55179
J1324	S0027	2026-10-11 07:15	2026-10-11 07:29:00	222	1	84579	84021
J0468	S0010	2026-11-12 07:15	2026-11-12 07:22:00	962B	1	58361	58351
J0632	S0013	2026-11-18 06:05	2026-11-18 06:24:00	5	2	96051	98281
J2081	S0042	2026-10-30 16:25	2026-10-30 17:42:00	18	1	75279	84209
J2506	S0051	2026-11-27 00:42	2026-11-27 01:30:00	41	1	28671	42159
J2118	S0043	2026-11-07 03:14	2026-11-07 03:23:00	980	2	58119	58009
J2804	S0057	2026-10-18 22:14	2026-10-18 22:25:00	196	1	17141	17009
J0505	S0011	2026-10-11 21:27	2026-10-11 21:29:00	991	1	44881	44881
J0945	S0019	2026-11-01 17:58	2026-11-01 18:02:00	941	1	43391	43411
J1455	S0030	2026-11-09 07:57	2026-11-09 08:07:00	89e	2	67181	67211
J0339	S0007	2026-11-10 05:08	2026-11-10 10:15:00	53	1	66359	53241
J1576	S0032	2026-11-16 23:25	2026-11-17 00:12:00	853	2	60229	62121
J2795	S0056	2026-10-28 21:46	2026-10-28 22:45:00	851e	2	05012	54051
J1994	S0040	2026-10-12 05:21	2026-10-12 05:47:00	6	1	98109	98141
J2657	S0054	2026-10-30 00:25	2026-10-30 00:37:00	12e	1	05069	10499
J1420	S0029	2026-11-03 12:29	2026-11-03 12:55:00	197	2	93011	84159
J1163	S0024	2026-11-11 04:48	2026-11-11 05:17:00	963	2	44201	46541
J1520	S0031	2026-11-02 23:31	2026-11-02 23:35:00	49	1	28009	28009
J0407	S0009	2026-10-17 11:15	2026-10-17 12:13:00	57	1	03059	14161
J2762	S0056	2026-10-30 01:35	2026-10-30 02:00:00	52	1	12079	17161
J0996	S0020	2026-10-19 15:20	2026-10-19 15:47:00	100	1	15041	11031
J1082	S0022	2026-10-18 22:48	2026-10-18 23:00:00	33	1	16159	16009
J2099	S0042	2026-11-16 22:44	2026-11-16 22:52:00	683	2	65099	65271
J2522	S0051	2026-10-23 20:55	2026-10-23 22:27:00	185	1	27469	11189
J1129	S0023	2026-10-26 17:02	2026-10-26 17:06:00	188	1	14169	14159
J2677	S0054	2026-11-14 13:23	2026-11-14 13:53:00	668	1	54259	54291
J1019	S0021	2026-11-04 20:39	2026-11-04 20:42:00	16	1	10009	10009
J2460	S0050	2026-11-01 16:25	2026-11-01 18:24:00	961M	1	41119	01611
J1795	S0036	2026-10-18 06:10	2026-10-18 06:56:00	187	2	43839	44231
J2012	S0041	2026-11-23 20:58	2026-11-23 21:05:00	34A	1	65089	65079
J0818	S0017	2026-10-17 07:52	2026-10-17 08:00:00	676	2	64249	64311
J0784	S0016	2026-11-03 00:17	2026-11-03 00:30:00	102	1	67181	67601
J1243	S0025	2026-11-01 21:04	2026-11-01 21:17:00	856C	1	47041	47061
J1319	S0027	2026-10-12 13:05	2026-10-12 15:40:00	502	1	28641	22481
J0588	S0012	2026-11-05 14:15	2026-11-05 14:32:00	87	1	62241	72059
J1754	S0036	2026-10-16 19:13	2026-10-16 19:26:00	911	1	46429	46008
J2451	S0050	2026-11-04 04:22	2026-11-04 04:31:00	89e	1	65061	98121
J0208	S0005	2026-11-01 15:17	2026-11-01 16:05:00	59	2	72051	52039
J1780	S0036	2026-11-03 06:13	2026-11-03 07:42:00	58	2	72051	66099
J2547	S0051	2026-11-02 20:07	2026-11-02 20:37:00	972M	1	44619	44649
J1928	S0039	2026-10-13 03:36	2026-10-13 03:50:00	676	2	64321	64401
J0520	S0011	2026-11-15 20:49	2026-11-15 21:11:00	96B	1	16179	17151
J0657	S0014	2026-11-25 04:49	2026-11-25 06:06:00	854	1	59009	67041
J0080	S0002	2026-10-19 15:51	2026-10-19 16:19:00	241A	1	27131	22459
J1489	S0030	2026-10-21 01:09	2026-10-21 01:12:00	912	1	46329	46009
J1266	S0026	2026-11-17 03:12	2026-11-17 03:22:00	261	1	54269	54009
J0926	S0019	2026-10-09 20:51	2026-10-09 20:59:00	168A	1	75279	76191
J2821	S0057	2026-11-06 03:26	2026-11-06 03:51:00	141	1	50031	51051
J0851	S0018	2026-10-14 21:52	2026-10-14 22:18:00	125A	1	81081	70349
J2398	S0048	2026-11-20 05:35	2026-11-20 06:19:00	15A	1	75589	75259
J0754	S0016	2026-11-11 05:54	2026-11-11 06:22:00	66	1	28299	28439
J1962	S0040	2026-10-29 03:30	2026-10-29 04:34:00	657	1	28529	03391
J0868	S0018	2026-10-12 11:12	2026-10-12 11:48:00	857B	1	07319	02161
J0748	S0015	2026-11-19 04:35	2026-11-19 05:53:00	118	1	65009	96109
J2526	S0051	2026-10-20 15:04	2026-10-20 17:13:00	852	1	55179	42041
J0816	S0017	2026-11-10 16:18	2026-11-10 16:52:00	93	2	41109	11029
J1595	S0032	2026-11-23 00:05	2026-11-23 00:56:00	123	1	08137	14039
J0038	S0001	2026-11-11 18:52	2026-11-11 19:26:00	961M	2	42061	43051
J0963	S0020	2026-11-17 22:27	2026-11-18 01:01:00	853	2	60159	59009
J0458	S0010	2026-10-20 21:12	2026-10-20 21:45:00	185	1	17179	11189
J1355	S0028	2026-11-01 10:45	2026-11-01 11:38:00	172	1	30089	31019
J1898	S0038	2026-10-11 19:17	2026-10-11 20:10:00	190	1	44141	09219
J2367	S0048	2026-11-26 15:49	2026-11-26 16:24:00	36	1	08069	92061
J1237	S0025	2026-11-23 05:43	2026-11-23 05:51:00	83	1	67419	65061
J0436	S0009	2026-10-17 22:14	2026-10-17 22:28:00	182M	1	26441	26311
J0735	S0015	2026-11-05 01:10	2026-11-05 01:33:00	138	1	48101	56069
J0631	S0013	2026-11-01 03:23	2026-11-01 04:09:00	72	1	63249	73021
J0592	S0012	2026-11-03 13:22	2026-11-03 13:26:00	461	1	59779	59041
J2758	S0056	2026-11-25 07:11	2026-11-25 07:21:00	650	1	59461	59761
J0518	S0011	2026-11-19 03:26	2026-11-19 05:27:00	160	1	47711	43759
J2238	S0045	2026-11-23 15:37	2026-11-23 15:42:00	190	2	44391	44009
J2892	S0058	2026-11-06 01:30	2026-11-06 02:32:00	964	1	46801	46809
J0999	S0020	2026-10-10 07:26	2026-10-10 07:40:00	861B	1	59601	59821
J1326	S0027	2026-11-08 09:45	2026-11-08 10:18:00	969	2	59061	47609
J0817	S0017	2026-11-18 03:45	2026-11-18 03:47:00	8	1	75009	75009
J0296	S0006	2026-11-16 00:50	2026-11-16 01:48:00	94	1	71191	82009
J1137	S0023	2026-11-04 02:46	2026-11-04 02:49:00	856	2	58019	57139
J2147	S0043	2026-11-26 00:03	2026-11-26 00:05:00	10	1	16009	16009
J2491	S0050	2026-11-22 00:53	2026-11-22 03:33:00	858	1	59029	46469
J0648	S0013	2026-10-19 07:30	2026-10-19 07:44:00	298	1	76049	76141
J0106	S0003	2026-11-27 18:14	2026-11-27 19:11:00	672	1	64561	02169
J1403	S0029	2026-11-11 22:15	2026-11-11 22:18:00	178	2	46299	46009
J0601	S0013	2026-10-27 01:53	2026-10-27 02:07:00	247	1	25621	26419
J0978	S0020	2026-10-09 19:19	2026-10-09 19:53:00	453	1	40441	43751
J1219	S0025	2026-11-08 11:00	2026-11-08 11:04:00	911A	1	46559	46569
J0052	S0002	2026-11-14 00:19	2026-11-14 00:29:00	186	1	41019	40231
J0540	S0011	2026-11-14 05:18	2026-11-14 05:58:00	7A	1	83029	81161
J0450	S0009	2026-10-15 22:30	2026-10-15 22:56:00	127	1	75271	75391
J1154	S0024	2026-10-24 18:45	2026-10-24 19:35:00	246	1	21239	21491
J0866	S0018	2026-11-21 09:02	2026-11-21 11:47:00	109	2	98101	66389
J0747	S0015	2026-11-22 16:00	2026-11-22 16:38:00	8	2	84499	75221
J2592	S0052	2026-11-13 15:27	2026-11-13 15:59:00	130	2	50169	53181
J0737	S0015	2026-11-20 17:47	2026-11-20 18:52:00	136	2	65281	64049
J2140	S0043	2026-11-02 23:41	2026-11-02 23:43:00	89e	1	98061	98061
J2416	S0049	2026-11-11 12:22	2026-11-11 12:30:00	181A	1	22591	27371
J1713	S0035	2026-11-24 12:59	2026-11-24 13:14:00	963e	1	44209	43268
J1287	S0026	2026-10-10 00:17	2026-10-10 00:22:00	681	1	40181	40181
J0954	S0020	2026-10-16 05:13	2026-10-16 05:16:00	901M	1	46009	46009
J1885	S0038	2026-10-10 22:37	2026-10-10 22:52:00	269	1	55119	54231
J1541	S0031	2026-10-18 07:49	2026-10-18 08:29:00	147A	1	64051	63219
J2385	S0048	2026-11-17 09:33	2026-11-17 11:18:00	156	2	17009	40231
J1216	S0025	2026-10-31 19:45	2026-10-31 21:01:00	912	1	46759	46088
J1391	S0028	2026-10-20 23:37	2026-10-20 23:53:00	970	1	05319	03239
J0488	S0010	2026-11-03 14:05	2026-11-03 14:10:00	79	1	28439	28211
J0981	S0020	2026-10-30 09:24	2026-10-30 10:00:00	5	2	10149	40181
J0469	S0010	2026-11-02 02:54	2026-11-02 03:38:00	85A	1	59039	67541
J2626	S0053	2026-10-27 11:08	2026-10-27 11:16:00	804	1	59389	59399
J0357	S0008	2026-11-08 22:07	2026-11-08 22:16:00	14	1	11519	18041
J0282	S0006	2026-11-11 10:27	2026-11-11 10:29:00	118A	1	65199	65199
J1211	S0025	2026-10-22 00:14	2026-10-22 00:32:00	18A	1	76549	76349
J0973	S0020	2026-10-09 15:32	2026-10-09 15:36:00	117A	1	59509	59509
J2711	S0055	2026-10-24 12:19	2026-10-24 14:06:00	123	2	10361	11069
J0195	S0004	2026-11-18 20:35	2026-11-18 20:56:00	970	1	11319	11409
J0361	S0008	2026-11-19 13:55	2026-11-19 14:51:00	123	1	10659	11219
J0948	S0019	2026-11-20 04:00	2026-11-20 04:26:00	190A	1	44231	40209
J2797	S0056	2026-11-06 10:48	2026-11-06 11:27:00	85	2	67541	65521
J0642	S0013	2026-11-25 04:13	2026-11-25 05:09:00	182M	1	26249	26211
J0904	S0019	2026-11-24 17:24	2026-11-24 17:40:00	983M	1	44129	44969
J1245	S0025	2026-11-10 10:05	2026-11-10 15:05:00	975	1	44281	44279
J1130	S0023	2026-11-19 06:08	2026-11-19 06:53:00	883M	1	58051	59159
J1797	S0036	2026-11-11 22:01	2026-11-11 22:04:00	172	2	44071	45451
J0110	S0003	2026-11-18 06:06	2026-11-18 06:08:00	182A	1	26259	26269
J0649	S0013	2026-10-09 19:01	2026-10-09 19:57:00	118A	1	75299	96119
J1054	S0022	2026-11-04 04:08	2026-11-04 05:10:00	167	2	56011	57081
J0865	S0018	2026-10-12 15:24	2026-10-12 15:47:00	25	1	83109	84011
J1912	S0039	2026-11-16 02:22	2026-11-16 02:49:00	648	1	46439	47499
J0848	S0017	2026-11-25 00:22	2026-11-25 03:37:00	174	1	21421	05131
J0275	S0006	2026-10-08 22:01	2026-10-08 22:06:00	112B	1	64319	64309
J2750	S0055	2026-10-10 07:51	2026-10-10 07:56:00	172	2	44101	44119
J2920	S0059	2026-10-22 21:14	2026-10-22 22:23:00	853	2	61041	54051
J0342	S0007	2026-11-04 07:50	2026-11-04 08:54:00	129	1	62091	52451
J0114	S0003	2026-10-15 05:52	2026-10-15 07:23:00	43e	2	82081	67599
J2622	S0053	2026-11-23 17:31	2026-11-23 19:29:00	159	1	64621	52361
J1069	S0022	2026-11-06 15:47	2026-11-06 16:27:00	410G	1	53041	53329
J2764	S0056	2026-11-19 18:07	2026-11-19 19:37:00	28	1	83099	62081
J0263	S0006	2026-11-15 08:17	2026-11-15 10:50:00	974	1	24009	27109
J1916	S0039	2026-10-22 23:44	2026-10-22 23:46:00	117	1	58251	58009
J1681	S0034	2026-11-01 16:19	2026-11-01 17:21:00	139	1	07329	10241
J2400	S0048	2026-10-08 13:41	2026-10-08 13:45:00	800	1	59072	59009
J2791	S0056	2026-10-12 18:05	2026-10-12 18:09:00	991B	1	44889	44889
J1359	S0028	2026-11-15 02:27	2026-11-15 02:33:00	96B	1	17151	17161
J2827	S0057	2026-11-20 06:09	2026-11-20 06:34:00	30	2	82033	84011
J1587	S0032	2026-11-12 05:33	2026-11-12 05:49:00	861	1	58059	58009
J1953	S0040	2026-10-14 05:16	2026-10-14 05:18:00	991A	1	43341	43341
J0561	S0012	2026-11-26 09:24	2026-11-26 09:39:00	674	1	03241	03391
J1529	S0031	2026-10-11 23:56	2026-10-12 01:13:00	84W	1	65009	65009
J1802	S0037	2026-10-17 02:32	2026-10-17 02:56:00	683	2	65321	65271
J1144	S0023	2026-10-28 21:59	2026-10-28 22:45:00	117M	1	68091	68171
J2891	S0058	2026-10-29 23:03	2026-10-29 23:12:00	291	1	75131	75121
J1185	S0024	2026-11-22 20:11	2026-11-22 20:20:00	5A	1	96059	96201
J2565	S0052	2026-10-24 19:04	2026-10-24 19:18:00	5	1	13119	06051
J1254	S0026	2026-10-14 01:30	2026-10-14 01:34:00	966	1	46531	46541
J2013	S0041	2026-10-28 00:40	2026-10-28 02:32:00	12	1	84141	01129
J2209	S0045	2026-11-02 19:45	2026-11-02 19:47:00	372	1	67361	67361
J2814	S0057	2026-10-19 12:27	2026-10-19 12:46:00	86	2	67231	67759
J2194	S0044	2026-10-19 19:44	2026-10-19 20:52:00	159	1	66459	52069
J2498	S0050	2026-11-07 10:20	2026-11-07 10:27:00	127	1	75279	76521
J2659	S0054	2026-10-23 15:26	2026-10-23 15:48:00	163	1	53099	53059
J1741	S0035	2026-10-23 00:14	2026-10-23 00:30:00	358	1	78081	78159
J2520	S0051	2026-10-13 06:09	2026-10-13 06:20:00	36	1	09037	08069
J2522	S0051	2026-10-23 20:17	2026-10-23 20:55:00	651	2	22531	27469
J0100	S0002	2026-11-05 02:15	2026-11-05 02:21:00	7	1	08121	09059
J1075	S0022	2026-11-22 09:29	2026-11-22 09:51:00	135	1	54009	66031
J0522	S0011	2026-10-31 03:26	2026-10-31 03:36:00	299	1	75579	74009
J0936	S0019	2026-11-02 08:51	2026-11-02 09:09:00	964	1	46891	46931
J1709	S0035	2026-11-17 07:27	2026-11-17 07:40:00	154A	1	21751	21661
J0546	S0011	2026-10-18 17:09	2026-10-18 17:27:00	43	2	67419	65401
J1753	S0036	2026-11-23 14:50	2026-11-23 15:11:00	33B	1	82179	81199
J2823	S0057	2026-11-13 18:40	2026-11-13 18:52:00	158A	1	80141	80071
J1867	S0038	2026-10-15 23:27	2026-10-16 00:20:00	861A	1	58511	59811
J0641	S0013	2026-11-06 08:31	2026-11-06 08:33:00	452	2	40459	40459
J1470	S0030	2026-10-10 22:54	2026-10-10 23:17:00	68A	1	75499	75009
J2753	S0056	2026-10-15 16:56	2026-10-15 17:05:00	901	1	47511	47521
J2131	S0043	2026-10-30 18:56	2026-10-30 18:58:00	806	1	59072	59072
J1108	S0023	2026-11-20 13:06	2026-11-20 14:49:00	167	1	56049	09037
J1720	S0035	2026-10-12 22:53	2026-10-13 00:36:00	201	1	17251	17259
J0969	S0020	2026-10-19 04:33	2026-10-19 05:33:00	299	1	76111	76559
J0112	S0003	2026-11-12 00:54	2026-11-12 02:54:00	258	1	23519	22469
J0373	S0008	2026-11-16 07:03	2026-11-16 07:59:00	186	1	03239	10291
J0283	S0006	2026-11-19 18:11	2026-11-19 19:35:00	851	1	50038	10151
J0616	S0013	2026-10-29 12:30	2026-10-29 12:44:00	2	2	98071	99031
J2555	S0052	2026-11-07 15:28	2026-11-07 16:41:00	246	1	21409	21261
J0510	S0011	2026-10-08 04:06	2026-10-08 06:24:00	69	1	75129	75009
J0639	S0013	2026-10-09 19:52	2026-10-09 19:57:00	79	1	20219	20209
J0952	S0020	2026-10-15 12:42	2026-10-15 13:03:00	50	1	67401	67531
J1541	S0031	2026-10-18 07:41	2026-10-18 07:49:00	112B	1	64041	64051
J0021	S0001	2026-11-12 15:59	2026-11-12 16:03:00	242	1	22359	22359
J1432	S0029	2026-11-12 01:49	2026-11-12 04:23:00	43	2	92059	67619
J0095	S0002	2026-10-27 09:43	2026-10-27 10:27:00	676	2	03509	64249
J0939	S0019	2026-10-27 03:32	2026-10-27 03:47:00	680	2	66541	66609
J2195	S0044	2026-10-18 06:59	2026-10-18 07:34:00	518	1	77029	98099
J1732	S0035	2026-11-22 07:02	2026-11-22 07:25:00	253	1	23251	23371
J1150	S0023	2026-10-14 06:17	2026-10-14 06:23:00	374	1	67551	67551
J0842	S0017	2026-11-01 16:21	2026-11-01 16:26:00	130	2	03239	03239
J0730	S0015	2026-10-10 19:30	2026-10-10 20:19:00	41	1	42159	28709
J1351	S0028	2026-10-08 09:05	2026-10-08 09:16:00	671	1	03391	03501
J1550	S0031	2026-11-16 00:52	2026-11-16 01:32:00	89	1	77331	64429
J0460	S0010	2026-11-14 10:45	2026-11-14 10:58:00	43	2	67419	65401
J0064	S0002	2026-11-08 14:11	2026-11-08 16:51:00	43	1	67591	92249
J2547	S0051	2026-11-02 17:27	2026-11-02 20:07:00	972	1	44661	44619
J1141	S0023	2026-10-31 21:21	2026-10-31 22:41:00	966A	1	44269	92059
J0411	S0009	2026-10-30 06:50	2026-10-30 07:35:00	24	1	84021	96051
J2019	S0041	2026-10-17 13:42	2026-10-17 14:04:00	983	1	44559	44009
J0323	S0007	2026-11-27 17:42	2026-11-27 18:29:00	192	2	23371	22009
J2747	S0055	2026-11-04 17:49	2026-11-04 17:55:00	20A	1	96371	96389
J0576	S0012	2026-11-01 18:08	2026-11-01 18:40:00	188e	1	44121	43321
J2916	S0059	2026-10-30 03:18	2026-10-30 03:22:00	86	1	55189	55189
J2000	S0040	2026-11-23 04:24	2026-11-23 05:45:00	173	2	17009	43289
J0272	S0006	2026-11-08 01:20	2026-11-08 02:32:00	130	2	07331	53171
J1391	S0028	2026-10-20 23:19	2026-10-20 23:33:00	S42	2	60019	05129
J2136	S0043	2026-11-06 08:21	2026-11-06 09:36:00	143	1	16051	20171
J1693	S0034	2026-11-26 13:58	2026-11-26 14:17:00	184	1	44241	43129
J0037	S0001	2026-10-25 18:22	2026-10-25 18:58:00	83T	1	65261	67431
J1005	S0021	2026-11-02 06:40	2026-11-02 07:54:00	130	1	50221	03129
J1192	S0024	2026-11-23 10:23	2026-11-23 10:28:00	129B	1	75231	75221
J0322	S0007	2026-10-26 02:08	2026-10-26 02:27:00	94	1	71041	71189
J0493	S0010	2026-11-16 19:14	2026-11-16 19:19:00	661	2	78119	78119
J1047	S0021	2026-10-27 10:22	2026-10-27 10:26:00	139A	1	52129	52129
J1933	S0039	2026-10-09 15:24	2026-10-09 16:14:00	104	2	67449	65651
J2040	S0041	2026-10-23 09:27	2026-10-23 10:54:00	51	1	06171	15161
J0808	S0017	2026-11-08 19:26	2026-11-08 19:38:00	133	1	61049	61029
J0666	S0014	2026-11-14 07:31	2026-11-14 07:49:00	88	2	64031	65041
J2404	S0049	2026-11-24 22:28	2026-11-25 00:41:00	151	1	52089	16171
J0809	S0017	2026-11-23 04:31	2026-11-23 04:58:00	851e	1	07589	05029
J2380	S0048	2026-10-11 21:37	2026-10-11 21:42:00	947	1	43009	43009
J1522	S0031	2026-10-11 17:04	2026-10-11 17:06:00	43e	1	82089	82089
J1408	S0029	2026-10-26 10:22	2026-10-26 11:20:00	176	1	20269	16239
J2500	S0050	2026-10-15 20:45	2026-10-15 21:47:00	84W	1	65101	65229
J1156	S0024	2026-11-10 22:58	2026-11-10 23:02:00	18	1	84271	84591
J0423	S0009	2026-10-08 13:15	2026-10-08 13:26:00	831G	1	40419	40459
J1187	S0024	2026-11-08 01:49	2026-11-08 03:32:00	155	1	81201	84651
J1437	S0029	2026-10-27 14:43	2026-10-27 15:17:00	268	1	55239	54199
J2287	S0046	2026-10-29 04:48	2026-10-29 04:51:00	235	1	52009	52009
J0880	S0018	2026-11-25 15:08	2026-11-25 16:29:00	974	1	44549	44941
J2382	S0048	2026-10-29 13:55	2026-10-29 14:01:00	860	1	55119	54451
J2941	S0059	2026-11-17 17:35	2026-11-17 18:20:00	29	1	97209	76361
J2847	S0057	2026-11-12 15:04	2026-11-12 15:24:00	680	2	64471	66541
J1708	S0035	2026-10-29 14:20	2026-10-29 14:25:00	273	1	10331	10331
J1451	S0030	2026-10-21 22:28	2026-10-21 23:26:00	265	1	54429	56249
J2018	S0041	2026-11-05 20:39	2026-11-05 20:41:00	972A	1	09047	09047
J0739	S0015	2026-10-12 10:29	2026-10-12 10:33:00	129B	1	75231	75231
J2005	S0041	2026-10-09 02:41	2026-10-09 03:17:00	117M	2	59049	59781
J1977	S0040	2026-10-15 05:09	2026-10-15 06:13:00	83	1	65261	65071
J1464	S0030	2026-10-31 10:42	2026-10-31 12:02:00	72	2	74019	64339
J2107	S0043	2026-10-24 01:29	2026-10-24 01:32:00	858	1	46399	46289
J1885	S0038	2026-10-10 22:01	2026-10-10 22:37:00	138	1	56099	55119
J1175	S0024	2026-10-24 18:50	2026-10-24 19:10:00	386	1	65281	65371
J2056	S0042	2026-10-18 19:04	2026-10-18 19:41:00	670	1	59241	59039
J0805	S0017	2026-10-23 10:01	2026-10-23 10:07:00	861B	1	59601	59801
J2807	S0057	2026-10-18 02:31	2026-10-18 02:39:00	901M	1	47549	47559
J2691	S0054	2026-11-07 23:45	2026-11-08 00:55:00	518A	1	77009	78031
J0664	S0014	2026-10-15 00:07	2026-10-15 00:22:00	21	1	50991	52119
J2585	S0052	2026-10-29 08:12	2026-10-29 08:22:00	35M	1	96241	96231
J0303	S0007	2026-11-27 06:51	2026-11-27 07:21:00	3	1	76151	76241
J1992	S0040	2026-11-07 17:13	2026-11-07 19:20:00	33	1	01059	19069
J0640	S0013	2026-10-29 00:39	2026-10-29 02:02:00	185	2	19011	27451
J0038	S0001	2026-11-11 17:52	2026-11-11 18:52:00	151	1	40239	42061
J2703	S0055	2026-10-26 21:53	2026-10-26 23:35:00	860T	1	55509	59431
J2833	S0057	2026-11-16 16:35	2026-11-16 18:21:00	961M	1	43089	11039
J1853	S0038	2026-11-25 09:42	2026-11-25 10:01:00	882A	1	58009	58481
J0237	S0005	2026-11-06 14:55	2026-11-06 14:57:00	46	2	84661	84671
J1602	S0033	2026-11-06 05:07	2026-11-06 05:13:00	965A	1	59073	59073
J1349	S0027	2026-11-15 22:59	2026-11-15 23:34:00	681	1	64049	08031
J1606	S0033	2026-11-14 12:39	2026-11-14 13:50:00	857B	1	59069	60159
J2711	S0055	2026-10-24 14:15	2026-10-24 14:48:00	198	1	11049	10009
J0662	S0014	2026-10-10 04:54	2026-10-10 05:08:00	661	1	78181	98019
J1852	S0038	2026-11-20 23:01	2026-11-21 00:33:00	138	1	48079	56069
J1214	S0025	2026-11-24 07:31	2026-11-24 08:18:00	86	2	68051	67759
J0846	S0017	2026-10-11 16:42	2026-10-11 17:07:00	187	2	28459	43381
J1067	S0022	2026-10-25 00:29	2026-10-25 01:28:00	195A	1	14241	11539
J2826	S0057	2026-11-04 20:34	2026-11-04 21:01:00	243G	1	27409	22259
J1224	S0025	2026-11-23 10:52	2026-11-23 12:45:00	3	1	76161	65161
J0602	S0013	2026-10-24 00:13	2026-10-24 00:18:00	130	2	54241	54009
J1986	S0040	2026-10-20 00:16	2026-10-20 00:40:00	683	2	67521	65561
J1869	S0038	2026-10-12 10:50	2026-10-12 10:55:00	333	1	28059	28659
J2017	S0041	2026-10-26 15:04	2026-10-26 15:16:00	84G	1	65109	65009
J2907	S0059	2026-10-31 01:13	2026-10-31 01:16:00	652	1	54209	54199
J1822	S0037	2026-11-18 22:00	2026-11-18 22:16:00	99	1	27531	27521
J0799	S0016	2026-10-28 21:34	2026-10-28 23:07:00	166	2	14159	51011
J2090	S0042	2026-10-23 16:57	2026-10-23 18:00:00	157	1	42051	28451
J1766	S0036	2026-11-02 15:27	2026-11-02 16:12:00	130	2	51021	53161
J2578	S0052	2026-10-27 19:59	2026-10-27 20:11:00	650	2	59421	59581
J1976	S0040	2026-10-18 06:22	2026-10-18 06:42:00	36B	1	02049	92041
J0355	S0008	2026-11-10 15:11	2026-11-10 15:16:00	871	1	40449	40459
J1083	S0022	2026-11-17 12:42	2026-11-17 13:34:00	201	1	17051	20189
J1391	S0028	2026-10-20 23:33	2026-10-20 23:37:00	186	2	05129	05319
J1290	S0026	2026-10-10 10:04	2026-10-10 11:00:00	33	1	05059	10201
J2943	S0059	2026-11-05 00:48	2026-11-05 02:52:00	117M	2	58009	68139
J1203	S0025	2026-10-25 04:28	2026-10-25 04:33:00	10	2	76051	75009
J2324	S0047	2026-11-27 02:29	2026-11-27 02:36:00	858B	1	65191	68119
J0176	S0004	2026-11-26 12:07	2026-11-26 12:19:00	650	1	59461	59761
J1074	S0022	2026-10-16 20:20	2026-10-16 20:45:00	92A	1	18129	18271
J1935	S0039	2026-11-06 23:28	2026-11-07 00:21:00	114	1	67629	67039
J1601	S0033	2026-10-16 21:42	2026-10-16 21:58:00	181	1	27381	27469
J2894	S0058	2026-10-15 06:22	2026-10-15 06:35:00	46	2	75161	75071
J0221	S0005	2026-11-20 12:17	2026-11-20 12:23:00	125	1	52129	52109
J1077	S0022	2026-11-25 12:05	2026-11-25 12:09:00	960e	1	02089	02089
J1486	S0030	2026-10-17 18:16	2026-10-17 19:25:00	883	1	58041	59251
J0171	S0004	2026-10-26 09:56	2026-10-26 10:05:00	86B	1	68031	68111
J2924	S0059	2026-11-01 11:46	2026-11-01 12:00:00	334	1	28571	28499
J0109	S0003	2026-11-22 21:25	2026-11-22 23:37:00	182	1	23081	26221
J2922	S0059	2026-11-13 16:10	2026-11-13 19:25:00	143	1	05069	20261
J0132	S0003	2026-10-17 07:54	2026-10-17 08:00:00	72A	1	64521	64559
J2323	S0047	2026-11-04 20:54	2026-11-04 21:00:00	506	1	62111	62111
J0568	S0012	2026-10-30 13:17	2026-10-30 13:23:00	182	1	26419	26429
J1157	S0024	2026-11-17 18:09	2026-11-17 18:23:00	22	2	66059	54109
J0899	S0018	2026-11-12 16:09	2026-11-12 16:58:00	912B	1	46371	46349
J0994	S0020	2026-11-09 19:49	2026-11-09 20:01:00	S43	1	43109	42099
J2089	S0042	2026-10-30 23:10	2026-10-31 01:12:00	175	2	06129	17009
J2391	S0048	2026-10-17 17:54	2026-10-17 18:10:00	675	2	03129	63241
J2201	S0045	2026-11-13 08:08	2026-11-13 08:15:00	72B	1	54471	54481
J2827	S0057	2026-11-20 06:34	2026-11-20 09:50:00	24	1	84011	70251
J2314	S0047	2026-10-25 05:43	2026-10-25 06:55:00	241	1	22501	22509
J0638	S0013	2026-11-27 14:06	2026-11-27 14:24:00	135	2	54311	54009
J2547	S0051	2026-11-02 20:37	2026-11-02 20:42:00	972M	1	44649	44639
J1826	S0037	2026-11-23 15:07	2026-11-23 17:25:00	3	2	65261	76149
J1477	S0030	2026-10-17 14:33	2026-10-17 15:05:00	10	1	15151	16041
J2421	S0049	2026-10-09 20:14	2026-10-09 20:16:00	20A	1	96389	96389
J2307	S0047	2026-11-17 22:13	2026-11-17 22:30:00	268A	1	54521	54659
J2943	S0059	2026-11-05 02:52	2026-11-05 05:01:00	103	2	68139	62189
J1311	S0027	2026-11-13 21:22	2026-11-13 22:33:00	175	2	14241	16221
J2018	S0041	2026-11-05 20:41	2026-11-05 21:16:00	190	1	09047	05049
J1799	S0036	2026-11-18 08:33	2026-11-18 11:03:00	64	1	11599	80289
J1554	S0032	2026-11-23 03:07	2026-11-23 03:36:00	960e	2	40041	46499
J1877	S0038	2026-10-15 01:35	2026-10-15 02:18:00	656	2	03011	58419
J1989	S0040	2026-11-27 15:57	2026-11-27 16:49:00	13	1	53389	61019
J1595	S0032	2026-11-23 00:56	2026-11-23 01:02:00	855	1	14039	14029
J1993	S0040	2026-10-14 08:15	2026-10-14 09:18:00	961M	2	02089	10091
J1580	S0032	2026-10-31 08:41	2026-10-31 09:13:00	157	1	42161	43171
J0333	S0007	2026-10-08 00:43	2026-10-08 01:27:00	183	1	17171	28649
J0053	S0002	2026-10-22 07:09	2026-10-22 07:25:00	10	1	15161	16201
J0154	S0004	2026-10-20 22:57	2026-10-20 23:05:00	647	2	02171	02061
J0819	S0017	2026-11-12 02:24	2026-11-12 02:27:00	59	2	75349	84609
J1332	S0027	2026-10-21 12:07	2026-10-21 13:16:00	853M	2	61041	54041
J1603	S0033	2026-10-11 15:30	2026-10-11 15:32:00	676	1	02141	02141
J1168	S0024	2026-10-18 18:25	2026-10-18 19:41:00	154	1	41029	70371
J1833	S0037	2026-11-14 22:15	2026-11-14 22:23:00	182A	1	25431	25441
J1014	S0021	2026-11-10 10:52	2026-11-10 13:00:00	50	1	54331	67531
J2072	S0042	2026-10-19 14:07	2026-10-19 14:33:00	179B	1	27211	22529
J1711	S0035	2026-11-12 09:00	2026-11-12 09:22:00	682	2	67541	67341
J0888	S0018	2026-11-07 10:16	2026-11-07 10:58:00	88	2	65041	77009
J2644	S0053	2026-10-20 19:17	2026-10-20 19:22:00	181	2	22599	22599
J2755	S0056	2026-11-27 02:43	2026-11-27 02:52:00	825	1	55021	55179
J0165	S0004	2026-11-16 06:18	2026-11-16 06:32:00	10e	2	85021	85041
J2098	S0042	2026-10-10 17:19	2026-10-10 17:22:00	68A	1	76521	75009
J1459	S0030	2026-11-02 13:38	2026-11-02 14:12:00	965	1	55289	63009
J1350	S0027	2026-11-12 06:52	2026-11-12 07:25:00	12e	1	04149	10499
J0058	S0002	2026-11-05 09:17	2026-11-05 09:25:00	12e	2	98011	98091
J0596	S0012	2026-11-10 19:11	2026-11-10 19:14:00	45	1	55311	55311
J2736	S0055	2026-10-27 05:22	2026-10-27 05:35:00	965	2	46411	46261
J0367	S0008	2026-10-31 04:08	2026-10-31 06:04:00	147	1	05059	17009
J0404	S0009	2026-11-14 15:23	2026-11-14 15:31:00	861M	1	58119	58159
J0006	S0001	2026-10-13 07:52	2026-10-13 08:15:00	89e	1	98061	95051
J0300	S0006	2026-10-29 01:01	2026-10-29 01:06:00	150	1	82069	82221
J1186	S0024	2026-11-23 23:27	2026-11-23 23:32:00	459	2	65259	65259
J2027	S0041	2026-11-24 03:16	2026-11-24 03:21:00	384	1	65641	65641
J0271	S0006	2026-10-08 03:12	2026-10-08 03:55:00	653	2	43621	43811
J1763	S0036	2026-10-08 07:42	2026-10-08 08:42:00	268A	1	55149	54521
J1997	S0040	2026-11-02 06:01	2026-11-02 06:07:00	S42	1	60011	60011
J0094	S0002	2026-11-13 12:13	2026-11-13 12:22:00	77	2	09059	09121
J1813	S0037	2026-10-18 11:03	2026-10-18 11:09:00	672	2	03218	03218
J0384	S0008	2026-10-19 19:17	2026-10-19 20:54:00	119	1	63039	65349
J2320	S0047	2026-11-21 18:37	2026-11-21 18:58:00	983M	1	44879	44969
J0238	S0005	2026-10-23 02:08	2026-10-23 02:16:00	457	2	64241	64541
J1063	S0022	2026-11-18 07:35	2026-11-18 08:28:00	193	2	25359	23109
J2339	S0047	2026-10-19 11:39	2026-10-19 11:41:00	98M	1	28211	28009
J1559	S0032	2026-10-27 18:09	2026-10-27 18:58:00	851e	2	01112	59031
J0710	S0015	2026-11-09 15:57	2026-11-09 16:55:00	107M	1	60269	01519
J1560	S0032	2026-11-16 15:45	2026-11-16 16:25:00	856	2	58109	59009
J2822	S0057	2026-11-05 06:41	2026-11-05 06:45:00	502A	1	02171	02171
J2094	S0042	2026-10-19 04:34	2026-10-19 04:49:00	179B	1	27221	22529
J0425	S0009	2026-11-14 18:52	2026-11-14 21:03:00	120	1	18019	10499
J2285	S0046	2026-11-17 02:22	2026-11-17 02:58:00	193	1	25331	25519
J1961	S0040	2026-11-17 23:22	2026-11-17 23:30:00	506	2	43341	28299
J0507	S0011	2026-11-25 20:27	2026-11-25 20:29:00	179A	1	27261	22009
J0848	S0017	2026-11-25 03:37	2026-11-25 03:59:00	174	1	05131	10499
J1259	S0026	2026-11-13 11:17	2026-11-13 11:20:00	117	1	59749	59739
J1515	S0031	2026-11-02 03:16	2026-11-02 03:22:00	853	1	61019	60269
J2860	S0058	2026-10-27 19:59	2026-10-27 20:01:00	71A	1	53421	53251
J2698	S0054	2026-11-08 11:14	2026-11-08 11:20:00	901M	1	46759	47549
J0811	S0017	2026-11-13 18:37	2026-11-13 18:50:00	169	1	56261	54211
J2311	S0047	2026-10-29 20:51	2026-10-29 21:03:00	656	2	58319	58409
J2583	S0052	2026-10-11 22:40	2026-10-11 23:05:00	S42	2	07529	03391
J2423	S0049	2026-10-19 11:05	2026-10-19 11:26:00	680	2	50061	64491
J1305	S0027	2026-11-27 02:22	2026-11-27 02:31:00	31	1	80141	80111
J0265	S0006	2026-10-25 10:32	2026-10-25 11:09:00	502	1	03519	28639
J2347	S0047	2026-11-17 18:49	2026-11-17 19:05:00	161	2	64461	64341
J2914	S0059	2026-11-16 14:26	2026-11-16 14:56:00	158	1	70281	62139
J0149	S0003	2026-10-30 20:10	2026-10-30 20:24:00	60	1	72069	83109
J0963	S0020	2026-11-17 21:52	2026-11-17 22:27:00	147A	1	62139	60159
J1263	S0026	2026-10-18 21:01	2026-10-18 21:08:00	913	1	46011	46511
J1105	S0023	2026-11-20 02:02	2026-11-20 02:28:00	122	1	11499	11169
J0703	S0015	2026-10-25 00:35	2026-10-25 01:08:00	246	1	21429	21599
J2741	S0055	2026-11-16 01:35	2026-11-16 02:19:00	61	2	12101	43181
J0611	S0013	2026-10-11 02:51	2026-10-11 03:09:00	807	1	59711	59401
J0261	S0006	2026-11-27 11:53	2026-11-27 12:03:00	243W	1	27301	27411
J0198	S0004	2026-10-16 11:01	2026-10-16 11:10:00	76	2	66349	54309
J1969	S0040	2026-10-22 10:26	2026-10-22 10:31:00	88A	1	65029	65029
J0408	S0009	2026-10-19 18:07	2026-10-19 18:24:00	652	1	54281	08057
J1012	S0021	2026-10-18 04:54	2026-10-18 06:16:00	63	2	80051	71091
J1513	S0031	2026-11-20 00:27	2026-11-20 04:53:00	178	1	46709	21681
J0498	S0010	2026-11-20 22:59	2026-11-20 23:08:00	911	1	46069	46088
J1143	S0023	2026-11-19 09:51	2026-11-19 10:12:00	965	2	46779	46431
J1190	S0024	2026-10-10 19:26	2026-10-10 22:49:00	30	2	21569	14069
J1446	S0029	2026-10-27 02:23	2026-10-27 02:33:00	20A	1	96381	96341
J0832	S0017	2026-11-12 21:26	2026-11-12 21:32:00	803	1	59161	59072
J2643	S0053	2026-11-15 22:55	2026-11-15 22:59:00	240M	1	28099	28099
J2898	S0058	2026-10-09 06:55	2026-10-09 07:39:00	65	2	14009	13191
J1788	S0036	2026-10-17 14:55	2026-10-17 15:06:00	812	1	59051	59309
J2008	S0041	2026-10-27 06:51	2026-10-27 10:22:00	143	1	08137	20219
J2381	S0048	2026-11-09 04:55	2026-11-09 05:12:00	96	1	16169	17161
J0823	S0017	2026-10-10 07:43	2026-10-10 09:33:00	97	1	28439	14089
J2792	S0056	2026-11-11 10:04	2026-11-11 10:20:00	675	1	03391	02141
J2293	S0046	2026-10-15 09:27	2026-10-15 10:55:00	169	2	57011	58169
J1221	S0025	2026-11-19 05:54	2026-11-19 06:26:00	359	1	78191	77361
J1950	S0039	2026-10-11 12:18	2026-10-11 12:46:00	177	1	44021	43719
J1883	S0038	2026-11-13 18:49	2026-11-13 19:48:00	174	1	09179	10011
J0066	S0002	2026-10-22 20:32	2026-10-22 21:16:00	36B	1	09037	92041
J0687	S0014	2026-10-26 14:39	2026-10-26 14:49:00	89	1	65069	67181
J2169	S0044	2026-10-09 04:01	2026-10-09 04:21:00	54	1	05059	10011
J0587	S0012	2026-11-02 01:27	2026-11-02 01:39:00	300	1	44509	44009
J2903	S0059	2026-11-27 18:24	2026-11-27 18:38:00	158A	1	90049	90019
J2016	S0041	2026-10-24 10:28	2026-10-24 10:47:00	678	1	65239	03222
J0511	S0011	2026-10-10 19:18	2026-10-10 19:39:00	232	1	52449	52189
J0145	S0003	2026-11-16 23:07	2026-11-16 23:29:00	131	1	04019	03129
J1716	S0035	2026-10-31 01:42	2026-10-31 02:34:00	132	2	51051	54241
J0878	S0018	2026-11-06 08:05	2026-11-06 08:11:00	456	1	52119	52119
J0794	S0016	2026-10-14 13:16	2026-10-14 13:22:00	651	2	27459	27459
J2802	S0057	2026-11-09 15:50	2026-11-09 16:01:00	374	1	67551	67541
J2427	S0049	2026-10-16 00:35	2026-10-16 01:33:00	60T	1	82061	84309
J1803	S0037	2026-10-29 12:56	2026-10-29 13:06:00	354	1	78259	78101
J1556	S0032	2026-11-24 11:01	2026-11-24 11:13:00	967	1	58469	46341
J1064	S0022	2026-11-17 21:15	2026-11-17 21:50:00	107M	2	02141	60021
J0973	S0020	2026-10-09 15:36	2026-10-09 17:00:00	117M	1	59509	58009
J1732	S0035	2026-11-22 06:21	2026-11-22 07:02:00	253	1	23269	23251
J2946	S0059	2026-11-20 17:59	2026-11-20 18:03:00	976	2	44469	44469
J0440	S0009	2026-10-26 05:39	2026-10-26 05:58:00	73T	1	54301	64109
J2101	S0043	2026-10-23 15:58	2026-10-23 16:43:00	98B	1	21179	21129
J0803	S0017	2026-10-17 14:43	2026-10-17 14:45:00	912	1	46329	46009
J1769	S0036	2026-10-21 11:31	2026-10-21 12:13:00	103	1	67079	68111
J2190	S0044	2026-10-24 21:29	2026-10-24 23:43:00	14	1	85039	80159
J1585	S0032	2026-11-21 09:01	2026-11-21 09:03:00	150	1	82221	82009
J0451	S0010	2026-11-16 20:12	2026-11-16 20:15:00	225W	1	84379	84309
J0687	S0014	2026-10-26 14:29	2026-10-26 14:39:00	27	1	75351	65069
J2177	S0044	2026-10-24 17:04	2026-10-24 17:16:00	653	1	43249	43449
J2151	S0044	2026-10-15 21:58	2026-10-15 22:06:00	178	2	46189	46009
J0835	S0017	2026-10-31 20:15	2026-10-31 20:21:00	139A	1	52411	52451
J2556	S0052	2026-11-13 10:10	2026-11-13 10:30:00	969	1	46761	58581
J1218	S0025	2026-11-22 13:33	2026-11-22 14:28:00	238	1	52509	52381
J0676	S0014	2026-11-18 20:35	2026-11-18 21:18:00	137	2	84451	71111
J1092	S0022	2026-11-04 03:54	2026-11-04 04:15:00	159	1	66529	54499
J1032	S0021	2026-11-14 13:06	2026-11-14 13:17:00	975A	1	44521	44511
J0380	S0008	2026-11-20 00:47	2026-11-20 00:52:00	680	2	66579	66609
J0364	S0008	2026-11-16 08:40	2026-11-16 09:08:00	14	2	93051	94031
J0332	S0007	2026-11-10 13:45	2026-11-10 13:47:00	872A	1	40491	40481
J0373	S0008	2026-11-16 07:01	2026-11-16 07:03:00	186	2	03218	03239
J0041	S0001	2026-11-14 23:15	2026-11-15 02:00:00	106	1	43009	03529
J1373	S0028	2026-11-26 21:10	2026-11-26 22:35:00	154	2	81119	41021
J0651	S0014	2026-11-19 12:39	2026-11-19 12:44:00	268B	1	54241	54261
J2040	S0041	2026-10-23 10:54	2026-10-23 11:20:00	10	1	15161	16031
J0736	S0015	2026-10-19 03:01	2026-10-19 03:18:00	161	2	64619	64351
J0967	S0020	2026-11-20 10:54	2026-11-20 11:00:00	913M	1	46299	46299
J0872	S0018	2026-10-30 20:45	2026-10-30 21:14:00	39	2	59029	65251
J2222	S0045	2026-10-23 14:00	2026-10-23 14:11:00	123	1	14389	14029
J1683	S0034	2026-10-09 22:14	2026-10-09 22:32:00	123	1	06051	10161
J1695	S0034	2026-11-16 13:33	2026-11-16 13:45:00	992	1	40439	41009
J0337	S0007	2026-10-27 07:06	2026-10-27 07:16:00	852	1	42111	43631
J2868	S0058	2026-11-01 21:39	2026-11-01 23:02:00	201	1	17041	20039
J0614	S0013	2026-11-27 17:24	2026-11-27 17:54:00	80A	1	63059	62049
J2315	S0047	2026-11-09 17:15	2026-11-09 19:22:00	182M	1	26369	25231
J2075	S0042	2026-11-04 19:28	2026-11-04 21:45:00	198	2	11021	28501
J0740	S0015	2026-11-06 10:39	2026-11-06 10:42:00	142	1	60089	52089
J0723	S0015	2026-11-21 07:41	2026-11-21 07:49:00	12e	1	04149	05059
J2842	S0057	2026-10-26 13:34	2026-10-26 13:46:00	68	1	77181	77199
J0642	S0013	2026-11-25 03:57	2026-11-25 04:13:00	182A	1	25451	26249
J2419	S0049	2026-11-19 23:02	2026-11-20 01:10:00	67	1	40089	83081
J1565	S0032	2026-11-08 04:16	2026-11-08 06:27:00	158	1	70019	81081
J2262	S0046	2026-11-14 06:18	2026-11-14 06:39:00	58A	1	70279	72059
J0450	S0009	2026-10-15 23:35	2026-10-16 01:31:00	129	1	76521	52411
J2796	S0056	2026-10-09 10:07	2026-10-09 10:38:00	141	2	51049	50038
J1838	S0037	2026-10-19 15:42	2026-10-19 17:57:00	88	1	77009	53379
J1496	S0030	2026-11-14 14:12	2026-11-14 14:28:00	451	2	30129	44071
J1142	S0023	2026-10-14 04:16	2026-10-14 05:15:00	925A	1	46539	49199
J2445	S0049	2026-10-14 04:23	2026-10-14 04:42:00	157	1	28531	22009
J1785	S0036	2026-11-05 15:59	2026-11-05 19:27:00	67	1	44009	80031
J0089	S0002	2026-10-09 11:23	2026-10-09 11:30:00	72A	1	54351	54471
J0086	S0002	2026-10-25 08:19	2026-10-25 08:23:00	26	2	84551	84541
J2293	S0046	2026-10-15 11:00	2026-10-15 11:42:00	981	1	58149	47169
J2451	S0050	2026-11-04 04:17	2026-11-04 04:22:00	82	1	65061	65061
J2940	S0059	2026-11-01 11:59	2026-11-01 12:12:00	457	1	64549	64239
J0558	S0012	2026-11-20 14:03	2026-11-20 14:14:00	984	1	44791	44051
J1412	S0029	2026-10-31 09:19	2026-10-31 10:02:00	800	1	59231	59109
J2379	S0048	2026-10-31 18:54	2026-10-31 19:18:00	37	1	76239	76199
J0383	S0008	2026-11-12 07:38	2026-11-12 09:15:00	27	1	75279	67251
J0442	S0009	2026-11-21 03:19	2026-11-21 03:49:00	87	1	71071	84709
J0732	S0015	2026-11-04 06:06	2026-11-04 06:26:00	324	1	62251	64009
J1448	S0029	2026-11-04 06:32	2026-11-04 07:08:00	882	1	58089	58119
J2785	S0056	2026-11-07 18:54	2026-11-07 20:06:00	56	2	01611	53219
J0835	S0017	2026-10-31 20:21	2026-10-31 20:42:00	129	1	52451	52499
J1042	S0021	2026-10-12 23:55	2026-10-13 00:58:00	84W	1	65709	65009
J0028	S0001	2026-11-05 15:26	2026-11-05 18:34:00	154	2	60219	21771
J2164	S0044	2026-10-12 22:54	2026-10-13 00:05:00	43e	2	92241	67729
J1606	S0033	2026-11-14 13:50	2026-11-14 14:03:00	857	1	60159	60099
J1662	S0034	2026-10-24 17:36	2026-10-24 17:47:00	71	1	55141	55509
J1054	S0022	2026-11-04 02:50	2026-11-04 03:50:00	52	2	17111	53051
J0570	S0012	2026-10-20 08:51	2026-10-20 09:33:00	98	1	21559	21129
J2009	S0041	2026-11-27 01:43	2026-11-27 02:02:00	674	1	40431	40389
J2359	S0048	2026-11-07 11:26	2026-11-07 12:06:00	675	2	03529	64479
J1066	S0022	2026-10-12 19:06	2026-10-12 19:38:00	992	1	40351	40419
J0268	S0006	2026-11-21 00:33	2026-11-21 00:35:00	129	1	52049	52119
J1707	S0035	2026-11-01 03:50	2026-11-01 04:11:00	180A	1	44131	45009
J0378	S0008	2026-10-20 13:40	2026-10-20 14:43:00	147A	1	60139	05049
J1608	S0033	2026-11-22 00:24	2026-11-22 01:11:00	965A	1	46449	59099
J0879	S0018	2026-11-06 19:38	2026-11-06 20:03:00	36A	1	92089	92099
J1497	S0030	2026-10-18 13:16	2026-10-18 13:22:00	17	2	84271	84431
J1815	S0037	2026-11-07 10:52	2026-11-07 12:56:00	855	2	11081	59009
J0269	S0006	2026-10-08 20:54	2026-10-08 21:24:00	56	2	52181	53259
J1247	S0025	2026-10-10 05:33	2026-10-10 06:46:00	925	1	45139	49029
J2499	S0050	2026-11-16 11:24	2026-11-16 13:38:00	170	2	46239	43059
J1825	S0037	2026-10-31 03:36	2026-10-31 04:20:00	17	2	84221	76081
J0544	S0011	2026-10-26 04:42	2026-10-26 04:44:00	187	2	46531	46541
J0765	S0016	2026-11-18 23:45	2026-11-18 23:55:00	90	1	73041	73049
J1431	S0029	2026-11-04 12:00	2026-11-04 12:04:00	92A	1	18271	18281
J1320	S0027	2026-11-05 06:18	2026-11-05 07:06:00	45	2	54101	63309
J2670	S0054	2026-10-25 09:31	2026-10-25 09:41:00	458	1	67131	70281
J2443	S0049	2026-10-11 17:28	2026-10-11 18:45:00	133	1	62119	01019
J2438	S0049	2026-10-29 08:44	2026-10-29 08:49:00	901	1	47521	47521
J1430	S0029	2026-10-09 04:59	2026-10-09 05:02:00	114A	1	66571	66571
J2032	S0041	2026-11-07 11:45	2026-11-07 12:05:00	410G	1	53401	53291
J1833	S0037	2026-11-14 22:23	2026-11-14 23:11:00	248	1	25441	25741
J1811	S0037	2026-10-23 23:39	2026-10-24 00:38:00	94A	1	82061	73041
J1286	S0026	2026-11-23 04:36	2026-11-23 05:04:00	176	2	43431	43261
J2406	S0049	2026-11-25 12:55	2026-11-25 13:12:00	71A	1	54071	53241
J2317	S0047	2026-11-26 17:06	2026-11-26 17:45:00	192	2	25151	23371
J0644	S0013	2026-11-09 20:32	2026-11-09 20:42:00	139	2	13051	13062
J2726	S0055	2026-11-20 08:14	2026-11-20 08:44:00	133	1	01059	03539
J2081	S0042	2026-10-30 16:20	2026-10-30 16:25:00	127	1	75501	75279
J1762	S0036	2026-11-24 09:56	2026-11-24 11:33:00	33	2	16131	05013
J2560	S0052	2026-11-26 22:20	2026-11-26 22:58:00	145	2	50239	52071
J2233	S0045	2026-11-11 13:54	2026-11-11 14:04:00	660M	1	08069	04179
J0883	S0018	2026-10-26 14:52	2026-10-26 15:07:00	963	2	43241	43271
J2371	S0048	2026-11-24 21:13	2026-11-24 21:21:00	84W	1	65631	65621
J0035	S0001	2026-11-14 06:52	2026-11-14 06:58:00	235	1	52501	52009
J2949	S0059	2026-10-28 13:18	2026-10-28 13:24:00	676	1	03381	03381
J2710	S0055	2026-10-22 17:50	2026-10-22 18:06:00	661	1	03071	03391
J0421	S0009	2026-11-04 17:40	2026-11-04 20:08:00	105	1	52059	28011
J1298	S0026	2026-10-16 06:54	2026-10-16 08:20:00	57	2	14179	50011
J0894	S0018	2026-10-29 16:12	2026-10-29 17:25:00	155	1	70059	82011
J1492	S0030	2026-10-24 15:09	2026-10-24 17:34:00	89	1	99041	77231
J1575	S0032	2026-10-27 13:32	2026-10-27 15:04:00	18	1	76369	84261
J1320	S0027	2026-11-05 07:06	2026-11-05 07:09:00	53M	1	63309	63299
J2453	S0050	2026-11-22 16:38	2026-11-22 17:20:00	963e	1	43268	15059
J0604	S0013	2026-10-31 20:06	2026-10-31 20:58:00	672	2	03218	64561
J1178	S0024	2026-11-21 06:11	2026-11-21 06:17:00	70	1	63189	63179
J2318	S0047	2026-10-13 03:49	2026-10-13 04:03:00	84W	1	65611	65099
J0828	S0017	2026-10-21 09:22	2026-10-21 09:36:00	851e	2	01013	07531
J1192	S0024	2026-11-23 09:59	2026-11-23 10:23:00	129B	1	62089	75231
J0202	S0005	2026-11-27 21:02	2026-11-27 21:12:00	671	1	03241	03071
J0210	S0005	2026-11-23 01:26	2026-11-23 01:44:00	648	1	46689	47539
J0942	S0019	2026-10-09 10:29	2026-10-09 11:02:00	854e	1	63081	84009
J0446	S0009	2026-11-12 00:31	2026-11-12 00:42:00	663	1	08057	04179
J0421	S0009	2026-11-04 16:42	2026-11-04 17:40:00	28	1	70261	52059
J1656	S0034	2026-11-24 01:13	2026-11-24 01:48:00	22	1	54339	66379
J0447	S0009	2026-10-29 10:56	2026-10-29 11:44:00	272	1	10009	14241
J2514	S0051	2026-11-10 04:40	2026-11-10 05:03:00	44	1	65601	95151
J1413	S0029	2026-11-10 14:59	2026-11-10 15:15:00	324	1	62261	64049
J0520	S0011	2026-11-15 21:11	2026-11-15 21:56:00	185	2	17151	28521
J2538	S0051	2026-11-03 12:58	2026-11-03 13:09:00	184	1	44239	44259
J0141	S0003	2026-10-10 00:52	2026-10-10 00:54:00	181A	1	27371	27381
J1246	S0025	2026-10-14 22:34	2026-10-14 23:01:00	97e	1	14129	03111
J2710	S0055	2026-10-22 18:06	2026-10-22 18:18:00	673	1	03391	02141
J2879	S0058	2026-10-18 10:23	2026-10-18 10:35:00	84G	1	65639	65699
J0186	S0004	2026-11-22 09:52	2026-11-22 11:59:00	169	2	57061	46279
J1880	S0038	2026-11-14 03:42	2026-11-14 04:41:00	118A	1	65431	75051
J2193	S0044	2026-10-28 00:29	2026-10-28 01:12:00	198A	1	22009	28499
J0385	S0008	2026-11-08 14:01	2026-11-08 14:06:00	99	2	28069	28059
J0355	S0008	2026-11-10 14:47	2026-11-10 14:50:00	831G	1	40469	40469
J1064	S0022	2026-11-17 20:50	2026-11-17 21:15:00	676	1	03381	02141
J0278	S0006	2026-10-28 05:11	2026-10-28 05:14:00	282	1	17229	17229
J2038	S0041	2026-10-18 10:53	2026-10-18 10:56:00	106	1	03129	03218
J0380	S0008	2026-11-19 23:54	2026-11-20 00:47:00	114	2	67091	66579
J2251	S0046	2026-10-10 14:24	2026-10-10 14:57:00	90	1	60081	71171
J2496	S0050	2026-11-14 10:31	2026-11-14 12:03:00	109	1	67449	99021
J1235	S0025	2026-10-24 04:17	2026-10-24 04:32:00	976	1	44641	44861
J1345	S0027	2026-11-19 11:36	2026-11-19 12:32:00	854	1	71051	84009
J1160	S0024	2026-10-29 00:16	2026-10-29 01:08:00	265	1	54241	54441
J1352	S0028	2026-10-23 20:00	2026-10-23 20:16:00	163A	1	67489	67281
J2765	S0056	2026-11-20 18:36	2026-11-20 18:38:00	249A	1	22089	22331
J0359	S0008	2026-11-27 13:02	2026-11-27 13:43:00	82	1	64391	66351
J1084	S0022	2026-11-07 05:15	2026-11-07 05:20:00	21A	1	60051	60051
J2162	S0044	2026-11-14 19:13	2026-11-14 19:39:00	230M	1	52329	52319
J2181	S0044	2026-10-30 15:30	2026-10-30 15:46:00	139A	1	52401	52129
J2026	S0041	2026-11-14 02:14	2026-11-14 02:20:00	285	1	20299	17079
J1029	S0021	2026-11-22 19:47	2026-11-22 19:59:00	647	2	43409	43499
J1402	S0029	2026-11-21 06:03	2026-11-21 06:08:00	79	1	21351	22491
J1717	S0035	2026-10-23 20:38	2026-10-23 21:04:00	258	1	27391	22521
J1495	S0030	2026-11-26 03:00	2026-11-26 03:14:00	163	1	52361	52501
J1917	S0039	2026-11-03 15:27	2026-11-03 16:43:00	117M	1	68161	59061
J1026	S0021	2026-11-21 05:48	2026-11-21 05:59:00	913T	1	46191	46009
J0690	S0014	2026-11-04 07:16	2026-11-04 07:24:00	671	1	02169	02089
J1539	S0031	2026-10-10 19:29	2026-10-10 21:45:00	87	1	67759	84309
J1392	S0028	2026-11-22 20:18	2026-11-22 20:57:00	66	1	43149	28299
J0492	S0010	2026-10-10 15:01	2026-10-10 17:01:00	28	1	76109	70291
J2552	S0052	2026-11-27 07:23	2026-11-27 07:31:00	193	1	25449	25439
J1547	S0031	2026-10-10 02:25	2026-10-10 02:38:00	974	1	22491	22521
J0487	S0010	2026-11-22 18:53	2026-11-22 19:09:00	189	1	43311	43591
J0964	S0020	2026-11-16 18:49	2026-11-16 19:14:00	181	2	27389	22009
J2008	S0041	2026-10-27 10:22	2026-10-27 10:56:00	143	1	20219	28009
J1703	S0035	2026-11-25 02:25	2026-11-25 03:07:00	100	2	80051	70051
J0310	S0007	2026-10-10 10:00	2026-10-10 10:15:00	15A	1	75249	84701
J2705	S0055	2026-11-05 05:19	2026-11-05 06:29:00	903	1	46179	46009
J0800	S0016	2026-11-14 18:57	2026-11-14 20:55:00	129	2	52119	76519
J1406	S0029	2026-11-19 18:31	2026-11-19 18:45:00	33B	1	82149	82129
J1992	S0040	2026-11-07 15:26	2026-11-07 17:13:00	133	1	54009	01059
J1273	S0026	2026-10-23 07:24	2026-10-23 07:53:00	883M	1	57119	58539
J2117	S0043	2026-11-12 14:44	2026-11-12 14:50:00	460	1	75531	75521
J1521	S0031	2026-10-26 09:08	2026-10-26 09:16:00	243G	1	22369	22239
J0169	S0004	2026-10-08 06:35	2026-10-08 08:02:00	32	2	04219	92131
J0414	S0009	2026-10-22 04:11	2026-10-22 04:19:00	136	1	65289	65009
J2679	S0054	2026-11-13 05:34	2026-11-13 06:40:00	172	2	22499	30011
J0008	S0001	2026-10-16 09:33	2026-10-16 11:22:00	158	1	90049	70281
J2254	S0046	2026-10-29 23:30	2026-10-29 23:34:00	973	1	44249	44639
J2530	S0051	2026-10-09 07:43	2026-10-09 07:54:00	106	1	02171	03519
J1284	S0026	2026-11-01 02:21	2026-11-01 02:27:00	853M	1	94041	94051
J2115	S0043	2026-10-29 03:43	2026-10-29 03:59:00	10	1	15201	16011
J1075	S0022	2026-11-22 08:50	2026-11-22 09:29:00	261	1	54609	54009
J1875	S0038	2026-10-25 22:35	2026-10-25 23:01:00	831W	1	40441	43751
J2825	S0057	2026-11-10 16:44	2026-11-10 16:54:00	100A	1	70029	70019
J0534	S0011	2026-10-10 07:42	2026-10-10 07:59:00	72	1	75299	75009
J0519	S0011	2026-11-25 12:38	2026-11-25 13:28:00	75	1	12029	13019
J0225	S0005	2026-10-13 20:38	2026-10-13 21:33:00	975C	1	30089	31139
J1093	S0022	2026-10-19 19:02	2026-10-19 19:07:00	85	1	58991	59009
J0606	S0013	2026-10-16 09:55	2026-10-16 11:17:00	198	2	28231	22009
J0373	S0008	2026-11-16 06:50	2026-11-16 07:01:00	650	1	03019	03218
J1244	S0025	2026-11-14 09:29	2026-11-14 09:38:00	80	2	70281	70301
J0085	S0002	2026-10-23 08:56	2026-10-23 09:46:00	57	1	50029	03059
J1480	S0030	2026-11-09 01:04	2026-11-09 01:06:00	56	1	02089	02089
J0476	S0010	2026-10-11 13:02	2026-10-11 13:48:00	4	1	98311	98289
J1157	S0024	2026-11-17 15:03	2026-11-17 15:22:00	110	1	95109	95209
J0443	S0009	2026-11-26 14:21	2026-11-26 17:07:00	7	1	81151	12111
J2504	S0051	2026-10-13 01:17	2026-10-13 01:50:00	157	1	51119	41129
J2910	S0059	2026-11-23 00:10	2026-11-23 00:16:00	181	2	27379	22449
J1900	S0038	2026-10-10 19:29	2026-10-10 20:02:00	961M	1	45119	45039
J2444	S0049	2026-11-07 05:58	2026-11-07 06:07:00	871	1	40421	40401
J1891	S0038	2026-11-04 22:33	2026-11-05 00:17:00	131A	1	52451	03019
J1679	S0034	2026-10-15 10:55	2026-10-15 11:02:00	991A	1	43331	43341
J1154	S0024	2026-10-24 19:35	2026-10-24 19:48:00	246	1	21491	21351
J2797	S0056	2026-11-06 09:33	2026-11-06 10:23:00	681	1	64551	50061
J0636	S0013	2026-10-29 00:31	2026-10-29 01:00:00	854	2	55079	59021
J2695	S0054	2026-11-25 03:09	2026-11-25 03:23:00	118A	1	75241	96109
J1300	S0026	2026-11-11 04:09	2026-11-11 04:47:00	116A	1	66429	63369
J1221	S0025	2026-11-19 05:33	2026-11-19 05:54:00	53A	1	77059	78191
J2459	S0050	2026-11-08 23:51	2026-11-08 23:58:00	89	1	98101	78131
J1774	S0036	2026-11-24 15:47	2026-11-24 15:56:00	19	1	76209	75009
J1095	S0022	2026-10-12 06:42	2026-10-12 06:52:00	61	2	11451	11401
J2615	S0053	2026-11-15 02:13	2026-11-15 03:03:00	105	2	11189	09159
J0042	S0001	2026-11-25 09:09	2026-11-25 09:11:00	31A	1	85099	85099
J1934	S0039	2026-11-22 19:00	2026-11-22 19:13:00	459	1	65251	65271
J0076	S0002	2026-10-08 03:10	2026-10-08 03:53:00	983M	1	44581	44969
J0191	S0004	2026-11-23 23:56	2026-11-24 00:26:00	2B	1	85079	84039
J2743	S0055	2026-10-20 08:30	2026-10-20 12:29:00	51	1	63091	15141
J1502	S0031	2026-10-09 04:12	2026-10-09 04:24:00	S41	1	76289	76221
J2055	S0042	2026-10-19 07:48	2026-10-19 08:17:00	118	1	75039	96311
J1457	S0030	2026-10-11 21:23	2026-10-11 21:28:00	54	1	04219	04239
J0449	S0009	2026-10-16 19:58	2026-10-16 20:53:00	183	1	17091	28449
J1506	S0031	2026-10-26 00:23	2026-10-26 00:38:00	30e	2	82061	84009
J0371	S0008	2026-11-08 15:14	2026-11-08 15:47:00	235	1	52169	52221
J0899	S0018	2026-11-12 15:46	2026-11-12 15:54:00	967	1	58469	46351
J1336	S0027	2026-10-17 10:45	2026-10-17 11:01:00	668	2	55171	54461
J0891	S0018	2026-11-16 07:20	2026-11-16 09:29:00	102	1	67341	67631
J0625	S0013	2026-11-15 09:27	2026-11-15 10:00:00	73T	1	54291	63219
J2571	S0052	2026-11-09 03:23	2026-11-09 05:34:00	132	2	10201	54281
J2798	S0056	2026-10-31 04:32	2026-10-31 04:40:00	372	1	67441	67759
J0263	S0006	2026-11-15 10:50	2026-11-15 11:03:00	199	1	27109	22481
J1923	S0039	2026-10-14 06:00	2026-10-14 06:05:00	883M	1	58211	58251
J0585	S0012	2026-11-23 01:11	2026-11-23 02:59:00	198	1	22009	16099
J1549	S0031	2026-11-23 05:42	2026-11-23 05:59:00	163B	1	67219	67299
J0456	S0010	2026-10-24 17:30	2026-10-24 17:32:00	975C	1	33031	33041
J1821	S0037	2026-11-13 11:05	2026-11-13 11:58:00	56	2	07021	52231
J0914	S0019	2026-11-15 06:10	2026-11-15 06:39:00	142	1	61101	52089
J0213	S0005	2026-11-05 22:20	2026-11-05 22:26:00	197	2	84159	84159
J2264	S0046	2026-11-04 12:12	2026-11-04 12:22:00	114A	1	63009	67629
J2904	S0059	2026-11-14 23:26	2026-11-15 01:34:00	518	1	77239	40189
J2620	S0053	2026-11-01 09:51	2026-11-01 10:23:00	190	1	44009	44251
J2137	S0043	2026-11-13 02:10	2026-11-13 02:38:00	S41	1	71121	96309
J1097	S0022	2026-10-31 20:05	2026-10-31 20:23:00	14	1	84281	85049
J2238	S0045	2026-11-23 13:46	2026-11-23 15:00:00	647	2	02171	43649
J2425	S0049	2026-11-13 17:49	2026-11-13 18:10:00	62A	1	63291	62029
J0166	S0004	2026-10-31 11:57	2026-10-31 12:02:00	452	2	40459	41009
J1299	S0026	2026-11-19 21:44	2026-11-19 21:55:00	10	2	76051	75009
J0708	S0015	2026-11-15 16:06	2026-11-15 16:23:00	674	2	40429	40459
J1133	S0023	2026-11-07 04:21	2026-11-07 04:40:00	97	1	14069	03071
J0627	S0013	2026-11-12 14:18	2026-11-12 14:46:00	89e	2	67241	64381
J0030	S0001	2026-11-10 04:59	2026-11-10 05:04:00	961	1	10069	10069
J1871	S0038	2026-11-26 18:23	2026-11-26 18:26:00	856B	1	58161	58139
J2729	S0055	2026-10-25 00:47	2026-10-25 00:49:00	53A	1	95129	95129
J2801	S0057	2026-10-13 02:11	2026-10-13 02:36:00	186	1	11151	11111
J0553	S0012	2026-11-12 21:32	2026-11-12 21:35:00	109	1	63201	63201
J1739	S0035	2026-10-22 00:29	2026-10-22 01:21:00	681	1	63069	50111
J1294	S0026	2026-11-09 03:37	2026-11-09 03:41:00	173A	1	43419	43419
J2570	S0052	2026-11-16 07:28	2026-11-16 07:43:00	913	1	46589	46191
J0428	S0009	2026-10-31 18:24	2026-10-31 19:04:00	961M	1	11079	10109
J2929	S0059	2026-11-09 23:19	2026-11-09 23:22:00	177	1	43249	43239
J2531	S0051	2026-10-31 23:46	2026-11-01 00:06:00	112	1	64051	64239
J2829	S0057	2026-11-11 00:48	2026-11-11 00:54:00	173A	1	43739	43169
J1661	S0034	2026-11-04 11:44	2026-11-04 12:42:00	193	2	25359	23099
J1646	S0033	2026-11-02 17:43	2026-11-02 17:58:00	107	2	01621	01211
J2925	S0059	2026-10-28 07:43	2026-10-28 08:17:00	682	2	09023	67991
J1054	S0022	2026-11-04 03:50	2026-11-04 04:08:00	855	2	53051	56011
J1588	S0032	2026-11-17 13:22	2026-11-17 15:35:00	163	1	67309	52361
J0970	S0020	2026-10-26 23:37	2026-10-27 00:23:00	993	1	40351	28289
J0107	S0003	2026-11-23 01:35	2026-11-23 02:00:00	154B	1	17189	17111
J1536	S0031	2026-11-19 18:32	2026-11-19 18:52:00	676	1	03391	02141
J2578	S0052	2026-10-27 19:53	2026-10-27 19:59:00	861B	1	59421	59421
J2468	S0050	2026-10-15 04:49	2026-10-15 05:45:00	28	2	75061	76391
J1071	S0022	2026-11-02 22:18	2026-11-02 22:21:00	183	1	16059	16059
J2128	S0043	2026-11-17 19:44	2026-11-17 21:14:00	190A	1	44009	08057
J1917	S0039	2026-11-03 14:35	2026-11-03 15:27:00	117	1	65481	68161
J2619	S0053	2026-10-23 00:40	2026-10-23 00:42:00	S41	2	71129	70379
J0717	S0015	2026-10-10 07:38	2026-10-10 08:21:00	974A	1	21371	44029
J0138	S0003	2026-11-16 13:29	2026-11-16 13:34:00	120	1	14171	15041
J0454	S0010	2026-10-12 14:21	2026-10-12 15:05:00	903	1	46088	46009
J1741	S0035	2026-10-22 23:33	2026-10-23 00:14:00	358	1	77239	78081
J0871	S0018	2026-11-24 06:16	2026-11-24 07:36:00	900	1	46009	46399
J2254	S0046	2026-10-29 23:34	2026-10-29 23:38:00	973	1	44639	45009
J2666	S0054	2026-11-17 09:31	2026-11-17 09:48:00	19	1	98019	76229
J1797	S0036	2026-11-11 21:31	2026-11-11 22:01:00	991	1	43571	44071
J0240	S0005	2026-11-01 18:43	2026-11-01 19:16:00	653	2	03218	43251
J1166	S0024	2026-10-16 14:37	2026-10-16 14:54:00	173	1	43419	43389
J0463	S0010	2026-11-14 11:50	2026-11-14 12:00:00	230M	1	52321	52501
J1524	S0031	2026-10-30 05:43	2026-10-30 05:53:00	2	2	97051	97071
J1894	S0038	2026-10-20 10:53	2026-10-20 11:24:00	174	1	41119	11219
J2881	S0058	2026-11-13 17:12	2026-11-13 17:17:00	854	2	55039	55241
J2228	S0045	2026-11-04 14:28	2026-11-04 14:34:00	459	2	65229	65229
J1332	S0027	2026-10-21 13:43	2026-10-21 13:59:00	855	2	55251	59031
J2082	S0042	2026-10-16 23:08	2026-10-16 23:22:00	80A	1	70259	81209
J1706	S0035	2026-11-23 00:00	2026-11-23 00:05:00	661	2	78089	78119
J2105	S0043	2026-11-16 09:13	2026-11-16 09:42:00	674	2	03539	40439
J2530	S0051	2026-10-09 07:54	2026-10-09 08:03:00	502A	1	03519	03529
J0206	S0005	2026-10-18 11:35	2026-10-18 11:41:00	961	2	43061	43071
J1902	S0039	2026-11-02 18:46	2026-11-02 19:04:00	382A	1	65341	65541
J2767	S0056	2026-11-05 23:18	2026-11-05 23:21:00	974	1	23071	24009
J1194	S0024	2026-11-10 23:36	2026-11-10 23:44:00	660	1	03019	03059
J1477	S0030	2026-10-17 11:54	2026-10-17 14:33:00	10	1	93089	15151
J2585	S0052	2026-10-29 08:00	2026-10-29 08:12:00	35M	1	96249	96241
J0532	S0011	2026-11-08 00:36	2026-11-08 01:01:00	856	2	47021	47081
J1419	S0029	2026-11-18 09:22	2026-11-18 10:32:00	911	1	46251	46551
J0480	S0010	2026-11-18 16:24	2026-11-18 16:44:00	184	1	12069	17111
J1121	S0023	2026-10-20 20:59	2026-10-20 21:45:00	104	1	67781	66359
J2286	S0046	2026-10-30 20:03	2026-10-30 20:09:00	178	1	43171	43419
J2185	S0044	2026-10-29 03:48	2026-10-29 06:33:00	518	1	77019	02161
J0477	S0010	2026-11-09 16:09	2026-11-09 17:11:00	70A	1	70289	02171
J1596	S0032	2026-11-19 08:14	2026-11-19 08:39:00	107M	2	62131	63041
J1256	S0026	2026-10-11 17:11	2026-10-11 18:06:00	980	1	50038	01421
J0098	S0002	2026-11-13 04:46	2026-11-13 06:09:00	89	1	78111	64029
J0664	S0014	2026-10-15 00:22	2026-10-15 00:59:00	21	2	52119	50038
J1017	S0021	2026-10-11 08:45	2026-10-11 09:13:00	302A	1	45389	45329
J2820	S0057	2026-10-18 18:47	2026-10-18 18:50:00	163A	1	67009	67009
J2889	S0058	2026-11-24 17:47	2026-11-24 17:55:00	43e	2	67719	67619
J0030	S0001	2026-11-10 06:56	2026-11-10 07:11:00	13	1	93011	93081
J2308	S0047	2026-10-16 08:09	2026-10-16 08:40:00	261	1	54369	54009
J1863	S0038	2026-10-19 09:32	2026-10-19 09:50:00	675	2	03217	63359
J2352	S0048	2026-11-12 22:30	2026-11-12 22:33:00	960e	1	40279	40019
J1353	S0028	2026-10-24 17:07	2026-10-24 17:10:00	34	1	65619	65619
J2827	S0057	2026-11-20 04:21	2026-11-20 06:09:00	30	2	15209	82033
J1508	S0031	2026-11-05 09:05	2026-11-05 09:33:00	381	1	65341	65161
J2010	S0041	2026-11-18 17:37	2026-11-18 17:49:00	252	1	23161	23171
J2536	S0051	2026-11-17 08:14	2026-11-17 08:58:00	61	1	60161	71161
J1582	S0032	2026-11-17 06:12	2026-11-17 08:54:00	51	1	05029	17381
J1751	S0036	2026-11-08 14:32	2026-11-08 14:49:00	649	2	44131	44449
J1281	S0026	2026-11-09 02:51	2026-11-09 02:53:00	117M	2	65489	65489
J1789	S0036	2026-11-13 01:14	2026-11-13 02:25:00	925M	1	46539	49239
J1116	S0023	2026-11-20 11:37	2026-11-20 11:40:00	382	1	65009	65009
J0293	S0006	2026-11-07 07:11	2026-11-07 07:17:00	167	2	58339	58009
J2263	S0046	2026-10-17 18:32	2026-10-17 19:28:00	146	1	63269	61039
J2550	S0051	2026-10-29 16:31	2026-10-29 18:42:00	169	2	56021	58169
J0941	S0019	2026-11-27 01:42	2026-11-27 01:51:00	179A	1	22009	27281
J0301	S0007	2026-11-16 06:11	2026-11-16 06:21:00	110	1	67379	67761
J1253	S0026	2026-10-21 11:59	2026-10-21 12:04:00	922	1	44709	44619
J0989	S0020	2026-10-08 02:22	2026-10-08 02:57:00	249	1	22391	21311
J2454	S0050	2026-10-15 00:41	2026-10-15 00:47:00	254	1	23371	24009
J2043	S0041	2026-11-04 11:23	2026-11-04 13:28:00	197	1	84009	01139
J1283	S0026	2026-11-21 18:33	2026-11-21 18:35:00	979	1	45019	45019
J2741	S0055	2026-11-16 02:38	2026-11-16 03:10:00	157	1	43453	28531
J2933	S0059	2026-11-21 00:51	2026-11-21 01:05:00	666	2	65349	65171
J2900	S0058	2026-10-11 09:41	2026-10-11 09:53:00	12	2	78079	77009
J2725	S0055	2026-11-17 00:04	2026-11-17 00:15:00	675	1	03511	02141
J1756	S0036	2026-11-09 20:13	2026-11-09 20:36:00	88	1	64611	54509
J1692	S0034	2026-11-06 10:07	2026-11-06 11:49:00	27	1	95129	64571
J0860	S0018	2026-10-25 08:50	2026-10-25 10:12:00	111	1	09022	11009
J0486	S0010	2026-10-22 05:08	2026-10-22 06:15:00	299	1	76111	75591
J2935	S0059	2026-10-20 15:19	2026-10-20 16:03:00	965	2	58579	46261
J0952	S0020	2026-10-15 12:19	2026-10-15 12:42:00	102B	1	67631	67401
J1785	S0036	2026-11-05 15:24	2026-11-05 15:59:00	983	1	44099	44009
J1698	S0034	2026-11-05 00:48	2026-11-05 00:54:00	35M	1	84069	84069
J2095	S0042	2026-10-14 04:08	2026-10-14 04:33:00	38	2	96161	76031
J2666	S0054	2026-11-17 09:48	2026-11-17 09:56:00	38	2	76229	76209
J0979	S0020	2026-11-18 01:53	2026-11-18 02:20:00	69	1	75241	84529
J0609	S0013	2026-11-04 05:23	2026-11-04 05:26:00	169	1	54241	54009
J0766	S0016	2026-10-10 21:59	2026-10-10 22:24:00	851	1	10151	10009
J2917	S0059	2026-11-12 06:12	2026-11-12 06:15:00	386	1	65009	65009
J2302	S0047	2026-11-03 22:13	2026-11-03 22:44:00	73	1	64101	54289
J1988	S0040	2026-10-20 19:44	2026-10-20 21:28:00	98	1	21089	28319
J2803	S0057	2026-10-18 01:01	2026-10-18 01:05:00	54	1	10499	10499
J2363	S0048	2026-10-12 00:39	2026-10-12 01:01:00	251	1	22151	22541
J0418	S0009	2026-11-07 18:19	2026-11-07 18:55:00	17	2	96101	76241
J2716	S0055	2026-11-05 07:53	2026-11-05 08:05:00	14	2	94051	85021
J0884	S0018	2026-10-14 03:37	2026-10-14 04:16:00	125	1	80229	60179
J2647	S0053	2026-10-30 16:03	2026-10-30 16:36:00	13	2	52059	54011
J2076	S0042	2026-10-15 08:59	2026-10-15 09:06:00	170	1	46101	46211
J2562	S0052	2026-11-22 20:29	2026-11-22 21:04:00	359	1	77279	77359
J0647	S0013	2026-11-11 01:03	2026-11-11 03:00:00	15	1	92309	75221
J2655	S0054	2026-11-21 06:41	2026-11-21 07:00:00	107	2	63021	64559
J2633	S0053	2026-11-27 02:22	2026-11-27 02:33:00	51A	1	28009	28431
J0417	S0009	2026-11-23 07:51	2026-11-23 08:10:00	44	2	65229	65619
J2336	S0047	2026-11-25 05:20	2026-11-25 05:35:00	163	1	53019	52011
J0142	S0003	2026-10-22 08:47	2026-10-22 08:53:00	666	1	02159	02089
J2872	S0058	2026-11-04 05:41	2026-11-04 05:46:00	382	2	65349	65349
J0853	S0018	2026-11-22 12:49	2026-11-22 13:07:00	677	1	03391	02141
J2841	S0057	2026-11-07 17:43	2026-11-07 17:48:00	138M	1	54009	54009
J2245	S0045	2026-10-31 08:54	2026-10-31 09:35:00	14	1	09022	10101
J1399	S0028	2026-11-20 13:04	2026-11-20 13:31:00	80	1	05419	14141
J2543	S0051	2026-11-04 01:52	2026-11-04 02:26:00	980	1	50019	01621
J0899	S0018	2026-11-12 15:54	2026-11-12 16:09:00	912	1	46351	46371
J0286	S0006	2026-10-29 15:57	2026-10-29 16:09:00	18	1	84261	84591
J0501	S0011	2026-10-11 02:11	2026-10-11 03:07:00	102	1	68201	67381
J1946	S0039	2026-10-26 15:56	2026-10-26 16:00:00	861	1	59209	59209
J0099	S0002	2026-11-05 08:41	2026-11-05 08:49:00	247	1	25509	25479
J0704	S0015	2026-11-16 04:52	2026-11-16 05:16:00	172	1	44399	44689
J2114	S0043	2026-10-27 06:38	2026-10-27 06:40:00	84G	1	65109	65099
J0805	S0017	2026-10-23 10:07	2026-10-23 10:20:00	861B	1	59801	59199
J2592	S0052	2026-11-13 15:02	2026-11-13 15:17:00	131A	1	50159	50199
J1972	S0040	2026-10-13 11:29	2026-10-13 12:11:00	655	2	17381	20201
J2782	S0056	2026-10-09 21:27	2026-10-09 21:36:00	506	2	66009	62129
J2704	S0055	2026-11-26 21:16	2026-11-26 21:29:00	120	1	11521	10299
J2185	S0044	2026-10-29 03:14	2026-10-29 03:36:00	39B	1	65281	77289
J1961	S0040	2026-11-17 23:16	2026-11-17 23:22:00	991A	1	43341	43341
J1363	S0028	2026-10-25 06:35	2026-10-25 06:37:00	27A	1	75279	75279
J0294	S0006	2026-11-07 11:00	2026-11-07 11:58:00	53	1	63281	66099
J0906	S0019	2026-11-08 03:40	2026-11-08 05:46:00	89	1	95039	67181
J0475	S0010	2026-11-14 12:24	2026-11-14 12:29:00	54	2	53009	53009
J0894	S0018	2026-10-29 16:05	2026-10-29 16:12:00	100A	1	70069	70059
J0255	S0006	2026-11-19 12:30	2026-11-19 12:34:00	654	1	03129	03218
J2037	S0041	2026-10-21 07:21	2026-10-21 08:35:00	10e	1	85039	92139
J0185	S0004	2026-11-21 14:35	2026-11-21 14:50:00	160	1	44041	45011
J1086	S0022	2026-11-05 10:40	2026-11-05 10:55:00	257	1	23221	23351
J1695	S0034	2026-11-16 13:22	2026-11-16 13:27:00	453	2	40429	40429
J1427	S0029	2026-11-25 06:05	2026-11-25 06:23:00	123M	1	10141	14039
J0790	S0016	2026-10-10 19:24	2026-10-10 20:06:00	99	1	17009	28081
J1517	S0031	2026-10-27 04:13	2026-10-27 04:19:00	911	1	46561	46009
J1146	S0023	2026-11-26 20:48	2026-11-26 21:43:00	192	1	23041	25169
J0167	S0004	2026-11-27 21:38	2026-11-27 22:11:00	190	1	40229	08069
J2397	S0048	2026-10-08 09:22	2026-10-08 09:26:00	39A	1	65141	65141
J2613	S0053	2026-10-20 03:49	2026-10-20 04:37:00	252	1	23169	24499
J2305	S0047	2026-11-23 15:32	2026-11-23 16:02:00	35	1	95189	96241
J1053	S0022	2026-10-20 00:52	2026-10-20 01:00:00	386	1	65289	65009
J2259	S0046	2026-10-14 01:50	2026-10-14 02:04:00	855	2	53081	56021
J0131	S0003	2026-10-14 12:17	2026-10-14 12:19:00	70B	1	67041	67051
J1555	S0032	2026-11-22 22:46	2026-11-22 23:18:00	41	1	28101	42259
J2514	S0051	2026-11-10 05:03	2026-11-10 05:14:00	53A	1	95151	95109
J0058	S0002	2026-11-05 09:25	2026-11-05 10:10:00	39	1	98091	77231
J1046	S0021	2026-11-04 13:15	2026-11-04 13:31:00	7	2	82011	83062
J0218	S0005	2026-11-26 22:59	2026-11-26 23:44:00	80A	1	65019	63029
J2145	S0043	2026-11-14 10:03	2026-11-14 11:19:00	43e	1	67591	82089
J1033	S0021	2026-10-16 05:51	2026-10-16 05:59:00	188	2	44151	44449
J1101	S0023	2026-11-25 22:46	2026-11-25 22:51:00	502A	1	02161	03509
J2773	S0056	2026-10-29 07:19	2026-10-29 07:27:00	17A	1	84341	84221
J0608	S0013	2026-10-14 14:01	2026-10-14 16:22:00	502	1	03509	22609
J2616	S0053	2026-10-13 00:48	2026-10-13 00:50:00	386A	1	65319	65371
J1304	S0027	2026-10-15 20:36	2026-10-15 21:36:00	657	1	28509	03391
J0844	S0017	2026-10-18 16:41	2026-10-18 16:44:00	855	2	53011	53011
J2851	S0058	2026-11-17 06:49	2026-11-17 08:04:00	63M	1	70221	82009
J1856	S0038	2026-11-22 14:03	2026-11-22 14:41:00	95B	1	16009	18121
J0876	S0018	2026-10-15 10:20	2026-10-15 10:34:00	70A	1	64109	63199
J0652	S0014	2026-10-08 15:52	2026-10-08 16:08:00	18	2	76081	76101
J2701	S0055	2026-11-06 04:41	2026-11-06 04:53:00	861	1	59811	59479
J0517	S0011	2026-10-21 23:13	2026-10-22 01:15:00	15	1	92059	75581
J2363	S0048	2026-10-12 01:01	2026-10-12 01:06:00	251	1	22541	22551
J1221	S0025	2026-11-19 06:26	2026-11-19 06:30:00	359	1	77361	77341
J2301	S0047	2026-10-18 15:31	2026-10-18 15:41:00	84G	1	65099	65009
J2662	S0054	2026-11-23 15:14	2026-11-23 15:38:00	673	2	03129	65541
J1509	S0031	2026-10-19 06:04	2026-10-19 07:23:00	52	1	12079	28449
J1397	S0028	2026-10-10 08:13	2026-10-10 08:29:00	70A	1	70289	70259
J1610	S0033	2026-10-14 17:38	2026-10-14 17:44:00	59	1	52031	52031
J2066	S0042	2026-11-15 03:25	2026-11-15 03:56:00	963e	2	18101	43261
J1764	S0036	2026-10-24 05:39	2026-10-24 06:03:00	807	1	59631	59161
J2258	S0046	2026-11-04 06:24	2026-11-04 08:00:00	962	1	58349	47589
J1107	S0023	2026-10-16 04:21	2026-10-16 04:26:00	55	2	54389	54389
J1884	S0038	2026-11-15 01:19	2026-11-15 01:35:00	34	1	65259	65619
J2622	S0053	2026-11-23 19:29	2026-11-23 19:42:00	73	1	52361	52009
J2434	S0049	2026-11-21 03:20	2026-11-21 06:58:00	174	2	10049	43341
J1253	S0026	2026-10-21 11:41	2026-10-21 11:59:00	972	1	44341	44709
J0089	S0002	2026-10-09 11:30	2026-10-09 11:49:00	72A	1	54471	54651
J0080	S0002	2026-10-19 16:19	2026-10-19 16:24:00	502	1	22459	22469
J1078	S0022	2026-11-15 20:35	2026-11-15 20:37:00	969A	1	55281	55281
J0312	S0007	2026-11-25 02:12	2026-11-25 02:28:00	670	2	59129	59199
J1118	S0023	2026-10-23 19:38	2026-10-23 19:54:00	372	1	67351	65041
J2004	S0041	2026-11-23 20:27	2026-11-23 20:33:00	963	2	46541	46009
J0762	S0016	2026-10-24 00:39	2026-10-24 02:30:00	98	1	21579	21151
J2166	S0044	2026-10-24 09:49	2026-10-24 12:38:00	853M	1	54329	92071
J2700	S0054	2026-10-28 01:28	2026-10-28 02:31:00	131	1	50079	05649
J1858	S0038	2026-10-21 19:07	2026-10-21 20:05:00	159A	1	67009	66519
J1173	S0024	2026-10-19 08:04	2026-10-19 08:42:00	36A	1	02159	09059
J0445	S0009	2026-11-26 14:09	2026-11-26 17:21:00	64	1	04029	70101
J0285	S0006	2026-11-25 20:59	2026-11-25 21:14:00	682	1	67099	50119
J0363	S0008	2026-11-25 15:08	2026-11-25 15:13:00	129B	1	75221	75221
J0276	S0006	2026-11-08 22:39	2026-11-08 23:26:00	174	1	09149	04249
J1144	S0023	2026-10-28 23:29	2026-10-29 00:17:00	965	2	59061	46769
J2470	S0050	2026-10-20 03:52	2026-10-20 06:05:00	12	2	92151	77009
J2117	S0043	2026-11-12 14:50	2026-11-12 15:13:00	296	1	75521	75269
J2844	S0057	2026-10-27 03:16	2026-10-27 04:55:00	33	1	81199	10171
J1201	S0025	2026-11-25 00:25	2026-11-25 00:50:00	189	1	17181	43211
J1430	S0029	2026-10-09 05:13	2026-10-09 05:17:00	114A	1	66551	66561
J1591	S0032	2026-10-19 07:36	2026-10-19 08:27:00	670	2	03539	59139
J0364	S0008	2026-11-16 05:56	2026-11-16 07:34:00	62A	1	64381	81099
J1403	S0029	2026-11-11 21:37	2026-11-11 22:15:00	913T	1	46071	46299
J0243	S0005	2026-10-26 19:10	2026-10-26 19:13:00	53A	1	95029	95029
J1228	S0025	2026-11-03 19:02	2026-11-03 19:36:00	30e	2	15209	81181
J1724	S0035	2026-11-11 07:05	2026-11-11 07:30:00	966A	1	83119	92059
J1216	S0025	2026-10-31 21:01	2026-10-31 22:57:00	170	2	46088	43049
J1923	S0039	2026-10-14 05:52	2026-10-14 06:00:00	981	2	58119	58211
J1664	S0034	2026-11-08 15:10	2026-11-08 17:25:00	65	2	09038	84489
J1117	S0023	2026-10-12 03:13	2026-10-12 03:31:00	170X	2	46059	45139
J0572	S0012	2026-11-08 07:23	2026-11-08 07:42:00	190A	1	40199	08138
J2198	S0044	2026-11-15 18:58	2026-11-15 19:24:00	975	1	44391	30089
J1912	S0039	2026-11-16 02:49	2026-11-16 03:03:00	901M	1	47499	46989
J2357	S0048	2026-10-28 05:29	2026-10-28 05:50:00	243G	1	22441	27391
J2171	S0044	2026-11-08 20:56	2026-11-08 21:16:00	137A	1	84031	84429
J0121	S0003	2026-10-08 19:48	2026-10-08 20:00:00	139A	1	52451	52109
J0859	S0018	2026-10-23 21:04	2026-10-23 21:22:00	127A	1	75009	75271
J2721	S0055	2026-10-20 01:58	2026-10-20 02:02:00	984A	1	30121	30121
J1619	S0033	2026-11-19 23:49	2026-11-20 01:59:00	153	2	63019	10139
J0350	S0007	2026-11-22 13:05	2026-11-22 13:07:00	109A	1	64601	64611
J2798	S0056	2026-10-31 03:57	2026-10-31 04:32:00	372	1	67109	67441
J0313	S0007	2026-11-02 22:10	2026-11-02 23:49:00	62	1	70011	64399
J1250	S0025	2026-11-17 09:50	2026-11-17 10:08:00	13A	1	53379	53231
J0295	S0006	2026-11-22 12:11	2026-11-22 13:59:00	853	1	59049	61029
J0813	S0017	2026-10-09 17:15	2026-10-09 19:18:00	961	2	60019	11061
J0170	S0004	2026-11-22 19:09	2026-11-22 19:12:00	911	1	46551	46009
J1711	S0035	2026-11-12 09:22	2026-11-12 09:35:00	110	1	67341	63009
J0590	S0012	2026-11-25 22:34	2026-11-25 23:11:00	859T	1	58281	57119
J1589	S0032	2026-11-04 01:00	2026-11-04 01:03:00	222A	1	84211	84211
J0055	S0002	2026-10-25 15:03	2026-10-25 15:38:00	86	2	67081	65069
J1435	S0029	2026-10-10 07:33	2026-10-10 07:36:00	125A	1	70359	60219
J0763	S0016	2026-11-07 06:37	2026-11-07 06:45:00	58A	1	62141	62049
J2141	S0043	2026-10-08 07:36	2026-10-08 07:52:00	913M	1	46008	46071
J2708	S0055	2026-11-26 17:45	2026-11-26 17:55:00	73T	1	66139	66129
J2359	S0048	2026-11-07 12:43	2026-11-07 13:55:00	82	1	63341	64389
J2561	S0052	2026-10-20 15:18	2026-10-20 16:05:00	240	1	21179	28091
J1765	S0036	2026-10-28 06:27	2026-10-28 07:39:00	177	1	43151	43161
J2856	S0058	2026-11-12 15:58	2026-11-12 16:43:00	50	1	65801	65521
J1057	S0022	2026-11-15 16:05	2026-11-15 17:13:00	133	2	60161	54011
J2568	S0052	2026-11-13 18:40	2026-11-13 18:46:00	970	1	03218	03239
J2578	S0052	2026-10-27 20:11	2026-10-27 20:19:00	650	2	59581	59639
J0434	S0009	2026-10-24 15:09	2026-10-24 15:25:00	120	1	10199	10079
J0535	S0011	2026-10-08 04:12	2026-10-08 04:15:00	980	1	01341	01341
J2683	S0054	2026-11-15 12:27	2026-11-15 14:37:00	30	1	14081	20211
J0972	S0020	2026-10-09 20:02	2026-10-09 20:23:00	661	2	78199	78119
J1547	S0031	2026-10-10 01:40	2026-10-10 01:57:00	240	1	21571	21621
J2353	S0048	2026-10-16 07:23	2026-10-16 07:54:00	181	2	40399	27389
J1836	S0037	2026-11-13 12:34	2026-11-13 13:10:00	857A	1	55269	55071
J0451	S0010	2026-11-16 19:53	2026-11-16 20:12:00	137A	1	84351	84379
J0971	S0020	2026-10-20 08:00	2026-10-20 08:02:00	291	1	76401	76401
J1795	S0036	2026-10-18 06:56	2026-10-18 07:42:00	184	1	44231	43019
J0018	S0001	2026-10-23 17:49	2026-10-23 17:59:00	88B	1	66451	66461
J2609	S0053	2026-11-05 17:01	2026-11-05 17:44:00	854	1	63331	71081
J1995	S0040	2026-11-18 01:12	2026-11-18 01:18:00	119	1	67419	67599
J1965	S0040	2026-10-27 02:26	2026-10-27 03:21:00	58	1	75411	77209
J1611	S0033	2026-11-16 16:53	2026-11-16 16:59:00	871	1	40449	40459
J2044	S0041	2026-11-09 04:15	2026-11-09 05:29:00	853	2	60161	54311
J1098	S0022	2026-11-07 11:22	2026-11-07 12:03:00	965	1	46419	59279
J2442	S0049	2026-10-15 22:00	2026-10-16 00:48:00	178	1	46009	43181
J0968	S0020	2026-11-16 22:58	2026-11-16 23:41:00	803	1	59009	59009
J0259	S0006	2026-11-24 16:28	2026-11-24 16:43:00	197	2	93011	93041
J2337	S0047	2026-11-06 17:43	2026-11-06 18:52:00	307	1	45339	44439
J0221	S0005	2026-11-20 12:11	2026-11-20 12:17:00	129	1	52411	52129
J2949	S0059	2026-10-28 13:24	2026-10-28 13:48:00	666	1	03381	02159
J1588	S0032	2026-11-17 13:20	2026-11-17 13:22:00	163A	1	67309	67309
J0959	S0020	2026-10-12 20:49	2026-10-12 21:01:00	248	1	25009	25421
J1124	S0023	2026-10-28 11:23	2026-10-28 12:44:00	189	1	42319	43211
J1875	S0038	2026-10-25 23:39	2026-10-25 23:52:00	973A	1	45009	44229
J0392	S0008	2026-11-24 04:56	2026-11-24 05:02:00	975B	1	32071	33021
J2050	S0041	2026-10-24 15:41	2026-10-24 15:48:00	457	1	64249	64239
J1628	S0033	2026-11-11 05:13	2026-11-11 05:43:00	261	1	54609	54009
J2745	S0055	2026-11-05 22:46	2026-11-05 22:48:00	192	2	22259	22009
J1934	S0039	2026-11-22 19:13	2026-11-22 19:19:00	459	1	65271	65261
J1375	S0028	2026-11-26 11:24	2026-11-26 13:00:00	912	1	46871	46511
J1337	S0027	2026-11-17 23:02	2026-11-18 00:13:00	976	1	44451	44219
J0953	S0020	2026-10-08 12:08	2026-10-08 12:13:00	34A	1	75131	76059
J0773	S0016	2026-10-26 21:00	2026-10-26 21:07:00	147	2	64059	64049
J0588	S0012	2026-11-05 13:01	2026-11-05 13:35:00	854e	1	59049	63321
J1883	S0038	2026-11-13 19:51	2026-11-13 19:53:00	167	1	10041	10051
J2399	S0048	2026-11-20 02:37	2026-11-20 02:53:00	95	1	18149	18221
J0354	S0008	2026-11-12 08:47	2026-11-12 09:54:00	80	2	81211	63021
J1947	S0039	2026-10-10 16:57	2026-10-10 17:08:00	382W	1	65579	65009
J1286	S0026	2026-11-23 05:45	2026-11-23 06:00:00	173	1	42309	42209
J1714	S0035	2026-11-24 02:46	2026-11-24 02:59:00	55	1	92081	93041
J1099	S0022	2026-10-29 18:20	2026-10-29 18:24:00	85A	1	67391	67391
J2693	S0054	2026-10-25 06:28	2026-10-25 06:43:00	333	1	28461	28459
J2098	S0042	2026-10-10 16:54	2026-10-10 17:19:00	68A	1	75469	76521
J2906	S0059	2026-11-03 03:44	2026-11-03 04:02:00	410G	1	53339	53389
J0870	S0018	2026-10-11 04:49	2026-10-11 05:28:00	166	2	15059	14011
J1200	S0024	2026-11-03 08:47	2026-11-03 10:52:00	5	1	97121	71091
J1787	S0036	2026-10-23 20:50	2026-10-23 21:07:00	307	1	44299	44411
J0031	S0001	2026-11-14 01:50	2026-11-14 03:07:00	29	1	76231	99009
J2067	S0042	2026-11-13 23:41	2026-11-14 00:33:00	29	1	97069	76391
J0292	S0006	2026-10-31 19:26	2026-10-31 22:27:00	54	1	53289	10011
J2329	S0047	2026-10-24 05:22	2026-10-24 05:30:00	173	1	20109	17009
J0744	S0015	2026-10-17 02:33	2026-10-17 02:39:00	14e	1	93069	93059
J1429	S0029	2026-10-13 01:14	2026-10-13 01:38:00	12e	2	10499	01012
J0543	S0011	2026-10-18 10:28	2026-10-18 10:53:00	10e	1	92139	92099
J1448	S0029	2026-11-04 05:46	2026-11-04 06:32:00	882	1	58219	58089
J2221	S0045	2026-11-27 13:30	2026-11-27 13:36:00	129A	1	75259	62071
J2331	S0047	2026-11-16 22:27	2026-11-17 00:39:00	80	2	05411	62041
J2501	S0051	2026-11-24 03:58	2026-11-24 04:03:00	195A	1	14249	14279
J0036	S0001	2026-11-20 01:43	2026-11-20 01:45:00	52	2	53229	53009
J1700	S0034	2026-11-21 03:01	2026-11-21 03:07:00	178A	1	45139	45139
J0228	S0005	2026-10-24 12:16	2026-10-24 12:29:00	132	1	10209	10349
J2861	S0058	2026-10-16 20:52	2026-10-16 21:06:00	307T	1	44471	44469
J0688	S0014	2026-11-09 02:18	2026-11-09 02:41:00	805	1	59341	59741
J1043	S0021	2026-10-22 01:58	2026-10-22 02:07:00	23	1	07221	60121
J1796	S0036	2026-10-15 09:10	2026-10-15 09:20:00	57	1	14369	14209
J2634	S0053	2026-10-11 01:12	2026-10-11 01:33:00	991	1	45451	44129
J0492	S0010	2026-10-10 14:08	2026-10-10 15:01:00	34B	1	95109	76109
J2763	S0056	2026-10-25 12:05	2026-10-25 12:13:00	241A	1	27309	22459
J2418	S0049	2026-10-31 03:38	2026-10-31 04:47:00	47	1	93131	92061
J1188	S0024	2026-10-21 09:56	2026-10-21 10:02:00	225W	1	84449	84449
J1090	S0022	2026-11-15 09:56	2026-11-15 10:30:00	117	1	59509	59091
J2133	S0043	2026-11-19 12:29	2026-11-19 13:15:00	9	1	76109	85089
J0764	S0016	2026-11-25 08:59	2026-11-25 09:05:00	7A	1	04111	04111
J1658	S0034	2026-10-15 07:38	2026-10-15 07:42:00	143M	1	28231	28241
J1366	S0028	2026-11-09 10:22	2026-11-09 11:13:00	156	1	53211	40249
J2623	S0053	2026-11-18 21:04	2026-11-18 21:21:00	16	2	09038	04179
J2165	S0044	2026-10-22 05:53	2026-10-22 07:42:00	106	1	20109	04179
J0164	S0004	2026-11-02 01:44	2026-11-02 02:11:00	78	1	20271	29009
J0825	S0017	2026-11-08 23:45	2026-11-09 01:10:00	117M	1	69009	59779
J2120	S0043	2026-11-24 17:01	2026-11-24 17:48:00	251	1	23399	22541
J0636	S0013	2026-10-29 01:04	2026-10-29 01:16:00	852	2	59031	58991
J0681	S0014	2026-10-12 13:54	2026-10-12 13:59:00	681	2	64061	64401
J1085	S0022	2026-11-12 15:49	2026-11-12 15:57:00	58	1	75351	77279
J2804	S0057	2026-10-18 20:31	2026-10-18 20:48:00	147	1	10071	10091
J0339	S0007	2026-11-10 04:58	2026-11-10 05:08:00	116A	1	66379	66359
J2507	S0051	2026-11-16 16:50	2026-11-16 19:55:00	165	2	17101	66101
J0566	S0012	2026-10-15 18:57	2026-10-15 19:28:00	269A	1	54181	55199
J2417	S0049	2026-10-14 12:11	2026-10-14 12:21:00	382	1	65491	65441
J1706	S0035	2026-11-23 00:05	2026-11-23 02:51:00	5	1	78119	50037
J0027	S0001	2026-11-15 06:50	2026-11-15 07:39:00	678	2	03129	65389
J0585	S0012	2026-11-23 01:02	2026-11-23 01:11:00	243G	1	22369	22009
J2051	S0042	2026-11-13 21:47	2026-11-14 00:01:00	811	1	59211	59429
J1587	S0032	2026-11-12 03:15	2026-11-12 03:26:00	117M	1	68091	68101
J0616	S0013	2026-10-29 12:44	2026-10-29 14:21:00	9	1	99031	99019
J2275	S0046	2026-10-12 07:32	2026-10-12 07:45:00	104	2	65641	65661
J1764	S0036	2026-10-24 05:23	2026-10-24 05:34:00	807C	1	59431	59571
J0024	S0001	2026-11-25 06:28	2026-11-25 06:51:00	31A	1	96289	85099
J0097	S0002	2026-10-18 06:35	2026-10-18 06:39:00	925A	1	49159	49159
J0759	S0016	2026-10-22 00:33	2026-10-22 00:46:00	154A	1	21551	21751
J0598	S0012	2026-11-08 20:19	2026-11-08 20:25:00	117M	2	65349	65349
J0262	S0006	2026-10-25 09:37	2026-10-25 11:43:00	200	1	11181	15091
J2045	S0041	2026-10-28 16:53	2026-10-28 18:09:00	38	1	76201	84071
J2501	S0051	2026-11-24 03:55	2026-11-24 03:58:00	145A	1	14249	14249
J0194	S0004	2026-11-22 12:14	2026-11-22 12:17:00	58	2	53231	53229
J2654	S0054	2026-10-13 17:15	2026-10-13 18:01:00	58	1	62059	71081
J0743	S0015	2026-11-02 06:36	2026-11-02 09:23:00	860	1	59541	56059
J2206	S0045	2026-11-18 04:08	2026-11-18 04:14:00	253	1	23479	24009
J0966	S0020	2026-10-23 14:54	2026-10-23 14:59:00	371	1	67239	67239
J0205	S0005	2026-11-19 09:02	2026-11-19 09:27:00	676	1	64309	63049
J1491	S0030	2026-11-18 00:52	2026-11-18 01:17:00	159	2	54651	64491
J1315	S0027	2026-11-21 06:38	2026-11-21 08:05:00	136	2	67141	66039
J2836	S0057	2026-11-26 05:51	2026-11-26 05:54:00	139	2	52419	52419
J1939	S0039	2026-11-18 22:02	2026-11-18 22:19:00	298	1	75579	74009
J1302	S0027	2026-11-04 15:03	2026-11-04 15:06:00	139A	1	52109	52109
J1030	S0021	2026-11-01 19:07	2026-11-01 20:09:00	100	1	14161	11009
J2771	S0056	2026-10-29 18:43	2026-10-29 19:03:00	17	2	98091	78159
J0260	S0006	2026-11-25 01:36	2026-11-25 01:44:00	168A	1	75319	75299
J0500	S0010	2026-10-24 22:13	2026-10-24 23:33:00	861	1	59429	59221
J2351	S0048	2026-11-14 07:08	2026-11-14 07:16:00	649	1	44289	44139
J2850	S0057	2026-11-16 12:21	2026-11-16 12:25:00	811A	1	59159	59159
J2785	S0056	2026-11-07 18:15	2026-11-07 18:54:00	100	2	14109	01611
J2745	S0055	2026-11-05 22:30	2026-11-05 22:46:00	243G	1	22239	22259
J2232	S0045	2026-11-17 09:11	2026-11-17 09:38:00	96B	1	16189	17161
J0795	S0016	2026-11-11 04:57	2026-11-11 06:52:00	45	1	85031	66099
J0036	S0001	2026-11-20 01:27	2026-11-20 01:43:00	50	2	54329	53229
J2607	S0053	2026-11-19 22:22	2026-11-19 22:26:00	502	1	22199	22609
J0567	S0012	2026-10-27 04:29	2026-10-27 04:44:00	976	1	44009	44121
J2531	S0051	2026-10-31 23:34	2026-10-31 23:39:00	132	2	63061	63061
J0339	S0007	2026-11-10 10:15	2026-11-10 10:19:00	53	1	53241	53269
J0870	S0018	2026-10-11 05:28	2026-10-11 06:10:00	65	2	14011	13141
J2102	S0043	2026-11-07 12:32	2026-11-07 13:05:00	174	2	42161	43401
J2389	S0048	2026-11-21 22:50	2026-11-21 23:54:00	268	1	54281	54269
J2501	S0051	2026-11-24 04:03	2026-11-24 04:43:00	195	1	14279	13121
J1016	S0021	2026-10-20 01:50	2026-10-20 03:11:00	101	1	66601	63019
J0472	S0010	2026-10-29 02:26	2026-10-29 03:05:00	650	1	59639	02049
J1428	S0029	2026-11-12 20:14	2026-11-12 21:04:00	646	1	75521	75051
J2645	S0053	2026-11-04 17:38	2026-11-04 18:01:00	925M	1	49211	49129
J0962	S0020	2026-11-13 09:40	2026-11-13 12:17:00	109	2	98079	66059
J1065	S0022	2026-10-21 13:57	2026-10-21 15:12:00	135	2	92069	70221
J2819	S0057	2026-11-15 19:41	2026-11-15 20:48:00	30e	1	84009	16031
J1247	S0025	2026-10-10 06:46	2026-10-10 07:15:00	925	1	49029	45039
J1492	S0030	2026-10-24 13:38	2026-10-24 15:09:00	59	1	84601	99041
J1302	S0027	2026-11-04 15:06	2026-11-04 16:30:00	131A	1	52109	04179
J2760	S0056	2026-10-21 23:48	2026-10-22 00:23:00	86A	1	68029	55089
J1716	S0035	2026-10-31 00:44	2026-10-31 00:49:00	21A	1	07329	07231
J1545	S0031	2026-10-31 13:59	2026-10-31 14:05:00	113	1	64379	64031
J2654	S0054	2026-10-13 18:01	2026-10-13 18:14:00	87	1	71081	84709
J1034	S0021	2026-10-15 15:14	2026-10-15 15:20:00	57	2	51011	52071
J2349	S0047	2026-10-26 10:14	2026-10-26 11:28:00	861A	1	58521	59761
J2410	S0049	2026-11-12 13:26	2026-11-12 13:51:00	975	1	30021	44071
J0245	S0005	2026-11-05 03:41	2026-11-05 04:50:00	656	2	03111	58129
J1807	S0037	2026-10-18 19:37	2026-10-18 20:52:00	265	1	54409	55311
J0944	S0019	2026-11-06 21:28	2026-11-06 21:32:00	285	1	17171	17009
J0530	S0011	2026-11-19 02:05	2026-11-19 02:16:00	252	1	22319	22009
J0958	S0020	2026-11-12 02:57	2026-11-12 05:17:00	157	2	28519	51111
J0875	S0018	2026-10-28 21:20	2026-10-28 21:49:00	993	1	28441	43459
J1296	S0026	2026-11-04 01:16	2026-11-04 02:40:00	34	1	76249	65081
J1475	S0030	2026-11-18 21:22	2026-11-18 21:28:00	56	2	53009	53009
J2834	S0057	2026-10-24 01:53	2026-10-24 04:10:00	147	2	11019	62131
J1463	S0030	2026-10-27 14:53	2026-10-27 15:43:00	162	1	53181	53359
J2108	S0043	2026-10-23 17:19	2026-10-23 17:31:00	684	1	03241	03071
J2475	S0050	2026-10-08 00:15	2026-10-08 00:29:00	102B	1	67099	67631
J2230	S0045	2026-10-22 15:37	2026-10-22 15:43:00	975A	1	44079	30089
J1855	S0038	2026-10-23 16:25	2026-10-23 16:30:00	679	2	55101	67011
J1620	S0033	2026-10-22 21:55	2026-10-22 21:59:00	10e	1	85019	85019
J2709	S0055	2026-10-25 18:46	2026-10-25 18:52:00	163	1	52269	52501
J2292	S0046	2026-11-03 18:13	2026-11-03 19:44:00	883M	1	59529	58009
J0420	S0009	2026-11-09 10:17	2026-11-09 11:03:00	42	1	83329	83219
J0152	S0004	2026-11-05 20:56	2026-11-05 21:22:00	235	1	52291	52551
J0196	S0004	2026-11-13 01:52	2026-11-13 03:18:00	48	1	84101	82059
J2088	S0042	2026-11-08 17:19	2026-11-08 17:53:00	183	1	16109	17151
J1743	S0035	2026-10-25 17:43	2026-10-25 17:49:00	7	1	08121	08121
J0284	S0006	2026-10-15 15:23	2026-10-15 15:28:00	651	2	27399	27389
J2523	S0051	2026-10-25 20:31	2026-10-25 20:37:00	804	1	59419	59639
J0591	S0012	2026-11-05 05:02	2026-11-05 08:06:00	105	2	28019	66391
J0976	S0020	2026-10-12 18:23	2026-10-12 18:47:00	195	1	14249	10169
J0093	S0002	2026-10-27 05:27	2026-10-27 05:29:00	17A	1	84271	84591
J2659	S0054	2026-10-23 15:48	2026-10-23 17:35:00	166	1	53059	10021
J1776	S0036	2026-10-16 20:34	2026-10-16 20:51:00	665	2	46199	46169
J0848	S0017	2026-11-25 00:13	2026-11-25 00:22:00	198A	1	21361	21421
J2855	S0058	2026-11-04 02:05	2026-11-04 02:20:00	963e	1	43161	16099
J1358	S0028	2026-10-12 07:31	2026-10-12 08:00:00	672	1	64561	64239
J2219	S0045	2026-10-19 07:33	2026-10-19 07:37:00	S41	2	72041	72041
J1063	S0022	2026-11-18 06:38	2026-11-18 06:40:00	248	1	25009	25009
J0435	S0009	2026-11-03 15:57	2026-11-03 16:51:00	106	2	11221	17171
J1234	S0025	2026-10-14 03:28	2026-10-14 03:32:00	660M	2	66579	66609
J0280	S0006	2026-11-13 19:42	2026-11-13 19:47:00	57	1	14161	14161
J0541	S0011	2026-11-23 00:39	2026-11-23 02:00:00	975	1	34039	30011
J1779	S0036	2026-10-25 10:11	2026-10-25 10:33:00	240M	1	28091	21429
J1622	S0033	2026-10-10 19:09	2026-10-10 19:35:00	198A	1	28409	28469
J2375	S0048	2026-10-08 07:37	2026-10-08 07:42:00	12e	1	10011	10499
J1161	S0024	2026-10-27 07:19	2026-10-27 08:28:00	162	1	54339	53049
J0793	S0016	2026-11-05 07:30	2026-11-05 07:47:00	654	2	67139	67251
J2523	S0051	2026-10-25 20:37	2026-10-25 21:10:00	807B	1	59639	59309
J1947	S0039	2026-10-10 16:41	2026-10-10 16:51:00	382	2	65499	65549
J1918	S0039	2026-11-05 09:53	2026-11-05 10:03:00	965A	1	46449	46409
J0239	S0005	2026-11-21 13:30	2026-11-21 15:21:00	105	1	51099	19031
J1240	S0025	2026-10-28 03:09	2026-10-28 05:04:00	518	1	75241	77209
J2341	S0047	2026-11-14 12:58	2026-11-14 13:39:00	859T	1	58321	58019
J2642	S0053	2026-11-05 08:52	2026-11-05 09:08:00	91	1	18029	18081
J1358	S0028	2026-10-12 08:00	2026-10-12 08:03:00	457	1	64239	70281
J0394	S0008	2026-11-25 17:01	2026-11-25 17:11:00	230M	1	52501	52009
J0052	S0002	2026-11-13 23:30	2026-11-14 00:19:00	186	1	11141	41019
J1045	S0021	2026-11-22 01:24	2026-11-22 01:39:00	980	1	01621	01421
J2860	S0058	2026-10-27 18:16	2026-10-27 19:29:00	50	2	67061	54531
J1573	S0032	2026-10-21 04:50	2026-10-21 08:46:00	961M	1	46539	10099
J0605	S0013	2026-11-18 06:18	2026-11-18 06:47:00	240A	1	21581	28091
J2173	S0044	2026-10-15 18:06	2026-10-15 18:12:00	870	1	40459	41009
J1681	S0034	2026-11-01 16:13	2026-11-01 16:19:00	21A	1	07329	07329
J1416	S0029	2026-10-12 02:30	2026-10-12 02:50:00	72	2	54499	54359
J1283	S0026	2026-11-21 18:35	2026-11-21 21:22:00	961	1	45019	10119
J2672	S0054	2026-10-23 13:44	2026-10-23 14:27:00	965A	1	46269	58581
J0383	S0008	2026-11-12 06:19	2026-11-12 06:50:00	86	2	67231	67199
J2573	S0052	2026-10-21 15:30	2026-10-21 15:37:00	911T	1	46589	46088
J2917	S0059	2026-11-12 06:15	2026-11-12 08:21:00	62A	1	65009	70309
J2316	S0047	2026-10-29 16:26	2026-10-29 17:37:00	70	2	63361	55221
J0873	S0018	2026-11-07 04:47	2026-11-07 05:08:00	665	2	04121	46659
J2808	S0057	2026-10-26 14:10	2026-10-26 14:21:00	72A	1	54491	54651
J0632	S0013	2026-11-18 05:33	2026-11-18 06:05:00	5B	1	96259	96051
J1968	S0040	2026-10-19 04:53	2026-10-19 06:47:00	10	1	96289	92129
J0622	S0013	2026-11-03 12:39	2026-11-03 12:52:00	146	1	61039	61139
J1691	S0034	2026-11-25 10:41	2026-11-25 10:44:00	871A	1	43809	43549
J0588	S0012	2026-11-05 13:35	2026-11-05 14:15:00	55	1	63321	62241
J1436	S0029	2026-10-19 00:41	2026-10-19 01:06:00	183	1	16071	17091
J0941	S0019	2026-11-27 02:09	2026-11-27 02:18:00	179A	1	27221	27241
J1396	S0028	2026-11-23 08:17	2026-11-23 11:06:00	5	2	50041	78111
J1013	S0021	2026-11-25 14:48	2026-11-25 14:59:00	174e	2	13011	42161
J0093	S0002	2026-10-27 05:29	2026-10-27 06:36:00	17	2	84591	78229
J2511	S0051	2026-11-25 15:53	2026-11-25 16:54:00	197	1	84009	92241
J0013	S0001	2026-10-13 12:26	2026-10-13 13:32:00	72	2	63241	54659
J2762	S0056	2026-10-30 02:00	2026-10-30 02:03:00	156	1	17161	17171
J2143	S0043	2026-11-20 02:49	2026-11-20 03:19:00	268B	1	55309	54189
J1494	S0030	2026-11-26 03:06	2026-11-26 03:12:00	974A	1	44539	44539
J2725	S0055	2026-11-16 23:30	2026-11-17 00:04:00	S42	2	70231	03511
J1297	S0026	2026-11-06 23:31	2026-11-06 23:47:00	104	1	67791	64129
J2675	S0054	2026-10-22 08:22	2026-10-22 08:24:00	107	2	64559	64009
J2831	S0057	2026-10-23 01:30	2026-10-23 01:39:00	122	1	10017	06051
J1847	S0037	2026-10-27 08:18	2026-10-27 08:21:00	660M	2	63381	63381
J1964	S0040	2026-11-21 03:22	2026-11-21 03:29:00	30	2	84011	84009
J1796	S0036	2026-10-15 08:32	2026-10-15 09:10:00	195A	1	11061	14369
J1241	S0025	2026-10-19 02:12	2026-10-19 02:45:00	43A	1	64109	63369
J1925	S0039	2026-10-13 20:49	2026-10-13 20:59:00	84G	1	65711	65721
J1393	S0028	2026-11-27 14:12	2026-11-27 14:52:00	118	1	75359	75051
J2722	S0055	2026-11-06 03:57	2026-11-06 04:03:00	196e	2	93011	93021
J1062	S0022	2026-11-15 20:25	2026-11-15 20:45:00	35M	1	96219	85099
J1563	S0032	2026-10-23 10:00	2026-10-23 10:04:00	124	2	52499	52499
J1180	S0024	2026-11-19 21:54	2026-11-19 23:10:00	58	1	72039	77009
J0871	S0018	2026-11-24 07:43	2026-11-24 08:40:00	178A	1	46009	46029
J1402	S0029	2026-11-21 06:01	2026-11-21 06:03:00	249	1	21341	21351
J2777	S0056	2026-10-24 12:51	2026-10-24 15:05:00	169	1	47821	56079
J1063	S0022	2026-11-18 06:40	2026-11-18 07:35:00	193	2	25009	25359
J2481	S0050	2026-11-17 13:20	2026-11-17 13:23:00	372	1	67391	67391
J2071	S0042	2026-10-24 23:33	2026-10-25 00:18:00	84W	1	65091	65461
J1415	S0029	2026-11-05 23:38	2026-11-05 23:42:00	969	2	46009	46009
J0515	S0011	2026-10-14 05:50	2026-10-14 08:19:00	45	1	85021	54581
J2504	S0051	2026-10-13 02:39	2026-10-13 03:19:00	100	2	11029	14119
J1802	S0037	2026-10-17 03:04	2026-10-17 03:26:00	83T	1	65239	65069
J1947	S0039	2026-10-10 16:51	2026-10-10 16:57:00	382W	1	65549	65579
J0792	S0016	2026-10-14 11:17	2026-10-14 13:06:00	67	2	83079	40031
J2305	S0047	2026-11-23 15:17	2026-11-23 15:32:00	35	1	95161	95189
J0898	S0018	2026-11-22 16:35	2026-11-22 16:57:00	107M	2	62131	63041
J2759	S0056	2026-10-15 07:05	2026-10-15 08:15:00	72	1	64521	73031
J2477	S0050	2026-11-10 02:10	2026-11-10 02:23:00	991B	1	44009	44889
J0353	S0008	2026-11-17 13:29	2026-11-17 14:41:00	853M	1	59019	66379
J0721	S0015	2026-11-13 12:27	2026-11-13 14:37:00	857	1	55081	60161
J0670	S0014	2026-11-08 02:15	2026-11-08 02:31:00	117A	1	59759	59729
J0269	S0006	2026-10-08 18:55	2026-10-08 20:51:00	139	2	13051	52071
J2627	S0053	2026-11-04 22:05	2026-11-04 22:09:00	87	2	67209	67199
J1113	S0023	2026-11-05 14:05	2026-11-05 14:11:00	985	1	80109	80009
J1936	S0039	2026-10-13 03:36	2026-10-13 06:23:00	12	2	80051	98091
J1767	S0036	2026-10-24 23:36	2026-10-25 00:48:00	11	1	80149	80111
J2269	S0046	2026-10-18 11:18	2026-10-18 12:24:00	59	2	99009	76089
J2806	S0057	2026-11-21 06:50	2026-11-21 08:44:00	167	2	51031	57131
J2466	S0050	2026-11-14 15:10	2026-11-14 15:16:00	10	1	16041	16041
J2272	S0046	2026-10-12 04:20	2026-10-12 04:26:00	80	1	14141	14141
J1008	S0021	2026-10-25 11:43	2026-10-25 12:26:00	89	1	77179	67241
J2762	S0056	2026-10-30 02:03	2026-10-30 02:15:00	52	1	17171	28011
J0983	S0020	2026-10-26 19:03	2026-10-26 19:27:00	382	2	65489	65549
J1781	S0036	2026-10-28 23:18	2026-10-28 23:25:00	70B	1	63199	63189
J2294	S0046	2026-11-23 19:10	2026-11-23 21:08:00	51	1	81049	11141
J0325	S0007	2026-11-01 17:26	2026-11-01 18:14:00	45	1	84069	71069
J1981	S0040	2026-11-20 20:48	2026-11-20 22:01:00	174	1	13019	10041
J2033	S0041	2026-10-11 23:07	2026-10-12 00:46:00	166	2	14139	50031
J1268	S0026	2026-10-10 23:53	2026-10-10 23:55:00	177	1	43009	43009
J1545	S0031	2026-10-31 13:20	2026-10-31 13:59:00	113	1	63289	64379
J1340	S0027	2026-10-22 20:16	2026-10-22 20:59:00	75	2	43071	44051
J2586	S0052	2026-11-25 09:42	2026-11-25 10:31:00	677	2	03509	67309
J0288	S0006	2026-10-17 03:51	2026-10-17 03:54:00	162	1	53359	53349
J1634	S0033	2026-11-10 17:33	2026-11-10 17:37:00	649	2	44491	44501
J2282	S0046	2026-10-22 05:40	2026-10-22 05:55:00	925A	1	49121	49159
J1818	S0037	2026-10-18 23:23	2026-10-19 00:27:00	160	1	43781	45031
J2326	S0047	2026-10-23 02:02	2026-10-23 02:12:00	681	1	09011	09023
J1802	S0037	2026-10-17 02:56	2026-10-17 03:04:00	85	1	65271	65239
J1616	S0033	2026-11-10 16:22	2026-11-10 16:41:00	649	2	44491	44581
J1425	S0029	2026-11-23 22:52	2026-11-23 23:10:00	882	1	58501	58091
J1535	S0031	2026-11-26 14:07	2026-11-26 14:38:00	47	1	93031	84079
J1896	S0038	2026-10-08 03:57	2026-10-08 04:19:00	984	1	44141	43991
J0101	S0003	2026-10-30 19:24	2026-10-30 19:53:00	175	1	14219	06051
J1066	S0022	2026-10-12 19:38	2026-10-12 19:51:00	831G	1	40419	41009
J1812	S0037	2026-10-23 14:11	2026-10-23 14:40:00	967	1	46629	47009
J0059	S0002	2026-10-11 14:04	2026-10-11 14:10:00	154B	1	12101	12101
J0884	S0018	2026-10-14 02:32	2026-10-14 03:11:00	76	1	62019	81111
J1273	S0026	2026-10-23 06:38	2026-10-23 07:24:00	811A	1	59179	57119
J1670	S0034	2026-10-30 06:04	2026-10-30 06:11:00	143	1	20209	20261
J1095	S0022	2026-10-12 06:52	2026-10-12 07:33:00	61	2	11401	12061
J0707	S0015	2026-11-21 05:48	2026-11-21 06:08:00	133	1	02171	03529
J0390	S0008	2026-11-06 21:42	2026-11-06 21:44:00	33	2	84011	84021
J1927	S0039	2026-11-24 01:33	2026-11-24 01:38:00	983	1	44499	44009
J1750	S0035	2026-10-09 04:02	2026-10-09 04:46:00	168	1	84009	75051
J2322	S0047	2026-11-10 20:33	2026-11-10 23:21:00	30	1	14141	21571
J0276	S0006	2026-11-08 22:26	2026-11-08 22:39:00	77	1	13029	09149
J1479	S0030	2026-11-27 08:50	2026-11-27 10:04:00	963	2	43621	44211
J1556	S0032	2026-11-24 10:13	2026-11-24 11:01:00	900	1	46951	58469
J0951	S0020	2026-11-06 01:24	2026-11-06 01:36:00	655	1	17389	17019
J2227	S0045	2026-11-26 02:49	2026-11-26 04:25:00	518A	1	77201	40179
J2000	S0040	2026-11-23 04:10	2026-11-23 04:24:00	282	1	17241	17009
J0703	S0015	2026-10-24 22:50	2026-10-25 00:16:00	240	1	21431	21621
J1228	S0025	2026-11-03 15:29	2026-11-03 15:52:00	178	1	45019	44029
J1649	S0033	2026-11-06 05:12	2026-11-06 05:30:00	104	1	63369	62169
J2124	S0043	2026-11-22 08:45	2026-11-22 09:37:00	167	2	05629	08121
J1080	S0022	2026-11-23 11:32	2026-11-23 12:36:00	871A	1	40441	43569
J1105	S0023	2026-11-20 04:53	2026-11-20 06:23:00	125	1	70011	52499
J2011	S0041	2026-10-18 17:17	2026-10-18 19:07:00	153	2	52279	10009
J2166	S0044	2026-10-24 12:38	2026-10-24 13:02:00	55	1	92071	94011
J0014	S0001	2026-11-24 18:04	2026-11-24 18:10:00	130	1	54248	53209
J2770	S0056	2026-10-21 22:55	2026-10-21 23:17:00	169A	1	58171	58069
J0586	S0012	2026-11-10 01:47	2026-11-10 04:08:00	974	1	22529	22521
J0659	S0014	2026-11-19 05:19	2026-11-19 06:52:00	67	1	07249	84521
J2734	S0055	2026-11-24 06:54	2026-11-24 07:05:00	43e	1	82089	92249
J1564	S0032	2026-10-17 06:31	2026-10-17 06:33:00	254	1	24691	24691
J1440	S0029	2026-10-29 07:08	2026-10-29 07:28:00	87	1	64429	64239
J2700	S0054	2026-10-28 02:31	2026-10-28 03:18:00	57	1	05649	15041
J2240	S0045	2026-11-07 16:17	2026-11-07 18:12:00	52	1	53019	28009
J1830	S0037	2026-10-22 16:13	2026-10-22 16:35:00	920	1	44829	44809
J0200	S0004	2026-10-31 06:49	2026-10-31 07:11:00	912A	1	46631	46779
J2257	S0046	2026-11-12 00:04	2026-11-12 01:05:00	101	1	66581	63059
J1085	S0022	2026-11-12 15:24	2026-11-12 15:49:00	118B	1	75371	75351
J0599	S0012	2026-11-12 01:57	2026-11-12 02:15:00	976	1	44229	45009
J2833	S0057	2026-11-16 20:38	2026-11-16 21:11:00	90A	1	70101	71031
J0330	S0007	2026-11-17 16:42	2026-11-17 17:24:00	506	1	43539	52071
J0937	S0019	2026-10-10 18:23	2026-10-10 18:37:00	967	1	46991	58469
J2477	S0050	2026-11-10 02:06	2026-11-10 02:10:00	991	1	44009	44009
J2486	S0050	2026-10-20 08:46	2026-10-20 09:07:00	154A	1	21761	21661
J1746	S0035	2026-11-17 03:48	2026-11-17 04:10:00	506	1	60261	61041
J2624	S0053	2026-10-22 07:40	2026-10-22 11:47:00	89	1	77029	77281
J2026	S0041	2026-11-14 05:17	2026-11-14 05:26:00	124	2	09212	40121
J1872	S0038	2026-10-15 14:01	2026-10-15 15:40:00	28	1	84209	62071
J2149	S0043	2026-10-20 12:20	2026-10-20 15:09:00	972	1	44721	44869
J0286	S0006	2026-10-29 14:36	2026-10-29 15:57:00	18	1	76349	84261
J1030	S0021	2026-11-01 18:44	2026-11-01 19:07:00	97	2	14081	14161
J0995	S0020	2026-11-19 10:43	2026-11-19 10:49:00	121	1	03218	03239
J2334	S0047	2026-11-19 18:06	2026-11-19 18:12:00	192	1	25429	25009
J0078	S0002	2026-10-28 07:32	2026-10-28 07:39:00	265	1	54169	56249
J1138	S0023	2026-10-16 04:44	2026-10-16 07:06:00	12	2	80119	76101
J1278	S0026	2026-10-12 16:51	2026-10-12 22:47:00	89	1	64009	67191
J0911	S0019	2026-11-08 13:26	2026-11-08 13:50:00	106	2	17151	28011
J1526	S0031	2026-10-24 04:04	2026-10-24 04:10:00	807C	1	59571	59631
J0346	S0007	2026-10-19 12:30	2026-10-19 15:12:00	858	1	59029	46399
J0179	S0004	2026-11-02 18:50	2026-11-02 18:55:00	34A	1	76059	76059
J0212	S0005	2026-11-06 00:38	2026-11-06 00:53:00	983A	1	44181	44091
J1648	S0033	2026-11-12 16:55	2026-11-12 18:18:00	170	2	42079	40279
J1214	S0025	2026-11-24 09:09	2026-11-24 09:55:00	50A	1	68019	54499
J2602	S0053	2026-11-22 14:50	2026-11-22 15:26:00	405	1	31149	31049
J1341	S0027	2026-11-03 06:29	2026-11-03 07:58:00	975	1	44281	31139
J1450	S0029	2026-10-31 19:14	2026-10-31 20:26:00	2	1	84019	01219
J0621	S0013	2026-11-05 14:43	2026-11-05 15:00:00	114	2	55051	67011
J2839	S0057	2026-10-23 04:56	2026-10-23 05:08:00	S43	1	41069	40049
J2918	S0059	2026-11-02 02:07	2026-11-02 02:38:00	861B	1	59781	59621
J0127	S0003	2026-11-18 19:18	2026-11-18 20:28:00	188e	1	43471	15169
J0624	S0013	2026-11-18 13:22	2026-11-18 14:28:00	913M	1	46511	46519
J1139	S0023	2026-10-25 05:25	2026-10-25 06:40:00	974	1	22519	44129
J0366	S0008	2026-10-30 02:13	2026-10-30 02:15:00	241A	1	22459	22459
J0193	S0004	2026-10-08 07:50	2026-10-08 08:24:00	682	1	67349	67569
J1641	S0033	2026-10-31 10:11	2026-10-31 10:38:00	39	2	78049	78181
J2253	S0046	2026-11-11 05:08	2026-11-11 06:11:00	238	1	52311	52009
J2484	S0050	2026-10-14 00:56	2026-10-14 01:17:00	981	1	47141	47189
J0381	S0008	2026-10-27 00:25	2026-10-27 00:35:00	201	1	17049	17389
J0818	S0017	2026-10-17 07:15	2026-10-17 07:52:00	676	2	03129	64249
J0891	S0018	2026-11-16 06:59	2026-11-16 07:20:00	682	2	67551	67341
J2596	S0052	2026-11-03 18:50	2026-11-03 21:12:00	104	1	65601	68009
J0315	S0007	2026-10-26 09:38	2026-10-26 10:44:00	249	1	22049	22051
J1703	S0035	2026-11-25 03:07	2026-11-25 03:27:00	100	2	70051	62111
J0015	S0001	2026-10-25 00:20	2026-10-25 00:45:00	183B	1	28441	28671
J1255	S0026	2026-11-27 16:22	2026-11-27 18:27:00	12	1	78071	92139
J0344	S0007	2026-10-22 02:44	2026-10-22 04:23:00	518	1	75259	75251
J1295	S0026	2026-11-09 10:50	2026-11-09 11:11:00	138M	1	54049	54009
J2920	S0059	2026-10-22 22:23	2026-10-22 22:35:00	852	2	54051	55171
J0847	S0017	2026-11-16 00:16	2026-11-16 01:35:00	157	1	42051	28299
J0945	S0019	2026-11-01 17:05	2026-11-01 17:51:00	173	2	43829	43741
J1180	S0024	2026-11-19 23:10	2026-11-20 00:21:00	3	2	77009	76149
J2086	S0042	2026-10-21 01:53	2026-10-21 01:59:00	269	1	54241	54241
J1390	S0028	2026-11-02 20:36	2026-11-02 20:42:00	682	2	67081	67091
J2225	S0045	2026-11-13 19:44	2026-11-13 19:54:00	112	1	64321	64049
J2674	S0054	2026-10-18 00:56	2026-10-18 01:02:00	63M	1	70211	70221
J2207	S0045	2026-10-21 01:25	2026-10-21 01:28:00	457	2	64241	64541
J2008	S0041	2026-10-27 06:47	2026-10-27 06:51:00	680	1	08137	08137
J0487	S0010	2026-11-22 19:09	2026-11-22 19:29:00	189	1	43591	43009
J0206	S0005	2026-10-18 11:41	2026-10-18 12:06:00	176	2	43071	45009
J0630	S0013	2026-11-02 13:26	2026-11-02 13:31:00	663	2	59651	59451
J1768	S0036	2026-10-16 01:55	2026-10-16 02:26:00	197	1	01029	10021
J1922	S0039	2026-10-16 16:29	2026-10-16 16:52:00	172	1	27129	21369
J2214	S0045	2026-10-10 16:26	2026-10-10 17:17:00	139	1	50331	08019
J1274	S0026	2026-11-15 15:26	2026-11-15 15:50:00	222A	1	84009	84231
J1367	S0028	2026-11-27 01:23	2026-11-27 01:51:00	101	1	63049	66009
J2948	S0059	2026-10-21 14:12	2026-10-21 14:18:00	154	1	82032	82032
J2589	S0052	2026-11-04 18:14	2026-11-04 19:11:00	854e	1	63321	72019
J0828	S0017	2026-10-21 09:36	2026-10-21 10:03:00	23	1	07531	60141
J0157	S0004	2026-10-30 01:14	2026-10-30 02:00:00	359	1	77369	77351
J1835	S0037	2026-11-25 20:28	2026-11-25 20:54:00	138C	1	48131	48041
J1854	S0038	2026-10-11 03:11	2026-10-11 03:18:00	253	1	23321	23331
J1877	S0038	2026-10-15 02:32	2026-10-15 02:43:00	980	2	58119	58009
J2029	S0041	2026-11-27 11:36	2026-11-27 12:01:00	177	1	44251	43159
J0128	S0003	2026-11-01 00:36	2026-11-01 01:17:00	197	1	84009	92069
J2624	S0053	2026-10-22 07:06	2026-10-22 07:40:00	39	2	65281	77029
J1728	S0035	2026-11-15 14:51	2026-11-15 14:53:00	983A	1	44899	44899
J0830	S0017	2026-11-12 15:31	2026-11-12 15:33:00	655	1	03241	03241
J2324	S0047	2026-11-27 04:00	2026-11-27 06:28:00	851	1	54039	10161
J2702	S0055	2026-10-24 12:38	2026-10-24 13:23:00	861B	1	59581	59209
J0264	S0006	2026-11-12 17:35	2026-11-12 18:03:00	21A	1	80089	07329
J0558	S0012	2026-11-20 14:14	2026-11-20 15:49:00	979	1	44051	45489
J0227	S0005	2026-11-05 17:02	2026-11-05 17:11:00	137	1	71291	72131
J2125	S0043	2026-10-24 08:02	2026-10-24 08:07:00	170	1	45131	46021
J2818	S0057	2026-11-24 02:39	2026-11-24 02:53:00	15	1	77389	77131
J2304	S0047	2026-11-09 06:35	2026-11-09 07:34:00	79T	1	20121	21261
J0980	S0020	2026-11-20 23:30	2026-11-20 23:43:00	104	1	66359	62169
J2520	S0051	2026-10-13 06:20	2026-10-13 07:02:00	683	2	08069	65301
J1530	S0031	2026-10-31 02:26	2026-10-31 02:32:00	100	2	66009	66009
J1219	S0025	2026-11-08 10:37	2026-11-08 11:00:00	911	1	46449	46559
J1715	S0035	2026-11-22 12:08	2026-11-22 12:36:00	460	1	75619	75009
J2066	S0042	2026-11-15 04:07	2026-11-15 04:24:00	176	2	43071	44011
J2087	S0042	2026-11-06 23:10	2026-11-06 23:20:00	985	2	60089	52089
J1341	S0027	2026-11-03 07:58	2026-11-03 08:18:00	405	1	31139	31141
J1505	S0031	2026-10-21 17:46	2026-10-21 18:03:00	222B	1	84029	84579
J2344	S0047	2026-10-22 09:12	2026-10-22 10:27:00	129	1	75239	52411
J0215	S0005	2026-11-10 00:22	2026-11-10 02:40:00	55	2	93019	54389
J2064	S0042	2026-11-16 00:52	2026-11-16 01:14:00	969	2	58579	46769
J0965	S0020	2026-11-20 18:29	2026-11-20 18:58:00	965	1	65069	67331
J0923	S0019	2026-11-13 08:14	2026-11-13 08:49:00	154	1	40231	70039
J1338	S0027	2026-10-20 20:46	2026-10-20 20:48:00	911	1	46581	46571
J0262	S0006	2026-10-25 11:43	2026-10-25 11:59:00	200	1	15091	18121
J1072	S0022	2026-11-26 04:17	2026-11-26 04:47:00	72	2	64499	54479
J1056	S0022	2026-10-21 22:45	2026-10-21 23:01:00	904	1	47649	46289
J1768	S0036	2026-10-16 00:44	2026-10-16 01:55:00	851e	1	59009	01029
J0748	S0015	2026-11-19 06:10	2026-11-19 06:20:00	12	1	85099	84071
J0582	S0012	2026-11-18 18:55	2026-11-18 19:06:00	192	2	23371	23069
J1166	S0024	2026-10-16 14:54	2026-10-16 15:03:00	187	1	43389	28629
J2513	S0051	2026-11-16 17:25	2026-11-16 18:13:00	663	2	59051	59599
J2022	S0041	2026-10-21 09:05	2026-10-21 09:53:00	65	1	70241	60099
J0782	S0016	2026-11-11 13:48	2026-11-11 16:16:00	70	1	55101	80219
J0536	S0011	2026-10-09 12:09	2026-10-09 12:22:00	170X	1	46101	47711
J1605	S0033	2026-10-16 03:47	2026-10-16 05:19:00	192	2	25111	22009
J2554	S0052	2026-10-28 01:07	2026-10-28 01:35:00	861M	1	58509	58009
J0467	S0010	2026-11-22 13:40	2026-11-22 14:14:00	92	1	15189	12131
J2488	S0050	2026-10-21 01:53	2026-10-21 04:12:00	133	1	54091	03218
J1308	S0027	2026-11-04 18:10	2026-11-04 19:05:00	649	2	43751	44501
J0919	S0019	2026-11-18 22:09	2026-11-18 23:31:00	10e	1	94069	03059
J1682	S0034	2026-10-22 09:53	2026-10-22 09:55:00	807C	1	59431	59431
J0539	S0011	2026-10-28 20:21	2026-10-28 21:24:00	70A	1	55311	64109
J1043	S0021	2026-10-22 02:07	2026-10-22 02:27:00	857	1	60121	55089
J2057	S0042	2026-10-24 09:11	2026-10-24 09:34:00	172	2	31191	30051
J2911	S0059	2026-10-19 15:05	2026-10-19 15:11:00	677	2	03509	03509
J2632	S0053	2026-11-23 03:08	2026-11-23 04:39:00	5	1	96251	50069
J1852	S0038	2026-11-21 01:38	2026-11-21 01:58:00	166	1	51039	50049
J1860	S0038	2026-11-25 20:59	2026-11-25 21:34:00	854e	1	64119	63071
J2208	S0045	2026-11-26 21:15	2026-11-26 21:20:00	50A	1	54359	54349
J2621	S0053	2026-11-11 02:20	2026-11-11 03:21:00	131A	1	52499	50089
J2625	S0053	2026-10-27 19:33	2026-10-27 20:41:00	138	1	57141	54059
J0915	S0019	2026-10-26 11:43	2026-10-26 11:52:00	109A	1	64101	64491
J0184	S0004	2026-10-28 07:02	2026-10-28 07:14:00	70M	1	55221	55189
J2161	S0044	2026-10-24 23:28	2026-10-25 01:22:00	21	2	50121	84631
J2430	S0049	2026-10-26 22:18	2026-10-27 00:01:00	991	2	44009	43411
J0267	S0006	2026-11-01 20:08	2026-11-01 20:25:00	882	1	58079	58499
J0672	S0014	2026-11-11 07:43	2026-11-11 09:10:00	32	1	04168	11161
J0482	S0010	2026-11-25 14:35	2026-11-25 15:23:00	812	1	59161	59561
J1984	S0040	2026-10-16 17:46	2026-10-16 17:50:00	856C	1	47051	47051
J2434	S0049	2026-11-21 02:57	2026-11-21 03:20:00	143	2	14129	10049
J2125	S0043	2026-10-24 08:07	2026-10-24 08:34:00	170	1	46021	46101
J0767	S0016	2026-11-26 02:25	2026-11-26 05:08:00	147	2	11029	63181
J1394	S0028	2026-11-23 09:35	2026-11-23 09:48:00	153	1	63061	64009
J1636	S0033	2026-11-21 00:10	2026-11-21 00:12:00	660M	2	66609	66609
J0992	S0020	2026-11-10 09:52	2026-11-10 10:16:00	145	1	10331	10281
J1911	S0039	2026-11-05 04:08	2026-11-05 06:01:00	135	1	70039	83191
J2556	S0052	2026-11-13 09:55	2026-11-13 10:10:00	904	1	46009	46761
J0488	S0010	2026-11-03 12:40	2026-11-03 14:05:00	143	1	17031	28439
J1597	S0032	2026-11-10 08:21	2026-11-10 08:26:00	97e	1	03381	03511
J2053	S0042	2026-11-27 03:23	2026-11-27 03:28:00	457	1	70281	70281
J0819	S0017	2026-11-12 01:28	2026-11-12 02:24:00	69	1	75009	75349
J0039	S0001	2026-10-10 17:52	2026-10-10 18:13:00	974	1	21371	44531
J1998	S0040	2026-10-26 21:25	2026-10-26 21:42:00	70	1	70299	70269
J2073	S0042	2026-11-02 08:14	2026-11-02 08:17:00	7	2	84021	84009
J2002	S0041	2026-11-08 03:16	2026-11-08 03:33:00	858A	1	58229	58029
J0049	S0001	2026-10-27 03:08	2026-10-27 03:23:00	851e	1	05029	05039
J1909	S0039	2026-11-16 17:03	2026-11-16 17:38:00	183	1	28181	28639
J1262	S0026	2026-10-27 05:46	2026-10-27 05:54:00	55B	1	54539	54371
J1801	S0037	2026-10-26 12:15	2026-10-26 12:58:00	34B	1	76081	95129
J0194	S0004	2026-11-22 12:17	2026-11-22 12:19:00	50	2	53229	53009
J1215	S0025	2026-10-09 10:57	2026-10-09 11:56:00	189	1	43319	12201
J2491	S0050	2026-11-22 03:36	2026-11-22 04:09:00	911	1	46419	46509
J1036	S0021	2026-10-17 05:00	2026-10-17 05:05:00	151	1	41031	41031
J0991	S0020	2026-11-16 02:13	2026-11-16 02:52:00	291	1	75129	75111
J1438	S0029	2026-11-19 11:20	2026-11-19 13:02:00	132	1	64019	53069
J1796	S0036	2026-10-15 09:20	2026-10-15 10:58:00	175	1	14209	60031
J2079	S0042	2026-10-12 11:49	2026-10-12 12:46:00	7	2	80011	83031
J1943	S0039	2026-11-03 10:10	2026-11-03 10:30:00	163A	1	67219	67329
J1620	S0033	2026-10-22 21:59	2026-10-22 22:07:00	10	1	85019	94069
J1146	S0023	2026-11-26 18:58	2026-11-26 20:20:00	251	1	23269	22491
J1476	S0030	2026-10-26 11:17	2026-10-26 11:23:00	194	1	22039	22019
J0771	S0016	2026-10-14 05:47	2026-10-14 05:55:00	76	1	81101	81111
J1430	S0029	2026-10-09 05:02	2026-10-09 05:13:00	114A	1	66571	66551
J2367	S0048	2026-11-26 15:22	2026-11-26 15:49:00	660M	1	64419	08069
J2030	S0041	2026-10-15 07:35	2026-10-15 09:05:00	856B	1	46519	58139
J2106	S0043	2026-10-26 19:09	2026-10-26 19:13:00	992	1	40419	40439
J2884	S0058	2026-10-27 13:05	2026-10-27 13:26:00	49	1	20271	28009
J1752	S0036	2026-11-02 22:51	2026-11-02 23:48:00	99	1	22341	23051
J2025	S0041	2026-11-20 00:23	2026-11-20 01:11:00	900	1	58431	46681
J1693	S0034	2026-11-26 14:17	2026-11-26 15:44:00	75	1	43129	12039
J0993	S0020	2026-11-09 21:22	2026-11-09 21:40:00	858B	1	95011	95019
J1967	S0040	2026-11-21 00:05	2026-11-21 00:41:00	925	1	49039	45039
J2035	S0041	2026-10-21 22:36	2026-10-21 23:22:00	506	1	43539	52081
J2557	S0052	2026-11-17 20:53	2026-11-17 21:20:00	961M	2	42041	42111
J2787	S0056	2026-10-15 13:43	2026-10-15 15:30:00	195A	1	14039	14219
J0268	S0006	2026-11-21 00:30	2026-11-21 00:33:00	456	1	52049	52049
J2102	S0043	2026-11-07 10:50	2026-11-07 12:32:00	61	2	11021	42161
J2214	S0045	2026-10-10 14:52	2026-10-10 16:18:00	186	1	11061	50211
J2136	S0043	2026-11-06 09:53	2026-11-06 10:35:00	176	2	20261	43329
J0020	S0001	2026-10-08 16:25	2026-10-08 17:39:00	10e	1	85019	92119
J1766	S0036	2026-11-02 14:12	2026-11-02 15:27:00	141	1	80009	51021
J0540	S0011	2026-11-14 05:58	2026-11-14 06:29:00	70	1	81161	03059
J0996	S0020	2026-10-19 15:47	2026-10-19 16:58:00	153	1	11031	52071
J1027	S0021	2026-10-27 01:24	2026-10-27 02:20:00	646	2	03111	75491
J0946	S0019	2026-11-17 23:02	2026-11-18 00:51:00	77	1	42231	09169
J0032	S0001	2026-11-06 23:15	2026-11-06 23:34:00	72B	1	55509	54481
J0129	S0003	2026-11-06 03:11	2026-11-06 03:16:00	178	2	46191	46009
J2401	S0049	2026-11-25 21:58	2026-11-25 22:14:00	196	2	11361	11169
J1410	S0029	2026-10-26 04:41	2026-10-26 05:13:00	922	1	44321	44659
J0496	S0010	2026-10-21 10:33	2026-10-21 11:14:00	903	1	46069	46279
J0203	S0005	2026-10-08 19:18	2026-10-08 19:43:00	458	1	67121	70281
J2921	S0059	2026-11-08 04:01	2026-11-08 05:21:00	75	2	12091	44731
J1234	S0025	2026-10-14 03:16	2026-10-14 03:28:00	680	2	66541	66579
J2378	S0048	2026-11-01 00:26	2026-11-01 02:04:00	26	1	84009	60229
J0273	S0006	2026-10-22 15:15	2026-10-22 17:12:00	106	2	09111	43621
J2731	S0055	2026-11-21 21:07	2026-11-21 21:31:00	79T	1	21539	22009
J0586	S0012	2026-11-10 01:17	2026-11-10 01:47:00	241A	1	27141	22529
J2374	S0048	2026-11-01 16:44	2026-11-01 16:52:00	18A	1	75279	76549
J1873	S0038	2026-11-04 19:16	2026-11-04 19:31:00	48	1	85099	94089
J1770	S0036	2026-11-04 04:46	2026-11-04 05:44:00	856	2	47011	58129
J0690	S0014	2026-11-04 07:14	2026-11-04 07:16:00	679	1	02169	02169
J2388	S0048	2026-11-12 03:15	2026-11-12 03:59:00	59	1	98021	99009
J2549	S0051	2026-11-04 13:51	2026-11-04 14:18:00	124	1	05131	10399
J2738	S0055	2026-11-14 08:12	2026-11-14 08:24:00	4	1	76209	75009
J1819	S0037	2026-10-12 06:38	2026-10-12 07:36:00	671	2	02161	67321
J1010	S0021	2026-11-23 12:20	2026-11-23 13:00:00	382	2	65469	65579
J1106	S0023	2026-10-13 05:31	2026-10-13 05:42:00	113A	1	63239	63229
J0806	S0017	2026-10-26 06:06	2026-10-26 06:48:00	189	1	17179	43311
J1611	S0033	2026-11-16 16:51	2026-11-16 16:53:00	871	1	40449	40449
J2166	S0044	2026-10-24 13:02	2026-10-24 13:17:00	10	2	94011	94051
J0390	S0008	2026-11-06 21:44	2026-11-06 21:47:00	401	1	84021	84009
J1018	S0021	2026-10-16 08:47	2026-10-16 10:02:00	174e	2	06039	42181
J0276	S0006	2026-11-08 23:26	2026-11-09 00:33:00	61	2	04249	14171
J1915	S0039	2026-11-06 00:36	2026-11-06 00:46:00	57	1	14199	10009
J1209	S0025	2026-11-11 23:35	2026-11-11 23:39:00	883	1	58049	58339
J1269	S0026	2026-11-13 15:41	2026-11-13 16:33:00	37	1	97189	75009
J2408	S0049	2026-10-25 21:46	2026-10-25 21:54:00	903M	1	46279	46009
J1331	S0027	2026-10-17 14:13	2026-10-17 15:17:00	17	2	96281	78101
J2433	S0049	2026-10-19 00:59	2026-10-19 01:44:00	382	1	65341	65481
J1973	S0040	2026-11-03 04:26	2026-11-03 04:33:00	67	1	84041	84211
J0067	S0002	2026-11-26 06:37	2026-11-26 06:57:00	856C	1	46131	47021
J2384	S0048	2026-11-09 05:09	2026-11-09 06:54:00	8	1	76201	71159
J1233	S0025	2026-11-19 14:24	2026-11-19 14:34:00	104	2	65531	65491
J0829	S0017	2026-11-22 20:46	2026-11-22 20:50:00	137A	1	84451	84451
J1965	S0040	2026-10-26 23:31	2026-10-27 02:21:00	21	2	52499	84489
J0879	S0018	2026-11-06 18:56	2026-11-06 19:38:00	36	1	95129	92089
J2903	S0059	2026-11-27 18:38	2026-11-27 18:44:00	11	1	90019	90079
J1015	S0021	2026-11-07 01:23	2026-11-07 01:37:00	16M	2	80149	82121
J0568	S0012	2026-10-30 13:23	2026-10-30 14:23:00	182	1	26429	25469
J0961	S0020	2026-11-03 12:41	2026-11-03 12:45:00	58	2	53231	53229
J1314	S0027	2026-11-24 04:35	2026-11-24 05:21:00	904	1	46391	47759
J0692	S0014	2026-10-12 02:09	2026-10-12 02:18:00	30	1	15151	15201
J2610	S0053	2026-11-23 11:29	2026-11-23 12:18:00	169A	1	46471	58181
J1745	S0035	2026-11-27 19:32	2026-11-27 19:37:00	671	1	03381	03391
J2115	S0043	2026-10-29 02:48	2026-10-29 03:43:00	51	1	11151	15201
J1740	S0035	2026-10-26 08:13	2026-10-26 10:24:00	854	1	59069	63081
J0547	S0011	2026-10-31 07:40	2026-10-31 08:52:00	860	1	59631	59719
J1951	S0040	2026-11-05 05:05	2026-11-05 05:10:00	121	1	10079	10079
J2459	S0050	2026-11-08 22:23	2026-11-08 22:52:00	89e	1	67189	98131
J1038	S0021	2026-10-31 14:05	2026-10-31 15:10:00	50A	1	65809	54479
J1276	S0026	2026-11-15 17:54	2026-11-15 18:20:00	112A	1	64309	63031
J1887	S0038	2026-11-13 04:23	2026-11-13 04:56:00	192	1	25109	25429
J0351	S0008	2026-11-27 21:57	2026-11-27 22:11:00	193	1	25449	25009
J1448	S0029	2026-11-04 07:08	2026-11-04 07:34:00	856	2	58119	57119
J0141	S0003	2026-10-10 00:29	2026-10-10 00:52:00	181A	1	22009	27371
J1306	S0027	2026-10-12 07:54	2026-10-12 08:16:00	666	1	65209	03111
J1230	S0025	2026-10-10 21:14	2026-10-10 22:22:00	855	2	11031	53011
J0136	S0003	2026-11-07 14:15	2026-11-07 14:33:00	70	2	62149	63201
J2051	S0042	2026-11-13 20:53	2026-11-13 21:31:00	806	1	59009	59801
J2027	S0041	2026-11-24 03:27	2026-11-24 03:31:00	384	1	65651	65631
J1686	S0034	2026-11-18 16:07	2026-11-18 16:12:00	175	1	06131	06131
J0988	S0020	2026-11-24 02:57	2026-11-24 03:43:00	168	2	76149	84651
J0698	S0014	2026-11-03 09:50	2026-11-03 10:01:00	452	2	40409	40439
J2826	S0057	2026-11-04 20:06	2026-11-04 20:27:00	181M	1	22009	27381
J2297	S0046	2026-11-27 19:43	2026-11-27 19:50:00	14e	2	84249	84229
J0656	S0014	2026-10-08 21:50	2026-10-08 22:58:00	154	1	22009	17189
J2473	S0050	2026-10-26 19:15	2026-10-26 21:36:00	136	2	65069	54009
J2694	S0054	2026-10-27 04:55	2026-10-27 06:01:00	258M	1	22491	23011
J0490	S0010	2026-11-19 22:58	2026-11-20 00:05:00	172	1	30059	21369
J2928	S0059	2026-10-23 09:55	2026-10-23 10:35:00	201	1	20219	20029
J1285	S0026	2026-10-09 04:51	2026-10-09 05:14:00	88	2	77269	77009
J2237	S0045	2026-10-27 20:01	2026-10-27 20:28:00	225W	1	84449	84009
J0702	S0015	2026-10-27 10:03	2026-10-27 10:14:00	104	2	65571	65531
J2290	S0046	2026-11-24 02:38	2026-11-24 03:44:00	69	1	84651	75121
J0440	S0009	2026-10-26 03:57	2026-10-26 05:39:00	74	2	42039	54301
J1758	S0036	2026-11-15 05:25	2026-11-15 05:31:00	183	1	28211	28009
J2749	S0055	2026-10-30 22:24	2026-10-30 22:28:00	225G	1	84651	84009
J2396	S0048	2026-10-09 08:43	2026-10-09 09:29:00	190A	1	44009	40239
J1353	S0028	2026-10-24 17:10	2026-10-24 17:15:00	384	1	65619	65641
J1985	S0040	2026-10-22 14:35	2026-10-22 15:34:00	168	1	74941	75351
J0128	S0003	2026-11-01 00:30	2026-11-01 00:36:00	17	1	84309	84009
J0869	S0018	2026-10-25 12:15	2026-10-25 13:04:00	48	1	40081	11379
J2011	S0041	2026-10-18 19:07	2026-10-18 21:40:00	132	2	10009	54241
J2290	S0046	2026-11-24 01:47	2026-11-24 02:27:00	168	2	76149	84219
J1740	S0035	2026-10-26 10:24	2026-10-26 10:56:00	87	1	63081	71071
J1099	S0022	2026-10-29 18:24	2026-10-29 18:45:00	677	2	67391	65029
J1272	S0026	2026-10-18 06:13	2026-10-18 06:15:00	139	1	50171	52401
J0884	S0018	2026-10-14 03:11	2026-10-14 03:37:00	137	2	81111	80229
J0371	S0008	2026-11-08 15:47	2026-11-08 16:21:00	235	1	52221	52009
J1957	S0040	2026-11-01 21:31	2026-11-01 21:35:00	302A	1	45321	45321
J1788	S0036	2026-10-17 13:56	2026-10-17 14:55:00	85	1	67141	59051
J2533	S0051	2026-10-22 00:07	2026-10-22 00:09:00	900	1	46289	46009
J2577	S0052	2026-11-25 20:02	2026-11-25 20:23:00	35	1	95169	96219
J2503	S0051	2026-10-25 00:46	2026-10-25 01:08:00	59	2	71091	52131
J0161	S0004	2026-10-16 14:51	2026-10-16 15:03:00	182A	1	26249	26269
J0613	S0013	2026-10-14 13:40	2026-10-14 13:45:00	458	1	67121	67121
J2399	S0048	2026-11-20 02:53	2026-11-20 03:02:00	95	1	18221	18311
J1146	S0023	2026-11-26 20:20	2026-11-26 20:48:00	974	1	22491	23041
J2082	S0042	2026-10-16 23:22	2026-10-16 23:34:00	134	1	81209	80289
J1593	S0032	2026-10-28 20:41	2026-10-28 20:48:00	2	2	99041	99009
J2384	S0048	2026-11-09 06:54	2026-11-09 07:52:00	22	2	71159	66371
J0021	S0001	2026-11-12 16:03	2026-11-12 16:26:00	193	2	22359	22009
J1202	S0025	2026-10-18 04:24	2026-10-18 04:37:00	61	2	42191	43181
J1358	S0028	2026-10-12 07:01	2026-10-12 07:31:00	672	2	64039	64561
J1486	S0030	2026-10-17 19:25	2026-10-17 19:57:00	117M	1	59251	58059
J2724	S0055	2026-11-11 07:02	2026-11-11 07:06:00	983M	1	44189	44189
J0336	S0007	2026-11-18 08:51	2026-11-18 09:04:00	272	1	14269	14241
J2181	S0044	2026-10-30 15:05	2026-10-30 15:30:00	129	1	52209	52401
J1438	S0029	2026-11-19 14:39	2026-11-19 14:56:00	61	2	12041	12071
J1462	S0030	2026-11-02 11:58	2026-11-02 12:23:00	458	2	70289	67109
J0180	S0004	2026-10-13 12:19	2026-10-13 13:34:00	189	1	17189	43709
J1072	S0022	2026-11-26 04:15	2026-11-26 04:17:00	675	2	64499	64499
J1742	S0035	2026-11-17 21:42	2026-11-17 23:11:00	31	1	93019	60161
J1763	S0036	2026-10-08 10:04	2026-10-08 10:48:00	668	1	55131	54589
J0825	S0017	2026-11-08 23:03	2026-11-08 23:45:00	104	2	65531	69009
J2534	S0051	2026-10-19 07:08	2026-10-19 07:16:00	871A	1	40359	43601
J0518	S0011	2026-11-19 03:24	2026-11-19 03:26:00	170X	1	47711	47711
J1133	S0023	2026-11-07 04:40	2026-11-07 04:43:00	654	2	03071	03381
J0971	S0020	2026-10-20 08:02	2026-10-20 08:24:00	291	1	76401	76459
J2051	S0042	2026-11-13 21:31	2026-11-13 21:47:00	861	1	59801	59211
J2110	S0043	2026-11-08 12:04	2026-11-08 12:44:00	253	1	23291	23479
J0911	S0019	2026-11-08 13:50	2026-11-08 13:58:00	183	1	28011	28709
J1736	S0035	2026-10-10 05:27	2026-10-10 05:30:00	106A	1	20109	20109
J2620	S0053	2026-11-01 10:23	2026-11-01 12:09:00	184	1	44251	17111
J1644	S0033	2026-10-14 21:24	2026-10-14 22:03:00	386	1	65269	65009
J1162	S0024	2026-11-25 17:45	2026-11-25 18:11:00	900	1	58431	58439
J2904	S0059	2026-11-14 23:15	2026-11-14 23:26:00	109	1	77339	77239
J2074	S0042	2026-11-11 00:07	2026-11-11 02:11:00	198	1	28509	10139
J1812	S0037	2026-10-23 13:25	2026-10-23 14:11:00	967	1	46349	46629
J1907	S0039	2026-10-29 09:54	2026-10-29 11:15:00	26	1	84009	80089
J2382	S0048	2026-10-29 14:01	2026-10-29 14:11:00	269	1	54451	55201
J0637	S0013	2026-10-13 18:47	2026-10-13 18:57:00	458	2	67119	67109
J2546	S0051	2026-10-23 08:27	2026-10-23 08:29:00	114A	1	67629	66601
J2347	S0047	2026-11-17 19:13	2026-11-17 19:25:00	161	2	64371	64009
J1654	S0034	2026-10-31 13:37	2026-10-31 14:56:00	80	2	05421	81081
J2610	S0053	2026-11-23 11:23	2026-11-23 11:29:00	169B	1	46461	46471
J1581	S0032	2026-10-23 19:39	2026-10-23 19:47:00	860	1	59579	59761
J1983	S0040	2026-10-10 16:42	2026-10-10 17:00:00	65	1	08111	13159
J2741	S0055	2026-11-16 02:19	2026-11-16 02:38:00	506	2	43181	43453
J2122	S0043	2026-11-25 19:39	2026-11-25 20:13:00	859	1	58019	59111
J0692	S0014	2026-10-12 01:57	2026-10-12 02:09:00	30e	1	14121	15151
J1935	S0039	2026-11-07 00:21	2026-11-07 00:44:00	679	1	67039	03151
J0742	S0015	2026-11-12 08:38	2026-11-12 08:43:00	118B	1	75311	75361
J2871	S0058	2026-11-25 19:58	2026-11-25 20:32:00	12	1	93059	91069
J1848	S0037	2026-11-27 21:08	2026-11-27 21:13:00	S41	2	76229	76551
J2462	S0050	2026-10-18 13:03	2026-10-18 13:51:00	666	1	65159	03511
J0816	S0017	2026-11-10 15:47	2026-11-10 16:18:00	961	1	42039	41109
J1584	S0032	2026-10-25 17:44	2026-10-25 17:55:00	44	1	95011	95129
J1648	S0033	2026-11-12 16:10	2026-11-12 16:55:00	871	1	43809	42079
J0048	S0001	2026-11-22 13:51	2026-11-22 13:53:00	459	2	65289	65229
J2724	S0055	2026-11-11 07:06	2026-11-11 07:28:00	301	1	44189	44459
J0327	S0007	2026-11-01 03:13	2026-11-01 03:27:00	39A	1	65259	65431
J2850	S0057	2026-11-16 12:51	2026-11-16 13:01:00	883B	1	58539	58519
J1640	S0033	2026-10-19 22:15	2026-10-19 22:25:00	651	2	22231	27401
J0144	S0003	2026-11-23 06:50	2026-11-23 07:01:00	181	2	27379	22009
J0905	S0019	2026-10-15 16:16	2026-10-15 16:32:00	97	2	43761	40459
J0950	S0019	2026-10-29 20:19	2026-10-29 20:40:00	225W	1	84449	84309
J2627	S0053	2026-11-04 21:13	2026-11-04 22:05:00	87	2	63099	67209
J2261	S0046	2026-11-05 10:58	2026-11-05 12:27:00	93	1	52031	82069
J1416	S0029	2026-10-12 02:50	2026-10-12 02:57:00	72	2	54359	55509
J0170	S0004	2026-11-22 19:04	2026-11-22 19:09:00	911T	1	46551	46551
J0663	S0014	2026-11-25 01:36	2026-11-25 01:58:00	188	1	16149	16059
J0222	S0005	2026-11-15 20:21	2026-11-15 20:46:00	93	2	11029	14189
J1296	S0026	2026-11-04 03:14	2026-11-04 03:20:00	44	2	65639	69009
J2602	S0053	2026-11-22 15:51	2026-11-22 15:57:00	199	1	22481	22009
J1174	S0024	2026-11-19 20:46	2026-11-19 21:28:00	14A	1	93099	92129
J1663	S0034	2026-11-14 10:16	2026-11-14 10:33:00	800	1	59249	59072
J0356	S0008	2026-10-25 03:21	2026-10-25 03:30:00	12e	1	01541	01019
J0756	S0016	2026-11-19 13:59	2026-11-19 17:10:00	853M	2	92161	55261
J2749	S0055	2026-10-30 22:10	2026-10-30 22:24:00	69	1	84219	84651
J0607	S0013	2026-11-06 23:59	2026-11-07 00:12:00	43e	2	67619	67599
J1322	S0027	2026-11-24 22:12	2026-11-24 22:14:00	116	1	64419	64419
J0516	S0011	2026-11-13 23:56	2026-11-14 00:25:00	100	1	14071	14161
J0329	S0007	2026-10-10 01:48	2026-10-10 02:11:00	163B	1	55089	55029
J2510	S0051	2026-10-26 17:22	2026-10-26 18:15:00	961M	1	11019	05013
J2565	S0052	2026-10-24 17:20	2026-10-24 19:04:00	16	1	92221	13119
J0458	S0010	2026-10-20 21:45	2026-10-20 21:55:00	200	1	11189	11379
J1089	S0022	2026-10-30 20:13	2026-10-30 21:36:00	111	1	11179	04179
J0452	S0010	2026-11-18 05:10	2026-11-18 05:37:00	31	1	80111	60161
J0330	S0007	2026-11-17 17:24	2026-11-17 18:40:00	154	1	52071	82009
J1032	S0021	2026-11-14 13:17	2026-11-14 17:56:00	975	1	44511	44289
J1084	S0022	2026-11-07 05:20	2026-11-07 06:03:00	853M	2	60051	62131
J0317	S0007	2026-11-09 00:06	2026-11-09 00:09:00	106A	1	17189	17189
J0226	S0005	2026-11-08 08:51	2026-11-08 09:42:00	69	1	75139	84219
J1874	S0038	2026-10-26 11:36	2026-10-26 11:50:00	901M	1	47541	46779
J0348	S0007	2026-11-21 14:24	2026-11-21 15:04:00	102A	1	67409	68019
J1607	S0033	2026-10-19 19:40	2026-10-19 19:43:00	451	1	30111	30121
J2387	S0048	2026-10-30 12:21	2026-10-30 12:51:00	75	2	44219	43991
J1776	S0036	2026-10-16 19:43	2026-10-16 20:34:00	913	1	46791	46199
J0008	S0001	2026-10-16 09:30	2026-10-16 09:33:00	11	1	90049	90049
J1550	S0031	2026-11-15 23:04	2026-11-16 00:48:00	53	1	78031	77281
J2414	S0049	2026-10-21 08:17	2026-10-21 11:43:00	158	1	62069	70291
J0173	S0004	2026-10-08 16:15	2026-10-08 16:21:00	382A	1	65531	65531
J0962	S0020	2026-11-13 12:17	2026-11-13 12:23:00	109	2	66059	66049
J1544	S0031	2026-10-28 23:03	2026-10-29 01:05:00	178	1	46029	43171
J2202	S0045	2026-11-27 15:09	2026-11-27 15:25:00	26	1	80049	60051
J1203	S0025	2026-10-25 03:57	2026-10-25 04:28:00	10	2	85041	76051
J0785	S0016	2026-11-24 16:24	2026-11-24 16:39:00	55	1	93021	94011
J1179	S0024	2026-11-02 18:06	2026-11-02 19:29:00	966A	1	44351	92041
J0376	S0008	2026-10-09 22:48	2026-10-09 22:57:00	248	1	25449	25439
J2561	S0052	2026-10-20 13:50	2026-10-20 15:18:00	98M	1	28009	21179
J0012	S0001	2026-11-23 03:47	2026-11-23 06:17:00	198	1	22009	11019
J2846	S0057	2026-11-18 22:36	2026-11-18 22:38:00	107	1	02029	02029
J1692	S0034	2026-11-06 09:56	2026-11-06 10:07:00	53A	1	95109	95129
J0776	S0016	2026-11-01 00:57	2026-11-01 01:06:00	22	1	71121	71091
J0277	S0006	2026-11-24 07:39	2026-11-24 07:58:00	674	2	40381	40439
J2118	S0043	2026-11-07 03:12	2026-11-07 03:14:00	856B	1	58119	58119
J1992	S0040	2026-11-07 15:11	2026-11-07 15:26:00	261	1	54289	54009
J0989	S0020	2026-10-08 02:57	2026-10-08 03:13:00	249	1	21311	21351
J2821	S0057	2026-11-06 03:03	2026-11-06 03:26:00	57	2	40011	50031
J1793	S0036	2026-11-12 17:10	2026-11-12 17:35:00	39B	1	65251	65261
J0047	S0001	2026-11-05 18:00	2026-11-05 18:03:00	82	1	65209	65009
J0593	S0012	2026-10-13 11:18	2026-10-13 11:20:00	855	2	59041	59051
J2950	S0059	2026-11-10 02:22	2026-11-10 02:41:00	453	1	40441	40389
J1153	S0024	2026-11-02 00:18	2026-11-02 00:27:00	518	1	77219	77009
J0628	S0013	2026-10-10 09:50	2026-10-10 10:39:00	334	1	28491	28289
J0594	S0012	2026-10-15 18:14	2026-10-15 19:17:00	335	1	28361	28349
J1407	S0029	2026-11-02 19:25	2026-11-02 19:29:00	871A	1	43549	43429
J0415	S0009	2026-11-22 08:19	2026-11-22 08:25:00	671	1	67489	68019
J1985	S0040	2026-10-22 15:34	2026-10-22 15:40:00	27	1	75351	65069
J2005	S0041	2026-10-09 02:27	2026-10-09 02:41:00	854e	1	59069	59049
J1008	S0021	2026-10-25 11:06	2026-10-25 11:43:00	359	1	77291	77179
J1893	S0038	2026-10-09 12:44	2026-10-09 12:47:00	903	1	46241	46241
J2814	S0057	2026-10-19 11:09	2026-10-19 12:27:00	86	2	55181	67231
J1428	S0029	2026-11-12 21:04	2026-11-12 21:06:00	646	1	75051	03539
J1705	S0035	2026-10-27 05:03	2026-10-27 05:09:00	459	2	65259	65259
J0051	S0002	2026-11-11 15:43	2026-11-11 17:53:00	975	1	32151	31161
J0815	S0017	2026-11-15 18:12	2026-11-15 18:53:00	807B	1	59409	59319
J0063	S0002	2026-10-14 07:59	2026-10-14 08:09:00	990	1	28659	28639
J2093	S0042	2026-10-18 19:20	2026-10-18 19:44:00	261	1	54609	54269
J1208	S0025	2026-10-10 10:58	2026-10-10 11:06:00	193	2	25451	26201
J2239	S0045	2026-11-19 08:04	2026-11-19 08:07:00	39	1	59051	58991
J0403	S0009	2026-11-16 06:29	2026-11-16 07:29:00	853	1	54241	61029
J2468	S0050	2026-10-15 05:45	2026-10-15 05:51:00	28	2	76391	76199
J1427	S0029	2026-11-25 05:59	2026-11-25 06:05:00	16M	1	10141	10141
J2218	S0045	2026-11-12 13:46	2026-11-12 15:21:00	28	2	52009	81101
J0014	S0001	2026-11-24 18:10	2026-11-24 18:53:00	130	1	53209	50161
J0085	S0002	2026-10-23 09:52	2026-10-23 10:33:00	672	2	03218	64461
J1469	S0030	2026-11-20 13:09	2026-11-20 13:22:00	193	2	23481	23139
J2360	S0048	2026-11-19 14:10	2026-11-19 16:08:00	79	1	22491	28439
J0689	S0014	2026-11-20 01:48	2026-11-20 07:02:00	62	1	67519	65521
J1907	S0039	2026-10-29 09:49	2026-10-29 09:54:00	35	1	84009	84009
J0117	S0003	2026-10-08 15:37	2026-10-08 15:55:00	147A	1	04229	05019
J0267	S0006	2026-11-01 19:32	2026-11-01 20:08:00	882	1	58051	58079
J1749	S0035	2026-10-18 17:11	2026-10-18 17:19:00	985	2	44131	44281
J1608	S0033	2026-11-22 01:11	2026-11-22 01:17:00	812	1	59099	59073
J2736	S0055	2026-10-27 04:56	2026-10-27 05:06:00	648	2	47569	46681
J1551	S0032	2026-10-11 23:49	2026-10-12 00:27:00	984	1	44591	44251
J1575	S0032	2026-10-27 15:04	2026-10-27 15:09:00	18	1	84261	84591
J0226	S0005	2026-11-08 09:42	2026-11-08 09:50:00	28	1	84219	84049
J1476	S0030	2026-10-26 11:10	2026-10-26 11:17:00	194	1	22031	22039
J1347	S0027	2026-11-07 18:45	2026-11-07 18:49:00	106A	1	17179	17179
J2152	S0044	2026-10-20 07:01	2026-10-20 07:22:00	86	1	55089	55039
J0840	S0017	2026-10-30 19:02	2026-10-30 19:44:00	990	1	28449	43141
J0862	S0018	2026-11-15 02:11	2026-11-15 02:16:00	36A	1	09059	09022
J1779	S0036	2026-10-25 10:02	2026-10-25 10:11:00	154A	1	21651	28091
J0646	S0013	2026-11-16 23:58	2026-11-17 00:23:00	150	1	92301	82069
J0279	S0006	2026-11-07 01:02	2026-11-07 01:27:00	106	2	28181	43611
J2083	S0042	2026-11-23 17:43	2026-11-23 18:30:00	646	2	75239	75539
J1096	S0022	2026-10-29 09:33	2026-10-29 09:47:00	255	1	24641	24089
J2460	S0050	2026-11-01 14:24	2026-11-01 14:45:00	94A	1	82061	71089
J0344	S0007	2026-10-22 02:27	2026-10-22 02:44:00	129A	1	75229	75259
J0158	S0004	2026-10-13 10:20	2026-10-13 10:25:00	92A	1	18271	18281
J1393	S0028	2026-11-27 15:01	2026-11-27 15:06:00	502	1	03529	03129
J2558	S0052	2026-11-26 13:08	2026-11-26 14:26:00	16	2	02049	92081
J0056	S0002	2026-10-12 01:38	2026-10-12 01:40:00	58	1	77009	77009
J1687	S0034	2026-10-25 20:32	2026-10-25 20:38:00	85A	1	67391	67441
J2691	S0054	2026-11-07 23:42	2026-11-07 23:45:00	46	1	77009	77009
J1065	S0022	2026-10-21 15:12	2026-10-21 15:35:00	40	1	70221	81011
J2103	S0043	2026-10-18 07:01	2026-10-18 07:24:00	800	1	59511	59239
J0678	S0014	2026-11-23 10:38	2026-11-23 10:46:00	268	1	54248	54229
J1182	S0024	2026-11-04 12:03	2026-11-04 12:14:00	382G	1	65451	65461
J2312	S0047	2026-10-20 00:44	2026-10-20 02:15:00	973	1	44231	44389
J0070	S0002	2026-11-23 16:51	2026-11-23 17:01:00	262	1	54331	54009
J1810	S0037	2026-11-21 03:07	2026-11-21 03:40:00	109	2	77031	65191
J2689	S0054	2026-11-04 04:57	2026-11-04 05:52:00	856	2	46009	47041
J0398	S0008	2026-11-05 17:15	2026-11-05 17:44:00	100A	1	61039	70019
J0999	S0020	2026-10-10 07:40	2026-10-10 07:58:00	861B	1	59821	59221
J1844	S0037	2026-11-25 17:10	2026-11-25 17:23:00	859	1	58129	58251
J1955	S0040	2026-10-27 22:34	2026-10-27 22:50:00	139	2	51011	52009
J0706	S0015	2026-10-12 05:04	2026-10-12 05:15:00	110	1	95019	95159
J0438	S0009	2026-11-10 12:03	2026-11-10 12:08:00	678	2	65389	65271
J2515	S0051	2026-11-14 04:00	2026-11-14 04:43:00	2	2	97051	99031
J1791	S0036	2026-11-21 09:58	2026-11-21 10:02:00	85A	1	67571	67571
J1778	S0036	2026-11-17 23:53	2026-11-18 00:08:00	883M	1	58539	58529
J2386	S0048	2026-10-16 12:15	2026-10-16 12:50:00	139	1	10271	10651
J2243	S0045	2026-11-02 00:14	2026-11-02 00:17:00	21A	1	80049	80049
J2494	S0050	2026-11-05 07:58	2026-11-05 08:06:00	131	1	50189	50059
J1280	S0026	2026-11-03 05:12	2026-11-03 05:20:00	872A	1	40399	40501
J1427	S0029	2026-11-25 06:23	2026-11-25 06:37:00	123M	1	14039	14019
J0388	S0008	2026-11-25 22:44	2026-11-25 22:55:00	8	1	70109	60089
J2673	S0054	2026-10-26 23:58	2026-10-27 00:03:00	225G	1	84009	84009
J0173	S0004	2026-10-08 16:21	2026-10-08 16:23:00	673	2	65531	65491
J1568	S0032	2026-11-17 10:08	2026-11-17 10:18:00	805	1	59731	59741
J0127	S0003	2026-11-18 20:28	2026-11-18 21:38:00	10	2	15169	02111
J1959	S0040	2026-11-04 17:16	2026-11-04 17:20:00	302	1	44009	44009
J1011	S0021	2026-11-02 18:05	2026-11-02 18:30:00	371	1	67259	67241
J0781	S0016	2026-11-09 18:23	2026-11-09 20:37:00	175	2	13159	17081
J1917	S0039	2026-11-03 16:43	2026-11-03 17:24:00	969	2	59061	46779
J2542	S0051	2026-10-19 21:11	2026-10-19 22:39:00	4	1	76211	75009
J1712	S0035	2026-11-08 23:35	2026-11-09 00:34:00	169	2	59541	58189
J0923	S0019	2026-11-13 08:49	2026-11-13 11:17:00	100	1	70039	11511
J1636	S0033	2026-11-21 00:12	2026-11-21 00:37:00	329	1	66609	64481
J1647	S0033	2026-11-17 19:06	2026-11-17 19:19:00	52	1	28319	28211
J1279	S0026	2026-11-23 04:51	2026-11-23 05:12:00	401	1	91099	92191
J1676	S0034	2026-10-12 08:22	2026-10-12 08:41:00	265	1	56249	55301
J0428	S0009	2026-10-31 19:04	2026-10-31 20:08:00	14	2	10109	80151
J2881	S0058	2026-11-13 17:17	2026-11-13 17:32:00	853M	2	55241	59011
J0174	S0004	2026-11-03 14:31	2026-11-03 14:35:00	861B	1	59821	59621
J1249	S0025	2026-11-26 04:26	2026-11-26 05:25:00	133	2	03511	60121
J1540	S0031	2026-11-24 03:00	2026-11-24 04:26:00	334	1	28441	28449
J2766	S0056	2026-11-19 12:00	2026-11-19 12:05:00	196	2	84121	84131
J2138	S0043	2026-10-28 16:18	2026-10-28 16:59:00	883B	1	59091	58049
J2223	S0045	2026-11-02 05:18	2026-11-02 05:22:00	88	1	52279	52269
J0331	S0007	2026-10-31 16:02	2026-10-31 18:13:00	78	1	17069	28211
J2027	S0041	2026-11-24 03:21	2026-11-24 03:27:00	384	1	65641	65651
J0274	S0006	2026-11-26 21:47	2026-11-26 21:53:00	911T	1	46551	46009
J2938	S0059	2026-10-25 04:07	2026-10-25 04:15:00	60	1	83109	82221
J1148	S0023	2026-10-14 05:17	2026-10-14 05:48:00	30e	2	81171	84009
J0795	S0016	2026-11-11 04:44	2026-11-11 04:57:00	10e	2	94071	85031
J1421	S0029	2026-11-26 00:58	2026-11-26 02:00:00	405	1	31041	27109
J1188	S0024	2026-10-21 10:02	2026-10-21 10:08:00	225W	1	84449	84409
J2567	S0052	2026-10-17 03:16	2026-10-17 03:18:00	674	2	40449	40459
J1338	S0027	2026-10-20 20:37	2026-10-20 20:46:00	911	1	46088	46581
J0001	S0001	2026-11-14 09:59	2026-11-14 10:41:00	175	1	06131	01112
J1107	S0023	2026-10-16 04:26	2026-10-16 04:55:00	55	2	54389	53009
J1820	S0037	2026-10-10 21:05	2026-10-10 21:19:00	459	2	65289	65259
J0014	S0001	2026-11-24 18:00	2026-11-24 18:04:00	268C	1	54248	54248
J2193	S0044	2026-10-28 01:12	2026-10-28 01:35:00	334	1	28499	28079
J0185	S0004	2026-11-21 14:50	2026-11-21 16:02:00	178	2	45011	46069
J1735	S0035	2026-10-20 12:03	2026-10-20 12:18:00	63	2	70181	71161
J0313	S0007	2026-11-03 00:20	2026-11-03 00:41:00	136	1	65061	65229
J0552	S0012	2026-11-27 18:57	2026-11-27 19:07:00	20A	1	96329	96301
J0955	S0020	2026-10-11 11:28	2026-10-11 11:54:00	453	2	43009	40459
J2732	S0055	2026-11-14 17:41	2026-11-14 18:00:00	89	1	67181	65019
J0839	S0017	2026-10-13 04:31	2026-10-13 06:58:00	106	2	03381	17181
J1618	S0033	2026-11-16 08:39	2026-11-16 09:27:00	172	2	30041	44119
J0718	S0015	2026-11-10 09:20	2026-11-10 09:29:00	22	1	71141	71131
J0123	S0003	2026-10-08 15:17	2026-10-08 15:38:00	947	1	43481	43009
J2018	S0041	2026-11-05 21:16	2026-11-05 21:30:00	143	1	05049	10011
J0207	S0005	2026-11-06 17:50	2026-11-06 17:55:00	125	1	52129	52109
J2192	S0044	2026-11-01 01:07	2026-11-01 01:25:00	181A	1	27381	27469
J0912	S0019	2026-11-07 14:15	2026-11-07 14:20:00	674	1	03071	03071
J1877	S0038	2026-10-15 02:18	2026-10-15 02:32:00	859B	1	58419	58119
J0256	S0006	2026-11-19 04:21	2026-11-19 04:27:00	452	1	43769	42151
J2519	S0051	2026-10-28 22:18	2026-10-28 22:21:00	883B	1	58049	58049
J0091	S0002	2026-11-21 11:46	2026-11-21 12:11:00	138A	1	48069	48111
J2858	S0058	2026-10-10 11:57	2026-10-10 12:01:00	85A	1	67541	67381
J2816	S0057	2026-11-14 04:34	2026-11-14 05:28:00	30	2	14129	81191
J1936	S0039	2026-10-13 02:44	2026-10-13 03:30:00	31	1	92241	80049
J0242	S0005	2026-11-27 14:26	2026-11-27 15:14:00	975C	1	30099	31149
J0004	S0001	2026-11-22 15:17	2026-11-22 16:09:00	38	1	96039	84131
J0467	S0010	2026-11-22 13:07	2026-11-22 13:40:00	92	1	18251	15189
J1078	S0022	2026-11-15 20:42	2026-11-15 20:46:00	39	1	59021	59041
J0561	S0012	2026-11-26 09:13	2026-11-26 09:24:00	666	1	65331	03241
J0302	S0007	2026-10-31 12:49	2026-10-31 12:56:00	116	1	64331	64009
J0875	S0018	2026-10-28 21:57	2026-10-28 22:16:00	831G	1	40489	40459
J0829	S0017	2026-11-22 20:50	2026-11-22 22:34:00	87	2	84451	67199
J1949	S0039	2026-11-10 13:23	2026-11-10 14:48:00	74	1	41041	19099
J1979	S0040	2026-11-26 04:14	2026-11-26 06:20:00	246	1	22009	21679
J0799	S0016	2026-10-29 01:28	2026-10-29 01:39:00	883	1	58339	58009
J2142	S0043	2026-10-31 23:04	2026-10-31 23:08:00	156	2	63009	63009
J0436	S0009	2026-10-17 21:04	2026-10-17 21:07:00	182A	1	26269	26269
J1400	S0028	2026-11-02 09:04	2026-11-02 09:29:00	41	1	42219	28679
J1756	S0036	2026-11-09 19:59	2026-11-09 20:13:00	109A	1	64481	64611
J0813	S0017	2026-10-09 17:09	2026-10-09 17:15:00	107M	1	60019	60019
J2851	S0058	2026-11-17 08:04	2026-11-17 08:42:00	93	2	82009	70281
J0466	S0010	2026-11-08 00:42	2026-11-08 01:15:00	925A	1	45129	49149
J0140	S0003	2026-10-24 20:01	2026-10-24 20:04:00	656	2	58349	58349
J1455	S0030	2026-11-09 07:47	2026-11-09 07:57:00	102	1	67391	67181
J2081	S0042	2026-10-30 16:17	2026-10-30 16:20:00	18A	1	75501	75501
J1501	S0031	2026-11-08 08:41	2026-11-08 08:56:00	872	1	40509	40459
J0714	S0015	2026-11-20 17:32	2026-11-20 17:41:00	670	2	03529	59031
J0468	S0010	2026-11-12 06:30	2026-11-12 07:15:00	962	1	58281	58361
J2479	S0050	2026-11-17 19:51	2026-11-17 20:15:00	854	2	55049	55261
J1734	S0035	2026-10-09 08:42	2026-10-09 09:03:00	901	1	46999	46009
J0892	S0018	2026-10-22 11:02	2026-10-22 11:06:00	661	1	03381	03391
J2766	S0056	2026-11-19 12:05	2026-11-19 12:10:00	196	2	84131	84009
J1823	S0037	2026-11-14 02:38	2026-11-14 02:43:00	135	1	92151	93051
J1081	S0022	2026-11-24 20:45	2026-11-24 21:12:00	23	1	72171	75051
J0874	S0018	2026-11-03 10:11	2026-11-03 10:20:00	70B	1	63189	63179
J2136	S0043	2026-11-06 09:36	2026-11-06 09:53:00	143	1	20171	20261
J1857	S0038	2026-11-24 20:27	2026-11-24 20:30:00	674	2	40459	40459
J0906	S0019	2026-11-08 02:57	2026-11-08 03:03:00	161	1	67101	65061
J1282	S0026	2026-10-29 14:46	2026-10-29 14:48:00	173	2	43731	43731
J0176	S0004	2026-11-26 12:19	2026-11-26 12:45:00	807B	1	59761	59329
J0199	S0004	2026-10-29 23:56	2026-10-30 00:08:00	138C	1	48131	48021
J0406	S0009	2026-11-13 10:33	2026-11-13 12:52:00	16M	1	93099	06129
J2197	S0044	2026-10-09 10:13	2026-10-09 10:19:00	37	1	76199	75009
J2231	S0045	2026-11-24 16:50	2026-11-24 16:58:00	678	1	65279	65381
J0192	S0004	2026-11-05 03:24	2026-11-05 03:32:00	253	1	24009	23519
J2813	S0057	2026-11-03 14:28	2026-11-03 14:34:00	807C	1	59631	59631
J2793	S0056	2026-10-28 15:40	2026-10-28 15:42:00	333	1	28059	28059
J2109	S0043	2026-11-27 02:10	2026-11-27 03:40:00	198	2	11051	28271
J1210	S0025	2026-10-15 22:29	2026-10-15 23:14:00	196	1	84009	92211
J2376	S0048	2026-11-08 18:55	2026-11-08 19:40:00	20	1	96201	76061
J2613	S0053	2026-10-20 04:42	2026-10-20 05:13:00	252	1	24159	22271
J1157	S0024	2026-11-17 15:22	2026-11-17 18:09:00	24	1	95209	66059
J1259	S0026	2026-11-13 10:57	2026-11-13 11:17:00	117A	1	59779	59749
J1068	S0022	2026-11-23 03:17	2026-11-23 03:26:00	169A	1	58049	58541
J1191	S0024	2026-10-14 05:53	2026-10-14 05:57:00	85	2	65229	65009
J0092	S0002	2026-11-17 04:18	2026-11-17 04:38:00	163	1	51131	52279
J1931	S0039	2026-10-15 11:34	2026-10-15 14:48:00	178	1	46059	21171
J2824	S0057	2026-11-27 06:41	2026-11-27 06:51:00	461	2	59819	59599
J1228	S0025	2026-11-03 15:52	2026-11-03 19:02:00	176	1	44029	15209
J2420	S0049	2026-10-22 22:21	2026-10-22 22:27:00	682	2	67371	67351
J0772	S0016	2026-11-10 03:10	2026-11-10 04:28:00	677	1	67389	02141
J0356	S0008	2026-10-25 03:18	2026-10-25 03:21:00	S42	2	01541	01541
J2307	S0047	2026-11-17 21:01	2026-11-17 22:11:00	268A	1	55239	54511
J2602	S0053	2026-11-22 15:26	2026-11-22 15:51:00	405	1	31049	22481
J2917	S0059	2026-11-12 08:21	2026-11-12 10:22:00	24	1	70309	95011
J2469	S0050	2026-11-19 21:52	2026-11-19 22:30:00	851	1	05039	10349
J1278	S0026	2026-10-12 23:08	2026-10-12 23:18:00	89e	2	64429	64009
J2683	S0054	2026-11-15 14:37	2026-11-15 14:54:00	143M	1	20211	20159
J0801	S0017	2026-10-23 00:05	2026-10-23 00:12:00	182M	1	25221	24509
J0953	S0020	2026-10-08 11:49	2026-10-08 12:08:00	34A	1	75369	75131
J1344	S0027	2026-11-18 16:51	2026-11-18 17:11:00	118A	1	75221	96119
J1695	S0034	2026-11-16 13:27	2026-11-16 13:33:00	452	2	40429	40439
J2220	S0045	2026-10-13 10:51	2026-10-13 11:27:00	75	2	43061	44051
J0749	S0015	2026-10-16 05:39	2026-10-16 06:18:00	381	1	65181	65169
J1313	S0027	2026-11-11 00:15	2026-11-11 00:19:00	984	2	28211	28211
J0650	S0013	2026-11-07 03:45	2026-11-07 03:55:00	166	2	50041	50051
J1579	S0032	2026-10-23 14:02	2026-10-23 14:28:00	167	1	56069	56019
J0396	S0008	2026-11-14 17:35	2026-11-14 17:39:00	672	1	02159	02159
J2939	S0059	2026-10-18 04:10	2026-10-18 06:58:00	103	2	59341	66009
J2283	S0046	2026-10-26 06:37	2026-10-26 06:49:00	911A	1	46579	46589
J1648	S0033	2026-11-12 15:36	2026-11-12 16:10:00	945	1	43831	43809
J1630	S0033	2026-11-15 05:41	2026-11-15 05:44:00	85	2	67541	67381
J0321	S0007	2026-10-22 10:35	2026-10-22 14:03:00	67	1	42059	84201
J0722	S0015	2026-11-14 12:14	2026-11-14 13:39:00	961	2	10111	42011
J2843	S0057	2026-11-12 06:10	2026-11-12 06:31:00	105B	1	28311	28029
J2526	S0051	2026-10-20 17:13	2026-10-20 18:35:00	157	1	42041	28491
J2277	S0046	2026-10-23 04:37	2026-10-23 06:07:00	135	2	70231	54009
J2297	S0046	2026-11-27 19:12	2026-11-27 19:43:00	222	1	84589	84249
J1352	S0028	2026-10-23 20:16	2026-10-23 20:49:00	163	1	67281	55059
J2807	S0057	2026-10-18 02:53	2026-10-18 03:17:00	665	2	47589	46169
J0746	S0015	2026-10-28 13:59	2026-10-28 14:52:00	193	1	23091	25321
J1461	S0030	2026-10-28 13:07	2026-10-28 14:56:00	66	1	43141	28269
J2350	S0047	2026-11-14 04:56	2026-11-14 04:59:00	258	1	23011	23021
J1405	S0029	2026-10-10 08:12	2026-10-10 08:16:00	900	1	46399	46399
J0138	S0003	2026-11-16 13:34	2026-11-16 13:38:00	93	1	15041	15051
J0765	S0016	2026-11-18 23:55	2026-11-19 00:30:00	94	1	73049	82069
J1755	S0036	2026-10-23 19:39	2026-10-23 19:46:00	86B	1	67081	68011
J0035	S0001	2026-11-14 05:13	2026-11-14 06:37:00	235	1	52309	52301
J0539	S0011	2026-10-28 19:49	2026-10-28 20:21:00	45	1	54479	55311
J2933	S0059	2026-11-21 01:05	2026-11-21 01:23:00	83	1	65171	65289
J0837	S0017	2026-10-08 03:49	2026-10-08 05:12:00	913M	1	46291	46019
J0008	S0001	2026-10-16 11:22	2026-10-16 11:28:00	80	2	70281	70291
J2345	S0047	2026-11-22 21:05	2026-11-22 21:23:00	173A	1	43419	43749
J0778	S0016	2026-11-18 02:08	2026-11-18 02:49:00	856	2	58119	59149
J2613	S0053	2026-10-20 04:37	2026-10-20 04:42:00	252	1	24499	24159
J1109	S0023	2026-10-30 06:37	2026-10-30 08:11:00	113	1	62221	64059
J2372	S0048	2026-10-24 17:51	2026-10-24 19:22:00	107M	2	60011	64521
J0633	S0013	2026-10-25 15:55	2026-10-25 15:57:00	17	1	84309	84309
J0506	S0011	2026-11-18 09:42	2026-11-18 10:02:00	39A	1	65269	65229
J1325	S0027	2026-11-21 00:15	2026-11-21 00:51:00	72	2	64011	64111
J0230	S0005	2026-10-24 07:38	2026-10-24 07:53:00	381	1	65149	65281
J2062	S0042	2026-10-10 01:59	2026-10-10 02:22:00	985	2	51099	42171
J2599	S0052	2026-11-19 12:48	2026-11-19 14:12:00	117	1	68101	59251
J0928	S0019	2026-11-09 20:46	2026-11-09 20:54:00	247	1	25549	25509
J2121	S0043	2026-10-15 13:18	2026-10-15 13:20:00	102B	1	67381	67381
J2336	S0047	2026-11-25 05:46	2026-11-25 07:15:00	55	1	53249	62241
J1472	S0030	2026-10-14 22:57	2026-10-14 23:04:00	192	1	25169	25119
J1971	S0040	2026-10-16 13:21	2026-10-16 14:41:00	853	2	61011	54051
J1213	S0025	2026-10-10 08:33	2026-10-10 08:42:00	159B	1	54341	54471
J0157	S0004	2026-10-30 01:04	2026-10-30 01:14:00	359	1	77179	77369
J2352	S0048	2026-11-12 20:36	2026-11-12 22:30:00	960	1	45119	40279
J0485	S0010	2026-10-21 21:03	2026-10-21 21:35:00	93	1	71021	82009
J0369	S0008	2026-10-10 14:12	2026-10-10 14:27:00	88A	1	54499	54589
J1978	S0040	2026-10-09 20:13	2026-10-09 20:29:00	73T	1	52259	52009
J2124	S0043	2026-11-22 08:32	2026-11-22 08:45:00	121	1	05539	05629
J0512	S0011	2026-11-12 14:23	2026-11-12 14:32:00	178	1	45059	45039
J0098	S0002	2026-11-13 04:41	2026-11-13 04:46:00	17	2	78111	78111
J0930	S0019	2026-10-08 00:46	2026-10-08 00:49:00	860T	1	59009	59009
J0815	S0017	2026-11-15 18:53	2026-11-15 19:04:00	807	1	59319	59111
J1170	S0024	2026-10-28 10:45	2026-10-28 10:56:00	72B	1	55329	54471
J0320	S0007	2026-11-23 17:12	2026-11-23 17:35:00	22	1	70309	71161
J0324	S0007	2026-11-03 19:31	2026-11-03 19:45:00	101	1	64559	63069
J2628	S0053	2026-10-24 00:13	2026-10-24 01:18:00	161	1	64369	46229
J2391	S0048	2026-10-17 18:10	2026-10-17 18:45:00	81	1	63241	63011
J1169	S0024	2026-11-05 01:10	2026-11-05 02:05:00	110	1	95129	67269
J2574	S0052	2026-11-03 21:06	2026-11-03 21:29:00	655	2	20141	20231
J0246	S0005	2026-10-18 05:29	2026-10-18 05:52:00	117M	1	58609	58251
J0530	S0011	2026-11-19 00:31	2026-11-19 01:07:00	252	1	23489	24599
J1967	S0040	2026-11-20 23:13	2026-11-21 00:05:00	925	1	49189	49039
J2450	S0049	2026-11-02 17:17	2026-11-02 17:47:00	871	1	40419	41009
J2116	S0043	2026-10-14 07:21	2026-10-14 07:52:00	453	2	40381	41009
J2323	S0047	2026-11-04 21:00	2026-11-04 21:30:00	853	2	62111	54109
J0141	S0003	2026-10-10 00:54	2026-10-10 01:00:00	181A	1	27381	27449
J1525	S0031	2026-11-27 20:06	2026-11-27 22:14:00	63	1	71169	10191
J0219	S0005	2026-11-17 22:01	2026-11-17 22:26:00	157	2	42039	41121
J1941	S0039	2026-11-06 19:48	2026-11-06 20:45:00	75	2	10149	11221
J1890	S0038	2026-11-02 04:47	2026-11-02 06:24:00	12	2	84119	78039
J1687	S0034	2026-10-25 20:28	2026-10-25 20:32:00	85	2	67391	67391
J1186	S0024	2026-11-23 23:32	2026-11-24 00:58:00	43	1	65259	66359
J1771	S0036	2026-10-14 09:57	2026-10-14 10:03:00	651	2	27449	27459
J0045	S0001	2026-11-15 18:25	2026-11-15 18:49:00	854	2	67049	55089
J0207	S0005	2026-11-06 17:33	2026-11-06 17:50:00	129	1	52401	52129
J2843	S0057	2026-11-12 06:31	2026-11-12 06:41:00	99	2	28029	20109
J0720	S0015	2026-11-13 06:27	2026-11-13 07:57:00	130	1	53039	07589
J2372	S0048	2026-10-24 14:43	2026-10-24 17:51:00	175	1	17049	60011
J2379	S0048	2026-10-31 19:18	2026-10-31 19:23:00	81	1	76199	75009
J0979	S0020	2026-11-18 01:15	2026-11-18 01:53:00	646	1	75489	75241
J0341	S0007	2026-10-25 04:38	2026-10-25 05:00:00	13	1	92279	93011
J1401	S0029	2026-10-08 17:19	2026-10-08 17:24:00	683	1	50061	50111
J2518	S0051	2026-10-23 23:18	2026-10-23 23:20:00	197	2	84121	84131
J0115	S0003	2026-11-24 04:49	2026-11-24 04:53:00	456	1	50159	50159
J1436	S0029	2026-10-18 23:58	2026-10-19 00:41:00	200A	1	15221	16071
J2833	S0057	2026-11-16 18:21	2026-11-16 20:38:00	61	1	11039	70101
J0709	S0015	2026-10-15 22:18	2026-10-15 23:19:00	18	2	75341	76351
J1591	S0032	2026-10-19 08:27	2026-10-19 08:30:00	800	1	59139	59129
J0769	S0016	2026-10-09 21:07	2026-10-09 21:11:00	970	2	43231	43231
J0992	S0020	2026-11-10 08:57	2026-11-10 09:31:00	273	1	10009	14399
J0012	S0001	2026-11-23 03:44	2026-11-23 03:47:00	243W	1	22009	22009
J2344	S0047	2026-10-22 10:27	2026-10-22 10:39:00	139A	1	52411	52109
J0559	S0012	2026-11-05 04:54	2026-11-05 05:14:00	683	1	65569	67529
J1531	S0031	2026-10-19 03:24	2026-10-19 03:37:00	170	2	40029	07539
J2651	S0054	2026-10-09 00:23	2026-10-09 01:49:00	188	2	16031	28621
J0691	S0014	2026-11-18 23:04	2026-11-18 23:06:00	173	1	17009	17009
J0882	S0018	2026-11-03 03:54	2026-11-03 04:07:00	647	2	43649	43589
J0579	S0012	2026-11-17 22:36	2026-11-18 00:27:00	154	1	12071	81101
J0944	S0019	2026-11-06 21:17	2026-11-06 21:28:00	165	1	17109	17171
J2190	S0044	2026-10-24 23:43	2026-10-25 00:34:00	196	1	80159	10501
J0947	S0019	2026-10-20 16:49	2026-10-20 16:55:00	75	1	43139	43129
J0415	S0009	2026-11-22 08:11	2026-11-22 08:19:00	163B	1	67479	67489
J1570	S0032	2026-10-13 12:13	2026-10-13 12:27:00	648	2	47579	46699
J0703	S0015	2026-10-25 00:16	2026-10-25 00:35:00	240	1	21621	21429
J0617	S0013	2026-11-11 21:04	2026-11-11 21:21:00	153	1	63021	63061
J2717	S0055	2026-11-22 04:20	2026-11-22 05:56:00	190	2	10499	44259
J1572	S0032	2026-10-18 08:25	2026-10-18 08:27:00	193	1	22009	22441
J0903	S0019	2026-10-18 12:12	2026-10-18 14:02:00	157	2	43459	41131
J1544	S0031	2026-10-28 22:59	2026-10-28 23:03:00	170X	2	46029	46029
J1975	S0040	2026-11-14 10:17	2026-11-14 10:49:00	963	1	16099	14179
J2816	S0057	2026-11-14 05:28	2026-11-14 06:17:00	32	2	81191	83171
J1018	S0021	2026-10-16 10:02	2026-10-16 10:07:00	157	1	42181	43201
J0994	S0020	2026-11-09 22:00	2026-11-09 22:33:00	16	1	06129	10349
J0796	S0016	2026-10-09 15:53	2026-10-09 17:24:00	975B	1	44531	32131
J1533	S0031	2026-11-11 15:50	2026-11-11 16:17:00	107	1	01519	03059
J1929	S0039	2026-10-17 17:42	2026-10-17 18:52:00	18	1	76349	84529
J2151	S0044	2026-10-15 21:48	2026-10-15 21:58:00	178	2	46201	46189
J1122	S0023	2026-10-10 09:01	2026-10-10 10:16:00	64	1	08058	70039
J2351	S0048	2026-11-14 06:55	2026-11-14 07:08:00	190A	1	44399	44289
J2617	S0053	2026-10-09 03:39	2026-10-09 03:44:00	179A	1	27261	22009
J0296	S0006	2026-11-16 00:44	2026-11-16 00:50:00	43e	2	71191	71191
J2866	S0058	2026-11-17 02:12	2026-11-17 02:20:00	178	2	46191	46009
J0378	S0008	2026-10-20 14:43	2026-10-20 17:22:00	143	1	05049	20291
J2089	S0042	2026-10-30 23:01	2026-10-30 23:10:00	16M	1	13119	06129
J2775	S0056	2026-11-24 08:56	2026-11-24 09:06:00	230M	1	52319	52321
J0680	S0014	2026-10-11 01:30	2026-10-11 01:42:00	70M	1	55079	55049
J1590	S0032	2026-11-05 02:33	2026-11-05 02:38:00	381	1	65349	65009
J0478	S0010	2026-10-16 15:33	2026-10-16 15:45:00	65	1	07329	07529
J1429	S0029	2026-10-13 01:38	2026-10-13 02:47:00	12e	2	01012	76241
J0388	S0008	2026-11-25 22:55	2026-11-25 23:37:00	966	1	60089	46521
J2573	S0052	2026-10-21 15:23	2026-10-21 15:30:00	911A	1	46569	46589
J1069	S0022	2026-11-06 16:27	2026-11-06 16:49:00	162	1	53329	53249
J0312	S0007	2026-11-25 01:51	2026-11-25 02:12:00	812	1	59089	59129
J1106	S0023	2026-10-13 05:42	2026-10-13 05:58:00	113	1	63229	63349
J2913	S0059	2026-11-22 04:26	2026-11-22 04:43:00	7B	1	09169	09038
J1691	S0034	2026-11-25 10:31	2026-11-25 10:34:00	451	1	43579	43579
J0174	S0004	2026-11-03 14:13	2026-11-03 14:31:00	801	1	59771	59821
J1140	S0023	2026-10-22 21:43	2026-10-22 22:29:00	56	1	50059	01619
J1716	S0035	2026-10-31 00:49	2026-10-31 01:42:00	141	1	07231	51051
J2437	S0049	2026-10-22 07:49	2026-10-22 08:02:00	96A	1	16149	16179
J0224	S0005	2026-11-19 11:18	2026-11-19 12:08:00	72A	1	66461	64549
J0166	S0004	2026-10-31 11:33	2026-10-31 11:57:00	674	2	40381	40459
J0581	S0012	2026-10-28 08:13	2026-10-28 08:43:00	991	2	40379	43329
J0252	S0006	2026-11-18 04:08	2026-11-18 04:12:00	89A	1	95051	95041
J2493	S0050	2026-11-05 04:35	2026-11-05 05:17:00	922	1	44311	45009
J1177	S0024	2026-10-31 11:37	2026-10-31 12:10:00	105	1	17171	28659
J0941	S0019	2026-11-27 01:51	2026-11-27 02:09:00	179A	1	27281	27221
J2930	S0059	2026-10-29 08:32	2026-10-29 09:11:00	804	1	59581	59073
J2196	S0044	2026-10-16 09:50	2026-10-16 10:38:00	268A	1	54199	54521
J0668	S0014	2026-11-22 09:15	2026-11-22 10:41:00	28	2	52009	82033
J1918	S0039	2026-11-05 11:27	2026-11-05 11:38:00	965	1	67241	67271
J2362	S0048	2026-10-26 18:34	2026-10-26 21:53:00	195	1	10161	04219
J1390	S0028	2026-11-02 17:42	2026-11-02 19:41:00	156	2	41089	63181
J0571	S0012	2026-11-10 04:14	2026-11-10 04:16:00	89	1	64391	64391
J1277	S0026	2026-10-09 05:48	2026-10-09 06:00:00	16	2	81191	82131
J2677	S0054	2026-11-14 13:53	2026-11-14 14:05:00	76	1	54291	66101
J0916	S0019	2026-11-08 01:59	2026-11-08 02:08:00	106	2	43621	43171
J1067	S0022	2026-10-24 21:10	2026-10-25 00:29:00	176	1	43279	14241
J1650	S0033	2026-10-28 07:51	2026-10-28 08:05:00	129B	1	75251	75221
J2689	S0054	2026-11-04 04:25	2026-11-04 04:48:00	913T	1	46589	46191
J2244	S0045	2026-10-23 15:31	2026-10-23 15:39:00	98	1	28319	28211
J1784	S0036	2026-11-06 16:19	2026-11-06 16:53:00	56	2	52271	53009
J2214	S0045	2026-10-10 16:18	2026-10-10 16:26:00	139	1	50211	50331
J0758	S0016	2026-11-16 06:07	2026-11-16 07:50:00	139	1	07319	10009
J0995	S0020	2026-11-19 10:40	2026-11-19 10:43:00	133	1	03218	03218
J2254	S0046	2026-10-29 23:28	2026-10-29 23:30:00	973	1	44249	44249
J1735	S0035	2026-10-20 12:18	2026-10-20 12:46:00	22	1	71161	83109
J1011	S0021	2026-11-02 18:30	2026-11-02 18:36:00	371	1	67241	67009
J2006	S0041	2026-11-13 17:10	2026-11-13 17:31:00	69	1	84351	84521
J2469	S0050	2026-11-19 22:30	2026-11-19 22:36:00	145A	1	10349	10339
J0499	S0010	2026-11-08 00:09	2026-11-08 00:14:00	654	1	67151	03539
J2112	S0043	2026-11-17 08:04	2026-11-17 08:33:00	S42	1	03529	60011
J1576	S0032	2026-11-16 23:18	2026-11-16 23:25:00	26	1	60031	60229
J1220	S0025	2026-10-17 04:54	2026-10-17 07:15:00	75	1	42099	10121
J0123	S0003	2026-10-08 15:51	2026-10-08 16:36:00	66	1	43519	42161
J1147	S0023	2026-11-25 11:00	2026-11-25 11:18:00	969	2	76549	65191
J1340	S0027	2026-10-22 19:01	2026-10-22 20:16:00	184	1	17169	43071
J0015	S0001	2026-10-25 00:45	2026-10-25 01:24:00	183	1	28671	17169
J2849	S0057	2026-11-05 07:07	2026-11-05 07:10:00	453	1	43009	43009
J0532	S0011	2026-11-08 00:04	2026-11-08 00:36:00	856	2	46088	47021
J1516	S0031	2026-10-19 04:29	2026-10-19 05:05:00	269	1	54181	55129
J1956	S0040	2026-11-02 16:20	2026-11-02 16:32:00	5	2	51011	72011
J0810	S0017	2026-11-04 14:30	2026-11-04 14:43:00	871	1	43201	43171
J0623	S0013	2026-11-25 06:22	2026-11-25 06:51:00	665	1	02049	03218
J2335	S0047	2026-10-14 09:18	2026-10-14 11:12:00	100	1	80069	18011
J0340	S0007	2026-10-13 19:04	2026-10-13 19:11:00	147A	1	60269	60209
J0051	S0002	2026-11-11 17:53	2026-11-11 19:00:00	172	2	31161	44391
J0750	S0015	2026-11-15 00:38	2026-11-15 00:52:00	121	1	06049	05629
J0871	S0018	2026-11-24 07:36	2026-11-24 07:43:00	964	1	46399	46009
J2023	S0041	2026-11-18 11:50	2026-11-18 12:19:00	97	2	03519	14071
J1324	S0027	2026-10-11 06:59	2026-10-11 07:15:00	222B	1	84641	84579
J0164	S0004	2026-11-02 01:30	2026-11-02 01:44:00	197	1	20031	20271
J0688	S0014	2026-11-09 02:41	2026-11-09 03:03:00	117M	2	59741	68179
J0149	S0003	2026-10-30 20:24	2026-10-30 20:34:00	25	1	83109	83031
J1354	S0028	2026-11-24 16:40	2026-11-24 16:45:00	159	1	52361	52259
J1323	S0027	2026-10-29 05:18	2026-10-29 05:34:00	653	2	03218	43171
J0461	S0010	2026-11-06 21:03	2026-11-07 01:31:00	853M	2	94069	59021
J2517	S0051	2026-10-16 20:11	2026-10-16 20:15:00	856A	1	46509	46509
J1258	S0026	2026-10-30 19:24	2026-10-30 19:35:00	10	2	80211	81171
J0538	S0011	2026-11-24 16:45	2026-11-24 17:16:00	135	1	70049	70259
J0994	S0020	2026-11-09 20:01	2026-11-09 22:00:00	75	1	42099	06129
J1350	S0027	2026-11-12 06:02	2026-11-12 06:52:00	147A	1	60209	04149
J1085	S0022	2026-11-12 15:57	2026-11-12 16:18:00	88	2	77279	77199
J0203	S0005	2026-10-08 19:43	2026-10-08 21:04:00	70M	1	70281	67059
J0903	S0019	2026-10-18 14:02	2026-10-18 14:42:00	74	2	41131	54241
J1483	S0030	2026-11-04 01:57	2026-11-04 02:08:00	180	1	28361	28371
J2666	S0054	2026-11-17 09:56	2026-11-17 09:58:00	81	1	76209	76199
J2645	S0053	2026-11-04 18:01	2026-11-04 18:22:00	925M	1	49129	45121
J2707	S0055	2026-11-25 04:27	2026-11-25 04:32:00	163A	1	67281	67651
J0313	S0007	2026-11-02 23:49	2026-11-03 00:20:00	82	1	64399	65061
J2260	S0046	2026-11-05 00:32	2026-11-05 00:44:00	970	2	43241	43261
J1376	S0028	2026-11-04 21:13	2026-11-04 21:22:00	268	1	54509	54591
J2525	S0051	2026-10-27 23:39	2026-10-27 23:46:00	20A	1	96361	96329
J2889	S0058	2026-11-24 17:41	2026-11-24 17:47:00	43e	2	67719	67719
J2174	S0044	2026-10-19 16:34	2026-10-19 16:40:00	855	1	14141	14009
J2015	S0041	2026-10-13 14:14	2026-10-13 14:16:00	292	1	76339	76061
J1555	S0032	2026-11-22 23:18	2026-11-22 23:44:00	985	1	42259	60179
J0956	S0020	2026-11-27 14:53	2026-11-27 15:13:00	20	1	96131	76051
J0195	S0004	2026-11-18 19:39	2026-11-18 20:35:00	970	1	42169	11319
J0778	S0016	2026-11-18 01:40	2026-11-18 01:54:00	861M	1	58621	58059
J1667	S0034	2026-10-21 15:47	2026-10-21 16:53:00	106	1	11209	02171
J0066	S0002	2026-10-22 20:26	2026-10-22 20:32:00	518A	1	09037	09037
J1633	S0033	2026-11-10 18:34	2026-11-10 20:40:00	169	1	46481	57049
J1777	S0036	2026-10-29 23:57	2026-10-30 00:10:00	647	1	43481	43321
J2632	S0053	2026-11-23 02:50	2026-11-23 03:08:00	5A	1	96191	96251
J1224	S0025	2026-11-23 12:51	2026-11-23 13:11:00	386	1	65171	65311
J0656	S0014	2026-10-08 21:46	2026-10-08 21:50:00	246	1	22009	22009
J2621	S0053	2026-11-11 01:17	2026-11-11 02:20:00	125	1	70349	52499
J1738	S0035	2026-10-10 06:35	2026-10-10 07:36:00	682	1	67359	09037
J1753	S0036	2026-11-23 15:11	2026-11-23 15:29:00	10	1	81199	80159
J1840	S0037	2026-11-26 23:57	2026-11-27 01:30:00	852	2	42059	53161
J1031	S0021	2026-11-25 14:23	2026-11-25 14:55:00	55	1	72019	92061
J0205	S0005	2026-11-19 09:27	2026-11-19 09:52:00	676	1	63049	03391
J0298	S0006	2026-11-01 20:29	2026-11-01 22:20:00	65	1	71099	09022
J1624	S0033	2026-10-29 22:44	2026-10-30 01:34:00	50	2	65009	54531
J1514	S0031	2026-11-10 00:27	2026-11-10 00:55:00	92B	1	18251	18279
J1454	S0030	2026-11-22 17:32	2026-11-22 19:14:00	178	1	46029	43049
J1469	S0030	2026-11-20 13:22	2026-11-20 13:25:00	193	2	23139	23129
J0840	S0017	2026-10-30 19:00	2026-10-30 19:02:00	98	1	28449	28449
J0486	S0010	2026-10-22 06:15	2026-10-22 06:19:00	15	1	75591	75581
J1725	S0035	2026-10-23 04:03	2026-10-23 04:15:00	170	1	46101	46239
J1927	S0039	2026-11-24 01:18	2026-11-24 01:33:00	649	1	44629	44499
J0949	S0019	2026-11-25 13:02	2026-11-25 13:07:00	S43	2	42091	43041
J2897	S0058	2026-11-25 00:04	2026-11-25 00:47:00	307	1	45371	44421
J1712	S0035	2026-11-09 00:34	2026-11-09 00:37:00	169	2	58189	58179
J1870	S0038	2026-10-16 22:52	2026-10-16 23:47:00	16M	1	09022	10009
J0153	S0004	2026-11-24 17:55	2026-11-24 18:06:00	2	1	98069	97089
J1414	S0029	2026-11-05 21:06	2026-11-05 21:13:00	853	1	54319	66091
J1325	S0027	2026-11-20 22:25	2026-11-20 23:17:00	268A	1	55309	54241
J2603	S0053	2026-10-12 11:50	2026-10-12 11:54:00	18M	1	84529	84251
J1665	S0034	2026-10-10 09:04	2026-10-10 09:10:00	253	1	23371	24009
J0990	S0020	2026-10-13 09:11	2026-10-13 09:42:00	117	1	58611	58009
J1524	S0031	2026-10-30 05:39	2026-10-30 05:43:00	5	2	98281	97051
J2030	S0041	2026-10-15 09:05	2026-10-15 09:17:00	856B	1	58139	58159
J0221	S0005	2026-11-20 11:37	2026-11-20 12:11:00	129	1	52209	52411
J0785	S0016	2026-11-24 15:37	2026-11-24 15:59:00	43e	1	82099	92051
J2778	S0056	2026-11-10 15:41	2026-11-10 15:44:00	61	1	82221	82009
J2812	S0057	2026-10-18 02:09	2026-10-18 02:57:00	35	1	96479	84039
J0353	S0008	2026-11-17 12:43	2026-11-17 13:29:00	858	1	57119	59019
J0349	S0007	2026-11-27 07:39	2026-11-27 09:07:00	43e	2	81119	65401
J1677	S0034	2026-11-01 15:17	2026-11-01 15:37:00	976	1	44801	44701
J2413	S0049	2026-10-15 19:45	2026-10-15 19:58:00	138C	1	48081	57019
J2493	S0050	2026-11-05 03:57	2026-11-05 04:35:00	920	1	44951	44311
J1748	S0035	2026-10-26 15:39	2026-10-26 16:36:00	179	1	22521	27309
J0978	S0020	2026-10-09 19:53	2026-10-09 20:13:00	180	1	43751	44161
J0940	S0019	2026-11-15 07:26	2026-11-15 08:58:00	80	2	70281	65021
J0542	S0011	2026-11-20 16:59	2026-11-20 17:21:00	85	2	67341	67531
J1224	S0025	2026-11-23 12:45	2026-11-23 12:51:00	83	1	65161	65171
J2509	S0051	2026-10-13 10:29	2026-10-13 10:40:00	920	1	44669	44959
J0109	S0003	2026-11-22 23:58	2026-11-23 00:51:00	247	1	25609	25549
J2332	S0047	2026-11-09 00:54	2026-11-09 01:00:00	196	2	84009	84009
J2354	S0048	2026-10-13 13:43	2026-10-13 13:45:00	872A	1	28341	28341
J2874	S0058	2026-11-14 09:28	2026-11-14 09:46:00	50A	1	66459	54479
J0330	S0007	2026-11-17 18:40	2026-11-17 19:19:00	60T	1	82009	84499
J0893	S0018	2026-11-20 14:08	2026-11-20 14:20:00	803	1	59171	59009
J0975	S0020	2026-11-06 10:20	2026-11-06 10:42:00	961	2	45091	46499
J2609	S0053	2026-11-05 17:44	2026-11-05 22:23:00	51	1	71081	20131
J0288	S0006	2026-10-17 03:46	2026-10-17 03:51:00	410G	1	53369	53359
J2786	S0056	2026-10-30 00:33	2026-10-30 01:12:00	961M	1	11059	10099
J2204	S0045	2026-11-06 18:04	2026-11-06 18:15:00	67	2	44449	44469
J2637	S0053	2026-11-25 20:22	2026-11-25 21:01:00	72	2	63241	64489
J1526	S0031	2026-10-24 04:10	2026-10-24 04:15:00	807	1	59631	59401
J0895	S0018	2026-10-15 16:02	2026-10-15 16:19:00	55B	1	54539	54381
J1937	S0039	2026-10-13 19:05	2026-10-13 21:40:00	16	1	84129	10349
J1458	S0030	2026-10-15 18:48	2026-10-15 19:21:00	19	1	98049	76199
J0019	S0001	2026-11-23 04:28	2026-11-23 04:34:00	265	1	54419	54419
J1516	S0031	2026-10-19 04:16	2026-10-19 04:29:00	269A	1	54239	54181
J0137	S0003	2026-11-24 15:44	2026-11-24 17:24:00	49	1	21011	21229
J2310	S0047	2026-11-03 13:21	2026-11-03 13:46:00	856	2	58129	57139
J0822	S0017	2026-11-06 16:19	2026-11-06 16:54:00	26	2	81011	83081
J0003	S0001	2026-10-14 07:26	2026-10-14 07:37:00	656	1	02049	02119
J2028	S0041	2026-10-08 06:07	2026-10-08 06:16:00	32	2	84011	84009
J1501	S0031	2026-11-08 08:56	2026-11-08 09:01:00	871	1	40459	41009
J1731	S0035	2026-11-19 13:54	2026-11-19 13:59:00	334	1	28211	28009
J1395	S0028	2026-11-24 19:54	2026-11-24 20:21:00	925M	1	45131	46541
J2078	S0042	2026-11-10 14:40	2026-11-10 14:43:00	262	1	54009	54009
J1786	S0036	2026-10-31 01:24	2026-10-31 01:31:00	169A	1	58049	58541
J0943	S0019	2026-10-25 18:37	2026-10-25 18:39:00	97e	1	03381	03391
J2439	S0049	2026-10-29 12:59	2026-10-29 13:11:00	98A	1	21579	21559
J0997	S0020	2026-11-11 05:08	2026-11-11 05:12:00	307A	1	45299	44549
J0367	S0008	2026-10-31 04:01	2026-10-31 04:08:00	147A	1	04239	05059
J1960	S0040	2026-11-19 06:16	2026-11-19 09:08:00	167	2	50031	58009
J0236	S0005	2026-11-13 05:45	2026-11-13 06:15:00	123	1	08137	06051
J0338	S0007	2026-11-09 00:13	2026-11-09 00:20:00	148	1	61009	61079
J2695	S0054	2026-11-25 02:50	2026-11-25 03:09:00	129B	1	62089	75241
J2077	S0042	2026-10-08 20:18	2026-10-08 20:53:00	54	1	40179	04339
J0620	S0013	2026-10-10 22:00	2026-10-10 22:05:00	272	1	10009	10009
J0424	S0009	2026-10-11 19:34	2026-10-11 20:01:00	179	1	27301	27221
J2198	S0044	2026-11-15 19:24	2026-11-15 22:56:00	975	1	30089	31161
J2172	S0044	2026-10-15 20:11	2026-10-15 21:11:00	94	1	71031	83109
J2689	S0054	2026-11-04 04:48	2026-11-04 04:57:00	913M	1	46191	46009
J0216	S0005	2026-11-10 00:48	2026-11-10 00:53:00	157	2	52501	52009
J1866	S0038	2026-10-15 07:32	2026-10-15 09:36:00	51	1	15141	20271
J2239	S0045	2026-11-19 05:36	2026-11-19 08:04:00	855	2	11081	59051
J2156	S0044	2026-11-26 04:04	2026-11-26 04:26:00	861A	1	59191	59609
J1566	S0032	2026-11-17 13:36	2026-11-17 14:00:00	172	1	27129	22009
J1677	S0034	2026-11-01 15:03	2026-11-01 15:17:00	976	1	44251	44801
J1578	S0032	2026-11-09 22:29	2026-11-09 22:31:00	300	1	44521	44521
J0671	S0014	2026-11-23 21:05	2026-11-23 21:31:00	48	1	85079	84661
J1303	S0027	2026-11-04 03:04	2026-11-04 03:09:00	657	2	28451	28451
J0974	S0020	2026-11-16 01:12	2026-11-16 01:15:00	671	1	67499	67499
J0048	S0001	2026-11-22 13:46	2026-11-22 13:51:00	386	1	65389	65289
J0082	S0002	2026-10-08 07:13	2026-10-08 07:21:00	95B	1	16009	16199
J0051	S0002	2026-11-11 15:37	2026-11-11 15:43:00	975C	1	32151	32151
J1123	S0023	2026-10-10 04:55	2026-10-10 05:00:00	648	1	02119	03019
J1418	S0029	2026-10-31 05:21	2026-10-31 05:45:00	136	1	67139	65289
J1596	S0032	2026-11-19 07:51	2026-11-19 08:14:00	45	2	54379	62131
J0491	S0010	2026-10-29 10:26	2026-10-29 12:17:00	72	1	66451	74031
J1652	S0034	2026-11-20 14:47	2026-11-20 15:55:00	317	1	62131	66291
J1215	S0025	2026-10-09 10:53	2026-10-09 10:57:00	189A	1	43319	43319
J0854	S0018	2026-11-23 20:51	2026-11-23 21:06:00	904	1	46399	46009
J1227	S0025	2026-10-28 03:12	2026-10-28 03:27:00	63	2	71219	71109
J0292	S0006	2026-11-01 02:53	2026-11-01 02:58:00	950	1	46531	47009
J0565	S0012	2026-10-15 10:18	2026-10-15 10:30:00	98A	1	21219	21619
J2881	S0058	2026-11-13 16:26	2026-11-13 17:12:00	854	2	67069	55039
J2252	S0046	2026-11-15 08:26	2026-11-15 10:07:00	59	1	72039	98061
J2901	S0059	2026-10-28 17:18	2026-10-28 17:58:00	384	1	65651	65009
J1460	S0030	2026-11-10 01:12	2026-11-10 01:14:00	161	1	65061	65061
J2419	S0049	2026-11-19 22:29	2026-11-19 23:02:00	S43	1	43069	40089
J0077	S0002	2026-11-24 05:29	2026-11-24 07:56:00	31	2	60119	96281
J0557	S0012	2026-11-26 12:03	2026-11-26 12:23:00	168	1	84009	84201
J1881	S0038	2026-10-28 10:40	2026-10-28 11:04:00	34B	1	75141	76081
J0890	S0018	2026-11-17 00:24	2026-11-17 00:41:00	646	1	75479	75201
J0611	S0013	2026-10-11 04:37	2026-10-11 05:42:00	169	1	59559	56029
J2692	S0054	2026-11-24 16:26	2026-11-24 16:47:00	993	1	43799	40311
J1047	S0021	2026-10-27 10:26	2026-10-27 10:28:00	139	2	52129	52109
J2291	S0046	2026-11-08 03:40	2026-11-08 03:57:00	92B	1	18289	15131
J2127	S0043	2026-11-05 23:03	2026-11-05 23:34:00	174	2	41081	42071
J2075	S0042	2026-11-04 21:45	2026-11-04 23:29:00	98M	1	28501	28381
J2003	S0041	2026-10-09 09:24	2026-10-09 11:00:00	151	2	41049	63099
J0153	S0004	2026-11-24 18:06	2026-11-24 19:06:00	2B	1	97089	85069
J1551	S0032	2026-10-11 23:23	2026-10-11 23:49:00	684	2	43799	44591
J2485	S0050	2026-11-06 04:17	2026-11-06 04:34:00	651	2	27401	27469
J0875	S0018	2026-10-28 21:49	2026-10-28 21:57:00	872	1	43459	40489
J2912	S0059	2026-10-23 22:40	2026-10-23 22:57:00	854	2	64101	67069
J1396	S0028	2026-11-23 11:06	2026-11-23 11:11:00	5	2	78111	77009
J1329	S0027	2026-10-17 15:15	2026-10-17 15:52:00	49	1	21639	28449
J1791	S0036	2026-11-21 10:02	2026-11-21 10:23:00	114	2	67571	66559
J1115	S0023	2026-11-01 09:23	2026-11-01 09:28:00	222B	1	84031	84031
J1384	S0028	2026-11-21 06:48	2026-11-21 07:00:00	79	1	28241	28211
J0602	S0013	2026-10-23 22:37	2026-10-24 00:13:00	136	2	64019	54241
J2752	S0056	2026-11-23 16:46	2026-11-23 18:13:00	969	1	46009	75589
J1372	S0028	2026-10-21 01:16	2026-10-21 03:12:00	855	1	53099	10109
J1943	S0039	2026-11-03 10:30	2026-11-03 11:12:00	671	1	67329	03501
J2498	S0050	2026-11-07 09:44	2026-11-07 10:20:00	168A	1	68111	75279
J2858	S0058	2026-10-10 12:01	2026-10-10 12:18:00	372	1	67381	67759
J2914	S0059	2026-11-16 14:56	2026-11-16 15:34:00	147A	1	62139	60179
J0281	S0006	2026-11-20 10:42	2026-11-20 11:05:00	963	2	44201	46531
J0752	S0016	2026-10-30 19:58	2026-10-30 20:01:00	174e	2	21369	22009
J1882	S0038	2026-11-25 04:35	2026-11-25 05:36:00	25	1	83119	94051
J1136	S0023	2026-10-16 13:07	2026-10-16 13:14:00	123	1	10161	10379
J0519	S0011	2026-11-25 14:26	2026-11-25 15:18:00	155	1	52369	70171
J0797	S0016	2026-11-27 11:36	2026-11-27 11:55:00	106	1	03509	03218
J2405	S0049	2026-10-13 17:36	2026-10-13 17:41:00	107	1	03239	03239
J2187	S0044	2026-11-27 07:15	2026-11-27 07:59:00	976	1	44131	44691
J2215	S0045	2026-11-14 00:12	2026-11-14 03:00:00	974	1	23059	22479
J0456	S0010	2026-10-24 15:39	2026-10-24 17:30:00	975C	1	44531	33031
J2722	S0055	2026-11-06 04:03	2026-11-06 04:33:00	853M	1	93021	94051
J1247	S0025	2026-10-10 07:15	2026-10-10 09:30:00	170	2	45039	40119
J2626	S0053	2026-10-27 11:38	2026-10-27 11:53:00	650	2	59581	59639
J2371	S0048	2026-11-24 21:21	2026-11-24 22:35:00	673	1	65621	02141
J1117	S0023	2026-10-12 03:31	2026-10-12 03:48:00	178	1	45139	45069
J0045	S0001	2026-11-15 18:49	2026-11-15 18:55:00	86A	1	55089	55079
J1005	S0021	2026-11-02 07:54	2026-11-02 08:10:00	666	2	03129	65339
J0523	S0011	2026-11-26 10:15	2026-11-26 11:05:00	57	2	01621	52509
J2790	S0056	2026-10-30 21:35	2026-10-30 22:52:00	961M	1	43019	11039
J0372	S0008	2026-10-19 07:42	2026-10-19 09:02:00	49	1	28069	28391
J0699	S0014	2026-11-09 23:23	2026-11-09 23:50:00	162	1	54331	55509
J0020	S0001	2026-10-08 17:39	2026-10-08 20:41:00	40	1	92119	93051
J1982	S0040	2026-10-08 21:07	2026-10-08 21:13:00	803	1	59072	59009
J1178	S0024	2026-11-21 04:53	2026-11-21 05:21:00	103	2	68119	67089
J0579	S0012	2026-11-17 22:15	2026-11-17 22:21:00	165	1	12041	12051
J0984	S0020	2026-10-12 03:58	2026-10-12 04:05:00	334	1	28089	28449
J2347	S0047	2026-11-17 19:05	2026-11-17 19:13:00	161	2	64341	64371
J0838	S0017	2026-10-21 21:08	2026-10-21 22:16:00	680	2	09011	66609
J0058	S0002	2026-11-05 10:10	2026-11-05 10:16:00	518	1	77231	77281
J2330	S0047	2026-10-23 16:39	2026-10-23 16:55:00	70B	1	63209	63179
J2626	S0053	2026-10-27 11:16	2026-10-27 11:38:00	804	1	59399	59581
J0249	S0005	2026-11-27 05:54	2026-11-27 06:23:00	51	2	11041	10299
J0927	S0019	2026-11-06 18:45	2026-11-06 18:50:00	861A	1	59429	59569
J0100	S0002	2026-11-05 01:40	2026-11-05 02:04:00	663	2	03111	08041
J0230	S0005	2026-10-24 07:53	2026-10-24 09:00:00	136	2	65281	63069
J2187	S0044	2026-11-27 06:55	2026-11-27 07:15:00	180A	1	43671	44131
J0495	S0010	2026-11-09 18:05	2026-11-09 18:39:00	187	1	44249	43831
J0047	S0001	2026-11-05 16:29	2026-11-05 16:40:00	45A	1	62221	62149
J2033	S0041	2026-10-12 00:46	2026-10-12 00:56:00	143	2	50031	50051
J0528	S0011	2026-10-30 17:41	2026-10-30 17:55:00	S41	1	76559	96049
J0091	S0002	2026-11-21 11:43	2026-11-21 11:46:00	138A	1	48069	48069
J2303	S0047	2026-11-12 18:57	2026-11-12 19:59:00	151	2	42029	70101
J0451	S0010	2026-11-16 19:35	2026-11-16 19:53:00	222	1	84249	84351
J1256	S0026	2026-10-11 15:44	2026-10-11 15:48:00	71	1	55189	55189
J0154	S0004	2026-10-20 23:05	2026-10-21 00:40:00	97	2	02061	18131
J0669	S0014	2026-11-07 03:52	2026-11-07 03:54:00	74	2	64009	64009
J0504	S0011	2026-10-09 02:35	2026-10-09 03:10:00	230	1	52331	52581
J1906	S0039	2026-11-26 21:07	2026-11-26 21:30:00	229	1	94051	84111
J2919	S0059	2026-11-17 02:14	2026-11-17 03:42:00	40	1	81081	92101
J2898	S0058	2026-10-09 06:09	2026-10-09 06:55:00	188e	1	28629	14009
J1134	S0023	2026-10-21 21:47	2026-10-21 21:51:00	883B	1	59079	59079
J1114	S0023	2026-11-27 10:44	2026-11-27 11:28:00	200	1	18129	16201
J1065	S0022	2026-10-21 15:35	2026-10-21 17:08:00	137	1	81011	84361
J1538	S0031	2026-11-18 00:57	2026-11-18 03:27:00	158	1	70269	80091
J1624	S0033	2026-10-29 21:27	2026-10-29 21:32:00	654	2	67431	67431
J0110	S0003	2026-11-18 06:08	2026-11-18 07:12:00	182M	1	26269	26311
J2535	S0051	2026-11-04 16:56	2026-11-04 17:28:00	174e	2	04143	09059
J0068	S0002	2026-10-31 03:27	2026-10-31 04:28:00	36B	1	08057	93021
J1271	S0026	2026-11-13 14:27	2026-11-13 14:32:00	94A	1	72011	72011
J1996	S0040	2026-11-03 10:21	2026-11-03 10:23:00	678	2	65261	65261
J2392	S0048	2026-10-15 06:33	2026-10-15 06:36:00	870	1	41009	41009
J0352	S0008	2026-10-29 22:19	2026-10-29 22:39:00	859T	1	57139	59149
J1906	S0039	2026-11-26 21:30	2026-11-26 21:54:00	229	1	84111	84009
J1579	S0032	2026-10-23 15:53	2026-10-23 16:50:00	155	1	52009	70151
J1981	S0040	2026-11-20 20:29	2026-11-20 20:48:00	75	1	11229	13019
J2460	S0050	2026-11-01 14:45	2026-11-01 16:25:00	93	2	71089	41119
J2559	S0052	2026-10-22 04:35	2026-10-22 04:52:00	193	1	25449	25009
J0514	S0011	2026-11-14 14:32	2026-11-14 14:49:00	16M	2	80161	81171
J1883	S0038	2026-11-13 19:48	2026-11-13 19:51:00	122	1	10011	10041
J0841	S0017	2026-10-17 18:28	2026-10-17 19:32:00	162	1	53189	53399
J2029	S0041	2026-11-27 12:01	2026-11-27 12:23:00	177	1	43159	43171
J2588	S0052	2026-11-03 04:29	2026-11-03 06:43:00	857	1	02049	59031
J2679	S0054	2026-11-13 06:40	2026-11-13 07:01:00	975	1	30011	44071
J0426	S0009	2026-11-15 23:28	2026-11-15 23:39:00	238	1	52481	52319
J2043	S0041	2026-11-04 13:28	2026-11-04 13:40:00	7A	1	01139	01029
J1538	S0031	2026-11-18 00:27	2026-11-18 00:57:00	80A	1	62049	70269
J0092	S0002	2026-11-17 04:38	2026-11-17 05:39:00	56	1	52279	01639
J1879	S0038	2026-11-05 05:38	2026-11-05 06:02:00	53M	1	63141	62229
J2621	S0053	2026-11-11 01:05	2026-11-11 01:17:00	125A	1	70011	70349
J1859	S0038	2026-11-06 09:59	2026-11-06 10:02:00	68B	1	76529	76529
J2610	S0053	2026-11-23 11:18	2026-11-23 11:23:00	169B	1	46461	46461
J2016	S0041	2026-10-24 10:47	2026-10-24 11:13:00	97e	1	03222	03501
J1627	S0033	2026-10-08 17:25	2026-10-08 17:28:00	451	2	44091	44881
J1622	S0033	2026-10-10 20:13	2026-10-10 21:39:00	105	2	20109	09159
J0251	S0006	2026-11-08 11:18	2026-11-08 12:03:00	66	1	43361	42159
J1696	S0034	2026-11-26 02:37	2026-11-26 04:05:00	317	1	66161	62189
J0074	S0002	2026-11-12 07:45	2026-11-12 08:04:00	139A	1	52079	52401
J0555	S0012	2026-11-07 17:17	2026-11-07 18:41:00	858A	1	46391	59149
J2105	S0043	2026-11-16 08:45	2026-11-16 09:13:00	654	1	67439	03539
J0542	S0011	2026-11-20 17:21	2026-11-20 17:44:00	85	2	67531	65289
J0454	S0010	2026-10-12 13:45	2026-10-12 14:21:00	903	1	46301	46088
J0479	S0010	2026-10-15 03:40	2026-10-15 04:34:00	403	1	77181	77189
J2171	S0044	2026-11-08 20:37	2026-11-08 20:56:00	222B	1	84569	84031
J0963	S0020	2026-11-17 21:50	2026-11-17 21:52:00	45A	1	62139	62139
J2061	S0042	2026-10-30 21:57	2026-10-30 22:00:00	13	1	93081	93091
J1115	S0023	2026-11-01 09:28	2026-11-01 09:34:00	2	2	84031	84041
J1241	S0025	2026-10-19 02:56	2026-10-19 03:06:00	109	2	66369	66009
J0477	S0010	2026-11-09 15:00	2026-11-09 16:09:00	80A	1	64381	70289
J0241	S0005	2026-10-27 07:58	2026-10-27 08:08:00	282	1	17241	17009
J1163	S0024	2026-11-11 05:17	2026-11-11 05:19:00	963e	2	46541	46009
J1935	S0039	2026-11-07 00:44	2026-11-07 00:52:00	673	1	03151	03391
J2262	S0046	2026-11-14 06:39	2026-11-14 08:39:00	5	2	72059	78121
J1848	S0037	2026-11-27 21:13	2026-11-27 22:28:00	299	1	76551	76559
J1275	S0026	2026-11-16 17:12	2026-11-16 17:20:00	103	2	62149	66009
J1426	S0029	2026-10-30 00:56	2026-10-30 01:29:00	855	2	14119	10101
J1152	S0024	2026-10-15 10:25	2026-10-15 11:29:00	118	1	75359	96229
J0007	S0001	2026-10-16 20:17	2026-10-16 20:47:00	980	2	50011	51031
J2265	S0046	2026-10-15 19:21	2026-10-15 21:00:00	974	1	44259	23071
J2141	S0043	2026-10-08 06:52	2026-10-08 07:36:00	912A	1	46871	46008
J2870	S0058	2026-11-19 13:18	2026-11-19 13:37:00	153	2	11029	10651
J2245	S0045	2026-10-31 07:52	2026-10-31 08:54:00	7	1	80039	09022
J1257	S0026	2026-11-17 15:22	2026-11-17 15:40:00	179A	1	27231	27261
J0467	S0010	2026-11-22 14:14	2026-11-22 14:33:00	92	1	12131	12169
J0554	S0012	2026-11-03 14:03	2026-11-03 15:22:00	72	2	64139	54489
J2680	S0054	2026-10-27 16:48	2026-10-27 17:21:00	806	1	59399	59009
J0938	S0019	2026-11-25 19:07	2026-11-25 19:11:00	222	1	84651	84009
J2757	S0056	2026-11-25 02:27	2026-11-25 05:03:00	12	1	78181	80111
J0139	S0003	2026-11-18 05:02	2026-11-18 05:39:00	12	2	10017	80011
J0726	S0015	2026-10-26 16:45	2026-10-26 18:01:00	30	1	20141	21681
J1449	S0029	2026-11-10 08:22	2026-11-10 08:26:00	170X	2	45139	45139
J2330	S0047	2026-10-23 16:22	2026-10-23 16:39:00	103	2	64129	63209
J2207	S0045	2026-10-21 01:28	2026-10-21 01:41:00	87	2	64541	64021
J2394	S0048	2026-10-16 14:43	2026-10-16 14:48:00	142	1	52009	52009
J1899	S0038	2026-10-20 22:06	2026-10-20 22:08:00	981	2	58251	58251
J2615	S0053	2026-11-14 23:19	2026-11-14 23:28:00	261	1	54381	54289
J0574	S0012	2026-11-24 14:14	2026-11-24 14:54:00	961M	1	11109	10119
J1702	S0035	2026-10-22 12:50	2026-10-22 13:56:00	861B	1	59711	59521
J1453	S0030	2026-11-04 03:21	2026-11-04 03:38:00	170	2	40049	40279
J0150	S0003	2026-11-22 16:41	2026-11-22 16:50:00	33B	1	82129	81199
J1393	S0028	2026-11-27 14:52	2026-11-27 15:01:00	646	1	75051	03529
J2540	S0051	2026-10-27 14:31	2026-10-27 15:23:00	804	1	59399	59241
J2346	S0047	2026-11-24 23:50	2026-11-25 00:23:00	104	1	65559	67791
J1078	S0022	2026-11-15 20:37	2026-11-15 20:42:00	39	1	55281	59021
J0693	S0014	2026-11-13 12:17	2026-11-13 12:20:00	39	1	77241	77231
J2693	S0054	2026-10-25 06:19	2026-10-25 06:28:00	157	1	28451	28461
J1354	S0028	2026-11-24 14:44	2026-11-24 16:32:00	93	1	14151	52021
J2159	S0044	2026-11-12 00:37	2026-11-12 00:40:00	324	1	62251	62251
J2393	S0048	2026-10-28 09:14	2026-10-28 09:37:00	48	1	84101	94039
J0526	S0011	2026-11-12 06:08	2026-11-12 06:50:00	190	2	40211	44291
J0449	S0009	2026-10-16 19:47	2026-10-16 19:58:00	96B	1	16169	17091
J0444	S0009	2026-11-09 23:14	2026-11-10 00:10:00	912B	1	46361	46339
J2574	S0052	2026-11-03 21:29	2026-11-03 22:05:00	143	2	20231	17079
J0585	S0012	2026-11-23 00:49	2026-11-23 01:02:00	193	2	22461	22369
J0111	S0003	2026-10-19 20:30	2026-10-19 21:33:00	176	1	43401	20149
J1519	S0031	2026-11-01 06:20	2026-11-01 06:58:00	163B	1	67029	55019
J0377	S0008	2026-10-29 09:34	2026-10-29 10:04:00	170	2	46109	45139
J2454	S0050	2026-10-15 00:35	2026-10-15 00:41:00	255	1	23371	23371
J1106	S0023	2026-10-13 05:58	2026-10-13 06:07:00	112	1	63349	63391
J1769	S0036	2026-10-21 12:13	2026-10-21 12:16:00	858B	1	68111	65199
J1850	S0037	2026-10-09 23:07	2026-10-09 23:16:00	181	2	22599	22009
J0666	S0014	2026-11-14 07:23	2026-11-14 07:31:00	147	2	64351	64031
J2042	S0041	2026-11-25 12:29	2026-11-25 12:33:00	457	2	64541	64541
J1823	S0037	2026-11-14 02:43	2026-11-14 03:49:00	14	2	93051	84229
J2932	S0059	2026-10-09 05:07	2026-10-09 05:22:00	3	2	77009	78209
J0380	S0008	2026-11-20 00:52	2026-11-20 01:03:00	329	1	66609	66549
J0040	S0001	2026-10-11 13:31	2026-10-11 13:37:00	13A	1	54019	53379
J2747	S0055	2026-11-04 16:48	2026-11-04 17:49:00	20	1	96169	96371
J2482	S0050	2026-11-11 00:25	2026-11-11 00:42:00	285	1	20331	20309
J1689	S0034	2026-10-17 03:32	2026-10-17 03:37:00	883M	1	58009	58009
J1597	S0032	2026-11-10 08:01	2026-11-10 08:21:00	657	1	28651	03381
J1970	S0040	2026-11-10 18:42	2026-11-10 18:46:00	112B	1	64009	64009
J1952	S0040	2026-10-15 07:13	2026-10-15 07:39:00	671	1	03071	02159
J0679	S0014	2026-11-16 13:24	2026-11-16 15:26:00	104	2	68009	65491
J1447	S0029	2026-10-09 05:13	2026-10-09 05:23:00	183B	1	28009	28641
J0361	S0008	2026-11-19 14:51	2026-11-19 16:35:00	123	1	11219	14381
J1142	S0023	2026-10-14 04:08	2026-10-14 04:16:00	856A	1	46549	46539
J0850	S0017	2026-11-07 09:52	2026-11-07 10:00:00	77	1	04179	02089
J0960	S0020	2026-10-25 00:06	2026-10-25 00:12:00	960	2	45131	45131
J2248	S0045	2026-10-22 01:59	2026-10-22 02:15:00	335	1	28379	28279
J1828	S0037	2026-10-26 07:13	2026-10-26 09:18:00	58	2	84481	53229
J1307	S0027	2026-10-27 04:43	2026-10-27 04:56:00	30e	2	14129	91081
J1644	S0033	2026-10-15 00:27	2026-10-15 01:27:00	62	1	70029	70291
J1708	S0035	2026-10-29 14:25	2026-10-29 14:29:00	272	1	10331	10009
J0448	S0009	2026-10-29 13:17	2026-10-29 14:44:00	5	2	51011	96169
J1374	S0028	2026-11-27 07:52	2026-11-27 08:53:00	665	2	03011	46199
J1748	S0035	2026-10-26 13:08	2026-10-26 15:39:00	974	1	22529	22521
J1745	S0035	2026-11-27 19:25	2026-11-27 19:32:00	677	1	03151	03381
J1181	S0024	2026-11-08 14:32	2026-11-08 14:36:00	985	2	44281	44391
J2740	S0055	2026-10-22 05:41	2026-10-22 05:51:00	255	1	24269	24631
J0991	S0020	2026-11-16 02:52	2026-11-16 03:14:00	291	1	75111	76191
J0953	S0020	2026-10-08 11:33	2026-10-08 11:49:00	168	2	68111	75369
J2847	S0057	2026-11-12 14:40	2026-11-12 14:51:00	72A	1	66451	66471
J0035	S0001	2026-11-14 06:37	2026-11-14 06:52:00	235	1	52301	52501
J2780	S0056	2026-10-12 19:10	2026-10-12 19:45:00	43e	1	67711	82119
J2189	S0044	2026-10-11 11:41	2026-10-11 12:26:00	116	1	66109	64559
J1102	S0023	2026-11-09 00:09	2026-11-09 00:13:00	969	2	46399	46289
J1688	S0034	2026-11-21 05:59	2026-11-21 06:57:00	972M	1	09047	40051
J2410	S0049	2026-11-12 13:06	2026-11-12 13:26:00	172	2	31161	30021
J0788	S0016	2026-10-30 05:45	2026-10-30 06:04:00	53M	1	63261	63291
J1478	S0030	2026-10-13 07:49	2026-10-13 07:52:00	157	1	21389	21379
J2385	S0048	2026-11-17 05:44	2026-11-17 06:25:00	14A	1	94019	92109
J1758	S0036	2026-11-15 03:39	2026-11-15 05:25:00	41	1	42211	28211
J2893	S0058	2026-10-13 02:52	2026-10-13 03:03:00	653	1	43279	43268
J2096	S0042	2026-11-26 22:35	2026-11-26 23:02:00	56	2	07571	50011
J0789	S0016	2026-11-23 00:46	2026-11-23 01:04:00	853M	2	55181	59011
J2032	S0041	2026-11-07 12:05	2026-11-07 13:35:00	162	1	53291	54539
J1880	S0038	2026-11-14 03:26	2026-11-14 03:40:00	382	1	65009	65331
J2885	S0058	2026-11-26 23:20	2026-11-26 23:26:00	13A	1	53399	53399
J2046	S0041	2026-11-08 03:32	2026-11-08 04:12:00	109A	1	66041	64481
J0611	S0013	2026-10-11 03:09	2026-10-11 04:37:00	860	1	59401	59559
J1265	S0026	2026-11-13 21:04	2026-11-13 21:33:00	165	1	54279	54069
J1983	S0040	2026-10-10 15:10	2026-10-10 16:42:00	14A	1	93079	08111
J0935	S0019	2026-11-05 16:57	2026-11-05 17:17:00	883M	1	58529	58251
J0314	S0007	2026-10-18 10:08	2026-10-18 10:12:00	96B	1	17161	17171
J2375	S0048	2026-10-08 07:29	2026-10-08 07:37:00	12	1	05069	10011
J2296	S0046	2026-11-19 10:41	2026-11-19 11:15:00	166	1	18041	17151
J0860	S0018	2026-10-25 08:31	2026-10-25 08:50:00	7A	1	08111	09022
J2652	S0054	2026-11-10 11:01	2026-11-10 11:36:00	197	2	05013	01211
J1135	S0023	2026-11-22 17:29	2026-11-22 17:43:00	161	2	64341	64371
J1563	S0032	2026-10-23 10:04	2026-10-23 11:07:00	131	1	52499	50089
J0272	S0006	2026-11-08 00:53	2026-11-08 01:20:00	130	2	03111	07331
J1195	S0024	2026-10-25 14:01	2026-10-25 15:30:00	252	1	23159	22319
J2036	S0041	2026-10-16 13:05	2026-10-16 13:51:00	668	2	03218	55149
J2352	S0048	2026-11-12 20:14	2026-11-12 20:36:00	160	1	46039	45119
J2318	S0047	2026-10-13 04:03	2026-10-13 04:07:00	84G	1	65099	65229
J2882	S0058	2026-11-05 18:47	2026-11-05 19:04:00	518A	1	78191	50069
J0596	S0012	2026-11-10 19:14	2026-11-10 19:55:00	70	1	55311	67051
J0958	S0020	2026-11-12 05:17	2026-11-12 05:22:00	157	2	51111	51071
J2535	S0051	2026-11-04 17:28	2026-11-04 18:35:00	7	1	09059	12021
J2671	S0054	2026-11-25 17:48	2026-11-25 18:08:00	386	1	65429	65379
J2111	S0043	2026-11-12 18:12	2026-11-12 18:15:00	268C	1	55301	55301
J1579	S0032	2026-10-23 14:28	2026-10-23 15:53:00	163	1	56019	52009
J1548	S0031	2026-11-24 05:35	2026-11-24 08:58:00	61	1	11049	70371
J1565	S0032	2026-11-08 03:14	2026-11-08 03:30:00	23	1	07529	07111
J0032	S0001	2026-11-06 23:34	2026-11-07 00:30:00	72A	1	54481	64559
J1559	S0032	2026-10-27 19:30	2026-10-27 19:55:00	969	2	58579	46009
J1048	S0021	2026-11-17 06:13	2026-11-17 06:32:00	222A	1	84221	84049
J2172	S0044	2026-10-15 21:11	2026-10-15 21:41:00	51	1	83109	81029
J0512	S0011	2026-11-12 16:58	2026-11-12 17:00:00	49	1	28309	20061
J2317	S0047	2026-11-26 16:52	2026-11-26 17:06:00	192	2	25101	25151
J2553	S0052	2026-10-11 04:25	2026-10-11 04:54:00	175	1	08057	01311
J1342	S0027	2026-10-17 01:08	2026-10-17 01:15:00	187	1	28521	28399
J2235	S0045	2026-11-01 15:08	2026-11-01 15:30:00	249A	1	21359	21309
J1277	S0026	2026-10-09 06:54	2026-10-09 07:03:00	30e	1	84009	84019
J2935	S0059	2026-10-20 14:50	2026-10-20 15:19:00	965	2	59051	58579
J1683	S0034	2026-10-09 22:42	2026-10-09 22:44:00	16	1	10349	10009
J1473	S0030	2026-10-28 06:48	2026-10-28 07:19:00	39	1	65289	68119
J0513	S0011	2026-11-27 12:20	2026-11-27 12:24:00	200A	1	16009	16009
J0060	S0002	2026-11-21 23:42	2026-11-22 00:30:00	985	1	43421	51091
J0040	S0001	2026-10-11 13:37	2026-10-11 13:48:00	88	1	53379	53231
J1200	S0024	2026-11-03 10:52	2026-11-03 13:00:00	51	1	71091	10241
J1561	S0032	2026-10-13 05:12	2026-10-13 05:20:00	9B	1	98071	99021
J2155	S0044	2026-11-16 21:54	2026-11-16 22:53:00	10	2	14169	02111
J2637	S0053	2026-11-25 17:59	2026-11-25 20:22:00	62	1	70149	63241
J0992	S0020	2026-11-10 09:31	2026-11-10 09:52:00	273	1	14399	10331
J1705	S0035	2026-10-27 05:09	2026-10-27 05:32:00	44	2	65259	69009
J0957	S0020	2026-11-26 18:05	2026-11-26 18:11:00	50A	1	54349	54349
J1679	S0034	2026-10-15 11:02	2026-10-15 11:20:00	174	2	43341	22009
J2377	S0048	2026-10-25 19:36	2026-10-25 20:02:00	58	2	66381	66099
J2014	S0041	2026-11-04 04:11	2026-11-04 05:20:00	100	1	14101	11181
J1952	S0040	2026-10-15 07:39	2026-10-15 07:45:00	672	1	02159	02089
J1739	S0035	2026-10-22 00:09	2026-10-22 00:29:00	119	1	64029	63069
J0120	S0003	2026-10-09 20:11	2026-10-09 20:40:00	25	2	62239	63339
J2945	S0059	2026-11-27 11:51	2026-11-27 12:02:00	228	1	84529	84651
J1140	S0023	2026-10-22 22:29	2026-10-23 00:03:00	57	1	01619	10009
J1220	S0025	2026-10-17 07:15	2026-10-17 07:28:00	75	1	10121	10009
J1983	S0040	2026-10-10 14:16	2026-10-10 15:10:00	14A	1	85029	93079
J2054	S0042	2026-11-07 19:33	2026-11-07 19:56:00	134	1	80231	81111
J1940	S0039	2026-11-04 22:09	2026-11-04 22:24:00	114	1	55039	55509
J1576	S0032	2026-11-17 00:12	2026-11-17 00:40:00	107M	2	62121	63349
J0101	S0003	2026-10-30 19:58	2026-10-30 21:07:00	122	1	10141	11481
J1776	S0036	2026-10-16 20:51	2026-10-16 20:58:00	665	2	46169	46149
J2728	S0055	2026-11-18 04:55	2026-11-18 05:37:00	154	2	20081	21641
J2869	S0058	2026-11-21 03:35	2026-11-21 04:24:00	17	1	78031	96289
J0658	S0014	2026-10-11 10:22	2026-10-11 10:52:00	97e	2	15041	20011
J0483	S0010	2026-11-10 14:25	2026-11-10 14:54:00	648	1	08057	03019
J1117	S0023	2026-10-12 03:48	2026-10-12 04:52:00	961	1	45069	43059
J1347	S0027	2026-11-07 18:49	2026-11-07 21:31:00	154	1	17179	82032
J0949	S0019	2026-11-25 10:03	2026-11-25 13:02:00	961M	2	02089	42091
J2572	S0052	2026-10-20 23:50	2026-10-21 00:20:00	901M	1	46759	46989
J1208	S0025	2026-10-10 11:06	2026-10-10 11:15:00	182A	1	26201	26259
J0890	S0018	2026-11-17 00:41	2026-11-17 01:36:00	46	2	75201	84061
J1369	S0028	2026-11-05 05:51	2026-11-05 05:59:00	962	1	47589	46639
J0204	S0005	2026-10-09 09:46	2026-10-09 09:52:00	912	1	46371	46519
J2830	S0057	2026-10-31 12:50	2026-10-31 12:57:00	88	1	54248	53169
J2020	S0041	2026-11-22 11:06	2026-11-22 11:25:00	646	2	75101	75131
J1035	S0021	2026-10-12 22:11	2026-10-12 23:04:00	190	2	04223	40211
J0271	S0006	2026-10-08 01:26	2026-10-08 03:12:00	77	2	11221	43621
J0966	S0020	2026-10-23 14:59	2026-10-23 15:08:00	86	1	67239	68119
J0920	S0019	2026-11-12 20:46	2026-11-12 20:49:00	112B	1	64319	64319
J2727	S0055	2026-11-01 19:03	2026-11-01 19:08:00	454	1	74009	74009
J2388	S0048	2026-11-12 03:05	2026-11-12 03:15:00	19	1	76231	98021
J0437	S0009	2026-10-20 11:18	2026-10-20 12:17:00	23	1	84459	07031
J1385	S0028	2026-11-01 21:38	2026-11-01 21:47:00	800	1	57119	59511
J1087	S0022	2026-10-10 07:21	2026-10-10 08:25:00	80	1	63069	70259
J0921	S0019	2026-11-23 12:23	2026-11-23 12:25:00	143	1	28439	28211
J2153	S0044	2026-11-12 05:08	2026-11-12 05:43:00	S43	2	40081	43061
J2198	S0044	2026-11-15 18:38	2026-11-15 18:58:00	190	2	44271	44391
J0792	S0016	2026-10-14 11:13	2026-10-14 11:17:00	2	1	83099	83079
J2739	S0055	2026-11-17 22:04	2026-11-17 22:12:00	960	2	46531	46009
J2180	S0044	2026-11-26 05:50	2026-11-26 06:16:00	117	2	68159	68089
J1278	S0026	2026-10-12 22:47	2026-10-12 23:08:00	87	1	67191	64429
J1842	S0037	2026-11-06 12:23	2026-11-06 12:37:00	374	1	67649	67549
J2832	S0057	2026-10-09 06:48	2026-10-09 07:44:00	317	1	66149	66251
J0402	S0009	2026-11-06 22:48	2026-11-06 23:38:00	663	1	59601	04179
J2419	S0049	2026-11-20 01:10	2026-11-20 01:14:00	7	2	83081	84011
J0653	S0014	2026-10-10 18:16	2026-10-10 18:41:00	103	1	62131	63191
J0495	S0010	2026-11-09 17:45	2026-11-09 18:05:00	973	1	44389	44249
J1634	S0033	2026-11-10 17:15	2026-11-10 17:33:00	649	2	44111	44491
J2897	S0058	2026-11-25 00:47	2026-11-25 01:00:00	307T	1	44421	44111
J0310	S0007	2026-10-10 09:41	2026-10-10 09:52:00	8	1	76079	75229
J1851	S0038	2026-10-15 19:45	2026-10-15 21:26:00	39	1	75019	65279
J0673	S0014	2026-10-08 23:27	2026-10-09 01:06:00	135	1	70039	93051
J0674	S0014	2026-10-22 09:12	2026-10-22 09:31:00	22	2	62149	66049
J0133	S0003	2026-11-14 20:02	2026-11-14 20:41:00	258	1	22539	24009
J2158	S0044	2026-10-26 07:45	2026-10-26 08:24:00	145	1	14241	11161
J1558	S0032	2026-11-26 18:49	2026-11-26 18:55:00	983M	1	44969	44969
J1563	S0032	2026-10-23 11:07	2026-10-23 12:15:00	131	1	50089	14071
J1060	S0022	2026-10-16 15:27	2026-10-16 16:14:00	329	1	66569	64559
J2168	S0044	2026-10-09 14:46	2026-10-09 14:51:00	901	1	46639	46009
J0494	S0010	2026-11-27 00:08	2026-11-27 00:46:00	7	1	11271	17009
J0668	S0014	2026-11-22 09:09	2026-11-22 09:15:00	159	1	52009	52009
J1337	S0027	2026-11-17 22:53	2026-11-17 23:02:00	301	1	44461	44451
J1615	S0033	2026-11-08 10:55	2026-11-08 11:11:00	133	2	54079	54009
J2325	S0047	2026-11-21 08:59	2026-11-21 11:32:00	36	1	02159	95109
J0086	S0002	2026-10-25 08:23	2026-10-25 08:26:00	26	2	84541	84009
J0444	S0009	2026-11-09 22:02	2026-11-09 22:34:00	665	2	08041	46649
J2863	S0058	2026-11-14 14:12	2026-11-14 14:19:00	196	1	17099	17121
J2548	S0051	2026-11-12 14:36	2026-11-12 15:35:00	46	2	75349	94009
J1231	S0025	2026-10-24 21:35	2026-10-24 22:51:00	188	2	16201	28021
J1153	S0024	2026-11-02 00:27	2026-11-02 01:03:00	12	1	77009	98099
J1720	S0035	2026-10-12 21:59	2026-10-12 22:48:00	175	2	15151	17031
J0599	S0012	2026-11-12 02:22	2026-11-12 02:28:00	973A	1	44231	44229
J1644	S0033	2026-10-14 22:03	2026-10-15 00:27:00	62A	1	65009	70029
J2720	S0055	2026-10-23 20:49	2026-10-23 21:09:00	853	1	62139	61049
J0923	S0019	2026-11-13 08:09	2026-11-13 08:14:00	972	1	40221	40231
J0928	S0019	2026-11-09 19:12	2026-11-09 19:42:00	247	1	25621	25671
J2744	S0055	2026-11-13 20:44	2026-11-13 23:38:00	167	1	57059	02049
J0397	S0008	2026-10-18 21:13	2026-10-18 21:58:00	167	2	56091	57121
J2024	S0041	2026-11-27 07:33	2026-11-27 07:52:00	653	2	03129	43621
J2200	S0044	2026-10-09 12:38	2026-10-09 12:47:00	148	1	61061	61009
J1773	S0036	2026-10-15 04:30	2026-10-15 05:37:00	141	1	50071	52009
J0359	S0008	2026-11-27 12:39	2026-11-27 13:02:00	89	1	67211	64391
J2474	S0050	2026-11-22 21:42	2026-11-22 21:56:00	301	1	44189	44569
J1971	S0040	2026-10-16 15:00	2026-10-16 15:06:00	854	2	59051	58991
J1095	S0022	2026-10-12 07:33	2026-10-12 08:10:00	61	2	12061	42171
J0609	S0013	2026-11-04 04:45	2026-11-04 05:23:00	268B	1	55309	54241
J1621	S0033	2026-10-12 15:38	2026-10-12 15:48:00	71A	1	54531	53231
J2726	S0055	2026-11-20 06:48	2026-11-20 08:14:00	130	1	53029	01059
J2327	S0047	2026-10-18 18:43	2026-10-18 18:48:00	90	1	52081	60081
J2123	S0043	2026-11-04 06:25	2026-11-04 07:30:00	673	2	02149	65451
J1954	S0040	2026-10-29 22:35	2026-10-29 22:45:00	127A	1	76519	75509
J2919	S0059	2026-11-17 01:24	2026-11-17 01:27:00	11	1	90011	90011
J1056	S0022	2026-10-21 23:01	2026-10-21 23:48:00	913	1	46289	46019
J1921	S0039	2026-11-25 02:44	2026-11-25 03:07:00	86	1	67089	55079
J2455	S0050	2026-10-30 08:44	2026-10-30 08:46:00	52	2	53229	53009
J1147	S0023	2026-11-25 10:16	2026-11-25 11:00:00	168A	1	65199	76549
J0223	S0005	2026-11-13 13:06	2026-11-13 13:14:00	965	2	58589	47619
J1231	S0025	2026-10-24 21:08	2026-10-24 21:35:00	200	1	15129	16201
J2178	S0044	2026-10-09 13:50	2026-10-09 15:49:00	59	2	98049	52131
J2645	S0053	2026-11-04 18:22	2026-11-04 18:45:00	925M	1	45121	46531
J1301	S0027	2026-11-22 00:26	2026-11-22 02:07:00	922	1	44631	44649
J2766	S0056	2026-11-19 11:51	2026-11-19 12:00:00	229	1	84111	84121
J1632	S0033	2026-10-29 09:14	2026-10-29 09:26:00	51A	1	20269	20191
J1159	S0024	2026-11-18 06:31	2026-11-18 09:45:00	853M	1	55179	93021
J0583	S0012	2026-10-26 03:24	2026-10-26 03:29:00	117A	1	59729	59031
J2660	S0054	2026-10-19 08:31	2026-10-19 08:49:00	143M	1	20231	20159
J1145	S0023	2026-11-04 14:25	2026-11-04 15:13:00	965	1	46409	59059
J2802	S0057	2026-11-09 16:01	2026-11-09 16:12:00	85A	1	67541	67441
J1696	S0034	2026-11-26 04:05	2026-11-26 04:09:00	101	1	62189	66009
J1718	S0035	2026-11-22 02:12	2026-11-22 03:07:00	34B	1	75121	95109
J1510	S0031	2026-11-18 12:31	2026-11-18 12:43:00	122	1	06049	10041
J0951	S0020	2026-11-06 01:36	2026-11-06 04:55:00	143	2	17019	52009
J2207	S0045	2026-10-21 01:20	2026-10-21 01:25:00	457	2	64231	64241
J2040	S0041	2026-10-23 11:20	2026-10-23 11:31:00	143	1	16031	16061
J0938	S0019	2026-11-25 16:24	2026-11-25 19:07:00	14	2	04179	84651
J2870	S0058	2026-11-19 09:04	2026-11-19 10:40:00	979	1	45491	45019
J0130	S0003	2026-10-13 12:06	2026-10-13 12:26:00	976	1	44929	45009
J0543	S0011	2026-10-18 11:18	2026-10-18 12:21:00	12	1	80141	05049
J1169	S0024	2026-11-05 02:05	2026-11-05 03:13:00	163B	1	67269	55049
J1145	S0023	2026-11-04 15:13	2026-11-04 16:04:00	860T	1	59059	59009
J1963	S0040	2026-10-20 20:00	2026-10-20 20:18:00	372	1	67379	67441
J0571	S0012	2026-11-10 04:34	2026-11-10 04:57:00	675	2	64209	64411
J2353	S0048	2026-10-16 08:08	2026-10-16 09:28:00	502A	1	22449	03529
J1658	S0034	2026-10-15 07:35	2026-10-15 07:38:00	176	2	28231	28231
J2779	S0056	2026-10-26 20:47	2026-10-26 20:52:00	963e	2	46521	46531
J0604	S0013	2026-10-31 20:58	2026-10-31 21:40:00	672	1	64561	03381
J2739	S0055	2026-11-17 21:42	2026-11-17 21:52:00	911T	1	46088	46501
J0235	S0005	2026-10-12 16:47	2026-10-12 17:01:00	665	2	08031	46969
J0907	S0019	2026-10-17 01:19	2026-10-17 01:25:00	675	1	03381	03381
J0370	S0008	2026-10-30 11:07	2026-10-30 13:07:00	961	2	10501	42071
J1932	S0039	2026-11-17 19:13	2026-11-17 21:25:00	200	1	11369	15101
J0317	S0007	2026-11-09 00:09	2026-11-09 00:18:00	154B	1	17189	17169
J0924	S0019	2026-11-25 03:10	2026-11-25 06:32:00	14	2	11199	94011
J2788	S0056	2026-10-27 15:14	2026-10-27 15:29:00	189	1	16991	17171
J1182	S0024	2026-11-04 12:14	2026-11-04 12:30:00	84W	1	65461	65009
J0573	S0012	2026-10-09 21:50	2026-10-09 22:29:00	964	1	46881	46809
J1932	S0039	2026-11-17 18:38	2026-11-17 19:13:00	196	1	10101	11369
J0877	S0018	2026-10-08 21:40	2026-10-08 21:44:00	980	2	58119	58009
J1442	S0029	2026-10-31 19:08	2026-10-31 19:15:00	188	1	15159	15149
J2560	S0052	2026-11-26 22:58	2026-11-26 23:01:00	139	2	52071	52009
J0676	S0014	2026-11-18 21:18	2026-11-18 22:54:00	63M	1	71111	82009
J0599	S0012	2026-11-12 02:15	2026-11-12 02:22:00	973A	1	45009	44231
J1001	S0021	2026-10-25 23:25	2026-10-25 23:50:00	856	1	46501	46541
J0259	S0006	2026-11-24 14:40	2026-11-24 16:19:00	43	1	63369	92071
J1329	S0027	2026-10-17 13:44	2026-10-17 15:07:00	246	1	21551	21659
J0811	S0017	2026-11-13 18:50	2026-11-13 19:23:00	71	1	54211	55509
J2922	S0059	2026-11-13 19:25	2026-11-13 19:50:00	79	1	20261	28211
J2733	S0055	2026-10-09 04:55	2026-10-09 05:39:00	9	1	95041	99029
J0570	S0012	2026-10-20 09:33	2026-10-20 09:43:00	98B	1	21129	21099
J0858	S0018	2026-10-17 13:42	2026-10-17 13:45:00	258M	1	23371	24009
J2006	S0041	2026-11-13 17:31	2026-11-13 17:33:00	228	1	84521	84201
J1392	S0028	2026-11-22 21:19	2026-11-23 00:39:00	143	2	28249	05013
J2535	S0051	2026-11-04 18:35	2026-11-04 19:25:00	61	2	12021	42171
J0710	S0015	2026-11-09 20:39	2026-11-09 22:20:00	167	1	58009	53089
J2699	S0054	2026-10-21 09:25	2026-10-21 10:56:00	63	2	01112	71119
J0293	S0006	2026-11-07 04:58	2026-11-07 07:11:00	167	2	53041	58339
J2425	S0049	2026-11-13 18:10	2026-11-13 18:54:00	80	1	62029	81209
J0881	S0018	2026-10-29 09:50	2026-10-29 09:57:00	913T	1	46299	46009
J2229	S0045	2026-11-04 05:43	2026-11-04 05:45:00	268A	1	54301	54511
J1223	S0025	2026-10-09 15:56	2026-10-09 16:26:00	107	2	62111	63041
J1517	S0031	2026-10-27 04:07	2026-10-27 04:13:00	911	1	46571	46561
J1717	S0035	2026-10-23 20:20	2026-10-23 20:38:00	243G	1	22009	27391
J2713	S0055	2026-10-17 10:48	2026-10-17 11:25:00	60	1	84459	84451
J1545	S0031	2026-10-31 12:55	2026-10-31 13:20:00	113A	1	62219	63289
J0275	S0006	2026-10-08 22:06	2026-10-09 00:19:00	112	1	64309	63231
J1017	S0021	2026-10-11 07:55	2026-10-11 08:45:00	979	1	44041	45389
J0062	S0002	2026-11-20 00:25	2026-11-20 00:51:00	38	1	84101	84121
J0099	S0002	2026-11-05 08:57	2026-11-05 09:00:00	182M	1	25429	25419
J1398	S0028	2026-11-08 15:04	2026-11-08 15:08:00	55	2	63339	63329
J2938	S0059	2026-10-25 03:51	2026-10-25 04:07:00	63M	1	71091	83109
J0739	S0015	2026-10-12 10:33	2026-10-12 10:37:00	23	1	75231	75221
J2653	S0054	2026-10-13 01:43	2026-10-13 02:46:00	69	1	84651	75131
J1543	S0031	2026-11-02 02:48	2026-11-02 03:12:00	101	1	64339	66499
J2154	S0044	2026-10-27 04:12	2026-10-27 05:40:00	130	2	07231	53161
J0258	S0006	2026-11-03 00:18	2026-11-03 00:44:00	861	1	58549	58049
J2329	S0047	2026-10-24 04:58	2026-10-24 05:22:00	105B	1	28049	20109
J2495	S0050	2026-11-14 08:06	2026-11-14 08:24:00	32	2	83201	84009
J0876	S0018	2026-10-15 11:58	2026-10-15 13:10:00	857	1	07529	60101
J2533	S0051	2026-10-21 22:30	2026-10-22 00:07:00	964	1	46009	46289
J0738	S0015	2026-10-25 18:26	2026-10-25 18:31:00	70B	1	66379	66359
J0629	S0013	2026-10-14 01:15	2026-10-14 01:30:00	979	1	45369	45029
J1001	S0021	2026-10-25 23:50	2026-10-25 23:53:00	925	2	46541	47009
J1362	S0028	2026-11-18 09:52	2026-11-18 10:11:00	89e	1	95061	95049
J0308	S0007	2026-11-02 03:30	2026-11-02 04:01:00	28	2	76411	76361
J0254	S0006	2026-10-12 23:28	2026-10-13 00:39:00	48	1	93131	07531
J0413	S0009	2026-11-06 03:27	2026-11-06 06:05:00	854	1	59059	71081
J2638	S0053	2026-11-13 21:30	2026-11-13 22:12:00	141	2	52151	50059
J2114	S0043	2026-10-27 06:35	2026-10-27 06:38:00	84G	1	65109	65109
J0216	S0005	2026-11-10 00:39	2026-11-10 00:48:00	230M	1	52321	52501
J2286	S0046	2026-10-30 19:48	2026-10-30 20:03:00	177	1	43239	43171
J2017	S0041	2026-10-26 14:09	2026-10-26 15:04:00	84G	1	65009	65109
J0204	S0005	2026-10-09 08:33	2026-10-09 09:07:00	900	1	46651	47731
J0050	S0001	2026-11-10 20:23	2026-11-10 21:18:00	980	2	57041	58119
J0638	S0013	2026-11-27 14:24	2026-11-27 14:27:00	265	1	54009	54248
J0426	S0009	2026-11-15 23:39	2026-11-15 23:52:00	230M	1	52319	52009
J0790	S0016	2026-10-10 19:21	2026-10-10 19:24:00	156	1	17171	17009
J1302	S0027	2026-11-04 16:30	2026-11-04 16:44:00	502A	1	04179	02161
J1334	S0027	2026-11-25 09:17	2026-11-25 09:42:00	4	1	98289	76219
J2543	S0051	2026-11-04 02:26	2026-11-04 02:51:00	980	1	01621	80009
J0887	S0018	2026-11-20 05:49	2026-11-20 06:14:00	179A	1	27061	22009
J1788	S0036	2026-10-17 13:19	2026-10-17 13:56:00	86	2	68021	67141
J0778	S0016	2026-11-18 01:54	2026-11-18 02:08:00	861M	1	58059	58119
J0189	S0004	2026-10-17 10:48	2026-10-17 11:15:00	158A	1	80089	90069
J0254	S0006	2026-10-12 23:06	2026-10-12 23:11:00	222A	1	84049	84049
J0043	S0001	2026-10-26 10:08	2026-10-26 10:14:00	115	1	63261	63261
J0054	S0002	2026-11-16 04:53	2026-11-16 04:57:00	647	1	02151	02151
J1474	S0030	2026-11-27 20:44	2026-11-27 20:47:00	243W	1	22009	22009
J1989	S0040	2026-11-27 15:42	2026-11-27 15:57:00	13A	1	54019	53389
J2628	S0053	2026-10-23 23:53	2026-10-24 00:13:00	88A	1	65029	64369
J2226	S0045	2026-10-21 04:41	2026-10-21 04:53:00	451	1	44079	30101
J0324	S0007	2026-11-03 19:45	2026-11-03 20:11:00	676	1	63069	03151
J2688	S0054	2026-11-18 07:51	2026-11-18 07:54:00	972M	1	44639	45009
J0831	S0017	2026-10-12 01:35	2026-10-12 02:00:00	52	1	28011	28639
J0781	S0016	2026-11-09 17:33	2026-11-09 18:23:00	175	2	01029	13159
J2750	S0055	2026-10-10 07:38	2026-10-10 07:51:00	172	2	44071	44101
J2445	S0049	2026-10-14 03:57	2026-10-14 04:23:00	157	1	28491	28531
J2284	S0046	2026-11-15 03:30	2026-11-15 03:52:00	16	1	08111	06129
J2105	S0043	2026-11-16 08:11	2026-11-16 08:45:00	83	1	65079	67439
J0727	S0015	2026-11-07 15:35	2026-11-07 15:52:00	382W	1	65449	65559
J0821	S0017	2026-10-11 14:42	2026-10-11 15:27:00	167	2	50041	53061
J2024	S0041	2026-11-27 07:57	2026-11-27 09:02:00	963e	2	43611	46009
J0019	S0001	2026-11-23 04:34	2026-11-23 05:03:00	668	2	54419	55029
J2494	S0050	2026-11-05 07:42	2026-11-05 07:58:00	21	2	52119	50189
J2433	S0049	2026-10-19 01:44	2026-10-19 01:57:00	84W	1	65481	65009
J1623	S0033	2026-11-27 04:10	2026-11-27 04:13:00	307T	1	44009	44009
J0593	S0012	2026-10-13 11:15	2026-10-13 11:18:00	461	1	59041	59041
J1747	S0035	2026-11-14 20:21	2026-11-14 20:58:00	18M	1	74961	84261
J1003	S0021	2026-10-27 23:17	2026-10-27 23:21:00	225G	1	84009	84009
J1277	S0026	2026-10-09 06:00	2026-10-09 06:54:00	33	2	82131	84009
J1144	S0023	2026-10-28 22:45	2026-10-28 23:29:00	117	1	68171	59061
J2418	S0049	2026-10-31 04:47	2026-10-31 05:01:00	196e	2	92061	93011
J1634	S0033	2026-11-10 17:04	2026-11-10 17:15:00	991B	1	44539	44111
J0906	S0019	2026-11-08 03:03	2026-11-08 03:40:00	89e	1	65061	95039
J2294	S0046	2026-11-23 21:08	2026-11-23 21:35:00	111	1	11141	11001
J0052	S0002	2026-11-13 21:36	2026-11-13 23:30:00	195A	1	04251	11141
J2104	S0043	2026-11-11 22:10	2026-11-11 22:43:00	127	1	75461	74041
J1511	S0031	2026-11-23 16:49	2026-11-23 16:54:00	94A	1	71079	71079
J0157	S0004	2026-10-29 23:23	2026-10-30 01:04:00	89	1	95049	77179
J2111	S0043	2026-11-12 18:15	2026-11-12 18:20:00	268	1	55301	55221
J2396	S0048	2026-10-09 09:29	2026-10-09 10:37:00	153	2	40239	10119
J0747	S0015	2026-11-22 16:38	2026-11-22 16:43:00	118	1	75221	96289
J2438	S0049	2026-10-29 09:43	2026-10-29 09:49:00	168	1	46639	46009
J0235	S0005	2026-10-12 17:01	2026-10-12 17:19:00	900	1	46969	46009
J2100	S0042	2026-11-03 07:23	2026-11-03 07:40:00	182A	1	25441	26249
J1471	S0030	2026-11-15 15:04	2026-11-15 15:39:00	168	1	75291	46009
J1569	S0032	2026-11-17 22:23	2026-11-17 23:43:00	107M	1	61131	01519
J1780	S0036	2026-11-03 05:52	2026-11-03 06:09:00	S41	2	76281	72041
J0792	S0016	2026-10-14 13:06	2026-10-14 13:28:00	960	2	40031	40081
J0146	S0003	2026-11-21 06:42	2026-11-21 06:45:00	410W	1	53271	53009
J2449	S0049	2026-11-12 06:08	2026-11-12 06:40:00	44	1	65611	65261
J0409	S0009	2026-11-11 09:01	2026-11-11 10:33:00	63M	1	72011	71109
J2923	S0059	2026-11-06 04:51	2026-11-06 05:09:00	667	2	03218	17241
J2235	S0045	2026-11-01 13:38	2026-11-01 15:08:00	79	1	28229	21359
J0579	S0012	2026-11-17 22:21	2026-11-17 22:36:00	75	2	12051	12071
J1044	S0021	2026-11-06 20:52	2026-11-06 21:33:00	30	2	15199	14129
J0101	S0003	2026-10-30 19:53	2026-10-30 19:58:00	851	1	06051	10141
J0909	S0019	2026-11-10 07:12	2026-11-10 07:55:00	97e	2	15051	43751
J0449	S0009	2026-10-16 20:53	2026-10-16 21:01:00	98M	1	28449	28009
J2616	S0053	2026-10-13 00:46	2026-10-13 00:48:00	386A	1	65319	65319
J1719	S0035	2026-10-18 11:27	2026-10-18 11:35:00	88	2	53239	53381
J1218	S0025	2026-11-22 14:28	2026-11-22 14:50:00	238	1	52381	52321
J2409	S0049	2026-10-29 07:53	2026-10-29 09:07:00	103	2	68049	63149
J1536	S0031	2026-11-19 18:27	2026-11-19 18:32:00	651	1	03391	03391
J1921	S0039	2026-11-25 03:07	2026-11-25 03:15:00	70M	1	55079	55049
J0736	S0015	2026-10-19 02:55	2026-10-19 03:01:00	159A	1	64619	64619
J2411	S0049	2026-10-09 20:40	2026-10-09 21:51:00	43e	2	71011	65009
J2395	S0048	2026-10-23 14:58	2026-10-23 16:41:00	98M	1	21029	28009
J2641	S0053	2026-11-25 21:07	2026-11-25 21:10:00	282	1	17041	17041
J0358	S0008	2026-11-25 03:34	2026-11-25 04:14:00	34B	1	76109	75179
J2644	S0053	2026-10-20 19:35	2026-10-20 19:39:00	240	1	21421	21431
J1772	S0036	2026-11-24 01:58	2026-11-24 03:14:00	90A	1	52509	71041
J2281	S0046	2026-11-18 23:03	2026-11-19 00:12:00	167	2	05629	50031
J1597	S0032	2026-11-10 07:55	2026-11-10 08:01:00	990	1	28631	28651
J0600	S0012	2026-10-12 23:46	2026-10-12 23:56:00	807B	1	59429	59329
J0622	S0013	2026-11-03 08:27	2026-11-03 12:22:00	158	1	70279	62139
J0210	S0005	2026-11-23 01:20	2026-11-23 01:26:00	900	1	46689	46689
J1943	S0039	2026-11-03 09:58	2026-11-03 10:10:00	163A	1	65039	67219
J1080	S0022	2026-11-23 13:51	2026-11-23 14:18:00	970	2	43201	43061
J1189	S0024	2026-10-11 01:48	2026-10-11 02:00:00	920	1	44671	44339
J2544	S0051	2026-10-31 14:25	2026-10-31 15:49:00	198	2	11041	28281
J2861	S0058	2026-10-16 21:06	2026-10-16 21:12:00	301	1	44469	44009
J1389	S0028	2026-11-14 23:18	2026-11-14 23:54:00	80A	1	62049	70259
J0319	S0007	2026-10-22 22:19	2026-10-22 22:21:00	649	1	03381	03381
J1459	S0030	2026-11-02 13:32	2026-11-02 13:38:00	39	2	55289	55289
J2290	S0046	2026-11-24 02:27	2026-11-24 02:38:00	222	1	84219	84651
J1646	S0033	2026-11-02 16:52	2026-11-02 17:43:00	961M	1	10069	01621
J0252	S0006	2026-11-18 03:34	2026-11-18 04:08:00	9B	1	99181	95051
J0807	S0017	2026-11-09 17:32	2026-11-09 18:25:00	854	2	63319	55089
J1318	S0027	2026-11-08 17:56	2026-11-08 18:07:00	58	1	70299	70091
J2343	S0047	2026-10-29 09:33	2026-10-29 09:50:00	168	2	74949	84219
J2818	S0057	2026-11-24 01:58	2026-11-24 02:14:00	68B	1	75009	75471
J1888	S0038	2026-11-15 09:26	2026-11-15 10:01:00	804	1	59461	59073
J2114	S0043	2026-10-27 06:40	2026-10-27 06:48:00	683	2	65099	65261
J0501	S0011	2026-10-11 01:15	2026-10-11 02:11:00	102	1	67389	68201
J2504	S0051	2026-10-13 01:50	2026-10-13 02:39:00	93	2	41129	11029
J1594	S0032	2026-11-16 19:42	2026-11-16 20:52:00	196	2	03071	92041
J1408	S0029	2026-10-26 10:17	2026-10-26 10:22:00	51A	1	20269	20269
J1379	S0028	2026-11-22 02:06	2026-11-22 02:50:00	18M	1	74961	84591
J1504	S0031	2026-11-24 02:11	2026-11-24 05:23:00	143	2	16039	52009
J1964	S0040	2026-11-21 03:12	2026-11-21 03:18:00	2	2	83081	83081
J2097	S0042	2026-11-07 02:16	2026-11-07 03:17:00	118	2	75059	65401
J2822	S0057	2026-11-05 06:45	2026-11-05 07:04:00	36A	1	02171	08031
J0127	S0003	2026-11-18 21:38	2026-11-18 22:01:00	100	2	02111	01411
J1830	S0037	2026-10-22 16:35	2026-10-22 16:49:00	972M	1	44809	44639
J0064	S0002	2026-11-08 12:54	2026-11-08 14:11:00	110	1	67349	67591
J0304	S0007	2026-10-19 05:09	2026-10-19 06:03:00	107	1	62149	60029
J0738	S0015	2026-10-25 17:26	2026-10-25 18:26:00	116	1	64411	66379
J2492	S0050	2026-11-15 09:51	2026-11-15 10:35:00	660	1	64419	03059
J1023	S0021	2026-11-03 01:53	2026-11-03 01:58:00	9B	1	99021	99031
J0805	S0017	2026-10-23 09:48	2026-10-23 10:01:00	801	1	59771	59601
J0946	S0019	2026-11-18 01:39	2026-11-18 01:44:00	518	1	03509	03519
J2461	S0050	2026-10-31 23:43	2026-11-01 02:32:00	48	1	85059	11419
J1109	S0023	2026-10-30 08:11	2026-10-30 09:26:00	136	2	64059	66099
J1326	S0027	2026-11-08 09:09	2026-11-08 09:45:00	965	2	67401	59061
J0682	S0014	2026-11-15 19:24	2026-11-15 19:26:00	2	1	04239	05059
J2152	S0044	2026-10-20 08:43	2026-10-20 08:46:00	163	1	52279	52269
J1080	S0022	2026-11-23 12:36	2026-11-23 13:51:00	871	1	43569	43201
J1869	S0038	2026-10-12 10:55	2026-10-12 11:10:00	52	1	28659	28319
J1370	S0028	2026-11-13 23:37	2026-11-14 00:30:00	110	1	95159	63009
J2185	S0044	2026-10-29 03:36	2026-10-29 03:48:00	53	1	77289	77019
J1765	S0036	2026-10-28 09:03	2026-10-28 10:04:00	100	2	15059	03222
J1838	S0037	2026-10-19 14:40	2026-10-19 15:42:00	15	1	84489	77009
J2152	S0044	2026-10-20 07:22	2026-10-20 08:43:00	163	1	55039	52279
J0749	S0015	2026-10-16 05:29	2026-10-16 05:39:00	50	1	65231	65181
J1814	S0037	2026-11-10 03:34	2026-11-10 03:53:00	382W	1	65549	65009
J2746	S0055	2026-11-14 18:23	2026-11-14 18:45:00	855	2	55241	59041
J0830	S0017	2026-11-12 15:38	2026-11-12 15:43:00	670	1	03111	03381
J2073	S0042	2026-11-02 07:42	2026-11-02 07:48:00	15A	1	83109	83109
J0360	S0008	2026-11-16 17:25	2026-11-16 17:31:00	143	2	52009	52009
J2934	S0059	2026-11-15 02:31	2026-11-15 03:10:00	46	1	75471	77009
J0249	S0005	2026-11-27 06:35	2026-11-27 07:34:00	970	1	10279	03129
J1672	S0034	2026-10-09 21:31	2026-10-09 21:56:00	329	1	66609	64471
J1198	S0024	2026-10-22 03:36	2026-10-22 04:33:00	151	2	12081	41019
J1684	S0034	2026-11-03 12:20	2026-11-03 12:31:00	27A	1	76549	76139
J0936	S0019	2026-11-02 09:09	2026-11-02 09:45:00	964	1	46931	46769
J2919	S0059	2026-11-17 01:27	2026-11-17 02:14:00	158	1	90011	81081
J1578	S0032	2026-11-09 22:31	2026-11-10 00:15:00	975B	1	44521	33041
J2765	S0056	2026-11-20 18:25	2026-11-20 18:36:00	249	1	22409	22089
J0725	S0015	2026-10-21 18:29	2026-10-21 20:02:00	12e	1	76249	05059
J1293	S0026	2026-10-23 21:06	2026-10-23 21:39:00	90	1	60081	71171
J1435	S0029	2026-10-10 07:27	2026-10-10 07:33:00	125A	1	70349	70359
J2852	S0058	2026-11-08 00:07	2026-11-08 00:23:00	240	1	21419	22009
J2845	S0057	2026-10-16 04:26	2026-10-16 05:01:00	870	1	28621	41009
J0496	S0010	2026-10-21 08:22	2026-10-21 10:33:00	178	2	43021	46069
J1241	S0025	2026-10-19 02:45	2026-10-19 02:56:00	109	2	63369	66369
J1958	S0040	2026-10-08 11:26	2026-10-08 12:40:00	70M	1	62011	67049
J1322	S0027	2026-11-24 22:14	2026-11-24 22:20:00	72A	1	64419	64521
J2104	S0043	2026-11-11 20:52	2026-11-11 22:10:00	68	1	77301	75461
J1726	S0035	2026-10-14 23:19	2026-10-14 23:34:00	91	1	18141	11379
J0218	S0005	2026-11-26 23:44	2026-11-27 00:08:00	82	1	63029	63149
J0757	S0016	2026-10-27 12:37	2026-10-27 12:45:00	7B	1	09149	09159
J1936	S0039	2026-10-13 03:30	2026-10-13 03:36:00	62	1	80049	80051
J0465	S0010	2026-10-26 22:52	2026-10-26 23:41:00	183	1	17099	16041
J1761	S0036	2026-11-18 17:51	2026-11-18 18:48:00	358	1	77221	78169
J0010	S0001	2026-11-21 04:32	2026-11-21 04:38:00	985	2	44391	44009
J0331	S0007	2026-10-31 18:13	2026-10-31 18:18:00	52	1	28211	28009
J0027	S0001	2026-11-15 07:39	2026-11-15 07:48:00	386	1	65389	65009
J1729	S0035	2026-10-19 08:32	2026-10-19 08:48:00	102	1	67541	67181
J1081	S0022	2026-11-24 21:12	2026-11-24 22:57:00	518	1	75051	77009
J1583	S0032	2026-10-22 08:21	2026-10-22 08:25:00	673	2	65629	65629
J0791	S0016	2026-11-01 15:38	2026-11-01 16:36:00	10	2	93081	96101
J1626	S0033	2026-10-11 19:45	2026-10-11 19:49:00	183	1	28699	28679
J1999	S0040	2026-11-17 13:28	2026-11-17 13:30:00	992	1	40459	40459
J2234	S0045	2026-10-28 13:06	2026-10-28 13:08:00	63	1	10599	10599
J0233	S0005	2026-10-12 22:14	2026-10-12 22:33:00	98	1	28329	28009
J0409	S0009	2026-11-11 10:33	2026-11-11 11:23:00	137	1	71109	84411
J0698	S0014	2026-11-03 10:11	2026-11-03 10:17:00	97	2	40459	41009
J0837	S0017	2026-10-08 05:12	2026-10-08 05:24:00	913M	1	46019	46189
J0241	S0005	2026-10-27 07:43	2026-10-27 07:58:00	667	2	19091	17241
J0359	S0008	2026-11-27 13:43	2026-11-27 14:13:00	22	2	66351	54311
J2669	S0054	2026-11-12 20:31	2026-11-12 21:12:00	27	1	75369	95151
J1598	S0032	2026-10-20 04:45	2026-10-20 04:57:00	106	1	03129	03239
J0309	S0007	2026-10-22 07:19	2026-10-22 09:37:00	249	1	21329	21351
J1903	S0039	2026-10-15 02:45	2026-10-15 02:51:00	114	1	55179	55189
J1136	S0023	2026-10-16 13:14	2026-10-16 13:17:00	65	1	10379	10369
J0569	S0012	2026-10-26 10:51	2026-10-26 11:54:00	75	2	42141	44259
J1039	S0021	2026-10-15 15:40	2026-10-15 15:45:00	196	2	84009	84009
J2708	S0055	2026-11-26 16:14	2026-11-26 17:36:00	116	1	64411	63181
J2662	S0054	2026-11-23 12:26	2026-11-23 14:40:00	70	1	67041	80259
J0537	S0011	2026-11-16 17:07	2026-11-16 17:17:00	155	1	84169	84191
J1027	S0021	2026-10-27 02:20	2026-10-27 02:25:00	296	1	75491	75529
J0944	S0019	2026-11-06 20:55	2026-11-06 21:17:00	165	1	12041	17109
J1718	S0035	2026-11-22 03:07	2026-11-22 03:42:00	34	1	95109	76099
J2712	S0055	2026-10-09 00:49	2026-10-09 01:30:00	97e	2	03129	17131
J1457	S0030	2026-10-11 21:28	2026-10-11 21:34:00	147A	1	04239	05049
J2035	S0041	2026-10-21 23:22	2026-10-21 23:34:00	154	1	52081	70101
J1160	S0024	2026-10-29 00:05	2026-10-29 00:16:00	136	2	54079	54241
J1672	S0034	2026-10-09 21:27	2026-10-09 21:31:00	329	1	66579	66609
J2593	S0052	2026-11-15 17:33	2026-11-15 18:07:00	800	1	59309	59171
J1264	S0026	2026-10-13 09:24	2026-10-13 09:33:00	667	2	17151	17229
J1323	S0027	2026-10-29 05:13	2026-10-29 05:18:00	196	1	03129	03218
J2899	S0058	2026-10-13 18:20	2026-10-13 19:06:00	180A	1	43761	45009
J2640	S0053	2026-11-14 00:32	2026-11-14 03:07:00	247	1	25541	25559
J2125	S0043	2026-10-24 07:47	2026-10-24 08:02:00	960	2	45101	45131
J0645	S0013	2026-10-20 12:48	2026-10-20 15:40:00	15	1	75589	83111
J2896	S0058	2026-10-27 20:39	2026-10-27 21:18:00	871A	1	40431	40359
J2140	S0043	2026-11-02 23:43	2026-11-03 00:02:00	9	1	98061	99041
J2432	S0049	2026-11-18 00:12	2026-11-18 00:14:00	983A	1	44551	44551
J1550	S0031	2026-11-16 00:48	2026-11-16 00:52:00	3A	1	77281	77331
J0629	S0013	2026-10-14 01:30	2026-10-14 02:38:00	170	2	45029	42119
J2875	S0058	2026-11-22 18:18	2026-11-22 18:51:00	165	2	56261	54291
J0717	S0015	2026-10-10 08:25	2026-10-10 08:35:00	S43	1	43069	42099
J2334	S0047	2026-11-19 17:49	2026-11-19 18:06:00	247	1	25509	25429
J0159	S0004	2026-10-13 23:05	2026-10-14 00:54:00	175	2	80101	13119
J0541	S0011	2026-11-22 22:08	2026-11-22 22:18:00	991	2	44099	44689
J1288	S0026	2026-11-25 17:31	2026-11-25 17:55:00	131	2	50041	50211
J0751	S0016	2026-11-16 02:42	2026-11-16 04:55:00	186	1	03239	40231
J2130	S0043	2026-10-24 12:15	2026-10-24 12:37:00	29	1	99099	99019
J2549	S0051	2026-11-04 14:37	2026-11-04 16:05:00	143	1	14121	17021
J1971	S0040	2026-10-16 14:41	2026-10-16 15:00:00	851e	2	54051	59051
J2065	S0042	2026-10-12 08:05	2026-10-12 08:51:00	163	2	67021	67211
J1895	S0038	2026-10-27 21:32	2026-10-27 21:37:00	912	1	46591	46369
J1562	S0032	2026-11-25 23:38	2026-11-26 00:34:00	315	1	66121	66311
J2931	S0059	2026-10-17 11:38	2026-10-17 12:02:00	138	1	48051	48101
J1500	S0030	2026-11-19 06:51	2026-11-19 06:58:00	35M	1	84031	84041
J1496	S0030	2026-11-14 14:28	2026-11-14 14:56:00	172	2	44071	44391
J1555	S0032	2026-11-22 23:44	2026-11-23 00:52:00	147A	1	60179	05039
J0619	S0013	2026-11-25 20:15	2026-11-25 20:17:00	983M	1	44969	44969
J0562	S0012	2026-10-27 06:01	2026-10-27 06:19:00	86B	1	68011	68111
J2115	S0043	2026-10-29 00:54	2026-10-29 02:48:00	111	1	08069	11151
J0831	S0017	2026-10-11 23:03	2026-10-11 23:29:00	190A	1	44251	40219
J0771	S0016	2026-10-14 05:55	2026-10-14 06:44:00	155	1	81111	93051
J1532	S0031	2026-11-26 08:35	2026-11-26 08:54:00	229	1	84131	84009
J2899	S0058	2026-10-13 17:43	2026-10-13 18:20:00	872	1	28471	43761
J0610	S0013	2026-11-09 18:44	2026-11-09 22:00:00	961M	1	42039	60011
J2718	S0055	2026-11-06 03:18	2026-11-06 03:53:00	993	1	40359	28449
J0452	S0010	2026-11-18 04:04	2026-11-18 05:10:00	11	1	80191	80111
J1368	S0028	2026-10-19 03:13	2026-10-19 03:39:00	646	1	75489	75039
J1090	S0022	2026-11-15 08:55	2026-11-15 09:06:00	117	1	68081	68161
J0997	S0020	2026-11-11 05:02	2026-11-11 05:04:00	302A	1	45329	45329
J0435	S0009	2026-11-03 15:04	2026-11-03 15:28:00	36A	1	08031	09111
J0016	S0001	2026-11-18 04:53	2026-11-18 05:19:00	27A	1	65199	76549
J1824	S0037	2026-10-15 02:10	2026-10-15 03:19:00	129	2	62099	76549
J1377	S0028	2026-11-01 01:48	2026-11-01 02:07:00	88	2	65021	65061
J0795	S0016	2026-11-11 06:52	2026-11-11 08:15:00	853	2	66099	59009
J2440	S0049	2026-10-27 18:33	2026-10-27 18:44:00	83T	1	67441	67009
J1908	S0039	2026-10-23 18:38	2026-10-23 18:49:00	9B	1	99161	95081
J0264	S0006	2026-11-12 19:06	2026-11-12 20:00:00	170	1	41031	43021
J0385	S0008	2026-11-08 12:23	2026-11-08 12:32:00	242	1	22349	22419
J2083	S0042	2026-11-23 17:41	2026-11-23 17:43:00	129A	1	75239	75239
J0706	S0015	2026-10-12 05:24	2026-10-12 07:22:00	858	1	68119	46409
J1164	S0024	2026-10-28 14:50	2026-10-28 14:58:00	16M	2	84121	84131
J1466	S0030	2026-10-26 09:26	2026-10-26 10:05:00	400	1	03391	03419
J0168	S0004	2026-10-29 18:04	2026-10-29 18:43:00	12	2	96011	76101
J1239	S0025	2026-11-06 12:55	2026-11-06 13:32:00	58	1	75361	77009
J1911	S0039	2026-11-05 03:28	2026-11-05 04:08:00	62A	1	62039	70039
J0872	S0018	2026-10-30 21:14	2026-10-30 21:30:00	39	2	65251	65261
J1901	S0039	2026-11-19 12:39	2026-11-19 13:50:00	38	2	84109	76219
J0737	S0015	2026-11-20 18:52	2026-11-20 19:01:00	119	1	64049	63059
J0687	S0014	2026-10-26 13:13	2026-10-26 14:29:00	58A	1	70309	75351
J1549	S0031	2026-11-23 06:29	2026-11-23 07:12:00	163A	1	65049	67499
J0167	S0004	2026-11-27 22:11	2026-11-27 22:21:00	16	2	08069	80151
J0314	S0007	2026-10-18 09:56	2026-10-18 10:08:00	78	1	17251	17161
J1938	S0039	2026-11-27 23:37	2026-11-27 23:39:00	98A	1	21559	21559
J0567	S0012	2026-10-27 03:10	2026-10-27 03:14:00	991A	1	43341	43341
J2921	S0059	2026-11-08 03:59	2026-11-08 04:01:00	154B	1	12091	12091
J1043	S0021	2026-10-22 00:51	2026-10-22 01:58:00	64	1	10239	07221
J1361	S0028	2026-11-01 16:19	2026-11-01 18:33:00	89	1	95079	67201
J2517	S0051	2026-10-16 20:50	2026-10-16 20:55:00	856	1	46501	46521
J1829	S0037	2026-10-15 15:11	2026-10-15 15:25:00	94A	1	71181	73019
J2169	S0044	2026-10-09 04:23	2026-10-09 04:26:00	174	1	10041	10499
J0197	S0004	2026-10-22 13:32	2026-10-22 15:40:00	163	1	55109	52269
J0775	S0016	2026-11-26 07:56	2026-11-26 08:24:00	15A	1	84481	83119
J2834	S0057	2026-10-24 04:10	2026-10-24 04:54:00	107	2	62131	64009
J0985	S0020	2026-10-21 10:13	2026-10-21 10:18:00	45A	1	62139	62139
J2694	S0054	2026-10-27 04:41	2026-10-27 04:55:00	240	1	21419	22491
J0217	S0005	2026-11-17 04:24	2026-11-17 04:34:00	33	2	05023	04222
J2496	S0050	2026-11-14 10:24	2026-11-14 10:31:00	43	2	67619	67449
J1518	S0031	2026-10-27 06:31	2026-10-27 07:25:00	9A	1	85061	98011
J1511	S0031	2026-11-23 17:17	2026-11-23 17:19:00	90A	1	73019	73049
J1242	S0025	2026-11-20 14:23	2026-11-20 15:07:00	11	1	80191	80199
J1104	S0023	2026-10-23 08:54	2026-10-23 09:02:00	35M	1	84049	84009
J2736	S0055	2026-10-27 05:06	2026-10-27 05:22:00	648	2	46681	46411
J1114	S0023	2026-11-27 11:28	2026-11-27 12:08:00	200	1	16201	16009
J1222	S0025	2026-11-02 14:21	2026-11-02 14:23:00	141	2	50059	50059
J0673	S0014	2026-10-09 01:06	2026-10-09 01:29:00	135	1	93051	83321
J0220	S0005	2026-11-13 09:09	2026-11-13 09:50:00	34	1	75351	65629
J1671	S0034	2026-11-09 03:01	2026-11-09 04:34:00	72	2	64149	54479
J1291	S0026	2026-10-24 04:18	2026-10-24 06:48:00	100	2	11189	81081
J0287	S0006	2026-10-18 22:50	2026-10-18 23:09:00	974	1	23041	24009
J2756	S0056	2026-10-26 22:06	2026-10-26 22:10:00	913T	1	46189	46299
J2331	S0047	2026-11-17 00:39	2026-11-17 02:02:00	80	2	62041	67199
J1261	S0026	2026-10-21 16:45	2026-10-21 18:44:00	43e	2	92059	65401
J1055	S0022	2026-10-23 11:14	2026-10-23 11:22:00	3	2	76149	76139
J0617	S0013	2026-11-11 21:21	2026-11-11 21:23:00	51	2	63061	64011
J1737	S0035	2026-10-27 08:59	2026-10-27 09:54:00	69	1	75039	84659
J1497	S0030	2026-10-18 13:22	2026-10-18 14:33:00	17	2	84431	78159
J1125	S0023	2026-10-25 06:31	2026-10-25 07:01:00	883M	1	58621	58211
J0368	S0008	2026-10-08 06:10	2026-10-08 06:29:00	852	2	55201	55261
J0462	S0010	2026-11-19 23:21	2026-11-19 23:49:00	912A	1	46869	46008
J2313	S0047	2026-11-25 12:32	2026-11-25 13:17:00	859A	1	58009	58371
J2743	S0055	2026-10-20 12:29	2026-10-20 14:03:00	188	2	15141	28021
J0445	S0009	2026-11-26 13:45	2026-11-26 13:56:00	853	1	60209	60221
J1126	S0023	2026-10-27 02:43	2026-10-27 02:54:00	307T	1	44299	44421
J0499	S0010	2026-11-07 23:53	2026-11-08 00:09:00	458	1	67121	67151
J2208	S0045	2026-11-26 21:03	2026-11-26 21:12:00	265	1	54419	54441
J0209	S0005	2026-11-03 00:26	2026-11-03 01:09:00	315	1	66149	66009
J2748	S0055	2026-11-25 17:25	2026-11-25 17:57:00	4	1	97331	76199
J1662	S0034	2026-10-24 17:31	2026-10-24 17:36:00	268C	1	55141	55141
J2527	S0051	2026-10-17 12:19	2026-10-17 12:25:00	68B	1	75481	75481
J0315	S0007	2026-10-26 10:44	2026-10-26 10:56:00	249	1	22051	21301
J2711	S0055	2026-10-24 14:06	2026-10-24 14:15:00	153	2	11069	11049
J0291	S0006	2026-10-09 20:10	2026-10-09 20:21:00	187	2	44261	46521
J0823	S0017	2026-10-10 06:06	2026-10-10 07:43:00	78	1	17259	28439
J1916	S0039	2026-10-22 23:10	2026-10-22 23:44:00	882	1	58079	58251
J1356	S0028	2026-10-31 16:47	2026-10-31 16:58:00	963e	1	44731	43268
J0819	S0017	2026-11-12 02:27	2026-11-12 02:37:00	228	1	84609	84619
J1256	S0026	2026-10-11 15:48	2026-10-11 17:11:00	851	1	55189	50038
J2066	S0042	2026-11-15 03:56	2026-11-15 04:07:00	963	2	43261	43071
J0224	S0005	2026-11-19 12:08	2026-11-19 13:40:00	87	1	64549	84009
J1249	S0025	2026-11-26 05:25	2026-11-26 06:01:00	133	2	60121	62111
J0233	S0005	2026-10-12 22:04	2026-10-12 22:14:00	98M	1	28469	28329
J1592	S0032	2026-10-14 11:08	2026-10-14 13:14:00	57	1	52501	14161
J2599	S0052	2026-11-19 12:42	2026-11-19 12:48:00	117M	1	68081	68101
J0292	S0006	2026-10-31 22:27	2026-11-01 02:53:00	961	2	10011	46531
J1690	S0034	2026-10-16 03:52	2026-10-16 05:10:00	38	1	75009	96019
J2429	S0049	2026-11-19 02:07	2026-11-19 02:36:00	142	1	61079	52321
J1171	S0024	2026-10-27 11:05	2026-10-27 11:23:00	653	1	43268	43239
J1843	S0037	2026-10-17 11:37	2026-10-17 11:39:00	60A	1	72021	72021
J2886	S0058	2026-10-12 04:47	2026-10-12 06:07:00	58	1	72059	77009
J0393	S0008	2026-10-11 17:07	2026-10-11 18:31:00	156	2	51131	66491
J2245	S0045	2026-10-31 09:35	2026-10-31 13:03:00	961M	2	10101	45121
J2250	S0045	2026-11-27 06:24	2026-11-27 06:37:00	89e	1	95061	95039
J1127	S0023	2026-11-21 02:54	2026-11-21 03:03:00	231	1	52151	52171
J0806	S0017	2026-10-26 05:21	2026-10-26 06:03:00	196	1	19089	17189
J0046	S0001	2026-10-29 12:03	2026-10-29 13:07:00	50A	1	65809	66459
J0783	S0016	2026-11-07 01:45	2026-11-07 02:06:00	44	1	95029	95159
J0606	S0013	2026-10-16 08:16	2026-10-16 09:55:00	51	1	16011	28231
J0704	S0015	2026-11-16 04:40	2026-11-16 04:52:00	991B	1	44539	44399
J1422	S0029	2026-10-08 17:47	2026-10-08 17:58:00	89A	1	95141	95051
J1305	S0027	2026-11-27 02:31	2026-11-27 04:54:00	33	1	80111	19089
J0856	S0018	2026-10-18 17:03	2026-10-18 17:06:00	190	2	44391	44009
J2512	S0051	2026-10-19 02:57	2026-10-19 03:06:00	60	1	84501	72079
J0639	S0013	2026-10-09 19:40	2026-10-09 19:52:00	143	1	20161	20219
J2520	S0051	2026-10-13 06:04	2026-10-13 06:09:00	518A	1	09047	09037
J0965	S0020	2026-11-20 18:16	2026-11-20 18:29:00	86	2	68051	65069
J2372	S0048	2026-10-24 19:22	2026-10-24 19:54:00	101	1	64521	63019
J0898	S0018	2026-11-22 16:57	2026-11-22 18:25:00	112	1	63041	63039
J0366	S0008	2026-10-30 02:15	2026-10-30 02:20:00	185	2	22459	22469
J1950	S0039	2026-10-11 12:05	2026-10-11 12:18:00	S43	2	43041	44021
J2409	S0049	2026-10-29 07:19	2026-10-29 07:53:00	85	2	59059	68049
J2333	S0047	2026-10-09 20:11	2026-10-09 20:49:00	976	1	44131	44839
J1366	S0028	2026-11-09 11:26	2026-11-09 12:21:00	153	2	41011	11029
J1653	S0034	2026-11-27 22:09	2026-11-27 22:12:00	69	1	75121	75009
J0240	S0005	2026-11-01 18:40	2026-11-01 18:43:00	654	1	03218	03218
J1573	S0032	2026-10-21 10:45	2026-10-21 11:43:00	197	2	82079	84121
J0725	S0015	2026-10-21 17:47	2026-10-21 18:29:00	37	1	97161	76249
J0609	S0013	2026-11-04 05:26	2026-11-04 06:45:00	169	2	54009	57021
J1318	S0027	2026-11-08 17:28	2026-11-08 17:56:00	62A	1	62221	70299
J0453	S0010	2026-11-16 05:53	2026-11-16 06:04:00	85	1	59041	59009
J0712	S0015	2026-10-25 23:01	2026-10-26 00:03:00	38	1	75009	95909
J2540	S0051	2026-10-27 15:23	2026-10-27 16:05:00	670	1	59241	59039
J1808	S0037	2026-10-23 05:15	2026-10-23 05:38:00	189A	1	43389	43219
J2289	S0046	2026-11-22 07:41	2026-11-22 07:46:00	57	2	53219	53009
J1800	S0036	2026-11-26 22:32	2026-11-27 04:07:00	9	1	84009	84059
J0102	S0003	2026-11-25 08:13	2026-11-25 08:26:00	63	1	70211	70241
J1589	S0032	2026-11-04 01:03	2026-11-04 02:25:00	28	2	84211	75009
J1357	S0028	2026-11-21 14:51	2026-11-21 15:27:00	135	1	82089	92141
J2545	S0051	2026-11-04 11:50	2026-11-04 13:00:00	381	1	65009	65189
J1691	S0034	2026-11-25 10:34	2026-11-25 10:41:00	945	1	43579	43809
J2261	S0046	2026-11-05 12:27	2026-11-05 12:39:00	94	1	82069	82009
J2449	S0049	2026-11-12 06:40	2026-11-12 07:11:00	83T	1	65261	65069
J1199	S0024	2026-11-02 17:32	2026-11-02 17:43:00	174e	1	10011	10499
J1527	S0031	2026-11-09 22:28	2026-11-09 22:50:00	26	1	81049	80069
J1806	S0037	2026-10-12 23:12	2026-10-12 23:52:00	136	1	64061	65241
J2306	S0047	2026-10-26 08:09	2026-10-26 09:03:00	268A	1	55239	54241
J2221	S0045	2026-11-27 13:36	2026-11-27 14:09:00	146	1	62071	68009
J2809	S0057	2026-11-13 08:43	2026-11-13 08:54:00	859A	1	58281	58371
J0311	S0007	2026-10-14 14:55	2026-10-14 16:38:00	92	1	18241	12139
J1380	S0028	2026-11-04 11:06	2026-11-04 11:19:00	859T	1	58331	58029
J2887	S0058	2026-10-23 23:41	2026-10-23 23:46:00	871A	1	43549	43549
J1591	S0032	2026-10-19 08:30	2026-10-19 08:33:00	670	2	59129	59109
J1646	S0033	2026-11-02 13:57	2026-11-02 16:52:00	961	1	43109	10069
J1191	S0024	2026-10-14 04:23	2026-10-14 05:32:00	39	1	76071	77231
J2656	S0054	2026-11-09 22:21	2026-11-09 22:25:00	S41	2	84451	84451
J1849	S0037	2026-11-02 02:53	2026-11-02 03:21:00	132	2	09213	40231
J2569	S0052	2026-10-29 09:34	2026-10-29 09:43:00	460	1	75529	75539
J2045	S0041	2026-10-28 18:09	2026-10-28 20:51:00	47	1	84071	96311
J2620	S0053	2026-11-01 07:36	2026-11-01 09:51:00	188	2	16141	44009
J1897	S0038	2026-11-02 07:19	2026-11-02 07:25:00	453	2	40419	40419
J0714	S0015	2026-11-20 17:41	2026-11-20 18:44:00	117	1	59031	58251
J2385	S0048	2026-11-17 06:25	2026-11-17 09:33:00	14	1	92109	17009
J1857	S0038	2026-11-24 20:30	2026-11-24 20:33:00	870	1	40459	41009
J2895	S0058	2026-11-10 12:18	2026-11-10 12:21:00	116A	1	66359	66359
J1018	S0021	2026-10-16 10:07	2026-10-16 10:16:00	61	2	43201	43181
J1262	S0026	2026-10-27 05:41	2026-10-27 05:46:00	55B	1	53249	54539
J2108	S0043	2026-10-23 17:31	2026-10-23 18:14:00	646	2	03071	75261
J2160	S0044	2026-11-24 09:55	2026-11-24 10:04:00	962C	1	47541	47591
J0733	S0015	2026-11-13 08:20	2026-11-13 09:02:00	947	1	43419	43411
J2301	S0047	2026-10-18 15:21	2026-10-18 15:31:00	683	2	65301	65099
J0254	S0006	2026-10-12 23:11	2026-10-12 23:28:00	31	1	84049	93131
J2407	S0049	2026-10-25 20:31	2026-10-25 22:34:00	154	1	21559	41029
J2094	S0042	2026-10-19 03:56	2026-10-19 04:34:00	179	1	22521	27221
J0833	S0017	2026-11-02 10:48	2026-11-02 11:00:00	681	2	63061	64549
J1722	S0035	2026-11-06 23:12	2026-11-06 23:19:00	230M	1	52329	52339
J2284	S0046	2026-11-15 03:27	2026-11-15 03:30:00	7A	1	08031	08111
J0843	S0017	2026-11-19 08:18	2026-11-19 09:28:00	167	2	08111	51051
J2328	S0047	2026-11-05 21:16	2026-11-05 21:37:00	857B	1	07419	02151
J0377	S0008	2026-10-29 09:29	2026-10-29 09:34:00	170X	2	46109	46109
J0995	S0020	2026-11-19 10:49	2026-11-19 11:15:00	133	2	03239	03511
J2236	S0045	2026-11-07 16:01	2026-11-07 18:20:00	145	1	01229	11389
J1471	S0030	2026-11-15 14:37	2026-11-15 14:43:00	129A	1	75249	75249
J1236	S0025	2026-11-09 23:18	2026-11-10 00:18:00	962	1	58251	47579
J1738	S0035	2026-10-10 07:36	2026-10-10 09:56:00	143	1	09037	16061
J1468	S0030	2026-10-21 07:09	2026-10-21 07:11:00	903	1	46319	46309
J1088	S0022	2026-10-21 06:42	2026-10-21 08:50:00	972	1	44329	44619
J0991	S0020	2026-11-16 03:14	2026-11-16 06:23:00	28	1	76191	62061
J0251	S0006	2026-11-08 12:03	2026-11-08 12:59:00	970	1	42159	11319
J0307	S0007	2026-10-20 00:14	2026-10-20 00:37:00	189A	1	43009	43599
J2484	S0050	2026-10-14 00:16	2026-10-14 00:56:00	981	1	58121	47141
J2757	S0056	2026-11-25 02:12	2026-11-25 02:27:00	53A	1	77049	78181
J2274	S0046	2026-10-26 22:45	2026-10-26 23:35:00	171	1	48039	44261
J1677	S0034	2026-11-01 15:37	2026-11-01 15:56:00	976	1	44701	44229
J2823	S0057	2026-11-13 18:52	2026-11-13 20:18:00	51	2	80071	63079
J1832	S0037	2026-10-13 12:56	2026-10-13 13:23:00	5	1	10141	10009
J1267	S0026	2026-10-22 09:09	2026-10-22 09:32:00	382G	1	65671	65009
J0169	S0004	2026-10-08 05:12	2026-10-08 06:35:00	195	1	11519	04219
J2918	S0059	2026-11-02 02:38	2026-11-02 02:55:00	801	1	59621	59009
J0139	S0003	2026-11-18 05:39	2026-11-18 05:56:00	7	2	80011	80251
J0707	S0015	2026-11-21 06:08	2026-11-21 06:39:00	657	2	03529	28331
J1128	S0023	2026-10-18 21:51	2026-10-18 23:05:00	246	1	21661	21461
J2085	S0042	2026-11-14 10:14	2026-11-14 12:10:00	103	2	59469	64119
J2303	S0047	2026-11-12 19:59	2026-11-12 21:22:00	90	1	70101	70109
J0256	S0006	2026-11-19 04:10	2026-11-19 04:21:00	872A	1	40481	43769
J2269	S0046	2026-10-18 11:08	2026-10-18 11:18:00	2	2	99139	99009
J2832	S0057	2026-10-09 07:44	2026-10-09 08:28:00	317	1	66251	66009
J1828	S0037	2026-10-26 09:18	2026-10-26 09:21:00	55	2	53229	53009
J0425	S0009	2026-11-14 21:03	2026-11-14 21:29:00	12e	2	10499	01559
J0430	S0009	2026-11-27 23:55	2026-11-28 00:18:00	950	1	46501	47009
J2232	S0045	2026-11-17 09:38	2026-11-17 09:45:00	14	1	17161	17009
J1100	S0022	2026-10-29 10:18	2026-10-29 10:26:00	70B	1	63189	63179
J2606	S0053	2026-11-22 14:03	2026-11-22 14:18:00	854e	1	71071	72019
J1450	S0029	2026-10-31 16:27	2026-10-31 19:14:00	24	1	82032	84019
J2175	S0044	2026-11-13 17:58	2026-11-13 19:41:00	99	2	21399	17189
J2772	S0056	2026-11-04 16:25	2026-11-04 16:39:00	675	1	03391	02141
J1614	S0033	2026-11-02 14:06	2026-11-02 14:52:00	666	2	02161	65339
J1044	S0021	2026-11-06 21:42	2026-11-06 22:21:00	158A	1	91081	81081
J0341	S0007	2026-10-25 05:04	2026-10-25 05:30:00	197	2	93021	84131
J1359	S0028	2026-11-15 02:01	2026-11-15 02:27:00	96	1	16149	17151
J2424	S0049	2026-10-18 23:26	2026-10-18 23:55:00	911	1	46088	46009
J0592	S0012	2026-11-03 12:28	2026-11-03 12:58:00	103	1	68111	68121
J2346	S0047	2026-11-24 23:21	2026-11-24 23:33:00	673	1	65459	65499
J1338	S0027	2026-10-20 20:48	2026-10-20 20:58:00	911T	1	46571	46551
J1692	S0034	2026-11-06 08:56	2026-11-06 09:56:00	53A	1	77249	95109
J2373	S0048	2026-10-16 22:42	2026-10-16 23:28:00	51	2	20181	16089
J2064	S0042	2026-11-16 00:24	2026-11-16 00:52:00	969	2	59141	58579
J2794	S0056	2026-10-21 23:34	2026-10-22 00:56:00	65	2	71091	75009
J0550	S0011	2026-10-19 17:36	2026-10-19 17:55:00	458	1	67101	67151
J1086	S0022	2026-11-05 10:25	2026-11-05 10:40:00	254	1	24671	23221
J2902	S0059	2026-11-06 21:21	2026-11-06 21:33:00	2	1	05039	10011
J0214	S0005	2026-11-14 00:03	2026-11-14 00:08:00	660	2	64259	64091
J1212	S0025	2026-11-21 01:05	2026-11-21 01:32:00	962	1	58389	47579
J1340	S0027	2026-10-22 20:59	2026-10-22 21:38:00	960	2	44051	45101
J2929	S0059	2026-11-09 23:12	2026-11-09 23:19:00	173	2	43289	43249
J1348	S0027	2026-11-08 04:51	2026-11-08 04:56:00	43e	2	65401	65401
J1757	S0036	2026-10-14 20:43	2026-10-14 20:54:00	684	2	44591	44881
J2183	S0044	2026-11-27 10:27	2026-11-27 11:10:00	62	1	63241	67511
J2594	S0052	2026-11-13 05:15	2026-11-13 05:19:00	179B	1	27251	27251
J0403	S0009	2026-11-16 05:35	2026-11-16 06:25:00	136	2	63161	54011
J2260	S0046	2026-11-05 00:30	2026-11-05 00:32:00	970	2	43231	43241
J1618	S0033	2026-11-16 09:41	2026-11-16 09:55:00	190A	1	44279	44241
J2312	S0047	2026-10-20 02:15	2026-10-20 02:24:00	966	1	44389	44261
J0852	S0018	2026-10-27 09:51	2026-10-27 10:15:00	53M	1	63299	63221
J1111	S0023	2026-10-08 01:54	2026-10-08 02:03:00	925M	1	46491	45139
J2598	S0052	2026-11-03 01:57	2026-11-03 01:59:00	91	1	18021	18029
J1508	S0031	2026-11-05 09:33	2026-11-05 09:46:00	666	2	65161	65181
J0901	S0019	2026-10-09 06:43	2026-10-09 06:47:00	161	1	46639	46009
J0592	S0012	2026-11-03 12:58	2026-11-03 13:22:00	103	1	68121	59779
J2013	S0041	2026-10-27 23:23	2026-10-28 00:40:00	38	1	96129	84141
J2546	S0051	2026-10-23 07:41	2026-10-23 08:27:00	104	1	65549	67629
J0670	S0014	2026-11-08 02:31	2026-11-08 02:39:00	117A	1	59729	59041
J1269	S0026	2026-11-13 15:17	2026-11-13 15:41:00	37	1	97151	97189
J1965	S0040	2026-10-27 02:21	2026-10-27 02:26:00	58A	1	84489	75411
J1022	S0021	2026-11-14 19:42	2026-11-14 19:47:00	54	2	53009	53009
J0071	S0002	2026-11-05 22:53	2026-11-05 23:19:00	18	2	76071	76431
J2135	S0043	2026-10-12 21:07	2026-10-12 22:10:00	199	1	22489	27069
J2912	S0059	2026-10-23 18:12	2026-10-23 22:40:00	70M	1	67021	64101
J0071	S0002	2026-11-05 22:13	2026-11-05 22:53:00	59	1	84461	76071
J2787	S0056	2026-10-15 12:09	2026-10-15 13:43:00	123	1	11219	14039
J2215	S0045	2026-11-13 23:59	2026-11-14 00:12:00	192	2	23371	23059
J1407	S0029	2026-11-02 18:56	2026-11-02 19:25:00	945	1	43491	43549
J2826	S0057	2026-11-04 20:27	2026-11-04 20:34:00	243G	1	27381	27409
J1344	S0027	2026-11-18 16:42	2026-11-18 16:51:00	129B	1	75241	75221
J2350	S0047	2026-11-14 04:43	2026-11-14 04:56:00	258M	1	22189	23011
J2603	S0053	2026-10-12 11:10	2026-10-12 11:50:00	69	1	75039	84529
J0776	S0016	2026-11-01 00:53	2026-11-01 00:57:00	S41	1	71121	71121
J0858	S0018	2026-10-17 13:38	2026-10-17 13:42:00	255	1	23371	23371
J1042	S0021	2026-10-13 00:58	2026-10-13 01:49:00	43	1	65009	67629
J1942	S0039	2026-10-23 21:00	2026-10-23 21:44:00	50	1	67081	67401
J1210	S0025	2026-10-15 23:14	2026-10-15 23:49:00	196e	1	92211	03129
J1839	S0037	2026-10-14 00:50	2026-10-14 01:01:00	18	1	75069	75349
J2217	S0045	2026-11-01 07:59	2026-11-01 08:21:00	77	1	08057	02089
J1515	S0031	2026-11-02 03:22	2026-11-02 04:12:00	147A	1	60269	04159
J0103	S0003	2026-11-24 11:56	2026-11-24 12:09:00	453	2	40439	40459
J2886	S0058	2026-10-12 03:41	2026-10-12 04:47:00	87	1	64381	72059
J0866	S0018	2026-11-21 11:47	2026-11-21 13:49:00	133	1	66389	03529
J0275	S0006	2026-10-08 21:38	2026-10-08 22:01:00	112A	1	64009	64319
J2894	S0058	2026-10-15 06:35	2026-10-15 07:39:00	293	1	75071	76221
J0529	S0011	2026-11-21 18:37	2026-11-21 19:56:00	88A	1	65069	54509
J1252	S0026	2026-10-27 11:16	2026-10-27 11:18:00	984A	1	44059	44059
J2241	S0045	2026-10-31 20:56	2026-10-31 23:34:00	78	1	29121	28439
J1777	S0036	2026-10-30 00:10	2026-10-30 00:40:00	870	2	43321	29009
J0131	S0003	2026-10-14 12:05	2026-10-14 12:17:00	70B	1	67011	67041
J2742	S0055	2026-10-26 20:30	2026-10-26 21:37:00	248	1	25431	25791
J2565	S0052	2026-10-24 19:18	2026-10-24 19:26:00	16M	1	06051	10161
J0958	S0020	2026-11-12 02:22	2026-11-12 02:57:00	198A	1	21399	28519
J1112	S0023	2026-10-23 19:51	2026-10-23 20:10:00	922	1	44661	44771
J0086	S0002	2026-10-25 06:28	2026-10-25 08:19:00	26	2	52509	84551
J2225	S0045	2026-11-13 19:54	2026-11-13 19:59:00	113	1	64049	64009
J2289	S0046	2026-11-22 07:15	2026-11-22 07:41:00	13	2	66089	53219
J0253	S0006	2026-11-14 10:58	2026-11-14 11:09:00	973A	1	45009	44231
J1177	S0024	2026-10-31 12:10	2026-10-31 12:31:00	52	1	28659	28211
J1964	S0040	2026-11-21 03:18	2026-11-21 03:22:00	2	2	83081	84011
J1609	S0033	2026-10-25 13:14	2026-10-25 14:44:00	173	1	43169	28019
J2857	S0058	2026-11-12 11:11	2026-11-12 12:26:00	25	2	84059	63099
J1697	S0034	2026-11-20 07:29	2026-11-20 07:40:00	12	1	91069	91049
J2850	S0057	2026-11-16 12:25	2026-11-16 12:51:00	883M	1	59159	58539
J2279	S0046	2026-10-08 10:35	2026-10-08 10:46:00	861M	1	58059	58499
J0178	S0004	2026-10-30 13:18	2026-10-30 14:19:00	804	1	59389	59231
J2388	S0048	2026-11-12 02:47	2026-11-12 03:05:00	29A	1	76359	76231
J0955	S0020	2026-10-11 11:11	2026-10-11 11:28:00	189	1	43501	43009
J0897	S0018	2026-10-20 06:08	2026-10-20 06:14:00	911	1	46561	46551
J0060	S0002	2026-11-22 02:25	2026-11-22 02:40:00	156	2	67459	63009
J1717	S0035	2026-10-23 21:04	2026-10-23 21:53:00	241	1	22521	22459
J2472	S0050	2026-10-26 08:07	2026-10-26 09:00:00	97	1	14169	03381
J2684	S0054	2026-10-16 19:15	2026-10-16 19:29:00	269A	1	54451	55199
J2792	S0056	2026-11-11 09:21	2026-11-11 10:04:00	684	1	43679	03391
J0345	S0007	2026-10-11 15:26	2026-10-11 15:46:00	16M	1	84139	93079
J0151	S0004	2026-10-26 20:12	2026-10-26 20:36:00	51A	1	28249	20191
J2203	S0045	2026-11-15 01:07	2026-11-15 02:04:00	646	1	75489	03129
J0316	S0007	2026-11-22 17:43	2026-11-22 20:04:00	52	1	53371	28041
J1176	S0024	2026-10-09 15:14	2026-10-09 15:16:00	17	2	77009	77009
J0259	S0006	2026-11-24 16:19	2026-11-24 16:28:00	196e	2	92071	93011
J2432	S0049	2026-11-18 00:14	2026-11-18 00:53:00	983M	1	44551	44119
J0615	S0013	2026-10-10 14:27	2026-10-10 14:30:00	187	1	44139	44139
J0204	S0005	2026-10-09 09:07	2026-10-09 09:46:00	967	1	47731	46371
J2683	S0054	2026-11-15 14:54	2026-11-15 15:13:00	176	1	20159	17339
J0095	S0002	2026-10-27 10:27	2026-10-27 11:01:00	672	1	64249	02169
J2714	S0055	2026-11-02 04:13	2026-11-02 05:12:00	913T	1	46291	46299
J0316	S0007	2026-11-22 20:04	2026-11-22 21:00:00	188	2	28041	43839
J1099	S0022	2026-10-29 18:45	2026-10-29 21:25:00	163	1	65029	52361
J2570	S0052	2026-11-16 07:26	2026-11-16 07:28:00	911A	1	46589	46589
J0628	S0013	2026-10-10 09:44	2026-10-10 09:50:00	187	1	28491	28491
J0414	S0009	2026-10-22 04:02	2026-10-22 04:11:00	136	1	65151	65289
J2636	S0053	2026-10-10 21:17	2026-10-10 21:27:00	16	1	92171	81199
J2130	S0043	2026-10-24 12:37	2026-10-24 13:03:00	59	2	99019	76249
J2467	S0050	2026-10-28 15:18	2026-10-28 15:39:00	196A	1	91049	80219
J0785	S0016	2026-11-24 15:59	2026-11-24 16:24:00	196	2	92051	93021
J1572	S0032	2026-10-18 07:52	2026-10-18 08:19:00	174e	2	43531	21369
J2035	S0041	2026-10-21 23:34	2026-10-21 23:55:00	61	1	70101	70161
J2344	S0047	2026-10-22 09:07	2026-10-22 09:12:00	118B	1	75229	75239
J0917	S0019	2026-10-17 13:49	2026-10-17 14:34:00	151	2	70101	63109
J2062	S0042	2026-10-10 02:22	2026-10-10 02:53:00	174e	2	42171	43341
J0155	S0004	2026-11-01 06:23	2026-11-01 06:45:00	113A	1	63301	63289
J2685	S0054	2026-11-26 22:40	2026-11-26 22:49:00	975A	1	44511	44079
J0575	S0012	2026-11-18 14:15	2026-11-18 15:03:00	401	1	93149	82071
J2791	S0056	2026-10-12 18:09	2026-10-12 19:26:00	991	2	44889	43411
J1316	S0027	2026-10-19 13:57	2026-10-19 14:02:00	112A	1	64209	64209
J2751	S0056	2026-11-25 21:33	2026-11-25 22:47:00	23	1	60099	72171
J0937	S0019	2026-10-10 18:21	2026-10-10 18:23:00	665	1	46991	46991
J1957	S0040	2026-11-01 21:35	2026-11-01 22:24:00	979	1	45321	45489
J0400	S0008	2026-10-30 10:43	2026-10-30 11:48:00	18	2	76101	75499
J1712	S0035	2026-11-09 00:37	2026-11-09 01:30:00	169	2	58179	46459
J0004	S0001	2026-11-22 16:09	2026-11-22 16:15:00	38	1	84131	84009
J0603	S0013	2026-10-24 06:33	2026-10-24 07:34:00	198	2	17131	28281
J1786	S0036	2026-10-31 00:24	2026-10-31 01:24:00	883M	1	59271	58049
J0679	S0014	2026-11-16 12:32	2026-11-16 13:18:00	148	1	61111	61121
J0151	S0004	2026-10-26 20:02	2026-10-26 20:12:00	143	2	28431	28249
J2716	S0055	2026-11-05 07:41	2026-11-05 07:53:00	43	1	94031	94051
J2021	S0041	2026-10-26 15:59	2026-10-26 16:56:00	170	2	43099	41089
J2877	S0058	2026-10-27 03:14	2026-10-27 03:23:00	33B	1	81199	81189
J2855	S0058	2026-11-04 01:58	2026-11-04 02:05:00	177	1	43239	43161
J1127	S0023	2026-11-21 02:38	2026-11-21 02:54:00	230	1	52331	52151
J0532	S0011	2026-11-08 01:01	2026-11-08 01:48:00	856B	1	47081	58159
J0797	S0016	2026-11-27 11:33	2026-11-27 11:36:00	502A	1	03509	03509
J2508	S0051	2026-11-24 09:48	2026-11-24 10:30:00	113	1	63281	63289
J2883	S0058	2026-11-09 12:14	2026-11-09 12:47:00	912B	1	46341	46501
J2171	S0044	2026-11-08 20:34	2026-11-08 20:37:00	26	1	84569	84569
J2300	S0046	2026-11-22 00:57	2026-11-22 01:03:00	192	2	22009	22009
J2487	S0050	2026-10-20 15:26	2026-10-20 18:39:00	13	1	53231	94011
J0822	S0017	2026-11-06 14:50	2026-11-06 16:19:00	13	1	52061	81011
J1053	S0022	2026-10-20 00:19	2026-10-20 00:48:00	44	2	95029	65279
J0576	S0012	2026-11-01 18:40	2026-11-01 18:59:00	647	1	43321	28641
J1518	S0031	2026-10-27 08:05	2026-10-27 10:22:00	68	1	77311	77199
J1620	S0033	2026-10-22 22:07	2026-10-23 00:35:00	10	1	94069	14071
J0064	S0002	2026-11-08 16:51	2026-11-08 17:07:00	135	1	92249	92061
J2696	S0054	2026-10-14 20:38	2026-10-14 23:38:00	156	1	63009	11319
J2648	S0053	2026-10-14 22:57	2026-10-14 23:00:00	197	1	28221	28009
J1635	S0033	2026-10-10 07:13	2026-10-10 07:20:00	298	1	75081	76049
J0416	S0009	2026-10-25 08:11	2026-10-25 08:52:00	84G	1	65469	65109
J1014	S0021	2026-11-10 09:28	2026-11-10 10:52:00	262	1	54099	54331
J2477	S0050	2026-11-10 02:23	2026-11-10 02:26:00	991B	1	44889	44099
J2452	S0050	2026-11-02 02:51	2026-11-02 02:58:00	26	1	60181	52089
J1212	S0025	2026-11-21 00:29	2026-11-21 01:05:00	962	1	58341	58389
J2206	S0045	2026-11-18 03:34	2026-11-18 04:08:00	253	1	23331	23479
J1058	S0022	2026-11-22 02:12	2026-11-22 02:47:00	198A	1	28539	28459
J2860	S0058	2026-10-27 19:29	2026-10-27 19:59:00	71	1	54531	53421
J2798	S0056	2026-10-31 03:51	2026-10-31 03:57:00	163	2	67109	67109
J0646	S0013	2026-11-17 00:23	2026-11-17 00:44:00	155	2	82069	81119
J0803	S0017	2026-10-17 14:41	2026-10-17 14:43:00	912B	1	46329	46329
J1297	S0026	2026-11-06 22:55	2026-11-06 23:31:00	104	1	65579	67791
J1503	S0031	2026-11-19 18:37	2026-11-19 19:37:00	180	1	44159	28371
J1422	S0029	2026-10-08 17:58	2026-10-08 19:25:00	89	1	95051	98101
J0928	S0019	2026-11-09 19:42	2026-11-09 20:46:00	247	1	25671	25549
J0891	S0018	2026-11-16 09:29	2026-11-16 09:56:00	114	1	67631	67019
J2737	S0055	2026-11-01 08:10	2026-11-01 08:34:00	4	1	76241	97049
J1668	S0034	2026-11-09 13:18	2026-11-09 15:26:00	120	1	11519	10179
J1398	S0028	2026-11-08 15:08	2026-11-08 16:25:00	854	2	63329	55261
J1862	S0038	2026-11-23 17:04	2026-11-23 17:10:00	806	1	59072	59009
J2580	S0052	2026-11-13 20:33	2026-11-13 20:39:00	196A	1	03019	03019
J2818	S0057	2026-11-24 02:14	2026-11-24 02:39:00	46	1	75471	77389
J0821	S0017	2026-10-11 14:34	2026-10-11 14:42:00	143	2	50031	50041
J0877	S0018	2026-10-08 20:08	2026-10-08 20:16:00	903	1	46119	46088
J2497	S0050	2026-10-19 17:17	2026-10-19 17:31:00	142	1	61009	61101
J0160	S0004	2026-10-29 12:37	2026-10-29 12:47:00	143	2	09023	50061
J1661	S0034	2026-11-04 12:42	2026-11-04 12:56:00	193	2	23099	22181
J0104	S0003	2026-11-20 05:31	2026-11-20 05:44:00	150	1	92301	83121
J0326	S0007	2026-10-27 19:58	2026-10-27 20:06:00	70	2	55221	55231
J2648	S0053	2026-10-14 22:29	2026-10-14 22:57:00	78	1	20179	28221
J0424	S0009	2026-10-11 20:17	2026-10-11 20:21:00	179A	1	27251	27261
J2266	S0046	2026-11-02 22:08	2026-11-02 22:13:00	883M	1	58009	58009
J2295	S0046	2026-11-05 03:30	2026-11-05 03:38:00	657	2	28331	28461
J1910	S0039	2026-10-14 19:33	2026-10-14 20:55:00	168	2	68111	84209
J2748	S0055	2026-11-25 16:31	2026-11-25 17:25:00	4	1	76221	97331
J0612	S0013	2026-11-07 00:46	2026-11-07 01:06:00	107	2	60031	60201
J2932	S0059	2026-10-09 05:01	2026-10-09 05:07:00	358	1	78101	77009
J1357	S0028	2026-11-21 14:08	2026-11-21 14:51:00	197	2	01311	82089
J2769	S0056	2026-11-26 19:22	2026-11-26 19:27:00	648	2	46431	46431
J1481	S0030	2026-11-17 17:24	2026-11-17 17:45:00	75	2	12021	12061
J0362	S0008	2026-10-31 04:41	2026-10-31 05:27:00	147A	1	63189	61049
J1535	S0031	2026-11-26 12:41	2026-11-26 14:07:00	55	1	63081	93031
J1101	S0023	2026-11-25 22:40	2026-11-25 22:46:00	647	1	02151	02161
J1997	S0040	2026-11-02 06:07	2026-11-02 06:20:00	S42	1	60011	70371
J1118	S0023	2026-10-23 18:11	2026-10-23 19:38:00	110	1	67319	67351
J0213	S0005	2026-11-05 22:32	2026-11-05 22:37:00	196	2	84121	84131
J2328	S0047	2026-11-05 19:35	2026-11-05 21:16:00	130	1	53209	07419
J0741	S0015	2026-11-18 23:08	2026-11-18 23:48:00	104	1	63199	68009
J2502	S0051	2026-10-22 19:37	2026-10-22 19:49:00	960	2	46499	46009
J0461	S0010	2026-11-06 20:37	2026-11-06 21:03:00	14A	1	85091	94069
J1270	S0026	2026-11-04 01:00	2026-11-04 01:04:00	115	1	63221	63221
J2604	S0053	2026-11-11 13:49	2026-11-11 13:54:00	273	1	14051	14241
J2888	S0058	2026-11-05 21:15	2026-11-05 21:26:00	656	2	58349	58409
J1203	S0025	2026-10-25 02:06	2026-10-25 03:57:00	14	2	80161	85041
J2539	S0051	2026-11-13 03:40	2026-11-13 04:19:00	901M	1	46009	46779
J2876	S0058	2026-10-18 23:34	2026-10-18 23:40:00	189	1	43701	43701
J1869	S0038	2026-10-12 10:34	2026-10-12 10:50:00	990	1	28211	28059
J0548	S0011	2026-10-09 00:59	2026-10-09 01:11:00	30e	2	81181	84011
J1642	S0033	2026-10-12 04:37	2026-10-12 05:32:00	118	2	96319	75179
J2119	S0043	2026-11-05 07:13	2026-11-05 08:35:00	176	2	10339	17301
J0515	S0011	2026-10-14 08:39	2026-10-14 08:50:00	50	1	54651	66461
J1697	S0034	2026-11-20 07:40	2026-11-20 08:04:00	12	1	91049	01319
J1701	S0035	2026-11-18 17:18	2026-11-18 17:35:00	100A	1	62119	70069
J1335	S0027	2026-11-09 02:40	2026-11-09 02:46:00	90	1	52501	52009
J2476	S0050	2026-11-04 01:52	2026-11-04 02:05:00	851e	1	01139	01029
J0709	S0015	2026-10-15 22:07	2026-10-15 22:18:00	69	1	84201	75341
J2455	S0050	2026-10-30 07:35	2026-10-30 08:44:00	59	2	72041	53229
J1447	S0029	2026-10-09 05:11	2026-10-09 05:13:00	41	1	28211	28009
J1549	S0031	2026-11-23 05:59	2026-11-23 06:29:00	677	2	67299	65049
J0627	S0013	2026-11-12 14:07	2026-11-12 14:18:00	89e	2	65069	67241
J1830	S0037	2026-10-22 16:49	2026-10-22 16:54:00	920	1	44639	45009
J1824	S0037	2026-10-15 04:56	2026-10-15 04:59:00	18	1	84251	84261
J2857	S0058	2026-11-12 10:55	2026-11-12 11:11:00	222A	1	84241	84059
J0417	S0009	2026-11-23 08:10	2026-11-23 08:51:00	384	1	65619	65009
J1378	S0028	2026-11-01 23:13	2026-11-01 23:40:00	196	2	93021	84131
J1154	S0024	2026-10-24 19:48	2026-10-24 19:50:00	249	1	21351	22009
J0485	S0010	2026-10-21 20:46	2026-10-21 21:03:00	43e	2	70261	71021
J1817	S0037	2026-11-07 02:26	2026-11-07 02:36:00	975C	1	33021	33051
J0332	S0007	2026-11-10 13:37	2026-11-10 13:45:00	872A	1	40501	40491
J2470	S0050	2026-10-20 01:47	2026-10-20 03:52:00	135	1	66091	92151
J1295	S0026	2026-11-09 11:11	2026-11-09 11:43:00	130	1	54009	53039
J2216	S0045	2026-11-07 07:17	2026-11-07 07:23:00	58A	1	75361	75351
J2319	S0047	2026-11-08 05:34	2026-11-08 07:30:00	985	1	44539	51091
J1210	S0025	2026-10-15 22:25	2026-10-15 22:29:00	17	1	84009	84009
J1479	S0030	2026-11-27 08:04	2026-11-27 08:50:00	106	2	19041	43621
J2091	S0042	2026-11-03 16:58	2026-11-03 17:02:00	660M	2	66589	66579
J2004	S0041	2026-11-23 20:33	2026-11-23 21:41:00	912A	1	46009	46639
J1577	S0032	2026-11-16 16:57	2026-11-16 17:10:00	159B	1	54351	54481
J1879	S0038	2026-11-05 06:02	2026-11-05 06:24:00	53M	1	62229	63279
J0563	S0012	2026-10-24 04:09	2026-10-24 04:40:00	859	1	58159	58419
J0645	S0013	2026-10-20 12:40	2026-10-20 12:48:00	969	1	55289	75589
J2091	S0042	2026-11-03 17:02	2026-11-03 17:06:00	660M	2	66579	66609
J0365	S0008	2026-11-15 00:22	2026-11-15 01:07:00	10	1	14071	15201
J1229	S0025	2026-11-14 22:48	2026-11-14 23:14:00	668	2	55181	54461
J0145	S0003	2026-11-16 21:49	2026-11-16 23:07:00	857	1	55249	04019
J1211	S0025	2026-10-22 00:32	2026-10-22 00:59:00	29	1	76349	97111
J1125	S0023	2026-10-25 07:01	2026-10-25 07:05:00	859	1	58211	58009
J1403	S0029	2026-11-11 21:35	2026-11-11 21:37:00	913T	1	46071	46071
J2566	S0052	2026-11-03 00:13	2026-11-03 00:51:00	682	1	67569	40179
J2128	S0043	2026-11-17 21:14	2026-11-17 21:29:00	656	1	08057	02049
J1238	S0025	2026-11-18 11:42	2026-11-18 12:19:00	91	1	18069	11189
J1674	S0034	2026-10-25 07:57	2026-10-25 09:39:00	980	2	80009	53051
J2635	S0053	2026-10-28 20:57	2026-10-28 21:10:00	191	1	11361	11389
J0305	S0007	2026-11-23 14:03	2026-11-23 14:09:00	154A	1	21661	28091
J1289	S0026	2026-10-26 15:22	2026-10-26 17:09:00	154	2	82029	41031
J1004	S0021	2026-11-10 11:36	2026-11-10 11:54:00	243W	1	27389	22009
J2402	S0049	2026-11-20 18:49	2026-11-20 19:05:00	965A	1	59279	59073
J1411	S0029	2026-10-18 16:08	2026-10-18 16:20:00	268A	1	54599	54631
J0365	S0008	2026-11-15 00:19	2026-11-15 00:22:00	131	1	14061	14071
J0415	S0009	2026-11-22 08:25	2026-11-22 08:37:00	103	2	68019	67041
J1177	S0024	2026-10-31 12:31	2026-10-31 12:34:00	143M	1	28211	28009
J1207	S0025	2026-11-19 12:17	2026-11-19 12:45:00	673	1	03223	02169
J2155	S0044	2026-11-16 21:38	2026-11-16 21:54:00	176	1	15149	14169
J0969	S0020	2026-10-19 04:26	2026-10-19 04:33:00	299	1	76551	76111
J1236	S0025	2026-11-09 20:34	2026-11-09 22:56:00	117	1	69009	58611
J1129	S0023	2026-10-26 16:53	2026-10-26 17:02:00	93	2	14189	14169
J2429	S0049	2026-11-19 02:36	2026-11-19 02:39:00	90	1	52321	52501
J0935	S0019	2026-11-05 16:19	2026-11-05 16:57:00	861	1	59209	58529
J2447	S0049	2026-11-05 14:38	2026-11-05 14:49:00	196	1	92099	91079
J0198	S0004	2026-10-16 11:10	2026-10-16 14:20:00	74	1	54309	18111
J1894	S0038	2026-10-20 09:20	2026-10-20 09:52:00	163	1	55049	56029
J0414	S0009	2026-10-22 02:45	2026-10-22 04:02:00	83	1	65261	65151
J1846	S0037	2026-11-10 14:09	2026-11-10 14:36:00	660M	1	63399	04179
J2319	S0047	2026-11-08 07:30	2026-11-08 08:50:00	151	2	51091	63079
J0975	S0020	2026-11-06 05:29	2026-11-06 10:20:00	961	2	07379	45091
J0250	S0005	2026-11-11 01:30	2026-11-11 01:51:00	269A	1	54248	54181
J1975	S0040	2026-11-14 10:49	2026-11-14 14:01:00	61	1	14179	71091
J0943	S0019	2026-10-25 18:31	2026-10-25 18:37:00	667	1	03071	03381
J2064	S0042	2026-11-16 01:14	2026-11-16 01:20:00	904	1	46769	46399
J1744	S0035	2026-11-11 11:51	2026-11-11 11:57:00	72B	1	54481	54481
J0473	S0010	2026-10-13 08:01	2026-10-13 08:10:00	648	1	46691	46689
J1143	S0023	2026-11-19 10:12	2026-11-19 10:17:00	965	2	46431	46441
J0372	S0008	2026-10-19 10:11	2026-10-19 10:38:00	188	2	43649	44469
J0465	S0010	2026-10-26 20:41	2026-10-26 22:52:00	33	1	01059	17099
J2270	S0046	2026-11-13 00:50	2026-11-13 02:25:00	80	1	80049	14009
J1941	S0039	2026-11-06 18:46	2026-11-06 19:48:00	122	1	11439	10149
J1908	S0039	2026-10-23 17:40	2026-10-23 18:38:00	19	1	98011	99161
J1257	S0026	2026-11-17 15:40	2026-11-17 15:45:00	179A	1	27261	22009
J2031	S0041	2026-11-19 07:46	2026-11-19 07:52:00	679	2	68021	68021
J2123	S0043	2026-11-04 05:33	2026-11-04 06:25:00	36A	1	93049	02149
J2868	S0058	2026-11-01 23:10	2026-11-02 00:41:00	97	1	17149	03071
J1834	S0037	2026-11-25 12:05	2026-11-25 12:33:00	268	1	54191	55211
J0377	S0008	2026-10-29 10:04	2026-10-29 10:10:00	925A	1	45139	45141
J0084	S0002	2026-11-17 08:08	2026-11-17 08:11:00	2	1	05019	05069
J0787	S0016	2026-11-16 13:50	2026-11-16 15:08:00	139	2	10289	50249
J2255	S0046	2026-10-31 22:03	2026-10-31 22:05:00	102B	1	67631	67631
J0647	S0013	2026-11-11 03:00	2026-11-11 03:50:00	129	2	75221	75579
J1254	S0026	2026-10-14 00:49	2026-10-14 01:30:00	950	1	46211	46531
J2923	S0059	2026-11-06 04:06	2026-11-06 04:51:00	652	1	54379	03218
J0545	S0011	2026-11-11 08:38	2026-11-11 09:41:00	112	1	64519	64231
J2085	S0042	2026-11-14 12:10	2026-11-14 12:37:00	854e	1	64119	63249
J2902	S0059	2026-11-06 20:50	2026-11-06 21:21:00	851e	1	01139	05039
J0986	S0020	2026-10-11 22:46	2026-10-11 23:07:00	925A	1	49101	49179
J2805	S0057	2026-10-25 13:43	2026-10-25 14:07:00	22	2	62051	66039
J0376	S0008	2026-10-09 22:57	2026-10-09 23:27:00	182	1	25439	24509
J0138	S0003	2026-11-16 13:38	2026-11-16 13:52:00	963e	2	15051	18071
J1714	S0035	2026-11-24 02:19	2026-11-24 02:46:00	55	1	83299	92081
J2780	S0056	2026-10-12 15:44	2026-10-12 19:10:00	102	1	64061	67711
J1510	S0031	2026-11-18 11:26	2026-11-18 12:31:00	970	1	11179	06049
J0047	S0001	2026-11-05 16:40	2026-11-05 18:00:00	82	1	62149	65209
J1945	S0039	2026-11-11 11:56	2026-11-11 12:01:00	18A	1	76359	76359
J2034	S0041	2026-11-20 10:04	2026-11-20 10:07:00	502A	1	02161	02171
J0993	S0020	2026-11-09 21:40	2026-11-09 21:49:00	44	2	95019	65269
J2479	S0050	2026-11-17 20:15	2026-11-17 20:22:00	855	2	55261	59021
J0231	S0005	2026-11-18 13:01	2026-11-18 13:08:00	972	1	44619	44829
J1204	S0025	2026-11-02 13:38	2026-11-02 16:21:00	102	1	67409	64409
J2703	S0055	2026-10-26 16:59	2026-10-26 21:53:00	70M	1	62141	55509
J0790	S0016	2026-10-10 18:34	2026-10-10 19:21:00	96	1	16159	17171
J0668	S0014	2026-11-22 10:41	2026-11-22 10:49:00	7	2	82033	83011
J2471	S0050	2026-10-08 01:26	2026-10-08 02:24:00	136	2	63039	54109
J1131	S0023	2026-10-28 21:37	2026-10-29 00:35:00	61	1	12089	04142
J1036	S0021	2026-10-17 06:23	2026-10-17 06:32:00	151	1	17119	16161
J1931	S0039	2026-10-15 11:31	2026-10-15 11:34:00	170X	2	46059	46059
J1207	S0025	2026-11-19 12:45	2026-11-19 12:50:00	676	1	02169	02141
J2106	S0043	2026-10-26 17:58	2026-10-26 19:09:00	871	1	42151	40419
J2339	S0047	2026-10-19 11:34	2026-10-19 11:39:00	51	1	28439	28211
J2259	S0046	2026-10-13 23:50	2026-10-14 01:50:00	165	2	17159	53081
J1782	S0036	2026-10-20 12:12	2026-10-20 12:15:00	903M	1	46319	46309
J1528	S0031	2026-11-09 18:16	2026-11-09 18:51:00	52	2	28311	20109
J1885	S0038	2026-10-10 21:59	2026-10-10 22:01:00	138C	1	56099	56099
J2247	S0045	2026-11-11 02:57	2026-11-11 03:27:00	853M	1	62119	60209
J0178	S0004	2026-10-30 14:19	2026-10-30 14:21:00	800	1	59231	59251
J1795	S0036	2026-10-18 07:42	2026-10-18 09:18:00	852	2	43019	53141
J2494	S0050	2026-11-05 07:37	2026-11-05 07:42:00	456	1	52119	52119
J1925	S0039	2026-10-13 20:59	2026-10-13 21:06:00	84G	1	65721	65109
J0347	S0007	2026-11-11 23:57	2026-11-12 00:03:00	95B	1	16179	18329
J0135	S0003	2026-11-27 22:47	2026-11-27 22:55:00	83T	1	65271	65239
J1024	S0021	2026-10-28 15:49	2026-10-28 15:54:00	168	2	84351	84651
J1050	S0021	2026-10-17 06:06	2026-10-17 06:29:00	27A	1	67261	65061
J0565	S0012	2026-10-15 10:30	2026-10-15 10:39:00	98A	1	21619	21589
J1666	S0034	2026-11-13 23:27	2026-11-14 00:34:00	962	1	46009	58259
J1047	S0021	2026-10-27 10:28	2026-10-27 10:30:00	186	1	52109	52499
J2588	S0052	2026-11-03 06:43	2026-11-03 07:32:00	969	2	59031	47609
J1223	S0025	2026-10-09 16:26	2026-10-09 17:38:00	81	1	63041	78031
J0492	S0010	2026-10-10 17:01	2026-10-10 17:35:00	62	1	70291	63289
J2188	S0044	2026-10-21 22:09	2026-10-21 23:38:00	165	1	41129	17009
J1542	S0031	2026-10-12 10:47	2026-10-12 10:53:00	161	1	46229	46229
J0242	S0005	2026-11-27 15:14	2026-11-27 15:36:00	405	1	31149	31141
J0827	S0017	2026-11-24 07:03	2026-11-24 07:05:00	147	1	17161	17171
J2537	S0051	2026-10-17 02:06	2026-10-17 02:57:00	127	1	75519	75279
J0559	S0012	2026-11-05 04:49	2026-11-05 04:54:00	683	1	65569	65569
J0071	S0002	2026-11-05 21:57	2026-11-05 22:13:00	228	1	84511	84461
J0137	S0003	2026-11-24 17:24	2026-11-24 17:44:00	98B	1	21229	21579
J1534	S0031	2026-11-12 08:29	2026-11-12 08:40:00	17	1	84329	84009
J0124	S0003	2026-11-17 12:56	2026-11-17 13:02:00	16	1	08041	08041
J0110	S0003	2026-11-18 05:44	2026-11-18 06:06:00	182A	1	25451	26259
J0055	S0002	2026-10-25 15:38	2026-10-25 15:59:00	89e	2	65069	65019
J0391	S0008	2026-11-01 14:44	2026-11-01 14:57:00	139	1	10441	10009
J0491	S0010	2026-10-29 12:17	2026-10-29 12:26:00	127	1	74031	75319
J1698	S0034	2026-11-05 00:54	2026-11-05 01:19:00	14	2	84069	84351
J1421	S0029	2026-11-26 00:56	2026-11-26 00:58:00	405	1	31041	31041
J2378	S0048	2026-11-01 02:04	2026-11-01 02:16:00	26	1	60229	60181
J0922	S0019	2026-10-19 16:28	2026-10-19 17:10:00	299	1	75229	76559
J0755	S0016	2026-11-21 06:35	2026-11-21 06:39:00	911A	1	46589	46589
J0419	S0009	2026-11-08 02:48	2026-11-08 03:04:00	17	1	78181	98099
J1131	S0023	2026-10-29 00:35	2026-10-29 01:38:00	80	2	04142	81109
J0400	S0008	2026-10-30 09:29	2026-10-30 10:43:00	12	2	84159	76101
J2069	S0042	2026-10-18 05:39	2026-10-18 05:43:00	282	1	17229	17009
J2629	S0053	2026-11-27 10:00	2026-11-27 10:40:00	800	1	57129	59239
J0643	S0013	2026-10-27 01:21	2026-10-27 01:38:00	856	1	59009	59111
J2604	S0053	2026-11-11 08:52	2026-11-11 11:41:00	49	1	20081	28449
J2374	S0048	2026-11-01 16:52	2026-11-01 16:57:00	168A	1	76549	76191
J2592	S0052	2026-11-13 15:17	2026-11-13 15:27:00	145	2	50199	50169
J0142	S0003	2026-10-22 07:19	2026-10-22 08:47:00	97e	1	28239	02159
J1873	S0038	2026-11-04 19:31	2026-11-04 20:12:00	48	1	94089	92089
J1683	S0034	2026-10-09 22:32	2026-10-09 22:42:00	851	1	10161	10349
J1666	S0034	2026-11-14 00:43	2026-11-14 02:21:00	980	1	58111	56019
J2481	S0050	2026-11-17 13:23	2026-11-17 13:29:00	85A	1	67391	67441
J1851	S0038	2026-10-15 19:41	2026-10-15 19:45:00	39	2	76051	75019
J0065	S0002	2026-11-05 02:14	2026-11-05 04:12:00	240	1	21431	21419
J0590	S0012	2026-11-25 23:11	2026-11-25 23:54:00	969	1	57119	55289
J0679	S0014	2026-11-16 13:18	2026-11-16 13:24:00	148	1	61121	68009
J0552	S0012	2026-11-27 17:58	2026-11-27 18:11:00	20	1	96291	96449
J2398	S0048	2026-11-20 06:19	2026-11-20 07:04:00	23	1	75259	07329
J1698	S0034	2026-11-05 01:19	2026-11-05 01:21:00	137A	1	84351	84339
J2434	S0049	2026-11-21 02:53	2026-11-21 02:57:00	65	2	14129	14129
J2182	S0044	2026-10-30 16:10	2026-10-30 16:16:00	451	1	44689	30101
J1730	S0035	2026-10-23 07:01	2026-10-23 08:04:00	200	1	15119	16079
J1468	S0030	2026-10-21 07:11	2026-10-21 07:18:00	903M	1	46309	46009
J2703	S0055	2026-10-26 23:35	2026-10-27 00:03:00	807	1	59431	59391
J0030	S0001	2026-11-10 05:04	2026-11-10 06:56:00	196	2	10069	93011
J0714	S0015	2026-11-20 15:30	2026-11-20 17:32:00	133	1	62129	03529
J1582	S0032	2026-11-17 08:54	2026-11-17 09:53:00	655	2	17381	20121
J2686	S0054	2026-10-26 08:56	2026-10-26 09:18:00	992	1	40409	41009
J2150	S0043	2026-10-28 06:01	2026-10-28 06:45:00	58B	1	75299	70079
J2534	S0051	2026-10-19 06:47	2026-10-19 07:08:00	941	1	43369	40359
J1958	S0040	2026-10-08 07:53	2026-10-08 08:53:00	112	1	63329	63341
J2685	S0054	2026-11-26 23:01	2026-11-27 00:04:00	172	1	30059	21369
J2927	S0059	2026-10-20 17:44	2026-10-20 18:30:00	157	2	40251	52501
J2107	S0043	2026-10-24 01:18	2026-10-24 01:29:00	969	2	47609	46399
J1918	S0039	2026-11-05 10:03	2026-11-05 11:27:00	965	1	46409	67241
J2641	S0053	2026-11-25 21:12	2026-11-25 22:02:00	285	1	17061	17079
J0706	S0015	2026-10-12 05:15	2026-10-12 05:24:00	858B	1	95159	68119
J2799	S0056	2026-11-01 18:41	2026-11-01 18:56:00	451	1	44099	44689
J2273	S0046	2026-10-28 09:03	2026-10-28 09:38:00	196e	1	92059	03218
J2004	S0041	2026-11-23 18:50	2026-11-23 20:27:00	925	2	49041	46541
J0246	S0005	2026-10-18 04:52	2026-10-18 04:58:00	852	2	59051	59051
J0671	S0014	2026-11-23 21:31	2026-11-23 21:37:00	25	1	84661	94051
J0462	S0010	2026-11-19 23:19	2026-11-19 23:21:00	912A	1	46869	46869
J1600	S0032	2026-10-15 12:01	2026-10-15 12:46:00	25	2	83099	71059
J1020	S0021	2026-10-12 14:02	2026-10-12 14:07:00	45	2	84219	84219
J0867	S0018	2026-10-17 03:27	2026-10-17 03:31:00	188	2	16131	16131
J1390	S0028	2026-11-02 19:41	2026-11-02 20:36:00	103	1	63181	67081
J1431	S0029	2026-11-04 11:48	2026-11-04 12:00:00	92B	1	18241	18271
J0931	S0019	2026-10-12 03:27	2026-10-12 03:47:00	651	2	27399	27469
J0651	S0014	2026-11-19 11:39	2026-11-19 12:39:00	166	2	51071	54241
J0521	S0011	2026-11-02 09:20	2026-11-02 09:51:00	87	2	64389	67209
J1387	S0028	2026-10-22 00:55	2026-10-22 01:17:00	300	1	44521	44509
J1923	S0039	2026-10-14 06:05	2026-10-14 06:11:00	859	1	58251	58009
J2368	S0048	2026-11-14 01:58	2026-11-14 02:22:00	125	1	60211	70019
J2039	S0041	2026-10-21 21:00	2026-10-21 21:48:00	801	1	59629	59821
J0323	S0007	2026-11-27 17:39	2026-11-27 17:42:00	257	1	23371	23371
J0744	S0015	2026-10-17 02:25	2026-10-17 02:33:00	10e	1	93079	93069
J1195	S0024	2026-10-25 13:25	2026-10-25 14:01:00	252	1	22439	23159
J1593	S0032	2026-10-28 19:38	2026-10-28 20:41:00	9	1	76101	99041
J0343	S0007	2026-10-09 12:51	2026-10-09 13:08:00	222B	1	84029	84579
J2249	S0045	2026-10-26 22:08	2026-10-26 23:02:00	68	1	76529	77061
J2746	S0055	2026-11-14 18:03	2026-11-14 18:23:00	854	2	55059	55241
J2212	S0045	2026-11-12 16:55	2026-11-12 17:02:00	984	1	43751	43781
J2315	S0047	2026-11-09 19:22	2026-11-09 19:31:00	182M	1	25231	24509
J1062	S0022	2026-11-15 20:18	2026-11-15 20:25:00	35	1	96249	96219
J2038	S0041	2026-10-18 09:40	2026-10-18 10:53:00	196e	1	93049	03129
J2445	S0049	2026-10-14 04:42	2026-10-14 09:38:00	30	2	22009	83081
J0057	S0002	2026-11-21 12:26	2026-11-21 12:49:00	307T	1	44291	44009
J2218	S0045	2026-11-12 15:21	2026-11-12 15:50:00	70A	1	81101	80259
J2649	S0053	2026-11-20 11:41	2026-11-20 11:46:00	70M	1	55189	55509
J1930	S0039	2026-11-13 22:06	2026-11-13 22:23:00	106	2	08031	09059
J2441	S0049	2026-11-25 05:39	2026-11-25 07:11:00	100	2	14169	80051
J0069	S0002	2026-11-23 06:08	2026-11-23 06:14:00	177	1	43249	43161
J2774	S0056	2026-11-13 08:11	2026-11-13 08:15:00	110	1	67351	67351
J1905	S0039	2026-10-08 10:14	2026-10-08 11:04:00	13	1	92071	94041
J1329	S0027	2026-10-17 15:07	2026-10-17 15:15:00	154B	1	21659	21639
J2647	S0053	2026-10-30 14:56	2026-10-30 16:03:00	73T	1	66331	52059
J0745	S0015	2026-10-21 00:13	2026-10-21 00:15:00	161	2	64351	64361
J1871	S0038	2026-11-26 17:41	2026-11-26 18:23:00	981	2	47129	58161
J2244	S0045	2026-10-23 15:07	2026-10-23 15:15:00	870	2	43539	43321
J2129	S0043	2026-11-04 07:49	2026-11-04 08:02:00	661	1	98019	03071
J2601	S0053	2026-11-17 01:08	2026-11-17 01:27:00	454	1	75041	76551
J2483	S0050	2026-11-23 13:35	2026-11-23 13:47:00	113	1	63301	62059
J1189	S0024	2026-10-11 02:00	2026-10-11 02:53:00	922	1	44339	44669
J2464	S0050	2026-11-05 16:09	2026-11-05 16:12:00	45	1	54359	54251
J0369	S0008	2026-10-10 13:53	2026-10-10 13:58:00	72	2	66479	66479
J1571	S0032	2026-11-13 18:43	2026-11-13 18:46:00	163A	1	67651	67651
J0093	S0002	2026-10-27 05:15	2026-10-27 05:27:00	18M	1	84221	84271
J2289	S0046	2026-11-22 06:05	2026-11-22 07:15:00	155	2	70151	66089
J0849	S0017	2026-11-23 02:11	2026-11-23 02:15:00	88B	1	66471	66471
J2698	S0054	2026-11-08 10:20	2026-11-08 11:05:00	904	1	47599	47591
J0551	S0012	2026-11-09 00:14	2026-11-09 01:12:00	135	1	66091	70161
J0987	S0020	2026-10-24 00:49	2026-10-24 01:42:00	941	1	43389	43361
J0470	S0010	2026-10-18 13:58	2026-10-18 14:18:00	185	1	19029	11379
J2433	S0049	2026-10-19 01:57	2026-10-19 03:43:00	50	2	65009	64129
J2146	S0043	2026-10-15 02:17	2026-10-15 03:59:00	317	1	63361	63149
J0773	S0016	2026-10-26 21:07	2026-10-26 21:48:00	136	2	64049	63181
J2048	S0041	2026-10-29 23:46	2026-10-30 00:45:00	12	2	84079	76231
J0022	S0001	2026-11-25 12:56	2026-11-25 13:12:00	654	2	03111	03391
J1815	S0037	2026-11-07 12:56	2026-11-07 14:11:00	39	2	59009	77239
J0191	S0004	2026-11-23 22:39	2026-11-23 23:56:00	2B	1	98069	85079
J0504	S0011	2026-10-09 02:12	2026-10-09 02:35:00	238	1	52381	52331
J1809	S0037	2026-11-18 13:17	2026-11-18 13:49:00	900	1	46391	58431
J1017	S0021	2026-10-11 07:20	2026-10-11 07:55:00	961M	2	43071	44041
J2474	S0050	2026-11-22 21:56	2026-11-22 22:11:00	301	1	44569	44009
J2276	S0046	2026-10-15 04:45	2026-10-15 04:55:00	975A	1	44461	44521
J2144	S0043	2026-10-16 03:48	2026-10-16 05:05:00	88	1	54509	52031
J0601	S0013	2026-10-27 02:07	2026-10-27 03:21:00	182	1	26419	25449
J1182	S0024	2026-11-04 12:30	2026-11-04 13:37:00	83T	1	65009	67441
J0626	S0013	2026-10-13 14:20	2026-10-13 14:32:00	646	1	75499	75269
J0299	S0006	2026-11-18 21:16	2026-11-18 21:20:00	S43	2	44021	44021
J2074	S0042	2026-11-11 02:11	2026-11-11 02:16:00	198	1	10139	10119
J2598	S0052	2026-11-03 01:54	2026-11-03 01:57:00	91	1	18021	18021
J2584	S0052	2026-11-06 18:58	2026-11-06 19:01:00	461	2	59819	59819
J1309	S0027	2026-10-19 02:12	2026-10-19 03:25:00	991	1	40361	44391
J2776	S0056	2026-11-25 04:58	2026-11-25 05:13:00	452	2	40429	40459
J1025	S0021	2026-11-23 12:28	2026-11-23 12:49:00	59	1	98021	98071
J1764	S0036	2026-10-24 05:34	2026-10-24 05:39:00	807C	1	59571	59631
J0116	S0003	2026-11-12 14:24	2026-11-12 14:29:00	44	2	65639	69009
J1357	S0028	2026-11-21 12:52	2026-11-21 14:08:00	61	1	14129	01311
J1365	S0028	2026-11-24 11:36	2026-11-24 12:06:00	22	2	62149	54311
J0355	S0008	2026-11-10 14:50	2026-11-10 15:11:00	831G	1	40469	40449
J2804	S0057	2026-10-18 20:48	2026-10-18 22:14:00	196	1	10091	17141
J2865	S0058	2026-10-27 14:30	2026-10-27 15:19:00	129	2	76129	74009
J1323	S0027	2026-10-29 04:58	2026-10-29 05:13:00	684	2	03539	03129
J1135	S0023	2026-11-22 17:43	2026-11-22 17:53:00	161	2	64371	64009
J0034	S0001	2026-11-26 13:47	2026-11-26 14:10:00	903M	1	46241	46009
J0152	S0004	2026-11-05 20:24	2026-11-05 20:56:00	231	1	52151	52291
J1660	S0034	2026-11-07 18:54	2026-11-07 19:00:00	167	1	10081	10081
J1184	S0024	2026-10-12 01:55	2026-10-12 01:57:00	22	2	66059	66059
J0770	S0016	2026-11-09 10:55	2026-11-09 11:06:00	647	2	43691	43409
J1905	S0039	2026-10-08 07:23	2026-10-08 10:14:00	13	1	54049	92071
J1775	S0036	2026-11-16 16:38	2026-11-16 16:53:00	70	2	67079	67049
J0304	S0007	2026-10-19 01:43	2026-10-19 02:10:00	81	1	77239	77049
J0036	S0001	2026-11-20 00:01	2026-11-20 01:27:00	159	1	64461	54329
J1478	S0030	2026-10-13 07:24	2026-10-13 07:49:00	157	1	28501	21389
J2242	S0045	2026-10-11 01:29	2026-10-11 01:41:00	131	1	50209	50199
J2412	S0049	2026-11-25 05:34	2026-11-25 05:48:00	258	1	23011	23371
J0910	S0019	2026-10-30 23:23	2026-10-30 23:30:00	983	1	44259	44149
J2882	S0058	2026-11-05 19:04	2026-11-05 19:20:00	680	1	50069	08058
J2894	S0058	2026-10-15 05:44	2026-10-15 06:22:00	646	1	75531	75161
J0170	S0004	2026-11-22 19:12	2026-11-22 19:43:00	963e	1	46009	44731
J1009	S0021	2026-10-26 22:10	2026-10-26 22:23:00	99	2	22419	21421
J0827	S0017	2026-11-24 06:05	2026-11-24 07:03:00	285	1	17239	17161
J1183	S0024	2026-10-16 11:43	2026-10-16 12:04:00	650	2	08031	59471
J0967	S0020	2026-11-20 11:00	2026-11-20 11:05:00	913M	1	46299	46009
J0260	S0006	2026-11-25 01:44	2026-11-25 01:51:00	58	2	75299	75419
J2752	S0056	2026-11-23 16:40	2026-11-23 16:46:00	903M	1	46009	46009
J1385	S0028	2026-11-01 21:47	2026-11-01 22:48:00	807	1	59511	59072
J2359	S0048	2026-11-07 12:06	2026-11-07 12:43:00	112	1	64479	63341
J0092	S0002	2026-11-17 04:10	2026-11-17 04:18:00	163	1	53019	51131
J1650	S0033	2026-10-28 08:05	2026-10-28 08:32:00	129	2	75221	76529
J0864	S0018	2026-10-18 17:05	2026-10-18 17:12:00	904	1	47681	47659
J2655	S0054	2026-11-21 05:23	2026-11-21 06:41:00	80	2	80051	63021
J0462	S0010	2026-11-19 23:49	2026-11-20 00:43:00	912B	1	46008	46501
J0647	S0013	2026-11-11 03:50	2026-11-11 05:26:00	46	2	75579	94051
J1737	S0035	2026-10-27 08:36	2026-10-27 08:59:00	118A	1	75319	75039
J0624	S0013	2026-11-18 16:15	2026-11-18 16:20:00	856B	1	58129	58119
J1255	S0026	2026-11-27 16:20	2026-11-27 16:22:00	12	1	78071	78071
J0527	S0011	2026-11-09 04:01	2026-11-09 04:56:00	381	1	65561	65349
J1956	S0040	2026-11-02 16:32	2026-11-02 16:44:00	60A	1	72011	84501
J1232	S0025	2026-10-10 09:04	2026-10-10 09:32:00	676	2	03129	64011
J0074	S0002	2026-11-12 08:14	2026-11-12 08:21:00	456	1	52129	52119
J2537	S0051	2026-10-17 01:51	2026-10-17 02:06:00	18	2	75271	75519
J1481	S0030	2026-11-17 17:16	2026-11-17 17:24:00	165	1	11281	12021
J2155	S0044	2026-11-16 22:53	2026-11-17 00:00:00	57	2	02111	52039
J1438	S0029	2026-11-19 13:02	2026-11-19 14:39:00	165	1	53069	12041
J1014	S0021	2026-11-10 13:00	2026-11-10 13:05:00	85	2	67531	65521
J2750	S0055	2026-10-10 06:23	2026-10-10 07:38:00	172	2	27101	44071
J0316	S0007	2026-11-22 21:00	2026-11-22 21:19:00	187	2	43839	44131
J0515	S0011	2026-10-14 08:19	2026-10-14 08:39:00	88B	1	54581	54651
J0248	S0005	2026-10-26 11:40	2026-10-26 12:51:00	967	1	46621	46521
J2940	S0059	2026-11-01 12:21	2026-11-01 12:25:00	112A	1	63239	63229
J2864	S0058	2026-10-28 12:49	2026-10-28 13:05:00	269A	1	54451	55201
J2882	S0058	2026-11-05 17:56	2026-11-05 18:47:00	53A	1	77249	78191
J1454	S0030	2026-11-22 17:25	2026-11-22 17:32:00	178A	1	46049	46029
J1721	S0035	2026-11-02 11:42	2026-11-02 11:44:00	852	2	55241	55241
J0312	S0007	2026-11-25 01:38	2026-11-25 01:51:00	807B	1	59569	59089
J1980	S0040	2026-10-17 14:39	2026-10-17 14:52:00	807C	1	59431	59631
J1604	S0033	2026-10-13 13:46	2026-10-13 14:12:00	77	1	09047	02089
J1685	S0034	2026-11-24 08:05	2026-11-24 08:23:00	222	1	84231	84039
J1328	S0027	2026-10-23 03:02	2026-10-23 04:19:00	652	1	55129	03059
J0328	S0007	2026-11-27 23:38	2026-11-27 23:44:00	173A	1	43419	43399
J2944	S0059	2026-10-18 06:46	2026-10-18 06:48:00	16M	2	84009	84009
J2712	S0055	2026-10-08 22:21	2026-10-09 00:49:00	107	1	63341	03129
J0745	S0015	2026-10-21 00:09	2026-10-21 00:13:00	147	2	63371	64351
J0262	S0006	2026-10-25 08:45	2026-10-25 09:37:00	198	2	10009	11181
J0193	S0004	2026-10-08 08:24	2026-10-08 08:29:00	102A	1	67569	67499
J2691	S0054	2026-11-08 00:55	2026-11-08 02:21:00	12e	1	78031	01119
J0742	S0015	2026-11-12 08:43	2026-11-12 08:49:00	58	1	75361	75351
J2767	S0056	2026-11-05 23:06	2026-11-05 23:18:00	974	1	23061	23071
J0674	S0014	2026-10-22 09:31	2026-10-22 12:15:00	156	1	66049	12031
J1235	S0025	2026-10-24 04:32	2026-10-24 05:49:00	972M	1	44861	40089
J2311	S0047	2026-10-29 20:35	2026-10-29 20:51:00	980	2	58011	58319
J1359	S0028	2026-11-15 01:22	2026-11-15 02:01:00	188e	1	43321	16149
J1409	S0029	2026-10-11 14:44	2026-10-11 14:48:00	181	2	27451	27451
J0770	S0016	2026-11-09 10:28	2026-11-09 10:55:00	990	1	28059	43691
J2950	S0059	2026-11-10 02:41	2026-11-10 02:49:00	453	1	40389	43009
J1987	S0040	2026-11-18 15:35	2026-11-18 15:39:00	249A	1	22049	22049
J0476	S0010	2026-10-11 12:27	2026-10-11 13:02:00	5B	1	96169	98311
J0969	S0020	2026-10-19 04:24	2026-10-19 04:26:00	454	1	76551	76551
J0219	S0005	2026-11-17 19:54	2026-11-17 22:01:00	170	2	46029	42039
J1607	S0033	2026-10-19 19:43	2026-10-19 20:01:00	684	1	30121	40369
J1949	S0039	2026-11-10 12:01	2026-11-10 13:23:00	174	2	08111	41041
J0290	S0006	2026-10-15 15:55	2026-10-15 16:41:00	114	2	67091	66579
J1921	S0039	2026-11-25 03:15	2026-11-25 03:24:00	857	1	55049	55241
J1672	S0034	2026-10-09 21:56	2026-10-09 22:10:00	112	1	64471	63389
J0068	S0002	2026-10-31 02:52	2026-10-31 03:27:00	7B	1	13019	08057
J2899	S0058	2026-10-13 19:06	2026-10-13 21:12:00	970	1	45009	42139
J0693	S0014	2026-11-13 10:44	2026-11-13 12:17:00	518	1	75221	77241
J2439	S0049	2026-10-29 14:13	2026-10-29 15:39:00	198	1	28499	11169
J1158	S0024	2026-11-07 20:31	2026-11-07 20:34:00	178A	1	46039	46029
J0272	S0006	2026-11-08 00:04	2026-11-08 00:53:00	671	1	67209	03111
J1818	S0037	2026-10-18 23:11	2026-10-18 23:23:00	831W	1	43751	43781
J1380	S0028	2026-11-04 15:03	2026-11-04 15:39:00	651	2	03218	27469
J2134	S0043	2026-10-19 12:42	2026-10-19 13:30:00	34B	1	76249	75179
J1859	S0038	2026-11-06 10:02	2026-11-06 10:06:00	68B	1	76529	75471
J0325	S0007	2026-11-01 16:51	2026-11-01 17:26:00	35	1	96439	84069
J0510	S0011	2026-10-08 04:03	2026-10-08 04:06:00	34	1	76051	75129
J2250	S0045	2026-11-27 06:20	2026-11-27 06:24:00	9B	1	95061	95061
J1337	S0027	2026-11-18 00:13	2026-11-18 00:15:00	976	1	44219	44209
J1434	S0029	2026-11-03 13:55	2026-11-03 14:34:00	970	2	11321	42051
J1625	S0033	2026-11-08 00:46	2026-11-08 01:02:00	80	1	14071	14141
J1285	S0026	2026-10-09 04:18	2026-10-09 04:51:00	518	1	77041	77269
J1925	S0039	2026-10-13 21:06	2026-10-13 21:08:00	84G	1	65109	65099
J1630	S0033	2026-11-15 05:33	2026-11-15 05:41:00	682	2	67551	67541
J1838	S0037	2026-10-19 14:33	2026-10-19 14:40:00	60T	1	84499	84489
J1209	S0025	2026-11-11 21:51	2026-11-11 23:24:00	883	1	58219	58621
J0866	S0018	2026-11-21 13:49	2026-11-21 14:07:00	651	2	03529	27421
J0255	S0006	2026-11-19 12:34	2026-11-19 12:36:00	186	2	03218	03239
J1922	S0039	2026-10-16 16:58	2026-10-16 17:37:00	172	2	22009	31151
J1330	S0027	2026-10-12 20:10	2026-10-12 20:19:00	157	1	42151	42161
J2754	S0056	2026-10-26 02:10	2026-10-26 02:42:00	854	2	64101	67039
J1525	S0031	2026-11-27 22:14	2026-11-27 23:21:00	33	1	10191	16159
J0233	S0005	2026-10-12 20:51	2026-10-12 22:04:00	334	1	28441	28469
J2513	S0051	2026-11-16 14:53	2026-11-16 17:25:00	853M	2	60021	59051
J2056	S0042	2026-10-18 21:02	2026-10-18 22:51:00	169	2	59061	46009
J2033	S0041	2026-10-11 21:49	2026-10-11 23:07:00	188	1	16059	14139
J0480	S0010	2026-11-18 12:56	2026-11-18 15:18:00	165	1	64551	41139
J1727	S0035	2026-10-27 15:24	2026-10-27 15:29:00	13A	1	53379	53399
J1292	S0026	2026-10-12 13:13	2026-10-12 13:41:00	806	1	59469	59409
J2179	S0044	2026-11-25 14:46	2026-11-25 15:41:00	183	1	16131	28689
J1426	S0029	2026-10-29 22:55	2026-10-30 00:56:00	97	1	43769	14119
J0107	S0003	2026-11-23 02:00	2026-11-23 02:22:00	154B	1	17111	12101
J0033	S0001	2026-11-18 10:29	2026-11-18 10:52:00	12e	1	76109	85099
J1866	S0038	2026-10-15 09:36	2026-10-15 09:39:00	97	2	20271	28221
J2164	S0044	2026-10-12 22:30	2026-10-12 22:54:00	196e	1	92211	92241
J0391	S0008	2026-11-01 14:41	2026-11-01 14:44:00	139	1	10431	10441
J1152	S0024	2026-10-15 10:08	2026-10-15 10:25:00	118A	1	65141	75359
J2466	S0050	2026-11-14 15:16	2026-11-14 15:32:00	200A	1	16041	16081
J0634	S0013	2026-10-17 12:44	2026-10-17 14:04:00	43	1	63369	82089
J1484	S0030	2026-10-14 19:28	2026-10-14 19:30:00	21A	1	07231	07231
J0087	S0002	2026-11-02 23:58	2026-11-03 00:03:00	72B	1	54481	54481
J2080	S0042	2026-11-23 21:13	2026-11-23 22:03:00	858A	1	46401	58109
J0478	S0010	2026-10-16 13:01	2026-10-16 14:27:00	157	2	41079	52009
J0037	S0001	2026-10-25 17:25	2026-10-25 17:55:00	683	2	02049	65561
J2061	S0042	2026-10-30 21:08	2026-10-30 21:57:00	12	2	91041	93081
J2874	S0058	2026-11-14 09:05	2026-11-14 09:28:00	50A	1	67061	66459
J1613	S0033	2026-10-19 18:08	2026-10-19 18:36:00	183	1	28189	17159
J0252	S0006	2026-11-18 04:12	2026-11-18 05:43:00	9	1	95041	98049
J2139	S0043	2026-11-26 18:51	2026-11-26 19:19:00	147	2	10089	05012
J2396	S0048	2026-10-09 07:56	2026-10-09 08:43:00	301	1	44689	44009
J1537	S0031	2026-10-27 09:18	2026-10-27 09:47:00	655	2	17011	20291
J1789	S0036	2026-11-13 02:25	2026-11-13 02:47:00	925M	1	49239	49151
J1759	S0036	2026-10-27 04:51	2026-10-27 05:17:00	963	2	44011	44261
J2514	S0051	2026-11-10 04:27	2026-11-10 04:40:00	384	1	65621	65601
J2571	S0052	2026-11-09 02:06	2026-11-09 03:23:00	32	1	01139	10201
J0970	S0020	2026-10-27 00:23	2026-10-27 01:23:00	872	1	28289	40401
J0220	S0005	2026-11-13 09:50	2026-11-13 09:52:00	84G	1	65629	65639
J0549	S0011	2026-11-10 17:11	2026-11-10 19:11:00	50	1	54651	65351
J2662	S0054	2026-11-23 14:40	2026-11-23 15:14:00	70	1	80259	03129
J0180	S0004	2026-10-13 13:34	2026-10-13 13:47:00	187	2	43709	43489
J2244	S0045	2026-10-23 15:15	2026-10-23 15:31:00	870	2	43321	28319
J1958	S0040	2026-10-08 08:53	2026-10-08 11:26:00	62	1	63341	62011
J2555	S0052	2026-11-07 15:13	2026-11-07 15:28:00	246	1	21439	21409
J0099	S0002	2026-11-05 08:49	2026-11-05 08:57:00	247	1	25479	25429
J2927	S0059	2026-10-20 18:30	2026-10-20 18:33:00	157	2	52501	52009
J1586	S0032	2026-10-26 16:36	2026-10-26 17:04:00	222B	1	84029	84011
J0666	S0014	2026-11-14 07:18	2026-11-14 07:23:00	161	2	64351	64351
J2529	S0051	2026-10-25 06:03	2026-10-25 06:41:00	963	1	46549	44259
J1425	S0029	2026-11-23 22:48	2026-11-23 22:52:00	882A	1	58501	58501
J1276	S0026	2026-11-15 17:48	2026-11-15 17:54:00	112B	1	64319	64309
J2575	S0052	2026-10-27 21:28	2026-10-27 21:31:00	964	1	46009	46009
J0644	S0013	2026-11-09 20:42	2026-11-09 21:08:00	970	1	13062	05012
J1317	S0027	2026-10-09 05:07	2026-10-09 05:12:00	43e	1	92249	92041
J1700	S0034	2026-11-21 03:07	2026-11-21 04:01:00	160	1	45139	44059
J0243	S0005	2026-10-26 19:13	2026-10-26 19:16:00	53A	1	95029	95129
J1196	S0024	2026-10-20 07:22	2026-10-20 07:38:00	58	2	72179	72041
J1312	S0027	2026-11-16 11:57	2026-11-16 12:42:00	12e	1	84111	05039
J1565	S0032	2026-11-08 03:30	2026-11-08 04:16:00	64	1	07111	70019
J1531	S0031	2026-10-19 02:26	2026-10-19 03:24:00	960	1	44251	40029
J0234	S0005	2026-11-24 15:16	2026-11-24 15:27:00	28	1	52279	52009
J1294	S0026	2026-11-09 03:41	2026-11-09 04:21:00	157	1	43419	28511
J0569	S0012	2026-10-26 08:19	2026-10-26 09:24:00	333	1	28059	28009
J0821	S0017	2026-10-11 15:27	2026-10-11 16:16:00	163	2	53061	55071
J0723	S0015	2026-11-21 07:49	2026-11-21 08:11:00	12e	1	05059	10011
J1841	S0037	2026-11-05 20:55	2026-11-05 21:51:00	99	1	28021	28531
J0046	S0001	2026-10-29 14:15	2026-10-29 15:06:00	13	1	52021	60139
J1104	S0023	2026-10-23 07:52	2026-10-23 08:54:00	35M	1	84061	84049
J1006	S0021	2026-11-15 13:44	2026-11-15 14:26:00	121	1	05521	10071
J2788	S0056	2026-10-27 15:29	2026-10-27 16:58:00	185	2	17171	22189
J0985	S0020	2026-10-21 10:18	2026-10-21 11:25:00	153	2	62139	41011
J1088	S0022	2026-10-21 08:50	2026-10-21 09:19:00	972M	1	44619	44799
J2137	S0043	2026-11-13 02:38	2026-11-13 03:12:00	118	2	96309	75249
J2819	S0057	2026-11-15 22:04	2026-11-15 22:33:00	78	1	20161	29051
J2947	S0059	2026-10-26 17:50	2026-10-26 18:51:00	5	2	96051	77009
J0713	S0015	2026-11-10 16:10	2026-11-10 16:32:00	960	1	40049	07589
J0700	S0014	2026-10-17 07:32	2026-10-17 07:36:00	354	1	78271	78271
J1081	S0022	2026-11-24 22:57	2026-11-24 23:40:00	12e	1	77009	76249
J0277	S0006	2026-11-24 07:26	2026-11-24 07:39:00	452	2	42151	40381
J1514	S0031	2026-11-10 00:55	2026-11-10 01:00:00	92B	1	18279	18269
J0145	S0003	2026-11-16 23:29	2026-11-16 23:34:00	660	1	03129	03218
J1559	S0032	2026-10-27 18:58	2026-10-27 19:30:00	969	2	59031	58579
J2316	S0047	2026-10-29 16:16	2026-10-29 16:26:00	70M	1	62149	63361
J0258	S0006	2026-11-02 23:54	2026-11-03 00:18:00	117	1	59061	58549
J0374	S0008	2026-10-09 14:54	2026-10-09 15:28:00	860T	1	56041	57041
J0413	S0009	2026-11-06 06:05	2026-11-06 07:16:00	55	1	71081	94031
J0885	S0018	2026-10-14 07:50	2026-10-14 08:22:00	65	2	70191	71091
J0949	S0019	2026-11-25 09:41	2026-11-25 10:03:00	671	1	03391	02089
J2264	S0046	2026-11-04 12:22	2026-11-04 13:49:00	114	1	67629	55079
J2698	S0054	2026-11-08 11:05	2026-11-08 11:14:00	912	1	47591	46759
J2568	S0052	2026-11-13 18:29	2026-11-13 18:40:00	656	1	03019	03218
J0083	S0002	2026-10-20 07:56	2026-10-20 08:10:00	652	2	54239	54191
J2337	S0047	2026-11-06 18:52	2026-11-06 18:56:00	307T	1	44439	44421
J1557	S0032	2026-10-10 15:24	2026-10-10 15:45:00	962	1	47549	46649
J2209	S0045	2026-11-02 19:47	2026-11-02 20:45:00	372	1	67361	67391
J1132	S0023	2026-11-26 06:20	2026-11-26 07:07:00	177	1	43241	44859
J1392	S0028	2026-11-22 20:57	2026-11-22 21:19:00	178	1	28299	28249
J1406	S0029	2026-11-19 18:54	2026-11-19 19:24:00	16M	1	81189	04121
J0862	S0018	2026-11-15 02:56	2026-11-15 03:20:00	857	1	02151	07011
J2549	S0051	2026-11-04 14:18	2026-11-04 14:37:00	61	2	10399	14121
J1667	S0034	2026-10-21 13:59	2026-10-21 15:47:00	77	1	42201	11209
J0220	S0005	2026-11-13 07:39	2026-11-13 09:09:00	27	1	75279	75351
J2310	S0047	2026-11-03 13:11	2026-11-03 13:21:00	859	1	58419	58129
J2844	S0057	2026-10-27 04:55	2026-10-27 05:06:00	63	1	10171	10191
J2316	S0047	2026-10-29 15:08	2026-10-29 16:16:00	53	1	77021	62149
J2889	S0058	2026-11-24 17:55	2026-11-24 19:56:00	102	1	67619	67099
J1127	S0023	2026-11-21 02:19	2026-11-21 02:38:00	230M	1	52311	52331
J0311	S0007	2026-10-14 14:48	2026-10-14 14:55:00	92B	1	15139	18241
J0215	S0005	2026-11-10 02:40	2026-11-10 02:54:00	55	2	54389	53231
J1895	S0038	2026-10-27 21:14	2026-10-27 21:22:00	912B	1	46069	46088
J2668	S0054	2026-11-15 04:42	2026-11-15 04:45:00	163	1	52501	52009
J2467	S0050	2026-10-28 15:39	2026-10-28 15:57:00	70A	1	80219	02171
J0402	S0009	2026-11-06 23:38	2026-11-07 00:29:00	16	2	04179	92061
J0113	S0003	2026-11-04 06:06	2026-11-04 06:18:00	7	2	84011	84009
J2250	S0045	2026-11-27 06:37	2026-11-27 08:02:00	9	1	95039	96129
J0526	S0011	2026-11-12 06:50	2026-11-12 06:54:00	190	2	44291	44391
J1701	S0035	2026-11-18 17:35	2026-11-18 17:44:00	148	1	70069	61121
J0048	S0001	2026-11-22 13:04	2026-11-22 13:46:00	678	2	03129	65389
J2581	S0052	2026-11-22 02:33	2026-11-22 02:58:00	249A	1	22079	22429
J1699	S0034	2026-11-14 03:10	2026-11-14 03:30:00	857A	1	55269	55051
J2649	S0053	2026-11-20 11:01	2026-11-20 11:41:00	825	1	55339	55189
J1595	S0032	2026-11-23 01:02	2026-11-23 01:08:00	123	1	14029	14019
J0225	S0005	2026-10-13 21:33	2026-10-13 22:25:00	975B	1	31139	33041
J1978	S0040	2026-10-09 22:43	2026-10-09 22:46:00	16	2	84131	84009
J1441	S0029	2026-11-16 03:05	2026-11-16 03:32:00	663	2	59401	59599
J1153	S0024	2026-11-02 00:05	2026-11-02 00:18:00	88	2	77269	77219
J1990	S0040	2026-10-28 15:15	2026-10-28 16:02:00	33A	1	18049	10189
J2006	S0041	2026-11-13 14:34	2026-11-13 17:10:00	155	1	70049	84351
J1311	S0027	2026-11-13 21:12	2026-11-13 21:22:00	272	1	14269	14241
J1624	S0033	2026-10-29 21:32	2026-10-29 22:44:00	83	1	67431	65009
J2576	S0052	2026-11-21 04:34	2026-11-21 04:47:00	963	1	15059	14189
J1868	S0038	2026-10-13 17:19	2026-10-13 17:50:00	194	1	22011	22009
J2537	S0051	2026-10-17 02:57	2026-10-17 02:59:00	18A	1	75279	76549
J0981	S0020	2026-10-30 09:10	2026-10-30 09:24:00	122	1	10269	10149
J0902	S0019	2026-10-10 11:41	2026-10-10 14:23:00	67	2	75009	40081
J1016	S0021	2026-10-20 01:38	2026-10-20 01:50:00	114A	1	67601	66601
J0872	S0018	2026-10-30 20:30	2026-10-30 20:45:00	85A	1	59059	59029
J2113	S0043	2026-10-30 09:17	2026-10-30 10:11:00	143	2	16019	14129
J1293	S0026	2026-10-23 21:39	2026-10-23 21:48:00	151	2	71171	71069
J2218	S0045	2026-11-12 13:27	2026-11-12 13:46:00	145	2	50179	52009
J0685	S0014	2026-11-20 00:32	2026-11-20 00:37:00	84G	1	65109	65109
J0718	S0015	2026-11-10 08:41	2026-11-10 09:20:00	22	1	62029	71141
J2164	S0044	2026-10-13 00:05	2026-10-13 00:24:00	43e	2	67729	67599
J2646	S0053	2026-10-19 21:46	2026-10-19 21:56:00	20	1	96179	96161
J1837	S0037	2026-11-10 03:45	2026-11-10 03:54:00	992	2	41009	40431
J2758	S0056	2026-11-25 06:50	2026-11-25 07:11:00	650	2	59431	59461
J2906	S0059	2026-11-03 04:02	2026-11-03 04:15:00	88	1	53389	52361
J1892	S0038	2026-10-22 07:14	2026-10-22 08:24:00	157	2	43409	42029
J1730	S0035	2026-10-23 06:41	2026-10-23 07:01:00	200A	1	18129	15119
J2053	S0042	2026-11-27 04:30	2026-11-27 05:00:00	853M	2	54311	55201
J2059	S0042	2026-11-16 10:17	2026-11-16 11:40:00	66	1	42179	28289
J0090	S0002	2026-11-15 04:30	2026-11-15 06:41:00	51	1	64009	01139
J1299	S0026	2026-11-19 22:27	2026-11-19 23:43:00	28	1	76259	83099
J0270	S0006	2026-10-15 14:52	2026-10-15 14:59:00	965A	1	46771	47601
J1690	S0034	2026-10-16 03:49	2026-10-16 03:52:00	292	1	75009	75009
J0401	S0009	2026-11-08 08:16	2026-11-08 08:20:00	859B	1	58129	58119
J0413	S0009	2026-11-06 07:16	2026-11-06 07:28:00	137	1	94031	94009
J0061	S0002	2026-10-30 15:58	2026-10-30 16:09:00	656	2	04111	08041
J2053	S0042	2026-11-27 03:28	2026-11-27 04:30:00	22	2	70281	54311
J1748	S0035	2026-10-26 12:25	2026-10-26 13:08:00	241	1	22451	22529
J2073	S0042	2026-11-02 07:48	2026-11-02 08:14:00	25	1	83109	84021
J2783	S0056	2026-11-25 18:28	2026-11-25 18:34:00	676	1	64069	64069
J1025	S0021	2026-11-23 12:49	2026-11-23 16:01:00	9	1	98071	85079
J2369	S0048	2026-11-21 00:53	2026-11-21 01:01:00	911A	1	46569	46579
J0245	S0005	2026-11-05 04:50	2026-11-05 04:54:00	981	2	58129	58119
J2883	S0058	2026-11-09 09:28	2026-11-09 11:39:00	912	1	47591	46349
J0812	S0017	2026-11-25 19:28	2026-11-25 19:42:00	103	1	59709	58991
J0026	S0001	2026-11-16 08:03	2026-11-16 08:11:00	656	2	58409	58129
J2641	S0053	2026-11-25 21:10	2026-11-25 21:12:00	655	2	17041	17061
J1215	S0025	2026-10-09 11:56	2026-10-09 12:39:00	185	2	12201	27461
J0975	S0020	2026-11-06 04:39	2026-11-06 05:29:00	107	1	62109	07379
J0959	S0020	2026-10-12 21:01	2026-10-12 21:59:00	192	2	25421	25209
J1317	S0027	2026-10-09 05:12	2026-10-09 05:26:00	134	1	92041	92239
J2390	S0048	2026-11-18 06:16	2026-11-18 06:49:00	143M	1	20199	20209
J0187	S0004	2026-11-04 06:44	2026-11-04 06:50:00	72B	1	54481	54481
J2605	S0053	2026-10-13 09:24	2026-10-13 10:07:00	97	1	43769	28229
J1076	S0022	2026-10-21 06:31	2026-10-21 08:09:00	80A	1	67759	81219
J2252	S0046	2026-11-15 08:18	2026-11-15 08:26:00	58A	1	72049	72039
J2842	S0057	2026-10-26 12:30	2026-10-26 12:58:00	34B	1	75149	75361
J1251	S0026	2026-10-22 17:46	2026-10-22 18:05:00	172	2	31031	31191
J1557	S0032	2026-10-10 15:45	2026-10-10 15:53:00	912A	1	46649	46008
J1629	S0033	2026-11-22 07:54	2026-11-22 07:59:00	170X	1	46051	46051
J2807	S0057	2026-10-18 02:39	2026-10-18 02:53:00	962	1	47559	47589
J0106	S0003	2026-11-27 16:12	2026-11-27 17:20:00	106	1	09159	03529
J2773	S0056	2026-10-29 07:27	2026-10-29 08:00:00	46	2	84221	94009
J1874	S0038	2026-10-26 11:50	2026-10-26 12:03:00	904	1	46779	46289
J2430	S0049	2026-10-26 21:23	2026-10-26 21:53:00	991	1	43571	45451
J2404	S0049	2026-11-25 00:41	2026-11-25 00:43:00	95	1	16171	16181
J2256	S0046	2026-10-14 06:22	2026-10-14 07:24:00	100	1	01349	14081
J0247	S0005	2026-10-23 23:10	2026-10-23 23:16:00	680	1	66109	66339
J1158	S0024	2026-11-07 20:34	2026-11-07 20:37:00	178A	1	46029	45139
J1906	S0039	2026-11-26 20:49	2026-11-26 21:07:00	14	2	94011	94051
J0039	S0001	2026-10-10 18:13	2026-10-10 19:02:00	974A	1	44531	44449
J2131	S0043	2026-10-30 19:39	2026-10-30 19:56:00	883B	1	58539	58059
J2846	S0057	2026-11-18 22:38	2026-11-18 22:49:00	131A	1	02029	03059
J1850	S0037	2026-10-09 22:59	2026-10-09 23:07:00	181M	1	27389	22599
J1510	S0031	2026-11-18 12:43	2026-11-18 12:46:00	174	1	10041	10499
J1703	S0035	2026-11-25 02:14	2026-11-25 02:25:00	100	2	80031	80051
J1736	S0035	2026-10-10 05:30	2026-10-10 06:53:00	52	2	20109	53369
J2873	S0058	2026-10-19 17:09	2026-10-19 17:40:00	801	1	59829	59771
J2815	S0057	2026-10-26 02:20	2026-10-26 02:25:00	118	2	65009	65009
J1093	S0022	2026-10-19 18:08	2026-10-19 19:02:00	854	2	67019	58991
J1513	S0031	2026-11-20 00:05	2026-11-20 00:27:00	178A	1	46291	46709
J2410	S0049	2026-11-12 13:51	2026-11-12 13:55:00	991	1	44071	45451
J2661	S0054	2026-10-16 19:51	2026-10-16 19:54:00	911	1	46551	46009
J1733	S0035	2026-11-22 09:09	2026-11-22 09:12:00	200A	1	16009	16009
J0122	S0003	2026-11-05 02:52	2026-11-05 02:57:00	902	1	46269	46269
J2321	S0047	2026-10-24 06:10	2026-10-24 06:24:00	135	2	83209	83189
J0074	S0002	2026-11-12 08:04	2026-11-12 08:14:00	129	1	52401	52129
J2579	S0052	2026-10-11 14:44	2026-10-11 15:15:00	171	1	44731	44221
J0333	S0007	2026-10-08 00:30	2026-10-08 00:43:00	96B	1	17091	17171
J1799	S0036	2026-11-18 08:31	2026-11-18 08:33:00	64	1	11599	11599
J2590	S0052	2026-10-29 12:23	2026-10-29 12:33:00	3	1	65289	65009
J1094	S0022	2026-11-26 10:25	2026-11-26 10:46:00	145A	1	10199	14249
J0886	S0018	2026-11-25 16:56	2026-11-25 17:05:00	969	2	47619	46779
J2342	S0047	2026-10-16 04:14	2026-10-16 04:23:00	461	1	59779	59041
J1452	S0030	2026-11-03 05:07	2026-11-03 06:31:00	16M	1	80159	10349
J0402	S0009	2026-11-07 00:29	2026-11-07 01:04:00	196	2	92061	84121
J1905	S0039	2026-10-08 11:04	2026-10-08 12:03:00	14	2	94041	84651
J0294	S0006	2026-11-07 11:58	2026-11-07 12:16:00	53	1	66099	53009
J0039	S0001	2026-10-10 17:46	2026-10-10 17:52:00	974A	1	21361	21371
J2397	S0048	2026-10-08 09:26	2026-10-08 10:30:00	43	1	65141	63219
J2706	S0055	2026-11-07 01:03	2026-11-07 01:18:00	991A	1	43321	43341
J1735	S0035	2026-10-20 11:05	2026-10-20 12:03:00	155	2	82029	70181
J0782	S0016	2026-11-11 16:16	2026-11-11 18:52:00	196	1	80219	17131
J1368	S0028	2026-10-19 02:27	2026-10-19 03:13:00	296	1	75529	75489
J2510	S0051	2026-10-26 18:15	2026-10-26 20:52:00	2	2	05013	96041
J0497	S0010	2026-11-04 02:11	2026-11-04 02:16:00	130	2	53011	53021
J0346	S0007	2026-10-19 15:12	2026-10-19 15:18:00	904	1	46399	46289
J1668	S0034	2026-11-09 11:49	2026-11-09 13:18:00	93	2	52069	11519
J2701	S0055	2026-11-06 04:53	2026-11-06 05:06:00	861A	1	59479	59719
J1848	S0037	2026-11-27 22:28	2026-11-27 22:49:00	129	1	76559	76111
J1293	S0026	2026-10-23 21:48	2026-10-23 21:58:00	51	2	71069	62239
J0759	S0016	2026-10-22 00:13	2026-10-22 00:33:00	246	1	21499	21551
J2516	S0051	2026-11-24 19:29	2026-11-24 20:10:00	904	1	47599	47649
J2692	S0054	2026-11-24 16:47	2026-11-24 17:04:00	871	1	40311	43809
J0892	S0018	2026-10-22 10:59	2026-10-22 11:02:00	661	1	03381	03381
J1655	S0034	2026-10-10 11:23	2026-10-10 12:37:00	665	2	03031	46149
J2619	S0053	2026-10-23 00:23	2026-10-23 00:40:00	S41	2	76281	71129
J1402	S0029	2026-11-21 05:58	2026-11-21 06:01:00	249	1	21341	21341
J1688	S0034	2026-11-21 05:55	2026-11-21 05:59:00	972A	1	09047	09047
J2687	S0054	2026-10-23 13:13	2026-10-23 14:27:00	228	1	84521	84611
J1217	S0025	2026-11-24 18:55	2026-11-24 20:50:00	175	1	16249	09048
J0870	S0018	2026-10-11 06:10	2026-10-11 07:21:00	16	2	13141	92051
J0468	S0010	2026-11-12 07:22	2026-11-12 08:21:00	962	1	58351	47569
J2829	S0057	2026-11-11 00:45	2026-11-11 00:48:00	173A	1	43739	43739
J1301	S0027	2026-11-22 02:07	2026-11-22 02:13:00	922	1	44649	44639
J1497	S0030	2026-10-18 12:44	2026-10-18 13:16:00	18M	1	74951	84271
J2031	S0041	2026-11-19 07:52	2026-11-19 08:47:00	103	1	68021	68151
J2518	S0051	2026-10-23 23:12	2026-10-23 23:18:00	229	1	84121	84121
J2024	S0041	2026-11-27 07:52	2026-11-27 07:57:00	506	2	43621	43611
J1082	S0022	2026-10-18 21:55	2026-10-18 22:45:00	151	1	42051	17099
J2700	S0054	2026-10-28 00:57	2026-10-28 01:28:00	131A	1	50179	50079
J1566	S0032	2026-11-17 12:20	2026-11-17 13:36:00	405	1	22489	27129
J2639	S0053	2026-10-19 10:31	2026-10-19 10:44:00	663	1	08069	03019
J1248	S0025	2026-11-17 00:18	2026-11-17 00:22:00	665	2	46149	46149
J0244	S0005	2026-11-10 14:42	2026-11-10 15:22:00	981	2	47129	58141
J1643	S0033	2026-10-31 07:34	2026-10-31 08:19:00	87	1	71071	84009
J0427	S0009	2026-11-10 16:22	2026-11-10 17:44:00	49	1	21029	28581
J0011	S0001	2026-10-24 21:57	2026-10-24 22:01:00	52	2	53399	53399
J1355	S0028	2026-11-01 10:15	2026-11-01 10:45:00	975A	1	44531	30089
J2364	S0048	2026-10-21 16:00	2026-10-21 16:04:00	382A	1	65571	65571
J1633	S0033	2026-11-10 18:28	2026-11-10 18:34:00	858A	1	46481	46481
J0918	S0019	2026-10-26 09:16	2026-10-26 10:25:00	182	1	26221	25251
J2779	S0056	2026-10-26 20:44	2026-10-26 20:47:00	963	2	46499	46521
J0750	S0015	2026-11-14 23:56	2026-11-15 00:38:00	33	2	11511	06049
J2182	S0044	2026-10-30 16:04	2026-10-30 16:10:00	975B	1	44511	44689
J2049	S0041	2026-11-01 10:13	2026-11-01 10:28:00	911T	1	46569	46509
J0307	S0007	2026-10-20 00:37	2026-10-20 02:15:00	189	1	43599	43311
J2373	S0048	2026-10-16 23:28	2026-10-17 03:41:00	51	2	16089	71089
J1310	S0027	2026-10-23 18:17	2026-10-23 18:40:00	228	1	84489	84611
J2521	S0051	2026-11-12 18:08	2026-11-12 19:39:00	131	2	14129	50081
J0232	S0005	2026-11-06 03:03	2026-11-06 03:16:00	8	2	71091	72061
J0626	S0013	2026-10-13 14:32	2026-10-13 14:43:00	296	1	75269	75009
J0089	S0002	2026-10-09 11:49	2026-10-09 11:56:00	88B	1	54651	66461
J1171	S0024	2026-10-27 11:23	2026-10-27 11:37:00	173	2	43239	43741
J2915	S0059	2026-10-26 08:32	2026-10-26 09:34:00	77	1	11289	08057
J2424	S0049	2026-10-18 23:55	2026-10-19 00:35:00	969	1	46009	59119
J2588	S0052	2026-11-03 04:16	2026-11-03 04:29:00	960	1	01119	02049
J2119	S0043	2026-11-05 08:35	2026-11-05 10:33:00	176	2	17301	43231
J1382	S0028	2026-11-27 11:35	2026-11-27 11:55:00	127	1	74031	76511
J1073	S0022	2026-11-04 00:48	2026-11-04 03:56:00	70	1	55509	03218
J0303	S0007	2026-11-27 07:21	2026-11-27 07:36:00	21	2	76241	78199
J0477	S0010	2026-11-09 14:40	2026-11-09 15:00:00	89e	2	67211	64381
J2464	S0050	2026-11-05 13:55	2026-11-05 16:03:00	72	2	74029	54479
J1613	S0033	2026-10-19 18:03	2026-10-19 18:06:00	183B	1	28701	28701
J2179	S0044	2026-11-25 15:41	2026-11-25 16:06:00	41	1	28689	28211
J2905	S0059	2026-11-01 13:53	2026-11-01 13:57:00	805	1	59281	59281
J0780	S0016	2026-11-23 02:14	2026-11-23 03:21:00	76	1	62049	82009
J0676	S0014	2026-11-18 20:30	2026-11-18 20:35:00	137A	1	84451	84451
J0861	S0018	2026-10-31 04:59	2026-10-31 05:12:00	232	1	52209	52189
J1417	S0029	2026-11-13 03:02	2026-11-13 03:43:00	200A	1	15079	16061
J0390	S0008	2026-11-06 21:06	2026-11-06 21:42:00	30e	2	14129	84011
J2757	S0056	2026-11-25 05:03	2026-11-25 05:43:00	31	1	80111	60181
J2847	S0057	2026-11-12 14:51	2026-11-12 15:04:00	72A	1	66471	64471
J1718	S0035	2026-11-22 03:42	2026-11-22 04:04:00	34B	1	76099	75149
J0970	S0020	2026-10-27 01:23	2026-10-27 03:50:00	871	1	40401	43609
J2425	S0049	2026-11-13 18:54	2026-11-13 18:58:00	80A	1	81209	81089
J0816	S0017	2026-11-10 16:52	2026-11-10 17:29:00	961M	1	11029	10079
J1553	S0032	2026-11-16 22:48	2026-11-16 23:38:00	92	1	12131	12139
J2932	S0059	2026-10-09 04:17	2026-10-09 05:01:00	358	1	77009	78101
J2519	S0051	2026-10-28 22:21	2026-10-28 22:33:00	861	1	58049	58159
J1025	S0021	2026-11-23 11:38	2026-11-23 12:28:00	359	1	77199	98021
J0524	S0011	2026-11-15 09:10	2026-11-15 10:08:00	106	1	28109	11189
J0007	S0001	2026-10-16 20:47	2026-10-16 21:42:00	156	2	51031	66051
J0310	S0007	2026-10-10 09:52	2026-10-10 10:00:00	129	1	75229	75249
J0399	S0008	2026-10-26 12:19	2026-10-26 14:16:00	33	1	04159	19069
J0512	S0011	2026-11-12 14:32	2026-11-12 16:58:00	178	1	45039	28309
J2169	S0044	2026-10-09 04:21	2026-10-09 04:23:00	190	1	10011	10041
J0095	S0002	2026-10-27 09:31	2026-10-27 09:43:00	502A	1	02161	03509
J1308	S0027	2026-11-04 19:05	2026-11-04 19:12:00	649	2	44501	44551
J0444	S0009	2026-11-09 22:34	2026-11-09 23:14:00	912	1	46649	46361
J1978	S0040	2026-10-09 20:29	2026-10-09 22:43:00	31	2	52009	84131
J0922	S0019	2026-10-19 16:18	2026-10-19 16:28:00	299	1	76111	75229
J1858	S0038	2026-10-21 18:58	2026-10-21 19:07:00	SWA	1	67291	67009
J0194	S0004	2026-11-22 11:00	2026-11-22 12:14:00	71	1	55171	53231
J1760	S0036	2026-11-27 06:51	2026-11-27 06:54:00	456	1	52049	52119
J1553	S0032	2026-11-16 23:38	2026-11-16 23:46:00	92	1	12139	11009
J0799	S0016	2026-10-28 23:07	2026-10-29 01:28:00	167	2	51011	58339
J1573	S0032	2026-10-21 08:46	2026-10-21 10:45:00	197	2	10099	82079
J2191	S0044	2026-11-24 19:34	2026-11-24 20:21:00	24	1	84039	81119
J2475	S0050	2026-10-08 00:29	2026-10-08 00:52:00	102B	1	67631	67391
J1346	S0027	2026-10-31 22:15	2026-10-31 22:21:00	60A	1	83101	83101
J0375	S0008	2026-11-25 16:33	2026-11-25 16:38:00	853M	2	55261	59021
J0661	S0014	2026-11-23 09:58	2026-11-23 10:01:00	182M	1	26311	26321
J2439	S0049	2026-10-29 13:11	2026-10-29 14:13:00	98M	1	21559	28499
J1924	S0039	2026-11-07 02:00	2026-11-07 02:22:00	403	1	77101	77099
J0560	S0012	2026-11-12 10:34	2026-11-12 11:50:00	177	1	43719	43009
J1276	S0026	2026-11-15 18:20	2026-11-15 18:36:00	113	1	63031	63359
J2483	S0050	2026-11-23 13:47	2026-11-23 15:12:00	53	1	62059	77059
J0386	S0008	2026-10-13 07:30	2026-10-13 08:23:00	966A	1	46529	52071
J2373	S0048	2026-10-16 22:21	2026-10-16 22:42:00	51A	1	28301	20181
J0976	S0020	2026-10-12 18:47	2026-10-12 20:34:00	123	2	10169	11059
J0090	S0002	2026-11-15 00:57	2026-11-15 03:44:00	100	2	18019	62121
J1341	S0027	2026-11-03 06:24	2026-11-03 06:29:00	190	2	44281	44281
J1492	S0030	2026-10-24 17:34	2026-10-24 18:56:00	81	1	77231	63051
J1501	S0031	2026-11-08 08:19	2026-11-08 08:41:00	872	1	28291	40509
J2271	S0046	2026-11-21 13:07	2026-11-21 13:33:00	117	2	58051	59529
J1419	S0029	2026-11-18 10:32	2026-11-18 10:37:00	911T	1	46551	46009
J0333	S0007	2026-10-08 01:27	2026-10-08 01:33:00	105	1	28649	28319
J2655	S0054	2026-11-21 04:58	2026-11-21 05:23:00	26	2	60179	80051
J0677	S0014	2026-10-25 18:21	2026-10-25 18:54:00	382G	1	65531	65009
J1399	S0028	2026-11-20 13:31	2026-11-20 13:42:00	97e	2	14141	15041
J0037	S0001	2026-10-25 17:55	2026-10-25 18:22:00	678	2	65561	65261
J2723	S0055	2026-11-18 03:55	2026-11-18 04:06:00	382A	1	65331	65541
J2488	S0050	2026-10-21 00:33	2026-10-21 01:53:00	262	1	54329	54091
J0029	S0001	2026-10-16 00:00	2026-10-16 00:39:00	134	1	92161	81209
J0125	S0003	2026-11-12 11:56	2026-11-12 15:16:00	24	1	96051	66059
J0085	S0002	2026-10-23 09:46	2026-10-23 09:52:00	970	1	03059	03218
J1007	S0021	2026-11-17 10:46	2026-11-17 12:20:00	112	1	64239	63059
J1350	S0027	2026-11-12 05:22	2026-11-12 06:02:00	107M	1	62129	60209
J2348	S0047	2026-10-09 16:43	2026-10-09 17:22:00	181	2	27601	22449
J0783	S0016	2026-11-07 02:06	2026-11-07 02:22:00	44	2	95159	65259
J0936	S0019	2026-11-02 09:45	2026-11-02 10:01:00	913	1	46769	46291
J0717	S0015	2026-10-10 08:21	2026-10-10 08:25:00	S43	1	44029	43069
J0266	S0006	2026-11-05 14:27	2026-11-05 15:15:00	118	1	75039	96301
J2157	S0044	2026-10-18 14:29	2026-10-18 15:03:00	70B	1	67061	63209
J0697	S0014	2026-10-24 05:46	2026-10-24 05:48:00	84G	1	65721	65701
J2789	S0056	2026-11-14 16:56	2026-11-14 18:37:00	153	1	40231	63061
J2167	S0044	2026-11-03 07:21	2026-11-03 08:28:00	49	1	28611	20271
J0753	S0016	2026-11-09 02:54	2026-11-09 03:13:00	31	1	60181	52009
J2068	S0042	2026-11-05 01:59	2026-11-05 02:06:00	112	1	64231	64311
J1443	S0029	2026-10-24 23:03	2026-10-25 00:12:00	970	2	13059	11331
J0509	S0011	2026-10-20 09:35	2026-10-20 09:45:00	678	1	03501	02169
J0055	S0002	2026-10-25 15:59	2026-10-25 17:39:00	119	1	65019	67419
J1006	S0021	2026-11-15 12:44	2026-11-15 13:20:00	196A	1	91091	03019
J0255	S0006	2026-11-19 12:06	2026-11-19 12:30:00	660	1	08069	03129
J1176	S0024	2026-10-09 15:16	2026-10-09 17:33:00	12e	1	77009	05039
J0419	S0009	2026-11-08 03:15	2026-11-08 05:10:00	53	1	95011	63301
J2778	S0056	2026-11-10 15:00	2026-11-10 15:41:00	150	1	92219	82221
J1669	S0034	2026-10-29 18:07	2026-10-29 18:15:00	285	1	17069	17251
J1790	S0036	2026-10-24 21:30	2026-10-24 21:47:00	123M	1	14381	14009
J1048	S0021	2026-11-17 06:32	2026-11-17 06:36:00	35M	1	84049	84039
J0180	S0004	2026-10-13 13:47	2026-10-13 13:51:00	187	2	43489	43499
J0369	S0008	2026-10-10 13:58	2026-10-10 14:12:00	72	2	66479	54499
J1137	S0023	2026-11-04 00:47	2026-11-04 02:46:00	856	2	46519	58019
J0481	S0010	2026-11-13 11:44	2026-11-13 12:21:00	198A	1	21421	28459
J1332	S0027	2026-10-21 13:16	2026-10-21 13:43:00	852	2	54041	55251
J0550	S0011	2026-10-19 17:55	2026-10-19 19:19:00	136	2	67151	66119
J2672	S0054	2026-10-23 14:27	2026-10-23 14:31:00	969	1	58581	58571
J1325	S0027	2026-11-20 23:17	2026-11-21 00:15:00	132	2	54241	64011
J2877	S0058	2026-10-27 03:23	2026-10-27 04:24:00	31	1	81189	52501
J0850	S0017	2026-11-07 09:48	2026-11-07 09:52:00	650	1	04179	04179
J0122	S0003	2026-11-05 02:57	2026-11-05 03:02:00	169B	1	46269	46451
J0295	S0006	2026-11-22 12:07	2026-11-22 12:11:00	854e	1	59049	59049
J0335	S0007	2026-10-31 08:59	2026-10-31 11:18:00	139	1	52009	10271
J1642	S0033	2026-10-12 04:25	2026-10-12 04:37:00	118	2	97009	96319
J1197	S0024	2026-10-15 03:40	2026-10-15 04:15:00	400	1	03331	03419
J2511	S0051	2026-11-25 16:54	2026-11-25 17:29:00	196A	1	92241	80219
J0984	S0020	2026-10-12 02:48	2026-10-12 03:58:00	99	2	27349	28089
J1994	S0040	2026-10-12 05:47	2026-10-12 06:33:00	6	1	98141	98139
J0740	S0015	2026-11-06 09:04	2026-11-06 09:30:00	129	1	76121	75259
J2420	S0049	2026-10-22 22:27	2026-10-22 22:44:00	372	1	67351	67109
J0375	S0008	2026-11-25 14:25	2026-11-25 16:33:00	855	2	11071	55261
J0673	S0014	2026-10-08 23:19	2026-10-08 23:27:00	61	1	70111	70039
J1036	S0021	2026-10-17 05:05	2026-10-17 06:23:00	154	2	41031	17119
J0845	S0017	2026-11-22 07:29	2026-11-22 07:33:00	980	1	01511	01511
J0497	S0010	2026-11-04 00:47	2026-11-04 02:11:00	165	2	12029	53011
J1844	S0037	2026-11-25 16:22	2026-11-25 16:42:00	856B	1	47031	47091
J0577	S0012	2026-11-20 02:57	2026-11-20 03:21:00	459	1	65221	70281
J0459	S0010	2026-10-18 01:58	2026-10-18 02:03:00	405	1	31019	27129
J2595	S0052	2026-11-19 10:15	2026-11-19 12:29:00	9	1	95051	85079
J2399	S0048	2026-11-20 03:02	2026-11-20 03:04:00	95	1	18311	18321
J1762	S0036	2026-11-24 11:33	2026-11-24 12:48:00	143	2	05013	52071
J0308	S0007	2026-11-02 03:07	2026-11-02 03:30:00	291	1	75009	76411
J1382	S0028	2026-11-27 11:06	2026-11-27 11:35:00	127	1	75461	74031
J0250	S0005	2026-11-11 01:51	2026-11-11 02:50:00	269	1	54181	54221
J0578	S0012	2026-10-23 21:12	2026-10-23 21:22:00	243W	1	22241	22361
J1237	S0025	2026-11-23 04:43	2026-11-23 05:43:00	109	1	63211	67419
J0699	S0014	2026-11-09 22:54	2026-11-09 23:23:00	853	2	66059	54331
J2664	S0054	2026-10-28 20:38	2026-10-28 21:39:00	857	1	60159	02161
J1040	S0021	2026-10-21 00:44	2026-10-21 02:10:00	118	1	65409	96401
J1937	S0039	2026-10-13 21:40	2026-10-13 21:50:00	145A	1	10349	14249
J2154	S0044	2026-10-27 04:07	2026-10-27 04:12:00	21A	1	07231	07231
J1524	S0031	2026-10-30 05:23	2026-10-30 05:39:00	5B	1	96061	98281
J0281	S0006	2026-11-20 11:05	2026-11-20 11:26:00	913M	1	46531	46519
J0896	S0018	2026-11-03 01:56	2026-11-03 02:00:00	459	2	65229	65229
J1852	S0038	2026-11-21 00:33	2026-11-21 01:38:00	167	1	56069	51039
J0618	S0013	2026-10-25 14:37	2026-10-25 15:03:00	53	1	95129	78189
J0672	S0014	2026-11-11 09:10	2026-11-11 11:19:00	970	2	11161	43111
J2875	S0058	2026-11-22 17:31	2026-11-22 18:18:00	262	1	54329	56261
J1763	S0036	2026-10-08 08:42	2026-10-08 10:04:00	268	1	54521	55131
J2431	S0049	2026-10-18 05:58	2026-10-18 06:02:00	SWA	1	67009	67009
J1824	S0037	2026-10-15 03:19	2026-10-15 04:56:00	18	1	76549	84251
J2099	S0042	2026-11-16 22:17	2026-11-16 22:34:00	84W	1	65631	65461
J0541	S0011	2026-11-22 22:18	2026-11-23 00:39:00	975	1	44689	34039
J0320	S0007	2026-11-23 17:35	2026-11-23 17:38:00	63M	1	71161	71229
J0128	S0003	2026-11-01 00:24	2026-11-01 00:30:00	17	1	84309	84309
J2127	S0043	2026-11-05 23:40	2026-11-06 00:05:00	174	2	42151	43191
J1740	S0035	2026-10-26 10:56	2026-10-26 11:30:00	87	1	71071	84539
J0306	S0007	2026-11-24 03:25	2026-11-24 03:36:00	654	2	67159	67239
J1845	S0037	2026-11-27 22:47	2026-11-27 23:07:00	243W	1	27379	22009
J2541	S0051	2026-10-18 17:42	2026-10-18 18:29:00	176	2	43329	43071
J1922	S0039	2026-10-16 16:52	2026-10-16 16:58:00	174e	2	21369	22009
J2074	S0042	2026-11-11 02:16	2026-11-11 03:40:00	14	2	10119	80149
J1037	S0021	2026-10-14 02:04	2026-10-14 02:34:00	911	1	46429	46589
J2937	S0059	2026-10-17 23:30	2026-10-18 00:17:00	178	1	20061	21681
J0916	S0019	2026-11-08 01:52	2026-11-08 01:59:00	653	2	42311	43621
J2505	S0051	2026-11-10 05:20	2026-11-10 05:56:00	649	1	44499	43789
J2506	S0051	2026-11-27 01:30	2026-11-27 02:10:00	41	1	42159	28109
J2366	S0048	2026-10-14 09:30	2026-10-14 10:36:00	648	2	03222	46411
J0708	S0015	2026-11-15 16:23	2026-11-15 16:28:00	831G	1	40459	41009
J0960	S0020	2026-10-25 00:12	2026-10-25 00:17:00	178	2	45131	46499
J2559	S0052	2026-10-22 03:45	2026-10-22 04:35:00	248	1	25791	25449
J1523	S0031	2026-10-08 20:00	2026-10-08 20:08:00	801	1	59621	59181
J2532	S0051	2026-10-31 11:26	2026-10-31 12:07:00	299	1	76281	76119
J0419	S0009	2026-11-08 03:04	2026-11-08 03:15:00	53A	1	98099	95011
J0482	S0010	2026-11-25 14:33	2026-11-25 14:35:00	803	1	59161	59161
J0456	S0010	2026-10-24 15:34	2026-10-24 15:39:00	974A	1	44531	44531
J0407	S0009	2026-10-17 11:10	2026-10-17 11:15:00	196e	1	03019	03059
J0581	S0012	2026-10-28 07:52	2026-10-28 08:13:00	991	2	30121	40379
J0438	S0009	2026-11-10 11:21	2026-11-10 12:03:00	386	1	65371	65389
J1645	S0033	2026-11-08 18:12	2026-11-08 19:02:00	36A	1	82059	08121
J2131	S0043	2026-10-30 18:58	2026-10-30 19:39:00	883	1	59072	58539
J2183	S0044	2026-11-27 10:20	2026-11-27 10:27:00	115	1	63079	63241
J2644	S0053	2026-10-20 19:22	2026-10-20 19:35:00	502A	1	22599	21421
J2058	S0042	2026-10-15 15:42	2026-10-15 16:46:00	927	1	45031	48019
J2464	S0050	2026-11-05 16:03	2026-11-05 16:09:00	72	2	54479	54359
J0438	S0009	2026-11-10 11:06	2026-11-10 11:21:00	386A	1	65381	65371
J0208	S0005	2026-11-01 13:57	2026-11-01 15:17:00	15A	1	77139	72051
J0117	S0003	2026-10-08 15:55	2026-10-08 15:57:00	12	1	05019	05069
J0901	S0019	2026-10-09 05:30	2026-10-09 06:43:00	912A	1	46009	46639
J2828	S0057	2026-11-15 16:19	2026-11-15 16:36:00	78A	1	29039	29121
J2665	S0054	2026-10-16 02:54	2026-10-16 02:58:00	382A	1	65531	65531
J0147	S0003	2026-11-26 01:25	2026-11-26 01:34:00	993	1	28449	28009
J2756	S0056	2026-10-26 21:43	2026-10-26 22:06:00	913M	1	45599	46189
J2257	S0046	2026-11-12 01:05	2026-11-12 01:10:00	101	1	63059	63049
J1966	S0040	2026-11-04 04:14	2026-11-04 04:29:00	107M	2	63349	64521
J1193	S0024	2026-10-17 13:47	2026-10-17 13:58:00	51A	1	28229	20181
J2230	S0045	2026-10-22 15:30	2026-10-22 15:37:00	975A	1	44689	44079
J0136	S0003	2026-11-07 13:33	2026-11-07 14:15:00	317	1	66261	62149
J2629	S0053	2026-11-27 10:40	2026-11-27 10:46:00	670	2	59239	59249
J0079	S0002	2026-11-05 23:08	2026-11-05 23:15:00	43e	2	67449	67419
J1385	S0028	2026-11-01 22:48	2026-11-01 22:54:00	801	1	59072	59009
J1787	S0036	2026-10-23 21:07	2026-10-23 21:34:00	307	1	44411	44009
J2948	S0059	2026-10-21 14:18	2026-10-21 16:07:00	21	2	82032	98011
J0697	S0014	2026-10-24 05:28	2026-10-24 05:46:00	84G	1	65689	65721
J0094	S0002	2026-11-13 12:05	2026-11-13 12:13:00	7	1	08111	09059
J2075	S0042	2026-11-04 23:29	2026-11-04 23:48:00	98M	1	28381	28469
J1451	S0030	2026-10-21 21:45	2026-10-21 22:28:00	265	1	54189	54429
J0642	S0013	2026-11-25 05:09	2026-11-25 05:25:00	182M	1	26211	26461
J1378	S0028	2026-11-01 22:20	2026-11-01 23:13:00	36B	1	08069	93021
J1386	S0028	2026-10-12 01:16	2026-10-12 02:53:00	975C	1	44271	32121
J0269	S0006	2026-10-08 20:51	2026-10-08 20:54:00	105	2	52071	52181
J2459	S0050	2026-11-08 22:52	2026-11-08 23:51:00	6	1	98131	98101
J2875	S0058	2026-11-22 17:28	2026-11-22 17:31:00	159	1	54329	54329
J2390	S0048	2026-11-18 04:11	2026-11-18 06:16:00	143	1	14141	20199
J0684	S0014	2026-10-10 12:23	2026-10-10 13:29:00	105	2	09179	66011
J2389	S0048	2026-11-21 23:54	2026-11-22 00:39:00	88	1	54269	52361
J1886	S0038	2026-11-08 07:29	2026-11-08 08:00:00	103	1	59779	58991
J2435	S0049	2026-10-29 15:02	2026-10-29 15:58:00	88	2	64341	77279
J0065	S0002	2026-11-05 04:12	2026-11-05 05:31:00	258M	1	21419	23021
J0387	S0008	2026-10-11 19:47	2026-10-11 20:14:00	180	1	28371	22009
J2945	S0059	2026-11-27 12:02	2026-11-27 12:06:00	69	1	84651	84009
J1053	S0022	2026-10-20 00:48	2026-10-20 00:52:00	3	1	65279	65289
J1531	S0031	2026-10-19 03:37	2026-10-19 03:59:00	56	1	07539	02089
J1816	S0037	2026-10-30 20:11	2026-10-30 20:15:00	116	1	64559	64559
J0607	S0013	2026-11-07 00:12	2026-11-07 00:24:00	43	2	67599	65401
J1940	S0039	2026-11-04 21:23	2026-11-04 22:07:00	86A	1	68039	55049
J2568	S0052	2026-11-13 18:27	2026-11-13 18:29:00	660M	1	03019	03019
J1665	S0034	2026-10-10 09:01	2026-10-10 09:04:00	257	1	23361	23371
J1424	S0029	2026-11-21 13:15	2026-11-21 13:27:00	173	1	43389	43749
J1049	S0021	2026-11-17 23:32	2026-11-18 00:23:00	960	1	44069	40079
J1904	S0039	2026-11-16 23:55	2026-11-17 00:43:00	125	1	50221	70019
J1920	S0039	2026-10-27 20:56	2026-10-27 21:22:00	181A	1	27371	27469
J1206	S0025	2026-10-09 06:40	2026-10-09 06:47:00	654	2	67421	67691
J0750	S0015	2026-11-14 22:19	2026-11-14 23:56:00	100	1	01529	11511
J0188	S0004	2026-10-30 20:10	2026-10-30 20:25:00	903M	1	46301	46141
J0457	S0010	2026-10-13 07:33	2026-10-13 07:36:00	107	1	01529	01529
J2483	S0050	2026-11-23 13:23	2026-11-23 13:35:00	45	1	63109	63301
J0290	S0006	2026-10-15 16:41	2026-10-15 16:58:00	114	2	66579	63009
J2278	S0046	2026-10-20 19:28	2026-10-20 19:43:00	231	1	52449	52159
J1785	S0036	2026-11-05 15:09	2026-11-05 15:24:00	984A	1	44291	44099
J0249	S0005	2026-11-27 06:23	2026-11-27 06:35:00	186	2	10299	10279
J1404	S0029	2026-11-20 12:21	2026-11-20 12:35:00	976	2	44831	44869
J0877	S0018	2026-10-08 20:16	2026-10-08 21:40:00	856B	1	46088	58119
J0199	S0004	2026-10-30 00:08	2026-10-30 01:36:00	138	1	48021	54059
J2055	S0042	2026-10-19 08:17	2026-10-19 08:23:00	47	1	96311	96381
J1364	S0028	2026-10-25 19:11	2026-10-25 19:20:00	461	2	59771	59599
J0697	S0014	2026-10-24 03:01	2026-10-24 05:28:00	104	2	62161	65689
J2733	S0055	2026-10-09 04:51	2026-10-09 04:55:00	89A	1	95041	95041
J2887	S0058	2026-10-23 23:46	2026-10-23 23:54:00	945	1	43549	43009
J1625	S0033	2026-11-08 04:07	2026-11-08 04:23:00	240A	1	21581	21621
J0053	S0002	2026-10-22 07:25	2026-10-22 08:45:00	51	1	16201	20271
J1737	S0035	2026-10-27 08:22	2026-10-27 08:36:00	118	1	75359	75319
J1904	S0039	2026-11-16 22:51	2026-11-16 23:55:00	130	1	53209	50221
J2126	S0043	2026-10-21 01:55	2026-10-21 02:00:00	859B	1	58211	58211
J1125	S0023	2026-10-25 06:10	2026-10-25 06:31:00	883B	1	59251	58621
J1151	S0024	2026-10-28 07:57	2026-10-28 08:09:00	168	2	84529	84009
J1897	S0038	2026-11-02 07:25	2026-11-02 07:37:00	831G	1	40419	40459
J2406	S0049	2026-11-25 13:12	2026-11-25 13:15:00	50	2	53241	53231
J1399	S0028	2026-11-20 12:52	2026-11-20 13:04:00	80	1	05199	05419
J2034	S0041	2026-11-20 09:45	2026-11-20 10:04:00	502A	1	04179	02161
J1384	S0028	2026-11-21 05:55	2026-11-21 06:48:00	143M	1	20199	28241
J2009	S0041	2026-11-27 02:02	2026-11-27 02:24:00	871A	1	40389	43601
J2180	S0044	2026-11-26 06:16	2026-11-26 07:20:00	103	2	68089	63219
J0192	S0004	2026-11-05 03:32	2026-11-05 05:00:00	253	1	23519	24009
J0784	S0016	2026-11-03 00:12	2026-11-03 00:17:00	102	1	67181	67181
J2890	S0058	2026-11-06 03:31	2026-11-06 04:37:00	85A	1	59069	67391
J1783	S0036	2026-10-14 19:06	2026-10-14 19:09:00	976	2	44469	44009
J0845	S0017	2026-11-22 07:33	2026-11-22 08:04:00	961M	1	01511	60059
J1853	S0038	2026-11-25 10:01	2026-11-25 10:59:00	882	1	58481	58499
J0686	S0014	2026-11-04 08:29	2026-11-04 09:14:00	94	1	71031	71091
J0924	S0019	2026-11-25 06:32	2026-11-25 06:35:00	55	1	94011	94021
J0628	S0013	2026-10-10 10:39	2026-10-10 11:22:00	178	1	28289	21271
J1360	S0028	2026-11-09 04:03	2026-11-09 04:16:00	925	2	49119	49099
J0045	S0001	2026-11-15 18:55	2026-11-15 18:59:00	70M	1	55079	55059
J0606	S0013	2026-10-16 08:05	2026-10-16 08:16:00	30e	1	15161	16011
J1166	S0024	2026-10-16 15:03	2026-10-16 15:23:00	647	1	28629	03111
J0425	S0009	2026-11-14 21:29	2026-11-14 23:10:00	48	2	01559	85061
J0050	S0001	2026-11-10 20:19	2026-11-10 20:23:00	860T	1	57041	57041
J0499	S0010	2026-11-08 00:14	2026-11-08 00:59:00	678	2	03539	65589
J2307	S0047	2026-11-17 22:11	2026-11-17 22:13:00	268	1	54511	54521
J2045	S0041	2026-10-28 20:51	2026-10-28 21:03:00	118	1	96311	97009
J2052	S0042	2026-11-26 11:44	2026-11-26 11:53:00	962C	1	47541	47591
J1096	S0022	2026-10-29 09:47	2026-10-29 10:07:00	255	1	24089	24269
J1310	S0027	2026-10-23 18:40	2026-10-23 18:56:00	21	2	84611	74941
J2346	S0047	2026-11-24 23:33	2026-11-24 23:50:00	673	1	65499	65559
J2531	S0051	2026-10-31 23:39	2026-10-31 23:46:00	136	1	63061	64051
J0382	S0008	2026-11-22 02:39	2026-11-22 02:53:00	86	1	55189	54059
J1488	S0030	2026-11-24 16:06	2026-11-24 17:09:00	104	1	67771	62159
J0600	S0012	2026-10-12 23:41	2026-10-12 23:46:00	807B	1	59439	59429
J0317	S0007	2026-11-09 00:18	2026-11-09 00:36:00	154B	1	17169	12061
J1812	S0037	2026-10-23 12:10	2026-10-23 13:25:00	912B	1	46629	46349
J1023	S0021	2026-11-03 00:31	2026-11-03 01:53:00	59	1	74941	99021
J0429	S0009	2026-11-16 23:42	2026-11-16 23:54:00	156	1	12051	12111
J0660	S0014	2026-11-14 19:55	2026-11-14 19:58:00	176	1	10009	10009
J1600	S0032	2026-10-15 13:22	2026-10-15 13:26:00	151	2	64231	64241
J2735	S0055	2026-10-30 03:15	2026-10-30 03:17:00	857A	1	55051	55051
J1760	S0036	2026-11-27 05:43	2026-11-27 06:51:00	129	1	62091	52049
J1225	S0025	2026-11-25 02:30	2026-11-25 02:36:00	129	1	75229	75229
J2524	S0051	2026-11-20 12:44	2026-11-20 12:58:00	190A	1	44261	40199
J1831	S0037	2026-10-08 18:50	2026-10-08 19:20:00	113A	1	63231	62219
J0096	S0002	2026-10-20 16:25	2026-10-20 16:28:00	94	1	82221	82009
J0900	S0018	2026-10-12 12:21	2026-10-12 12:44:00	179B	1	27061	27261
J1808	S0037	2026-10-23 05:38	2026-10-23 05:43:00	189A	1	43219	43319
J2223	S0045	2026-11-02 04:47	2026-11-02 04:57:00	58	2	53241	53231
J0731	S0015	2026-11-24 20:35	2026-11-24 20:59:00	109	2	63189	66389
J0729	S0015	2026-10-24 15:25	2026-10-24 15:50:00	46	1	75481	77009
J0368	S0008	2026-10-08 05:48	2026-10-08 06:10:00	13	2	54011	55201
J1076	S0022	2026-10-21 05:48	2026-10-21 06:31:00	87	2	64241	67759
J1989	S0040	2026-11-27 16:49	2026-11-27 18:11:00	147	1	61019	05039
J2009	S0041	2026-11-27 02:24	2026-11-27 02:43:00	871A	1	43601	43429
J1371	S0028	2026-11-11 20:49	2026-11-11 20:52:00	159B	1	54471	54471
J2573	S0052	2026-10-21 15:21	2026-10-21 15:23:00	911A	1	46569	46569
J2360	S0048	2026-11-19 16:08	2026-11-19 16:26:00	97e	1	28439	17139
J0516	S0011	2026-11-13 23:36	2026-11-13 23:56:00	131	1	03059	14071
J2551	S0052	2026-10-30 23:17	2026-10-30 23:23:00	451	1	43579	43579
J0544	S0011	2026-10-26 04:07	2026-10-26 04:42:00	925	2	49109	46531
J1694	S0034	2026-11-17 02:10	2026-11-17 02:16:00	13A	1	53389	53399
J1774	S0036	2026-11-24 14:56	2026-11-24 15:47:00	4	1	97301	76209
J2832	S0057	2026-10-09 06:46	2026-10-09 06:48:00	136	2	66149	66149
J2906	S0059	2026-11-03 04:15	2026-11-03 04:27:00	28	1	52361	52259
J2859	S0058	2026-11-22 03:33	2026-11-22 04:10:00	181	1	22009	27459
J2197	S0044	2026-10-09 10:01	2026-10-09 10:13:00	37	1	76229	76199
J0342	S0007	2026-11-04 11:41	2026-11-04 11:47:00	118	1	75051	96109
J0571	S0012	2026-11-10 04:16	2026-11-10 04:34:00	87	1	64391	64209
J2707	S0055	2026-11-25 03:27	2026-11-25 04:27:00	163B	1	67009	67281
J2333	S0047	2026-10-09 20:02	2026-10-09 20:11:00	983A	1	44091	44131
J2730	S0055	2026-11-17 17:40	2026-11-17 17:46:00	137A	1	84031	84031
J2299	S0046	2026-11-15 15:29	2026-11-15 17:54:00	147	2	08079	64079
J0855	S0018	2026-10-10 16:16	2026-10-10 16:28:00	18A	1	76369	76349
J1383	S0028	2026-11-10 15:32	2026-11-10 15:38:00	856	2	46009	46009
J0264	S0006	2026-11-12 18:03	2026-11-12 19:06:00	67	2	07329	41031
J2336	S0047	2026-11-25 05:35	2026-11-25 05:46:00	156	2	52011	53249
J2263	S0046	2026-10-17 17:33	2026-10-17 18:19:00	53M	1	63301	63299
J0181	S0004	2026-10-27 08:46	2026-10-27 09:20:00	65	2	71121	84471
J2769	S0056	2026-11-26 19:27	2026-11-26 19:37:00	965	2	46431	46261
J2912	S0059	2026-10-23 18:07	2026-10-23 18:12:00	86B	1	67021	67021
J0556	S0012	2026-11-02 00:54	2026-11-02 01:25:00	961M	1	02089	01341
J1002	S0021	2026-11-24 04:06	2026-11-24 05:07:00	913M	1	46591	46191
J2211	S0045	2026-10-17 20:25	2026-10-17 20:43:00	966	1	46521	46009
J1704	S0035	2026-11-03 07:51	2026-11-03 08:23:00	963e	2	44739	46541
J2210	S0045	2026-10-15 07:35	2026-10-15 07:45:00	870	1	40459	41009
J1991	S0040	2026-10-29 18:57	2026-10-29 19:52:00	14e	1	93079	08031
J0690	S0014	2026-11-04 07:24	2026-11-04 08:18:00	961M	2	02089	10061
J0160	S0004	2026-10-29 11:52	2026-10-29 12:37:00	190	2	04222	09023
J2940	S0059	2026-11-01 12:12	2026-11-01 12:21:00	112A	1	64239	63239
J0459	S0010	2026-10-18 01:03	2026-10-18 01:58:00	405	1	31051	31019
J2709	S0055	2026-10-25 18:32	2026-10-25 18:46:00	163	1	52031	52269
J0389	S0008	2026-10-21 19:20	2026-10-21 21:49:00	980	2	01239	56071
J1029	S0021	2026-11-22 19:59	2026-11-22 20:15:00	188	2	43499	44151
J1076	S0022	2026-10-21 05:38	2026-10-21 05:48:00	151	2	64201	64241
J0534	S0011	2026-10-10 07:37	2026-10-10 07:42:00	27A	1	75299	75299
J1289	S0026	2026-10-26 14:55	2026-10-26 15:22:00	28	1	83079	82029
J0480	S0010	2026-11-18 15:18	2026-11-18 16:24:00	74	1	41139	12069
J1382	S0028	2026-11-27 10:38	2026-11-27 11:06:00	68B	1	76529	75461
J2437	S0049	2026-10-22 07:20	2026-10-22 07:49:00	188e	1	43371	16149
J1160	S0024	2026-10-29 00:01	2026-10-29 00:05:00	133	2	54079	54079
J0556	S0012	2026-11-02 01:25	2026-11-02 01:34:00	961	1	01341	60011
J2415	S0049	2026-11-11 10:32	2026-11-11 10:38:00	105B	1	28651	28039
J0985	S0020	2026-10-21 11:25	2026-10-21 11:44:00	48	1	41011	11109
J2723	S0055	2026-11-18 03:51	2026-11-18 03:55:00	382A	1	65331	65331
J0375	S0008	2026-11-25 16:38	2026-11-25 16:53:00	854	2	59021	58991
J1823	S0037	2026-11-14 02:16	2026-11-14 02:38:00	14e	2	92101	92151
J2256	S0046	2026-10-14 07:24	2026-10-14 09:10:00	97	2	14081	28261
J0289	S0006	2026-10-20 17:34	2026-10-20 18:24:00	46	2	76281	84661
J1068	S0022	2026-11-23 03:26	2026-11-23 03:58:00	861	1	58541	59809
J1872	S0038	2026-10-15 13:45	2026-10-15 14:01:00	168	2	75069	84209
J0113	S0003	2026-11-04 04:51	2026-11-04 06:06:00	40	1	81011	84011
J1847	S0037	2026-10-27 08:21	2026-10-27 08:41:00	112	1	63381	64509
J1734	S0035	2026-10-09 09:03	2026-10-09 10:41:00	969	1	46009	76511
J2591	S0052	2026-10-09 10:51	2026-10-09 11:20:00	230	1	52561	51199
J1360	S0028	2026-11-09 04:16	2026-11-09 04:38:00	925M	1	49099	46531
J0748	S0015	2026-11-19 05:53	2026-11-19 06:10:00	31A	1	96109	85099
J2458	S0050	2026-11-26 02:57	2026-11-26 03:03:00	31A	1	85109	85109
J1321	S0027	2026-11-08 19:57	2026-11-08 20:19:00	249A	1	22059	22429
J0802	S0017	2026-11-18 17:09	2026-11-18 17:22:00	S43	1	43049	42019
J1172	S0024	2026-11-12 02:34	2026-11-12 02:58:00	920	1	44679	44819
J2243	S0045	2026-11-02 00:17	2026-11-02 04:22:00	51	1	80049	20141
J0960	S0020	2026-10-25 00:17	2026-10-25 00:29:00	960e	2	46499	46541
J1675	S0034	2026-10-11 02:31	2026-10-11 02:33:00	117M	2	69009	69009
J0814	S0017	2026-10-16 22:22	2026-10-16 22:37:00	660	1	02049	03059
J0993	S0020	2026-11-09 21:49	2026-11-09 21:55:00	85	2	65269	65279
J0054	S0002	2026-11-16 04:57	2026-11-16 05:22:00	36B	1	02151	92051
J2229	S0045	2026-11-04 05:04	2026-11-04 05:43:00	74	2	53131	54301
J0675	S0014	2026-11-09 04:05	2026-11-09 04:12:00	174	1	06171	06029
J0163	S0004	2026-10-12 08:40	2026-10-12 08:42:00	7	2	84021	84021
J2418	S0049	2026-10-31 05:01	2026-10-31 05:19:00	16	2	93011	93081
J2931	S0059	2026-10-17 12:02	2026-10-17 12:06:00	138C	1	48101	57141
J2499	S0050	2026-11-16 11:13	2026-11-16 11:24:00	170	1	46211	46239
J0832	S0017	2026-11-12 20:24	2026-11-12 21:26:00	860	1	57051	59161
J0427	S0009	2026-11-10 17:44	2026-11-10 18:07:00	335	1	28581	28369
J1723	S0035	2026-10-25 08:55	2026-10-25 09:04:00	965A	1	47601	47611
J2298	S0046	2026-10-26 17:15	2026-10-26 17:58:00	160A	1	29009	43671
J2057	S0042	2026-10-24 08:28	2026-10-24 09:11:00	172	2	27101	31191
J2866	S0058	2026-11-17 01:24	2026-11-17 01:44:00	913	1	46199	46511
J2446	S0049	2026-10-15 05:36	2026-10-15 06:15:00	158A	1	91099	90011
J1272	S0026	2026-10-18 04:25	2026-10-18 04:55:00	64	1	10231	10291
J0890	S0018	2026-11-17 01:36	2026-11-17 02:19:00	2	2	84061	96041
J0820	S0017	2026-11-17 01:28	2026-11-17 02:26:00	861A	1	58511	59779
J1875	S0038	2026-10-25 23:01	2026-10-25 23:39:00	180A	1	43751	45009
J2739	S0055	2026-11-17 21:52	2026-11-17 22:04:00	950	1	46501	46531
J2303	S0047	2026-11-12 17:37	2026-11-12 18:57:00	74	2	11369	42029
J2523	S0051	2026-10-25 19:50	2026-10-25 20:31:00	860	1	59381	59419
J2650	S0053	2026-10-24 11:34	2026-10-24 11:44:00	127	1	74031	74041
J0806	S0017	2026-10-26 06:03	2026-10-26 06:06:00	106A	1	17189	17179
J0734	S0015	2026-11-21 23:39	2026-11-21 23:41:00	983M	1	44091	44879
J2701	S0055	2026-11-06 04:13	2026-11-06 04:41:00	861A	1	59191	59811
J0857	S0018	2026-11-26 05:12	2026-11-26 05:34:00	972A	1	44931	44691
J2311	S0047	2026-10-29 20:09	2026-10-29 20:35:00	858	1	59141	58011
J2525	S0051	2026-10-27 23:14	2026-10-27 23:39:00	20A	1	96331	96361
J1858	S0038	2026-10-21 20:05	2026-10-21 20:31:00	159	1	66519	54349
J0501	S0011	2026-10-11 01:11	2026-10-11 01:15:00	372	1	67389	67389
J1049	S0021	2026-11-18 00:23	2026-11-18 00:56:00	170	2	40079	07539
J1102	S0023	2026-11-09 00:13	2026-11-09 00:17:00	904	1	46289	46009
J1567	S0032	2026-11-15 10:41	2026-11-15 11:00:00	48	1	41011	11119
J1286	S0026	2026-11-23 05:04	2026-11-23 05:45:00	173	1	43261	42309
J2688	S0054	2026-11-18 07:18	2026-11-18 07:51:00	972M	1	44709	44639
J1798	S0036	2026-11-22 04:21	2026-11-22 04:24:00	461	2	59599	59599
J0418	S0009	2026-11-07 18:55	2026-11-07 21:10:00	29	1	76241	97069
J2681	S0054	2026-10-29 02:54	2026-10-29 03:10:00	651	1	03111	03381
J1726	S0035	2026-10-14 23:08	2026-10-14 23:10:00	667	1	19081	19081
J2280	S0046	2026-10-19 21:51	2026-10-19 22:04:00	518A	1	09047	08057
J0295	S0006	2026-11-22 13:59	2026-11-22 14:18:00	147A	1	61029	60179
J1534	S0031	2026-11-12 07:45	2026-11-12 08:29:00	17	1	76079	84329
J0106	S0003	2026-11-27 17:20	2026-11-27 18:14:00	672	2	03529	64561
J0217	S0005	2026-11-17 04:34	2026-11-17 04:57:00	961M	1	04222	01511
J2229	S0045	2026-11-04 04:08	2026-11-04 05:04:00	74	2	42049	53131
J1346	S0027	2026-10-31 23:39	2026-11-01 00:02:00	969A	1	75591	59031
J0023	S0001	2026-10-17 21:40	2026-10-17 22:05:00	22	2	70281	62041
J2272	S0046	2026-10-12 04:26	2026-10-12 05:00:00	30e	1	14141	16061
J1841	S0037	2026-11-05 21:51	2026-11-05 22:10:00	157	1	28531	22009
J1734	S0035	2026-10-09 10:41	2026-10-09 10:48:00	969	1	76511	75009
J0610	S0013	2026-11-09 22:00	2026-11-09 22:40:00	107M	2	60011	61139
J1158	S0024	2026-11-07 20:27	2026-11-07 20:31:00	170X	2	46039	46039
J2299	S0046	2026-11-15 17:54	2026-11-15 18:11:00	74	2	64079	64009
J2853	S0058	2026-10-08 02:10	2026-10-08 03:14:00	158	1	80149	90011
J0130	S0003	2026-10-13 11:30	2026-10-13 12:06:00	976	1	44641	44929
J2060	S0042	2026-11-26 13:46	2026-11-26 14:53:00	104	2	67621	65689
J0723	S0015	2026-11-21 06:33	2026-11-21 07:41:00	12	1	91069	04149
J0841	S0017	2026-10-17 19:32	2026-10-17 19:35:00	13A	1	53399	53231
J0889	S0018	2026-10-29 10:43	2026-10-29 11:34:00	854	2	63329	67019
J0046	S0001	2026-10-29 13:07	2026-10-29 14:15:00	88	1	66459	52021
J2100	S0042	2026-11-03 07:40	2026-11-03 07:57:00	182M	1	26249	26289
J2184	S0044	2026-10-09 07:05	2026-10-09 07:40:00	883	1	58531	59061
J0088	S0002	2026-11-17 10:35	2026-11-17 10:49:00	9A	1	76031	98011
J1375	S0028	2026-11-26 13:00	2026-11-26 13:56:00	913M	1	46511	45599
J2509	S0051	2026-10-13 10:40	2026-10-13 10:49:00	920	1	44959	44809
J2220	S0045	2026-10-13 11:27	2026-10-13 12:08:00	961M	2	44051	45101
J1353	S0028	2026-10-24 17:15	2026-10-24 17:26:00	104	2	65641	65661
J2428	S0049	2026-11-20 08:17	2026-11-20 10:36:00	62A	1	65151	70149
J0437	S0009	2026-10-20 11:04	2026-10-20 11:18:00	60T	1	84511	84459
J2005	S0041	2026-10-09 03:17	2026-10-09 03:44:00	801	1	59781	59181
J2337	S0047	2026-11-06 18:56	2026-11-06 19:08:00	307	1	44421	44291
J0701	S0015	2026-11-05 02:16	2026-11-05 02:51:00	172	2	30091	44009
J2468	S0050	2026-10-15 05:51	2026-10-15 06:22:00	27	1	76199	65069
J0554	S0012	2026-11-03 15:22	2026-11-03 15:37:00	88	1	54489	54269
J1110	S0023	2026-11-08 02:21	2026-11-08 02:26:00	992	1	40449	40459
J2137	S0043	2026-11-13 03:12	2026-11-13 03:51:00	118B	1	75249	65191
J0100	S0002	2026-11-05 02:04	2026-11-05 02:15:00	36A	1	08041	08121
J0889	S0018	2026-10-29 09:53	2026-10-29 10:43:00	55	2	71089	63329
J0802	S0017	2026-11-18 17:57	2026-11-18 18:39:00	166	2	53011	54231
J0675	S0014	2026-11-09 03:40	2026-11-09 04:05:00	174	1	08057	06171
J0406	S0009	2026-11-13 12:52	2026-11-13 13:31:00	970	1	06129	03239
J0604	S0013	2026-10-31 21:40	2026-10-31 23:15:00	106	2	03381	11231
J0234	S0005	2026-11-24 14:39	2026-11-24 15:16:00	73T	1	66039	52279
J2811	S0057	2026-11-22 08:53	2026-11-22 09:10:00	93	1	71091	82069
J0665	S0014	2026-11-27 01:51	2026-11-27 02:19:00	900	1	47731	46659
J1083	S0022	2026-11-17 13:34	2026-11-17 14:00:00	51	1	20189	28211
J0304	S0007	2026-10-19 02:10	2026-10-19 05:09:00	53	1	77049	62149
J0543	S0011	2026-10-18 10:53	2026-10-18 11:18:00	14A	1	92099	80141
J1600	S0032	2026-10-15 12:46	2026-10-15 13:22:00	151	2	71059	64231
J2629	S0053	2026-11-27 10:46	2026-11-27 10:59:00	800	1	59249	59072
J1463	S0030	2026-10-27 15:43	2026-10-27 15:58:00	410G	1	53359	53329
J2432	S0049	2026-11-18 00:53	2026-11-18 00:59:00	983M	1	44119	44969
J2868	S0058	2026-11-01 23:02	2026-11-01 23:10:00	198	1	20039	17149
J2247	S0045	2026-11-11 04:04	2026-11-11 04:26:00	980	1	07518	01411
J2276	S0046	2026-10-15 04:55	2026-10-15 05:10:00	975B	1	44521	30089
J2615	S0053	2026-11-14 23:28	2026-11-15 02:13:00	74	1	54289	11189
J0704	S0015	2026-11-16 05:16	2026-11-16 06:20:00	975B	1	44689	31129
J0318	S0007	2026-10-14 12:29	2026-10-14 14:27:00	196	2	11361	80211
J0258	S0006	2026-11-02 23:36	2026-11-02 23:54:00	969A	1	59021	59061
J0202	S0005	2026-11-27 20:41	2026-11-27 21:02:00	670	1	59311	03241